,갱신요구권사용,건축년도,계약구분,계약기간,년,단지,법정동,보증금,시군구,월,월세,일,전용면적,종전계약보증금,종전계약월세,지번,지역코드,층
0,,2004,,,2016,경희궁의 아침 2단지,내수동,"34,000",종로구,1,0,7,57.8,,,71,11110,14
1,,2004,,,2016,용비어천가,내수동,"19,000",종로구,1,0,8,30.36,,,75,11110,13
2,,2004,,,2016,용비어천가,내수동,"15,000",종로구,1,60,9,45.98,,,75,11110,10
3,,2004,,,2016,경희궁의 아침 4단지,내수동,"1,000",종로구,1,75,21,28.24,,,73,11110,8
4,,2004,,,2016,광화문시대,내수동,"21,000",종로구,1,0,23,35.71,,,74,11110,10
5,,2004,,,2016,경희궁의 아침 3단지,내수동,"23,000",종로구,1,0,27,37.5,,,72,11110,4
6,,2005,,,2016,운현궁 에스케이 허브,경운동,"1,000",종로구,1,90,18,39.2,,,89-4,11110,8
7,,1994,,,2016,종로오피스텔,낙원동,"2,500",종로구,1,40,18,29.7,,,58-1,11110,11
8,,2003,,,2016,코윈 팔레스뷰 오피스텔,원남동,"3,000",종로구,1,50,6,24.03,,,95,11110,8
9,,2003,,,2016,코윈 팔레스뷰 오피스텔,원남동,"1,000",종로구,1,55,16,21.01,,,95,11110,10
10,,2003,,,2016,코윈 팔레스뷰 오피스텔,원남동,"1,000",종로구,1,55,18,24.03,,,95,11110,3
11,,2015,,,2016,아르젠종로,연지동,"1,000",종로구,1,65,4,18.33,,,163-3,11110,8
12,,2015,,,2016,아르젠종로,연지동,"1,000",종로구,1,65,8,18.33,,,163-3,11110,7
13,,2015,,,2016,아르젠종로,연지동,"1,000",종로구,1,60,14,15.83,,,163-3,11110,9
14,,2015,,,2016,아르젠종로,연지동,"1,000",종로구,1,60,15,15.89,,,163-3,11110,9
15,,2015,,,2016,아르젠종로,연지동,"3,000",종로구,1,50,16,15.76,,,163-3,11110,8
16,,2003,,,2016,연지드림빌,연지동,"11,000",종로구,1,0,19,38.32,,,275-1,11110,4
17,,2015,,,2016,아르젠종로,연지동,"5,000",종로구,1,20,27,15.76,,,163-3,11110,6
18,,2015,,,2016,아르젠종로,연지동,"1,000",종로구,1,55,29,15.83,,,163-3,11110,4
19,,2015,,,2016,아르젠종로,연지동,"1,000",종로구,1,60,30,15.83,,,163-3,11110,7
20,,2003,,,2016,반도 보라 아이비 타워,효제동,"1,000",종로구,1,70,16,30.7,,,45,11110,6
21,,2003,,,2016,반도 보라 아이비 타워,효제동,"9,000",종로구,1,0,18,32.27,,,45,11110,8
22,,2003,,,2016,반도 보라 아이비 타워,효제동,"1,000",종로구,1,65,18,22.72,,,45,11110,8
23,,2003,,,2016,반도 보라 아이비 타워,효제동,"3,000",종로구,1,45,23,26.58,,,45,11110,6
24,,2001,,,2016,대보마로니에텔,연건동,"14,000",종로구,1,0,12,35.7,,,206,11110,12
25,,2003,,,2016,세레피아텔,연건동,"6,000",종로구,1,40,16,27.92,,,317,11110,6
26,,2001,,,2016,제일빌딩,연건동,"2,000",종로구,1,55,20,30.58,,,198-7,11110,9
27,,2001,,,2016,대보마로니에텔,연건동,"2,500",종로구,1,45,21,26.52,,,206,11110,2
28,,2014,,,2016,이화에수풀,연건동,"1,000",종로구,1,60,27,21.49,,,195-10,11110,3
29,,2001,,,2016,대보마로니에텔,연건동,"1,000",종로구,1,65,30,26.52,,,206,11110,7
30,,2016,,,2016,아이비씨 호텔 앤 오피스텔,숭인동,"12,000",종로구,1,0,5,21.62,,,1396,11110,15
31,,2016,,,2016,아이비씨 호텔 앤 오피스텔,숭인동,"12,000",종로구,1,0,5,21.59,,,1396,11110,14
32,,2004,,,2016,롯데캐슬 천지인,숭인동,"18,000",종로구,1,0,6,39.6,,,76,11110,10
33,,2016,,,2016,아이비씨 호텔 앤 오피스텔,숭인동,"1,000",종로구,1,60,6,21.36,,,1396,11110,14
34,,2016,,,2016,아이비씨 호텔 앤 오피스텔,숭인동,"12,000",종로구,1,0,6,21.62,,,1396,11110,9
35,,2016,,,2016,아이비씨 호텔 앤 오피스텔,숭인동,"12,000",종로구,1,0,6,21.59,,,1396,11110,15
36,,2016,,,2016,아이비씨 호텔 앤 오피스텔,숭인동,"12,000",종로구,1,0,7,21.62,,,1396,11110,11
37,,2004,,,2016,롯데캐슬 천지인,숭인동,"1,000",종로구,1,85,7,39.6,,,76,11110,7
38,,2016,,,2016,아이비씨 호텔 앤 오피스텔,숭인동,"12,000",종로구,1,0,7,21.59,,,1396,11110,12
39,,2016,,,2016,아이비씨 호텔 앤 오피스텔,숭인동,"1,000",종로구,1,60,7,21.36,,,1396,11110,14
40,,2016,,,2016,아이비씨 호텔 앤 오피스텔,숭인동,"1,000",종로구,1,60,7,21.36,,,1396,11110,15
41,,2016,,,2016,아이비씨 호텔 앤 오피스텔,숭인동,"12,000",종로구,1,0,9,21.59,,,1396,11110,15
42,,2016,,,2016,아이비씨 호텔 앤 오피스텔,숭인동,"12,000",종로구,1,0,9,21.62,,,1396,11110,15
43,,2005,,,2016,경일오피스텔,숭인동,"2,000",종로구,1,40,9,22.55,,,1367,11110,13
44,,2004,,,2016,롯데캐슬 천지인,숭인동,"2,000",종로구,1,70,9,39.6,,,76,11110,4
45,,2012,,,2016,삼전솔하임2차,숭인동,"3,000",종로구,1,40,11,19.18,,,296-19,11110,3
46,,2016,,,2016,아이비씨 호텔 앤 오피스텔,숭인동,"12,000",종로구,1,0,11,21.62,,,1396,11110,12
47,,2016,,,2016,아이비씨 호텔 앤 오피스텔,숭인동,"12,000",종로구,1,0,11,21.45,,,1396,11110,9
48,,2014,,,2016,숭인한양LEEPS,숭인동,"1,000",종로구,1,55,11,17.07,,,1421-2,11110,14
49,,2005,,,2016,경일오피스텔,숭인동,"2,000",종로구,1,40,12,22.42,,,1367,11110,9
50,,2016,,,2016,아이비씨 호텔 앤 오피스텔,숭인동,"12,000",종로구,1,0,12,23.24,,,1396,11110,9
51,,2013,,,2016,종로유케이201,숭인동,"9,400",종로구,1,0,12,15.24,,,201-11,11110,2
52,,2016,,,2016,아이비씨 호텔 앤 오피스텔,숭인동,"12,000",종로구,1,0,13,21.62,,,1396,11110,9
53,,2013,,,2016,(1392),숭인동,"5,000",종로구,1,25,15,18.64,,,1392,11110,5
54,,2016,,,2016,아이비씨 호텔 앤 오피스텔,숭인동,"12,000",종로구,1,0,15,21.45,,,1396,11110,13
55,,2016,,,2016,아이비씨 호텔 앤 오피스텔,숭인동,"12,000",종로구,1,0,15,21.59,,,1396,11110,14
56,,2016,,,2016,아이비씨 호텔 앤 오피스텔,숭인동,"12,000",종로구,1,0,15,21.45,,,1396,11110,9
57,,2016,,,2016,아이비씨 호텔 앤 오피스텔,숭인동,"12,000",종로구,1,0,15,21.62,,,1396,11110,9
58,,2016,,,2016,아이비씨 호텔 앤 오피스텔,숭인동,"12,000",종로구,1,0,16,21.59,,,1396,11110,14
59,,2012,,,2016,삼전솔하임2차,숭인동,"10,800",종로구,1,0,16,19.18,,,296-19,11110,2
60,,2004,,,2016,롯데캐슬 천지인,숭인동,"2,000",종로구,1,75,18,39.6,,,76,11110,13
61,,2004,,,2016,종로대우디오빌,숭인동,"1,000",종로구,1,65,18,29.65,,,310,11110,13
62,,2016,,,2016,아이비씨 호텔 앤 오피스텔,숭인동,"12,000",종로구,1,0,18,21.62,,,1396,11110,10
63,,2013,,,2016,(1392),숭인동,"5,700",종로구,1,20,18,20.18,,,1392,11110,3
64,,2016,,,2016,아이비씨 호텔 앤 오피스텔,숭인동,"12,000",종로구,1,0,18,21.45,,,1396,11110,13
65,,2016,,,2016,아이비씨 호텔 앤 오피스텔,숭인동,"12,000",종로구,1,0,19,21.62,,,1396,11110,13
66,,2016,,,2016,아이비씨 호텔 앤 오피스텔,숭인동,"12,000",종로구,1,0,20,21.45,,,1396,11110,12
67,,2016,,,2016,아이비씨 호텔 앤 오피스텔,숭인동,"12,000",종로구,1,0,22,21.62,,,1396,11110,13
68,,2016,,,2016,아이비씨 호텔 앤 오피스텔,숭인동,"12,000",종로구,1,0,22,21.62,,,1396,11110,12
69,,2016,,,2016,아이비씨 호텔 앤 오피스텔,숭인동,"12,000",종로구,1,0,23,21.45,,,1396,11110,9
70,,2013,,,2016,(1392),숭인동,"2,000",종로구,1,45,23,19.84,,,1392,11110,7
71,,2013,,,2016,(1392),숭인동,"1,000",종로구,1,55,23,20.18,,,1392,11110,5
72,,2016,,,2016,아이비씨 호텔 앤 오피스텔,숭인동,"12,000",종로구,1,0,23,21.45,,,1396,11110,12
73,,2016,,,2016,아이비씨 호텔 앤 오피스텔,숭인동,"12,000",종로구,1,0,24,21.62,,,1396,11110,9
74,,2016,,,2016,아이비씨 호텔 앤 오피스텔,숭인동,"12,000",종로구,1,0,24,21.62,,,1396,11110,12
75,,2016,,,2016,아이비씨 호텔 앤 오피스텔,숭인동,"1,000",종로구,1,60,24,21.36,,,1396,11110,15
76,,2005,,,2016,동양파라빌,숭인동,"1,000",종로구,1,55,25,24.93,,,1388,11110,4
77,,2016,,,2016,아이비씨 호텔 앤 오피스텔,숭인동,"12,000",종로구,1,0,26,21.45,,,1396,11110,13
78,,2016,,,2016,아이비씨 호텔 앤 오피스텔,숭인동,"12,000",종로구,1,0,26,21.62,,,1396,11110,11
79,,2016,,,2016,아이비씨 호텔 앤 오피스텔,숭인동,"1,000",종로구,1,60,26,21.62,,,1396,11110,16
80,,2013,,,2016,종로 중흥 S클래스,숭인동,"1,000",종로구,1,57,27,23.97,,,202-3,11110,4
81,,2013,,,2016,종로 동광모닝스카이,숭인동,"1,000",종로구,1,55,27,19.95,,,1421-1,11110,7
82,,2016,,,2016,아이비씨 호텔 앤 오피스텔,숭인동,"12,000",종로구,1,0,28,21.36,,,1396,11110,9
83,,2016,,,2016,아이비씨 호텔 앤 오피스텔,숭인동,"12,000",종로구,1,0,28,21.36,,,1396,11110,9
84,,2016,,,2016,아이비씨 호텔 앤 오피스텔,숭인동,"12,000",종로구,1,0,28,21.36,,,1396,11110,9
85,,2016,,,2016,아이비씨 호텔 앤 오피스텔,숭인동,"12,000",종로구,1,0,28,23.24,,,1396,11110,11
86,,2016,,,2016,아이비씨 호텔 앤 오피스텔,숭인동,"12,000",종로구,1,0,28,21.62,,,1396,11110,15
87,,2016,,,2016,아이비씨 호텔 앤 오피스텔,숭인동,"12,000",종로구,1,0,29,21.36,,,1396,11110,9
88,,2005,,,2016,동양파라빌,숭인동,"2,000",종로구,1,50,29,27.09,,,1388,11110,2
89,,2016,,,2016,아이비씨 호텔 앤 오피스텔,숭인동,"12,000",종로구,1,0,29,21.36,,,1396,11110,9
90,,2013,,,2016,종로 동광모닝스카이,숭인동,"10,000",종로구,1,0,29,19.95,,,1421-1,11110,8
91,,2016,,,2016,아이비씨 호텔 앤 오피스텔,숭인동,"12,000",종로구,1,0,29,21.62,,,1396,11110,13
92,,2016,,,2016,아이비씨 호텔 앤 오피스텔,숭인동,"12,000",종로구,1,0,29,21.45,,,1396,11110,15
93,,2013,,,2016,(1392),숭인동,"6,000",종로구,1,25,29,20.18,,,1392,11110,4
94,,2016,,,2016,아이비씨 호텔 앤 오피스텔,숭인동,"12,000",종로구,1,0,30,21.36,,,1396,11110,9
95,,2016,,,2016,아이비씨 호텔 앤 오피스텔,숭인동,"12,000",종로구,1,0,30,21.36,,,1396,11110,8
96,,2016,,,2016,아이비씨 호텔 앤 오피스텔,숭인동,"12,000",종로구,1,0,30,21.62,,,1396,11110,15
97,,2016,,,2016,아이비씨 호텔 앤 오피스텔,숭인동,"12,000",종로구,1,0,30,21.36,,,1396,11110,9
98,,2016,,,2016,아이비씨 호텔 앤 오피스텔,숭인동,"12,000",종로구,1,0,30,21.45,,,1396,11110,13
99,,2016,,,2016,아이비씨 호텔 앤 오피스텔,숭인동,"12,000",종로구,1,0,30,21.36,,,1396,11110,8
100,,2016,,,2016,아이비씨 호텔 앤 오피스텔,숭인동,"12,000",종로구,1,0,31,21.36,,,1396,11110,8
101,,2014,,,2016,숭인한양LEEPS,숭인동,"1,000",종로구,1,55,31,17.07,,,1421-2,11110,17
102,,2002,,,2016,캐피탈오피스텔,부암동,"2,000",종로구,1,35,11,24.53,,,154-2,11110,3
103,,2002,,,2016,타임730오피스텔,부암동,"2,000",종로구,1,60,20,40.45,,,129-8,11110,3
104,,2002,,,2016,타임730오피스텔,부암동,"1,000",종로구,1,55,22,31.27,,,129-8,11110,5
0,,2004,,,2016,광화문시대,내수동,"6,000",종로구,2,50,4,30.08,,,74,11110,18
1,,2004,,,2016,용비어천가,내수동,"23,000",종로구,2,0,4,42.39,,,75,11110,11
2,,2004,,,2016,용비어천가,내수동,"1,000",종로구,2,85,5,33,,,75,11110,5
3,,2004,,,2016,용비어천가,내수동,"23,000",종로구,2,0,17,42.46,,,75,11110,11
4,,2004,,,2016,용비어천가,내수동,"10,000",종로구,2,45,23,30.36,,,75,11110,13
5,,2004,,,2016,용비어천가,내수동,"5,000",종로구,2,70,24,37.56,,,75,11110,10
6,,2003,,,2016,코윈 팔레스뷰 오피스텔,원남동,"1,000",종로구,2,55,13,21.01,,,95,11110,9
7,,2015,,,2016,아르젠종로,연지동,"1,000",종로구,2,60,2,15.83,,,163-3,11110,9
8,,2015,,,2016,아르젠종로,연지동,"2,000",종로구,2,55,4,18.33,,,163-3,11110,5
9,,2015,,,2016,아르젠종로,연지동,"3,000",종로구,2,50,16,18.33,,,163-3,11110,9
10,,2001,,,2016,대보마로니에텔,연건동,"3,000",종로구,2,50,11,26.52,,,206,11110,7
11,,2001,,,2016,제일빌딩,연건동,"2,000",종로구,2,55,18,30.58,,,198-7,11110,7
12,,2004,,,2016,롯데캐슬 천지인,숭인동,"1,000",종로구,2,80,1,39.6,,,76,11110,15
13,,2002,,,2016,수석컴비즈텔,숭인동,"13,000",종로구,2,0,1,54.8,,,55-6,11110,8
14,,2013,,,2016,종로 아인스빌,숭인동,500,종로구,2,55,1,17.88,,,1392-1,11110,6
15,,2016,,,2016,아이비씨 호텔 앤 오피스텔,숭인동,"12,000",종로구,2,0,1,21.36,,,1396,11110,8
16,,2016,,,2016,아이비씨 호텔 앤 오피스텔,숭인동,"12,000",종로구,2,0,1,23.24,,,1396,11110,12
17,,2016,,,2016,아이비씨 호텔 앤 오피스텔,숭인동,"12,000",종로구,2,0,2,21.36,,,1396,11110,8
18,,2016,,,2016,아이비씨 호텔 앤 오피스텔,숭인동,"1,000",종로구,2,60,2,21.45,,,1396,11110,17
19,,2004,,,2016,롯데캐슬 천지인,숭인동,"1,000",종로구,2,80,2,39.6,,,76,11110,14
20,,2013,,,2016,버넷하임1,숭인동,"11,000",종로구,2,0,3,24.65,,,1421,11110,6
21,,2016,,,2016,아이비씨 호텔 앤 오피스텔,숭인동,"12,000",종로구,2,0,3,21.45,,,1396,11110,15
22,,2016,,,2016,아이비씨 호텔 앤 오피스텔,숭인동,"12,000",종로구,2,0,3,21.36,,,1396,11110,9
23,,2016,,,2016,아이비씨 호텔 앤 오피스텔,숭인동,"12,000",종로구,2,0,3,21.36,,,1396,11110,9
24,,2016,,,2016,아이비씨 호텔 앤 오피스텔,숭인동,"12,000",종로구,2,0,3,23.24,,,1396,11110,16
25,,2016,,,2016,아이비씨 호텔 앤 오피스텔,숭인동,"12,000",종로구,2,0,4,21.36,,,1396,11110,8
26,,2016,,,2016,아이비씨 호텔 앤 오피스텔,숭인동,"12,000",종로구,2,0,4,21.45,,,1396,11110,14
27,,2016,,,2016,아이비씨 호텔 앤 오피스텔,숭인동,"12,000",종로구,2,0,4,23.24,,,1396,11110,10
28,,2016,,,2016,아이비씨 호텔 앤 오피스텔,숭인동,"12,000",종로구,2,0,4,21.45,,,1396,11110,15
29,,2016,,,2016,아이비씨 호텔 앤 오피스텔,숭인동,"12,000",종로구,2,0,4,21.36,,,1396,11110,9
30,,2016,,,2016,아이비씨 호텔 앤 오피스텔,숭인동,"12,000",종로구,2,0,4,21.62,,,1396,11110,14
31,,2016,,,2016,아이비씨 호텔 앤 오피스텔,숭인동,"12,000",종로구,2,0,5,21.62,,,1396,11110,14
32,,2016,,,2016,아이비씨 호텔 앤 오피스텔,숭인동,"12,000",종로구,2,0,5,21.36,,,1396,11110,9
33,,2016,,,2016,아이비씨 호텔 앤 오피스텔,숭인동,"12,000",종로구,2,0,5,21.36,,,1396,11110,10
34,,2013,,,2016,(1392),숭인동,"4,000",종로구,2,30,6,19.84,,,1392,11110,3
35,,2013,,,2016,(1392),숭인동,"5,000",종로구,2,25,6,19.84,,,1392,11110,3
36,,2003,,,2016,(317-35),숭인동,"4,500",종로구,2,0,10,13.86,,,317-35,11110,5
37,,2016,,,2016,아이비씨 호텔 앤 오피스텔,숭인동,"1,000",종로구,2,60,10,21.36,,,1396,11110,13
38,,2013,,,2016,(1392),숭인동,"5,500",종로구,2,30,11,20.18,,,1392,11110,4
39,,2016,,,2016,아이비씨 호텔 앤 오피스텔,숭인동,"12,000",종로구,2,0,11,21.36,,,1396,11110,8
40,,2016,,,2016,아이비씨 호텔 앤 오피스텔,숭인동,"12,000",종로구,2,0,11,21.62,,,1396,11110,13
41,,2016,,,2016,아이비씨 호텔 앤 오피스텔,숭인동,"12,000",종로구,2,0,12,21.36,,,1396,11110,10
42,,2016,,,2016,아이비씨 호텔 앤 오피스텔,숭인동,"12,000",종로구,2,0,12,21.45,,,1396,11110,14
43,,2016,,,2016,아이비씨 호텔 앤 오피스텔,숭인동,"12,000",종로구,2,0,12,21.36,,,1396,11110,8
44,,2016,,,2016,아이비씨 호텔 앤 오피스텔,숭인동,"12,000",종로구,2,0,12,21.36,,,1396,11110,10
45,,2013,,,2016,(1392),숭인동,"3,000",종로구,2,45,12,20.18,,,1392,11110,9
46,,2016,,,2016,아이비씨 호텔 앤 오피스텔,숭인동,"12,000",종로구,2,0,12,21.62,,,1396,11110,11
47,,2016,,,2016,아이비씨 호텔 앤 오피스텔,숭인동,"1,000",종로구,2,60,12,21.36,,,1396,11110,12
48,,2016,,,2016,아이비씨 호텔 앤 오피스텔,숭인동,"12,000",종로구,2,0,13,21.59,,,1396,11110,16
49,,2016,,,2016,아이비씨 호텔 앤 오피스텔,숭인동,"12,000",종로구,2,0,13,21.45,,,1396,11110,14
50,,2016,,,2016,아이비씨 호텔 앤 오피스텔,숭인동,"1,000",종로구,2,60,13,21.36,,,1396,11110,14
51,,2016,,,2016,아이비씨 호텔 앤 오피스텔,숭인동,"12,000",종로구,2,0,13,21.36,,,1396,11110,10
52,,2016,,,2016,아이비씨 호텔 앤 오피스텔,숭인동,"12,000",종로구,2,0,13,21.45,,,1396,11110,15
53,,2016,,,2016,아이비씨 호텔 앤 오피스텔,숭인동,"1,000",종로구,2,60,13,21.36,,,1396,11110,14
54,,2016,,,2016,아이비씨 호텔 앤 오피스텔,숭인동,"1,000",종로구,2,60,14,21.36,,,1396,11110,11
55,,2013,,,2016,(1392),숭인동,"5,000",종로구,2,35,14,20.18,,,1392,11110,9
56,,2016,,,2016,아이비씨 호텔 앤 오피스텔,숭인동,"12,000",종로구,2,0,16,21.36,,,1396,11110,10
57,,2016,,,2016,아이비씨 호텔 앤 오피스텔,숭인동,"12,000",종로구,2,0,16,21.62,,,1396,11110,17
58,,2016,,,2016,아이비씨 호텔 앤 오피스텔,숭인동,"12,000",종로구,2,0,17,21.62,,,1396,11110,17
59,,2016,,,2016,아이비씨 호텔 앤 오피스텔,숭인동,"12,000",종로구,2,0,17,21.62,,,1396,11110,16
60,,2016,,,2016,아이비씨 호텔 앤 오피스텔,숭인동,"12,000",종로구,2,0,17,21.45,,,1396,11110,17
61,,2016,,,2016,아이비씨 호텔 앤 오피스텔,숭인동,"1,000",종로구,2,60,17,21.45,,,1396,11110,18
62,,2016,,,2016,아이비씨 호텔 앤 오피스텔,숭인동,"12,000",종로구,2,0,17,21.62,,,1396,11110,17
63,,2016,,,2016,아이비씨 호텔 앤 오피스텔,숭인동,"12,000",종로구,2,0,17,21.62,,,1396,11110,17
64,,2013,,,2016,(1392),숭인동,"1,000",종로구,2,55,17,20.18,,,1392,11110,5
65,,2004,,,2016,롯데캐슬 천지인,숭인동,"10,000",종로구,2,40,18,39.6,,,76,11110,13
66,,2014,,,2016,삼전솔하임4차,숭인동,"4,000",종로구,2,40,18,19.17,,,318-2,11110,7
67,,2016,,,2016,아이비씨 호텔 앤 오피스텔,숭인동,"1,000",종로구,2,60,18,21.36,,,1396,11110,13
68,,2016,,,2016,아이비씨 호텔 앤 오피스텔,숭인동,"12,000",종로구,2,0,18,21.36,,,1396,11110,10
69,,2016,,,2016,아이비씨 호텔 앤 오피스텔,숭인동,"12,000",종로구,2,0,18,21.36,,,1396,11110,10
70,,2016,,,2016,아이비씨 호텔 앤 오피스텔,숭인동,"12,000",종로구,2,0,18,21.62,,,1396,11110,16
71,,2016,,,2016,아이비씨 호텔 앤 오피스텔,숭인동,"12,000",종로구,2,0,18,21.62,,,1396,11110,18
72,,2016,,,2016,아이비씨 호텔 앤 오피스텔,숭인동,"12,000",종로구,2,0,18,21.45,,,1396,11110,17
73,,2016,,,2016,아이비씨 호텔 앤 오피스텔,숭인동,"12,000",종로구,2,0,19,21.45,,,1396,11110,18
74,,2016,,,2016,아이비씨 호텔 앤 오피스텔,숭인동,"12,000",종로구,2,0,19,21.36,,,1396,11110,10
75,,2013,,,2016,(1392),숭인동,"11,000",종로구,2,0,19,20.18,,,1392,11110,6
76,,2016,,,2016,아이비씨 호텔 앤 오피스텔,숭인동,"1,000",종로구,2,60,19,21.62,,,1396,11110,18
77,,2016,,,2016,아이비씨 호텔 앤 오피스텔,숭인동,"12,000",종로구,2,0,20,21.45,,,1396,11110,17
78,,2016,,,2016,아이비씨 호텔 앤 오피스텔,숭인동,"12,000",종로구,2,0,20,21.45,,,1396,11110,14
79,,2014,,,2016,삼전솔하임4차,숭인동,"3,000",종로구,2,40,20,19.17,,,318-2,11110,4
80,,2016,,,2016,아이비씨 호텔 앤 오피스텔,숭인동,"12,000",종로구,2,0,20,21.62,,,1396,11110,14
81,,2016,,,2016,아이비씨 호텔 앤 오피스텔,숭인동,"12,000",종로구,2,0,20,21.62,,,1396,11110,16
82,,2016,,,2016,아이비씨 호텔 앤 오피스텔,숭인동,"1,000",종로구,2,60,20,21.36,,,1396,11110,14
83,,2016,,,2016,아이비씨 호텔 앤 오피스텔,숭인동,"1,000",종로구,2,60,22,21.45,,,1396,11110,18
84,,2016,,,2016,아이비씨 호텔 앤 오피스텔,숭인동,"12,000",종로구,2,0,22,21.62,,,1396,11110,15
85,,2016,,,2016,아이비씨 호텔 앤 오피스텔,숭인동,"12,000",종로구,2,0,22,21.36,,,1396,11110,11
86,,2013,,,2016,(1392),숭인동,"5,000",종로구,2,30,23,20.18,,,1392,11110,4
87,,2016,,,2016,아이비씨 호텔 앤 오피스텔,숭인동,"12,000",종로구,2,0,23,21.59,,,1396,11110,17
88,,2016,,,2016,아이비씨 호텔 앤 오피스텔,숭인동,"12,000",종로구,2,0,23,21.36,,,1396,11110,12
89,,2016,,,2016,아이비씨 호텔 앤 오피스텔,숭인동,"12,000",종로구,2,0,23,21.36,,,1396,11110,11
90,,2016,,,2016,아이비씨 호텔 앤 오피스텔,숭인동,"12,000",종로구,2,0,23,21.59,,,1396,11110,18
91,,2016,,,2016,아이비씨 호텔 앤 오피스텔,숭인동,"12,000",종로구,2,0,24,21.59,,,1396,11110,18
92,,2016,,,2016,아이비씨 호텔 앤 오피스텔,숭인동,"12,000",종로구,2,0,24,21.62,,,1396,11110,18
93,,2004,,,2016,롯데캐슬 천지인,숭인동,"1,000",종로구,2,85,25,39.6,,,76,11110,12
94,,2005,,,2016,경일오피스텔,숭인동,800,종로구,2,62,25,27.49,,,1367,11110,7
95,,2016,,,2016,아이비씨 호텔 앤 오피스텔,숭인동,"12,000",종로구,2,0,25,21.62,,,1396,11110,18
96,,2016,,,2016,아이비씨 호텔 앤 오피스텔,숭인동,"12,000",종로구,2,0,25,21.45,,,1396,11110,16
97,,2016,,,2016,아이비씨 호텔 앤 오피스텔,숭인동,"12,000",종로구,2,0,25,21.45,,,1396,11110,16
98,,2016,,,2016,아이비씨 호텔 앤 오피스텔,숭인동,"12,000",종로구,2,0,26,21.59,,,1396,11110,17
99,,2016,,,2016,아이비씨 호텔 앤 오피스텔,숭인동,"12,000",종로구,2,0,26,21.59,,,1396,11110,16
100,,2016,,,2016,아이비씨 호텔 앤 오피스텔,숭인동,"1,000",종로구,2,60,27,21.36,,,1396,11110,13
101,,2016,,,2016,아이비씨 호텔 앤 오피스텔,숭인동,"12,000",종로구,2,0,27,21.36,,,1396,11110,11
102,,2016,,,2016,아이비씨 호텔 앤 오피스텔,숭인동,"12,000",종로구,2,0,28,21.59,,,1396,11110,18
103,,2002,,,2016,캐피탈오피스텔,부암동,"1,000",종로구,2,50,11,26.16,,,154-2,11110,2
104,,2002,,,2016,타임730오피스텔,부암동,"2,000",종로구,2,50,11,31.27,,,129-8,11110,3
105,,2002,,,2016,타임730오피스텔,부암동,"2,000",종로구,2,50,19,31.27,,,129-8,11110,5
106,,2002,,,2016,타임730오피스텔,부암동,"5,000",종로구,2,30,21,31.27,,,129-8,11110,5
0,,2004,,,2016,용비어천가,내수동,"1,000",종로구,3,110,4,42.39,,,75,11110,17
1,,2004,,,2016,용비어천가,내수동,"1,000",종로구,3,95,9,37.56,,,75,11110,3
2,,2004,,,2016,광화문시대,내수동,"1,000",종로구,3,100,19,34.9,,,74,11110,5
3,,2004,,,2016,경희궁의 아침 2단지,내수동,"1,000",종로구,3,75,21,25.51,,,71,11110,11
4,,2004,,,2016,용비어천가,내수동,"20,000",종로구,3,0,25,34.45,,,75,11110,13
5,,2004,,,2016,경희궁의 아침 2단지,내수동,"33,000",종로구,3,20,25,57.8,,,71,11110,14
6,,2004,,,2016,경희궁의 아침 2단지,내수동,"36,000",종로구,3,0,29,57.8,,,71,11110,12
7,,2003,,,2016,반도 보라 아이비 타워,효제동,"1,000",종로구,3,58,22,22.72,,,45,11110,8
8,,2005,,,2016,경일오피스텔,숭인동,"2,000",종로구,3,45,1,25.6,,,1367,11110,14
9,,2005,,,2016,동양파라빌,숭인동,"1,000",종로구,3,60,2,27.09,,,1388,11110,5
10,,2016,,,2016,아이비씨 호텔 앤 오피스텔,숭인동,"12,000",종로구,3,0,4,21.45,,,1396,11110,11
11,,2003,,,2016,(317-35),숭인동,"3,500",종로구,3,0,4,7.74,,,317-35,11110,6
12,,2016,,,2016,아이비씨 호텔 앤 오피스텔,숭인동,"1,000",종로구,3,60,4,21.62,,,1396,11110,14
13,,2013,,,2016,버넷하임1,숭인동,"11,000",종로구,3,0,5,25.27,,,1421,11110,3
14,,2014,,,2016,삼전솔하임4차,숭인동,"4,000",종로구,3,35,12,19.17,,,318-2,11110,4
15,,2004,,,2016,롯데캐슬 천지인,숭인동,"1,000",종로구,3,85,17,39.6,,,76,11110,7
16,,2004,,,2016,롯데캐슬 천지인,숭인동,"18,000",종로구,3,0,17,39.6,,,76,11110,6
17,,2004,,,2016,롯데캐슬 천지인,숭인동,"10,000",종로구,3,40,25,39.6,,,76,11110,13
18,,2002,,,2016,수석컴비즈텔,숭인동,"7,000",종로구,3,0,28,23.84,,,55-6,11110,6
19,,2002,,,2016,수석컴비즈텔,숭인동,"8,000",종로구,3,0,29,23.84,,,55-6,11110,6
20,,2002,,,2016,타임730오피스텔,부암동,"1,000",종로구,3,55,30,31.27,,,129-8,11110,4
0,,2004,,,2016,용비어천가,내수동,"22,000",종로구,4,0,2,37.56,,,75,11110,10
1,,2004,,,2016,경희궁의 아침 3단지,내수동,"5,000",종로구,4,65,4,37.5,,,72,11110,10
2,,2004,,,2016,경희궁의 아침 3단지,내수동,"4,000",종로구,4,75,9,37.5,,,72,11110,11
3,,2004,,,2016,용비어천가,내수동,"1,000",종로구,4,110,27,37.56,,,75,11110,15
4,,2004,,,2016,광화문시대,내수동,"1,000",종로구,4,90,27,34.9,,,74,11110,12
5,,2004,,,2016,용비어천가,내수동,"10,000",종로구,4,50,30,37.56,,,75,11110,3
6,,2004,,,2016,BIZ-WELL 종로 오피스텔,익선동,"1,000",종로구,4,60,15,23.14,,,34,11110,4
7,,2003,,,2016,코윈 팔레스뷰 오피스텔,원남동,"2,000",종로구,4,45,15,24.03,,,95,11110,4
8,,2003,,,2016,연지드림빌,연지동,"2,000",종로구,4,80,1,42.11,,,275-1,11110,7
9,,2003,,,2016,세레피아텔,연건동,"5,000",종로구,4,50,28,27.92,,,317,11110,5
10,,2011,,,2016,CS타워,충신동,"1,000",종로구,4,70,12,35.69,,,62-2,11110,4
11,,2014,,,2016,숭인한양LEEPS,숭인동,"3,000",종로구,4,40,5,17.07,,,1421-2,11110,17
12,,2002,,,2016,수석컴비즈텔,숭인동,"13,000",종로구,4,0,10,54.8,,,55-6,11110,8
13,,2012,,,2016,삼전솔하임2차,숭인동,"11,000",종로구,4,0,12,21.12,,,296-19,11110,3
14,,2013,,,2016,(1392),숭인동,"1,000",종로구,4,55,16,20.18,,,1392,11110,5
15,,2005,,,2016,동양파라빌,숭인동,"2,000",종로구,4,50,20,27.09,,,1388,11110,5
16,,2014,,,2016,숭인한양LEEPS,숭인동,"1,000",종로구,4,55,22,17.07,,,1421-2,11110,13
17,,2013,,,2016,종로유케이201,숭인동,"9,200",종로구,4,0,22,15.24,,,201-11,11110,4
18,,2013,,,2016,(1392),숭인동,"2,000",종로구,4,45,24,19.84,,,1392,11110,8
19,,2013,,,2016,종로유케이201,숭인동,"9,000",종로구,4,0,25,15.49,,,201-11,11110,3
20,,2004,,,2016,롯데캐슬 천지인,숭인동,"1,000",종로구,4,85,29,39.6,,,76,11110,21
21,,2014,,,2016,삼전솔하임4차,숭인동,"1,000",종로구,4,40,30,19.17,,,318-2,11110,4
0,,1998,,,2016,파크뷰타워,필운동,"11,500",종로구,5,0,10,24.3,,,285-5,11110,2
1,,2004,,,2016,용비어천가,내수동,"15,000",종로구,5,30,19,33,,,75,11110,5
2,,2004,,,2016,광화문시대,내수동,"2,000",종로구,5,105,25,34.9,,,74,11110,7
3,,2006,,,2016,효성주얼리시티,인의동,"19,000",종로구,5,0,25,53.78,,,48-2,11110,4
4,,2003,,,2016,반도 보라 아이비 타워,효제동,"1,000",종로구,5,70,27,31.31,,,45,11110,6
5,,2004,,,2016,롯데캐슬 천지인,숭인동,"16,000",종로구,5,0,6,39.6,,,76,11110,3
6,,2013,,,2016,그레이스탑,숭인동,"3,000",종로구,5,40,7,22.13,,,178-94,11110,5
7,,2005,,,2016,경일오피스텔,숭인동,"2,000",종로구,5,37,7,18.82,,,1367,11110,9
8,,2013,,,2016,그레이스탑,숭인동,"7,500",종로구,5,0,9,22.13,,,178-94,11110,5
9,,2013,,,2016,종로 동광모닝스카이,숭인동,"11,000",종로구,5,0,12,19.95,,,1421-1,11110,6
10,,2004,,,2016,종로대우디오빌,숭인동,"5,000",종로구,5,30,19,29.65,,,310,11110,14
11,,2004,,,2016,롯데캐슬 천지인,숭인동,"5,000",종로구,5,60,21,39.6,,,76,11110,23
12,,2014,,,2016,삼전솔하임4차,숭인동,"3,000",종로구,5,45,21,19.17,,,318-2,11110,7
13,,2013,,,2016,종로 동광모닝스카이,숭인동,"11,000",종로구,5,0,24,19.95,,,1421-1,11110,6
14,,2016,,,2016,아이비씨 호텔 앤 오피스텔,숭인동,"1,000",종로구,5,60,27,23.24,,,1396,11110,13
15,,2013,,,2016,그레이스탑,숭인동,"7,500",종로구,5,0,27,20.16,,,178-94,11110,5
16,,2013,,,2016,종로유케이201,숭인동,"3,000",종로구,5,35,27,15.49,,,201-11,11110,4
17,,2002,,,2016,캐피탈오피스텔,부암동,"1,000",종로구,5,45,4,24.53,,,154-2,11110,2
18,,2005,,,2016,세검정아트오피스텔,홍지동,"18,000",종로구,5,0,21,63.81,,,104-21,11110,3
0,,2008,,,2016,광화문 풍림스페이스본,사직동,"25,000",종로구,6,0,29,39.54,,,9,11110,7
1,,2004,,,2016,용비어천가,내수동,"15,000",종로구,6,30,9,33,,,75,11110,17
2,,2004,,,2016,경희궁의 아침 3단지,내수동,"1,000",종로구,6,90,9,37.5,,,72,11110,5
3,,2004,,,2016,용비어천가,내수동,"2,000",종로구,6,90,15,37.56,,,75,11110,12
4,,2004,,,2016,용비어천가,내수동,"22,000",종로구,6,0,20,41.34,,,75,11110,4
5,,2004,,,2016,경희궁의 아침 3단지,내수동,"1,000",종로구,6,87,24,37.5,,,72,11110,11
6,,2003,,,2016,가동,운니동,"4,500",종로구,6,0,15,12.3,,,18,11110,4
7,,2005,,,2016,동양파라빌,숭인동,"2,000",종로구,6,45,1,24.93,,,1388,11110,8
8,,2004,,,2016,롯데캐슬 천지인,숭인동,"18,000",종로구,6,0,10,39.6,,,76,11110,5
9,,2014,,,2016,삼전솔하임4차,숭인동,"4,000",종로구,6,35,10,19.17,,,318-2,11110,6
10,,2014,,,2016,삼전솔하임4차,숭인동,"2,000",종로구,6,45,13,19.17,,,318-2,11110,3
11,,2013,,,2016,(1392),숭인동,"1,000",종로구,6,55,14,20.18,,,1392,11110,8
12,,2014,,,2016,삼전솔하임4차,숭인동,"1,500",종로구,6,50,14,19.17,,,318-2,11110,4
13,,2004,,,2016,롯데캐슬 천지인,숭인동,"6,000",종로구,6,60,16,39.6,,,76,11110,27
14,,2014,,,2016,삼전솔하임4차,숭인동,"2,000",종로구,6,45,17,19.17,,,318-2,11110,7
15,,2014,,,2016,삼전솔하임4차,숭인동,"3,000",종로구,6,45,17,19.17,,,318-2,11110,7
16,,2004,,,2016,롯데캐슬 천지인,숭인동,"1,000",종로구,6,85,18,39.6,,,76,11110,10
17,,2013,,,2016,종로 중흥 S클래스,숭인동,"1,000",종로구,6,50,20,22.44,,,202-3,11110,2
18,,2005,,,2016,동양파라빌,숭인동,"2,000",종로구,6,50,22,27.09,,,1388,11110,3
19,,2014,,,2016,삼전솔하임4차,숭인동,"1,000",종로구,6,50,23,19.17,,,318-2,11110,9
20,,2012,,,2016,삼전솔하임2차,숭인동,"1,000",종로구,6,50,24,19.18,,,296-19,11110,2
21,,2013,,,2016,종로 아인스빌,숭인동,"3,000",종로구,6,40,24,17.88,,,1392-1,11110,5
22,,2014,,,2016,삼전솔하임4차,숭인동,"4,000",종로구,6,35,25,19.17,,,318-2,11110,4
23,,2004,,,2016,롯데캐슬 천지인,숭인동,"1,000",종로구,6,85,27,39.6,,,76,11110,8
24,,2002,,,2016,타임730오피스텔,부암동,"1,000",종로구,6,55,4,31.27,,,129-8,11110,6
25,,2002,,,2016,타임730오피스텔,부암동,"5,000",종로구,6,50,14,40.45,,,129-8,11110,4
26,,2002,,,2016,타임730오피스텔,부암동,"1,500",종로구,6,70,27,46.03,,,129-8,11110,4
0,,2008,,,2016,광화문 풍림스페이스본,사직동,"26,000",종로구,7,0,26,39.54,,,9,11110,2
1,,2004,,,2016,경희궁의 아침 2단지,내수동,"10,000",종로구,7,110,6,57.8,,,71,11110,13
2,,2004,,,2016,경희궁의 아침 2단지,내수동,"28,000",종로구,7,0,15,46.84,,,71,11110,10
3,,2004,,,2016,용비어천가,내수동,"23,000",종로구,7,0,18,37.56,,,75,11110,6
4,,2004,,,2016,광화문시대,내수동,"1,000",종로구,7,80,28,31.37,,,74,11110,17
5,,2005,,,2016,운현궁 에스케이 허브,경운동,"23,000",종로구,7,0,8,42.38,,,89-4,11110,8
6,,2004,,,2016,롯데캐슬 천지인,숭인동,"5,000",종로구,7,60,1,39.6,,,76,11110,16
7,,2016,,,2016,아폴리움 오피스텔,숭인동,"3,000",종로구,7,40,6,15.2,,,201-7,11110,9
8,,2013,,,2016,종로 아인스빌,숭인동,"12,000",종로구,7,0,8,17.88,,,1392-1,11110,2
9,,2016,,,2016,아폴리움 오피스텔,숭인동,"12,000",종로구,7,0,11,16.31,,,201-7,11110,7
10,,2002,,,2016,수석컴비즈텔,숭인동,"1,000",종로구,7,50,13,29.6,,,55-6,11110,4
11,,2016,,,2016,아폴리움 오피스텔,숭인동,"12,000",종로구,7,0,14,16.31,,,201-7,11110,13
12,,2016,,,2016,아폴리움 오피스텔,숭인동,"12,000",종로구,7,0,14,16.31,,,201-7,11110,13
13,,2016,,,2016,아폴리움 오피스텔,숭인동,"12,000",종로구,7,0,15,16.31,,,201-7,11110,4
14,,2013,,,2016,(1392),숭인동,"6,000",종로구,7,20,15,18.64,,,1392,11110,5
15,,2016,,,2016,아폴리움 오피스텔,숭인동,"12,000",종로구,7,0,16,15.2,,,201-7,11110,7
16,,2016,,,2016,아폴리움 오피스텔,숭인동,"11,500",종로구,7,0,16,16.31,,,201-7,11110,3
17,,2016,,,2016,아폴리움 오피스텔,숭인동,"12,000",종로구,7,0,16,15.2,,,201-7,11110,7
18,,2016,,,2016,아폴리움 오피스텔,숭인동,"11,500",종로구,7,0,16,16.31,,,201-7,11110,3
19,,2013,,,2016,종로 중흥 S클래스,숭인동,"2,000",종로구,7,50,18,23.97,,,202-3,11110,3
20,,2012,,,2016,삼전솔하임2차,숭인동,"1,000",종로구,7,53,18,18.87,,,296-19,11110,2
21,,2005,,,2016,동양파라빌,숭인동,"1,000",종로구,7,50,21,27.09,,,1388,11110,7
22,,2016,,,2016,아폴리움 오피스텔,숭인동,"12,000",종로구,7,0,21,16.31,,,201-7,11110,5
23,,2004,,,2016,롯데캐슬 천지인,숭인동,"2,000",종로구,7,75,22,39.6,,,76,11110,9
24,,2016,,,2016,아폴리움 오피스텔,숭인동,"3,000",종로구,7,40,26,16.31,,,201-7,11110,4
25,,2016,,,2016,아폴리움 오피스텔,숭인동,"12,000",종로구,7,0,27,16.31,,,201-7,11110,9
26,,2016,,,2016,아폴리움 오피스텔,숭인동,"12,000",종로구,7,0,27,16.31,,,201-7,11110,9
27,,2016,,,2016,아폴리움 오피스텔,숭인동,"12,000",종로구,7,0,27,16.31,,,201-7,11110,9
28,,2016,,,2016,아폴리움 오피스텔,숭인동,"12,000",종로구,7,0,27,16.31,,,201-7,11110,9
29,,2004,,,2016,롯데캐슬 천지인,숭인동,"4,000",종로구,7,60,29,39.6,,,76,11110,7
30,,2013,,,2016,(1392),숭인동,"1,000",종로구,7,55,30,20.18,,,1392,11110,8
31,,2004,,,2016,롯데캐슬 천지인,숭인동,"3,000",종로구,7,75,30,39.6,,,76,11110,20
32,,2002,,,2016,캐피탈오피스텔,부암동,"1,000",종로구,7,50,11,24.53,,,154-2,11110,2
33,,2002,,,2016,타임730오피스텔,부암동,"1,000",종로구,7,60,27,34.06,,,129-8,11110,3
0,,2004,,,2016,용비어천가,내수동,"18,500",종로구,8,0,4,30.36,,,75,11110,10
1,,2004,,,2016,용비어천가,내수동,"1,000",종로구,8,85,10,34.45,,,75,11110,10
2,,2004,,,2016,경희궁의 아침 2단지,내수동,"22,000",종로구,8,0,12,32.43,,,71,11110,2
3,,2004,,,2016,용비어천가,내수동,"22,000",종로구,8,0,17,37.56,,,75,11110,2
4,,2004,,,2016,경희궁의 아침 3단지,내수동,"22,000",종로구,8,0,20,37.5,,,72,11110,4
5,,2004,,,2016,경희궁의 아침 3단지,내수동,"1,000",종로구,8,90,24,37.5,,,72,11110,5
6,,2005,,,2016,운현궁 에스케이 허브,경운동,"1,000",종로구,8,90,8,39.2,,,89-4,11110,5
7,,2003,,,2016,반도 보라 아이비 타워,효제동,"1,000",종로구,8,65,31,30.94,,,45,11110,12
8,,2014,,,2016,숭인한양LEEPS,숭인동,"2,000",종로구,8,45,2,17.07,,,1421-2,11110,15
9,,2016,,,2016,아이비씨 호텔 앤 오피스텔,숭인동,"1,000",종로구,8,60,2,21.62,,,1396,11110,11
10,,2013,,,2016,종로유케이201,숭인동,"3,000",종로구,8,35,2,15.49,,,201-11,11110,5
11,,2016,,,2016,아폴리움 오피스텔,숭인동,"1,000",종로구,8,55,2,16.31,,,201-7,11110,9
12,,2003,,,2016,(317-35),숭인동,"1,000",종로구,8,35,3,13.34,,,317-35,11110,3
13,,2013,,,2016,종로 아인스빌,숭인동,"3,000",종로구,8,40,4,17.88,,,1392-1,11110,8
14,,2016,,,2016,아이비씨 호텔 앤 오피스텔,숭인동,"1,000",종로구,8,60,5,21.36,,,1396,11110,9
15,,2005,,,2016,동양파라빌,숭인동,"10,000",종로구,8,0,5,24.93,,,1388,11110,10
16,,2013,,,2016,(1392),숭인동,"1,000",종로구,8,55,7,20.18,,,1392,11110,6
17,,2016,,,2016,아폴리움 오피스텔,숭인동,"2,000",종로구,8,47,8,16.31,,,201-7,11110,5
18,,2016,,,2016,아폴리움 오피스텔,숭인동,"3,000",종로구,8,40,10,16.31,,,201-7,11110,5
19,,2013,,,2016,종로 아인스빌,숭인동,"11,000",종로구,8,0,12,17.88,,,1392-1,11110,7
20,,2013,,,2016,버넷하임1,숭인동,"11,000",종로구,8,0,16,25.27,,,1421,11110,2
21,,2004,,,2016,롯데캐슬 천지인,숭인동,"1,000",종로구,8,85,16,39.6,,,76,11110,19
22,,2014,,,2016,숭인한양LEEPS,숭인동,"3,000",종로구,8,40,17,17.07,,,1421-2,11110,17
23,,2016,,,2016,아이비씨 호텔 앤 오피스텔,숭인동,"1,000",종로구,8,60,17,21.45,,,1396,11110,11
24,,2014,,,2016,숭인한양LEEPS,숭인동,"3,000",종로구,8,40,17,17.07,,,1421-2,11110,12
25,,2013,,,2016,(1392),숭인동,"7,000",종로구,8,15,18,19.84,,,1392,11110,6
26,,2016,,,2016,아이비씨 호텔 앤 오피스텔,숭인동,"1,000",종로구,8,60,18,21.62,,,1396,11110,10
27,,2002,,,2016,수석컴비즈텔,숭인동,"1,000",종로구,8,70,18,41.16,,,55-6,11110,5
28,,2016,,,2016,아폴리움 오피스텔,숭인동,"1,000",종로구,8,55,19,15.2,,,201-7,11110,7
29,,2016,,,2016,아폴리움 오피스텔,숭인동,"3,500",종로구,8,35,19,15.2,,,201-7,11110,3
30,,2013,,,2016,종로 동광모닝스카이,숭인동,"1,000",종로구,8,55,19,19.95,,,1421-1,11110,8
31,,2016,,,2016,아폴리움 오피스텔,숭인동,"4,000",종로구,8,35,19,16.31,,,201-7,11110,4
32,,2016,,,2016,아폴리움 오피스텔,숭인동,"12,000",종로구,8,0,20,16.31,,,201-7,11110,6
33,,2013,,,2016,종로 아인스빌,숭인동,"11,000",종로구,8,0,22,17.88,,,1392-1,11110,7
34,,2016,,,2016,아폴리움 오피스텔,숭인동,"12,000",종로구,8,0,23,16.31,,,201-7,11110,3
35,,2016,,,2016,아폴리움 오피스텔,숭인동,"12,000",종로구,8,0,23,16.31,,,201-7,11110,3
36,,2014,,,2016,삼전솔하임4차,숭인동,500,종로구,8,60,25,19.17,,,318-2,11110,9
37,,2016,,,2016,아폴리움 오피스텔,숭인동,"12,000",종로구,8,0,27,16.31,,,201-7,11110,5
38,,2013,,,2016,종로유케이201,숭인동,"3,000",종로구,8,35,27,15.46,,,201-11,11110,3
39,,2016,,,2016,아폴리움 오피스텔,숭인동,"5,000",종로구,8,30,30,16.31,,,201-7,11110,3
40,,2016,,,2016,아폴리움 오피스텔,숭인동,"12,000",종로구,8,0,31,16.31,,,201-7,11110,9
41,,2016,,,2016,아폴리움 오피스텔,숭인동,"12,000",종로구,8,0,31,16.31,,,201-7,11110,9
42,,2005,,,2016,세검정아트오피스텔,홍지동,"1,000",종로구,8,50,31,43.35,,,104-21,11110,2
0,,2004,,,2016,용비어천가,내수동,"23,000",종로구,9,0,7,37.56,,,75,11110,13
1,,2004,,,2016,용비어천가,내수동,"26,500",종로구,9,0,20,43.67,,,75,11110,5
2,,2004,,,2016,경희궁의 아침 2단지,내수동,"22,000",종로구,9,0,24,32.43,,,71,11110,2
3,,2004,,,2016,경희궁의 아침 3단지,내수동,"23,000",종로구,9,0,29,37.5,,,72,11110,14
4,,2014,,,2016,숭인한양LEEPS,숭인동,"2,000",종로구,9,45,1,17.07,,,1421-2,11110,12
5,,2004,,,2016,롯데캐슬 천지인,숭인동,"1,000",종로구,9,85,2,39.6,,,76,11110,26
6,,2013,,,2016,종로 아인스빌,숭인동,"12,000",종로구,9,0,2,17.88,,,1392-1,11110,4
7,,2004,,,2016,롯데캐슬 천지인,숭인동,"2,000",종로구,9,135,7,67.96,,,76,11110,18
8,,2013,,,2016,버넷하임1,숭인동,"13,000",종로구,9,0,12,25.88,,,1421,11110,3
9,,2005,,,2016,동양파라빌,숭인동,"1,000",종로구,9,60,13,27.09,,,1388,11110,2
10,,2003,,,2016,(317-35),숭인동,"5,000",종로구,9,0,19,13.34,,,317-35,11110,5
11,,2004,,,2016,종로대우디오빌,숭인동,"10,000",종로구,9,0,20,29.65,,,310,11110,4
12,,2016,,,2016,아폴리움 오피스텔,숭인동,"12,000",종로구,9,0,20,16.31,,,201-7,11110,4
13,,2016,,,2016,아폴리움 오피스텔,숭인동,"12,000",종로구,9,0,21,16.31,,,201-7,11110,7
14,,2016,,,2016,아폴리움 오피스텔,숭인동,"12,000",종로구,9,0,22,16.31,,,201-7,11110,7
15,,2005,,,2016,동양파라빌,숭인동,"1,000",종로구,9,60,23,27.09,,,1388,11110,2
16,,2013,,,2016,종로 아인스빌,숭인동,"12,000",종로구,9,0,29,17.88,,,1392-1,11110,4
17,,2016,,,2016,아폴리움 오피스텔,숭인동,"4,000",종로구,9,35,30,15.2,,,201-7,11110,5
18,,2002,,,2016,캐피탈오피스텔,부암동,"11,000",종로구,9,0,28,24.53,,,154-2,11110,3
0,,1998,,,2016,파크뷰타워,필운동,"11,000",종로구,10,10,3,21.85,,,285-5,11110,3
1,,2008,,,2016,광화문 풍림스페이스본,사직동,"1,000",종로구,10,105,14,39.54,,,9,11110,12
2,,2004,,,2016,용비어천가,내수동,"19,000",종로구,10,0,1,33,,,75,11110,9
3,,2004,,,2016,용비어천가,내수동,"5,000",종로구,10,60,10,34.45,,,75,11110,12
4,,2004,,,2016,광화문시대,내수동,"6,000",종로구,10,70,11,32.97,,,74,11110,18
5,,2004,,,2016,경희궁의 아침 2단지,내수동,"30,000",종로구,10,0,14,46.84,,,71,11110,13
6,,2004,,,2016,경희궁의 아침 3단지,내수동,"40,000",종로구,10,0,17,62.92,,,72,11110,12
7,,2004,,,2016,경희궁의 아침 4단지,내수동,"6,000",종로구,10,55,20,28.24,,,73,11110,9
8,,2004,,,2016,경희궁의 아침 3단지,내수동,"12,000",종로구,10,50,22,37.5,,,72,11110,6
9,,2004,,,2016,용비어천가,내수동,"1,000",종로구,10,95,24,37.12,,,75,11110,8
10,,2004,,,2016,용비어천가,내수동,"15,000",종로구,10,40,26,37.56,,,75,11110,15
11,,2007,,,2016,르메이에르종로타운1,종로1가,"3,000",종로구,10,225,28,81.01,,,24,11110,11
12,,2004,,,2016,BIZ-WELL 종로 오피스텔,익선동,500,종로구,10,50,1,17.27,,,34,11110,4
13,,2004,,,2016,BIZ-WELL 종로 오피스텔,익선동,500,종로구,10,55,12,17.2,,,34,11110,3
14,,2001,,,2016,대보마로니에텔,연건동,"1,000",종로구,10,60,14,26.52,,,206,11110,10
15,,2011,,,2016,CS타워,충신동,"13,000",종로구,10,0,19,35.69,,,62-2,11110,3
16,,2016,,,2016,아폴리움 오피스텔,숭인동,"12,000",종로구,10,0,3,16.31,,,201-7,11110,13
17,,2013,,,2016,(1392),숭인동,"5,000",종로구,10,30,3,19.84,,,1392,11110,9
18,,2004,,,2016,롯데캐슬 천지인,숭인동,"8,000",종로구,10,45,3,39.6,,,76,11110,3
19,,2014,,,2016,삼전솔하임4차,숭인동,"3,500",종로구,10,40,5,19.17,,,318-2,11110,4
20,,2016,,,2016,아이비씨 호텔 앤 오피스텔,숭인동,"1,000",종로구,10,60,6,21.36,,,1396,11110,8
21,,2013,,,2016,종로유케이201,숭인동,"10,000",종로구,10,0,10,15.46,,,201-11,11110,2
22,,2013,,,2016,종로 동광모닝스카이,숭인동,100,종로구,10,75,10,19.95,,,1421-1,11110,6
23,,2005,,,2016,동양파라빌,숭인동,"1,000",종로구,10,60,10,27.09,,,1388,11110,2
24,,2016,,,2016,아폴리움 오피스텔,숭인동,"1,000",종로구,10,55,17,16.31,,,201-7,11110,11
25,,2004,,,2016,롯데캐슬 천지인,숭인동,"3,000",종로구,10,65,19,39.6,,,76,11110,27
26,,2013,,,2016,종로 동광모닝스카이,숭인동,"1,000",종로구,10,50,20,19.95,,,1421-1,11110,4
27,,2005,,,2016,엘리시앙오피스텔,숭인동,500,종로구,10,45,21,20.64,,,200-33,11110,10
28,,2016,,,2016,아폴리움 오피스텔,숭인동,"3,500",종로구,10,35,26,15.2,,,201-7,11110,4
29,,2013,,,2016,(1392),숭인동,"5,000",종로구,10,27,28,19.84,,,1392,11110,3
30,,2003,,,2016,오피스텔 천지인,평창동,500,종로구,10,50,6,23.4,,,289-5,11110,3
31,,2005,,,2016,세검정아트오피스텔,홍지동,"12,000",종로구,10,0,13,40.8,,,104-21,11110,4
0,,2004,,,2016,경희궁의 아침 4단지,내수동,"19,000",종로구,11,0,1,28.24,,,73,11110,10
1,,2004,,,2016,경희궁의 아침 2단지,내수동,"37,000",종로구,11,0,5,57.8,,,71,11110,14
2,,2004,,,2016,경희궁의 아침 2단지,내수동,"17,000",종로구,11,15,16,32.43,,,71,11110,2
3,,2004,,,2016,광화문시대,내수동,"7,000",종로구,11,50,17,31.75,,,74,11110,15
4,,2004,,,2016,경희궁의 아침 2단지,내수동,"28,000",종로구,11,0,18,46.84,,,71,11110,10
5,,2004,,,2016,경희궁의 아침 3단지,내수동,"5,000",종로구,11,70,19,37.5,,,72,11110,7
6,,2004,,,2016,경희궁의 아침 2단지,내수동,"2,000",종로구,11,150,23,57.8,,,71,11110,16
7,,2004,,,2016,용비어천가,내수동,"24,000",종로구,11,0,24,37.56,,,75,11110,17
8,,2004,,,2016,경희궁의 아침 3단지,내수동,"23,000",종로구,11,0,26,37.5,,,72,11110,4
9,,2005,,,2016,운현궁 에스케이 허브,경운동,"5,000",종로구,11,100,10,52.5,,,89-4,11110,8
10,,2005,,,2016,종로1번가,관철동,"7,000",종로구,11,50,30,30.04,,,155,11110,7
11,,2004,,,2016,나스빌,낙원동,"14,000",종로구,11,0,22,28.69,,,212,11110,5
12,,2014,,,2016,이화에수풀,연건동,"1,000",종로구,11,65,29,21.49,,,195-10,11110,3
13,,2013,,,2016,종로 중흥 S클래스,숭인동,"12,000",종로구,11,0,2,22.44,,,202-3,11110,3
14,,2013,,,2016,종로 중흥 S클래스,숭인동,"11,800",종로구,11,0,5,22.44,,,202-3,11110,3
15,,2004,,,2016,종로대우디오빌,숭인동,"5,000",종로구,11,45,10,29.65,,,310,11110,11
16,,2016,,,2016,아이비씨 호텔 앤 오피스텔,숭인동,"1,000",종로구,11,60,10,21.36,,,1396,11110,11
17,,2016,,,2016,아이비씨 호텔 앤 오피스텔,숭인동,"1,000",종로구,11,60,11,21.62,,,1396,11110,14
18,,2005,,,2016,동양파라빌,숭인동,"3,000",종로구,11,45,12,27.09,,,1388,11110,13
19,,2013,,,2016,종로 동광모닝스카이,숭인동,"1,000",종로구,11,55,12,19.95,,,1421-1,11110,7
20,,2016,,,2016,아폴리움 오피스텔,숭인동,"11,500",종로구,11,0,18,15.2,,,201-7,11110,8
21,,2014,,,2016,숭인한양LEEPS,숭인동,"2,000",종로구,11,45,22,17.07,,,1421-2,11110,12
22,,2014,,,2016,삼전솔하임4차,숭인동,"7,500",종로구,11,0,24,19.17,,,318-2,11110,2
23,,2004,,,2016,종로대우디오빌,숭인동,"6,000",종로구,11,40,25,36.87,,,310,11110,11
24,,2016,,,2016,아폴리움 오피스텔,숭인동,"1,000",종로구,11,55,26,16.31,,,201-7,11110,12
25,,2002,,,2016,수석컴비즈텔,숭인동,"8,000",종로구,11,0,26,23.84,,,55-6,11110,4
26,,2004,,,2016,롯데캐슬 천지인,숭인동,"1,000",종로구,11,80,29,39.6,,,76,11110,13
27,,2013,,,2016,종로 중흥 S클래스,숭인동,"11,800",종로구,11,0,29,22.44,,,202-3,11110,3
0,,2004,,,2016,용비어천가,내수동,"21,000",종로구,12,0,5,33,,,75,11110,13
1,,2004,,,2016,용비어천가,내수동,"3,000",종로구,12,65,7,30.76,,,75,11110,3
2,,2004,,,2016,광화문시대,내수동,"15,000",종로구,12,40,7,40.26,,,74,11110,8
3,,2004,,,2016,광화문시대,내수동,"25,000",종로구,12,0,14,38.88,,,74,11110,11
4,,2004,,,2016,경희궁의 아침 4단지,내수동,"10,000",종로구,12,55,16,41.74,,,73,11110,10
5,,2004,,,2016,경희궁의 아침 2단지,내수동,"1,500",종로구,12,150,22,57.8,,,71,11110,6
6,,2004,,,2016,BIZ-WELL 종로 오피스텔,익선동,"1,000",종로구,12,50,29,17.2,,,34,11110,6
7,,2004,,,2016,BIZ-WELL 종로 오피스텔,익선동,"1,000",종로구,12,55,31,18.83,,,34,11110,9
8,,2005,,,2016,운현궁 에스케이 허브,경운동,"3,000",종로구,12,90,12,41.12,,,89-4,11110,5
9,,2005,,,2016,운현궁 에스케이 허브,경운동,"3,000",종로구,12,125,14,54.77,,,89-4,11110,5
10,,2005,,,2016,운현궁 에스케이 허브,경운동,"1,000",종로구,12,75,20,23.66,,,89-4,11110,8
11,,2004,,,2016,나스빌,낙원동,500,종로구,12,65,1,28.58,,,212,11110,8
12,,2003,,,2016,반도 보라 아이비 타워,효제동,"1,000",종로구,12,60,21,27.58,,,45,11110,11
13,,2001,,,2016,대보마로니에텔,연건동,"1,000",종로구,12,60,5,26.52,,,206,11110,4
14,,2003,,,2016,세레피아텔,연건동,"5,000",종로구,12,50,22,26.87,,,317,11110,5
15,,2001,,,2016,대보마로니에텔,연건동,"1,000",종로구,12,65,24,26.52,,,206,11110,5
16,,2011,,,2016,CS타워,충신동,"12,000",종로구,12,0,13,24.78,,,62-2,11110,3
17,,2004,,,2016,롯데캐슬 천지인,숭인동,"2,000",종로구,12,70,3,39.6,,,76,11110,19
18,,2013,,,2016,종로 동광모닝스카이,숭인동,500,종로구,12,58,5,19.95,,,1421-1,11110,2
19,,2014,,,2016,숭인한양LEEPS,숭인동,"2,000",종로구,12,45,6,17.07,,,1421-2,11110,15
20,,2013,,,2016,종로유케이201,숭인동,"3,000",종로구,12,30,7,15.15,,,201-11,11110,2
21,,2014,,,2016,숭인한양LEEPS,숭인동,"3,000",종로구,12,40,9,17.07,,,1421-2,11110,17
22,,2016,,,2016,아이비씨 호텔 앤 오피스텔,숭인동,"1,000",종로구,12,60,9,21.36,,,1396,11110,11
23,,2013,,,2016,버넷하임1,숭인동,"3,000",종로구,12,50,15,24.65,,,1421,11110,8
24,,2005,,,2016,엘리시앙오피스텔,숭인동,"10,000",종로구,12,20,16,34.38,,,200-33,11110,8
25,,2014,,,2016,삼전솔하임4차,숭인동,"4,000",종로구,12,37,17,19.17,,,318-2,11110,8
26,,2016,,,2016,아이비씨 호텔 앤 오피스텔,숭인동,"1,000",종로구,12,60,19,21.62,,,1396,11110,10
27,,2005,,,2016,동양파라빌,숭인동,"10,000",종로구,12,0,21,24.93,,,1388,11110,7
28,,2013,,,2016,종로 동광모닝스카이,숭인동,"12,000",종로구,12,0,21,19.95,,,1421-1,11110,8
29,,2003,,,2016,(317-35),숭인동,"5,000",종로구,12,0,21,13.86,,,317-35,11110,5
30,,2016,,,2016,아이비씨 호텔 앤 오피스텔,숭인동,"1,000",종로구,12,60,23,23.24,,,1396,11110,17
31,,2013,,,2016,종로 아인스빌,숭인동,"12,000",종로구,12,0,29,17.88,,,1392-1,11110,2
32,,2013,,,2016,그레이스탑,숭인동,"5,000",종로구,12,20,30,20.16,,,178-94,11110,2
33,,2004,,,2016,롯데캐슬 천지인,숭인동,"18,000",종로구,12,0,30,39.6,,,76,11110,26
34,,2013,,,2016,(1392),숭인동,500,종로구,12,52,31,18.64,,,1392,11110,4
35,,2002,,,2016,타임730오피스텔,부암동,"1,000",종로구,12,60,1,31.27,,,129-8,11110,4
0,,2004,,,2017,용비어천가,내수동,"6,000",종로구,1,55,5,30.36,,,75,11110,6
1,,2004,,,2017,용비어천가,내수동,"20,000",종로구,1,0,7,34.45,,,75,11110,9
2,,2004,,,2017,경희궁의 아침 2단지,내수동,"10,000",종로구,1,50,16,28.9,,,71,11110,15
3,,2004,,,2017,경희궁의 아침 3단지,내수동,"1,000",종로구,1,95,18,37.5,,,72,11110,3
4,,2004,,,2017,경희궁의 아침 4단지,내수동,"26,000",종로구,1,0,18,41.74,,,73,11110,7
5,,2004,,,2017,용비어천가,내수동,"3,000",종로구,1,70,21,33,,,75,11110,5
6,,2004,,,2017,용비어천가,내수동,"19,000",종로구,1,0,24,30.76,,,75,11110,2
7,,2004,,,2017,광화문시대,내수동,"4,000",종로구,1,0,26,34.9,,,74,11110,9
8,,2004,,,2017,BIZ-WELL 종로 오피스텔,익선동,500,종로구,1,55,12,17.2,,,34,11110,10
9,,2004,,,2017,BIZ-WELL 종로 오피스텔,익선동,"1,000",종로구,1,55,17,17.2,,,34,11110,6
10,,2004,,,2017,BIZ-WELL 종로 오피스텔,익선동,"1,000",종로구,1,60,25,23.14,,,34,11110,6
11,,2003,,,2017,코윈 팔레스뷰 오피스텔,원남동,"1,000",종로구,1,60,17,24.03,,,95,11110,3
12,,2003,,,2017,반도 보라 아이비 타워,효제동,"4,000",종로구,1,35,14,22.72,,,45,11110,8
13,,2003,,,2017,반도 보라 아이비 타워,효제동,"2,000",종로구,1,60,24,32.22,,,45,11110,9
14,,2001,,,2017,대보마로니에텔,연건동,"1,000",종로구,1,60,10,26.52,,,206,11110,3
15,,2001,,,2017,대보마로니에텔,연건동,"8,000",종로구,1,25,23,26.52,,,206,11110,9
16,,2003,,,2017,세레피아텔,연건동,"7,000",종로구,1,30,27,27.92,,,317,11110,5
17,,2016,,,2017,아폴리움 오피스텔,숭인동,"3,500",종로구,1,35,4,15.2,,,201-7,11110,3
18,,2013,,,2017,(1392),숭인동,"5,000",종로구,1,35,5,20.18,,,1392,11110,9
19,,2013,,,2017,종로 아인스빌,숭인동,"1,000",종로구,1,53,7,17.88,,,1392-1,11110,8
20,,2005,,,2017,경일오피스텔,숭인동,"2,000",종로구,1,42,12,22.42,,,1367,11110,9
21,,2005,,,2017,경일오피스텔,숭인동,"1,000",종로구,1,48,13,20.14,,,1367,11110,12
22,,2005,,,2017,동양파라빌,숭인동,"11,500",종로구,1,0,14,27.09,,,1388,11110,6
23,,2005,,,2017,동양파라빌,숭인동,"3,000",종로구,1,45,14,27.09,,,1388,11110,8
24,,2016,,,2017,아폴리움 오피스텔,숭인동,"13,000",종로구,1,0,14,15.2,,,201-7,11110,6
25,,2005,,,2017,동양파라빌,숭인동,"2,000",종로구,1,50,16,27.09,,,1388,11110,4
26,,2004,,,2017,롯데캐슬 천지인,숭인동,"2,000",종로구,1,70,16,39.6,,,76,11110,10
27,,2016,,,2017,아이비씨 호텔 앤 오피스텔,숭인동,"1,000",종로구,1,60,17,21.36,,,1396,11110,13
28,,2016,,,2017,아폴리움 오피스텔,숭인동,"13,000",종로구,1,0,18,16.31,,,201-7,11110,6
29,,2004,,,2017,롯데캐슬 천지인,숭인동,"2,000",종로구,1,75,19,39.6,,,76,11110,7
30,,2016,,,2017,아이비씨 호텔 앤 오피스텔,숭인동,"1,000",종로구,1,60,20,21.62,,,1396,11110,14
31,,2013,,,2017,종로유케이201,숭인동,"9,500",종로구,1,0,21,15.15,,,201-11,11110,4
32,,2016,,,2017,아이비씨 호텔 앤 오피스텔,숭인동,"1,000",종로구,1,60,21,21.36,,,1396,11110,15
33,,2013,,,2017,종로유케이201,숭인동,"9,500",종로구,1,0,21,15.24,,,201-11,11110,3
34,,2004,,,2017,롯데캐슬 천지인,숭인동,"1,000",종로구,1,80,21,39.6,,,76,11110,26
35,,2012,,,2017,삼전솔하임2차,숭인동,"2,000",종로구,1,50,23,19.18,,,296-19,11110,3
36,,2013,,,2017,버넷하임1,숭인동,"12,000",종로구,1,0,23,24.77,,,1421,11110,6
37,,2004,,,2017,종로대우디오빌,숭인동,"2,000",종로구,1,60,23,28.89,,,310,11110,10
38,,2013,,,2017,(1392),숭인동,"5,000",종로구,1,27,24,18.64,,,1392,11110,5
39,,2002,,,2017,타임730오피스텔,부암동,"1,000",종로구,1,55,5,31.27,,,129-8,11110,3
40,,2002,,,2017,캐피탈오피스텔,부암동,"3,000",종로구,1,35,19,24.53,,,154-2,11110,4
0,,1998,,,2017,파크뷰타워,필운동,"13,000",종로구,2,10,4,25.86,,,285-5,11110,7
1,,2008,,,2017,광화문 풍림스페이스본,사직동,"1,000",종로구,2,100,18,39.54,,,9,11110,5
2,,2004,,,2017,용비어천가,내수동,"21,000",종로구,2,0,3,33,,,75,11110,13
3,,2004,,,2017,경희궁의 아침 2단지,내수동,"35,000",종로구,2,0,4,51.02,,,71,11110,6
4,,2004,,,2017,용비어천가,내수동,"25,000",종로구,2,0,13,42.83,,,75,11110,15
5,,2004,,,2017,용비어천가,내수동,"20,000",종로구,2,0,15,33,,,75,11110,10
6,,2004,,,2017,경희궁의 아침 2단지,내수동,"22,000",종로구,2,0,18,32.43,,,71,11110,10
7,,2004,,,2017,용비어천가,내수동,"19,000",종로구,2,0,22,30.36,,,75,11110,13
8,,2004,,,2017,경희궁의 아침 3단지,내수동,"3,000",종로구,2,80,23,37.5,,,72,11110,15
9,,2004,,,2017,두산위브파빌리온,수송동,"23,000",종로구,2,0,1,49.4,,,58,11110,8
10,,2005,,,2017,운현궁 에스케이 허브,경운동,"3,000",종로구,2,63,17,23.66,,,89-4,11110,3
11,,2005,,,2017,종로1번가,관철동,"1,000",종로구,2,90,28,30.04,,,155,11110,13
12,,2003,,,2017,코윈 팔레스뷰 오피스텔,원남동,"1,000",종로구,2,55,10,21.01,,,95,11110,12
13,,2017,,,2017,포레스트힐시티,효제동,"5,000",종로구,2,50,2,23.24,,,65-2,11110,3
14,,2017,,,2017,포레스트힐시티,효제동,"13,000",종로구,2,0,2,19.34,,,65-2,11110,6
15,,2017,,,2017,포레스트힐시티,효제동,"1,000",종로구,2,70,8,23.24,,,65-2,11110,6
16,,2017,,,2017,포레스트힐시티,효제동,"2,000",종로구,2,55,11,19.6,,,65-2,11110,4
17,,2017,,,2017,포레스트힐시티,효제동,"1,000",종로구,2,60,15,19.6,,,65-2,11110,6
18,,2003,,,2017,반도 보라 아이비 타워,효제동,"3,000",종로구,2,45,18,26.58,,,45,11110,3
19,,2017,,,2017,포레스트힐시티,효제동,"1,000",종로구,2,65,18,19.34,,,65-2,11110,5
20,,2003,,,2017,세레피아텔,연건동,"10,000",종로구,2,0,2,27.92,,,317,11110,7
21,,2001,,,2017,대보마로니에텔,연건동,"1,000",종로구,2,65,4,26.52,,,206,11110,11
22,,2001,,,2017,대보마로니에텔,연건동,"1,000",종로구,2,60,6,26.52,,,206,11110,7
23,,2003,,,2017,세레피아텔,연건동,"11,000",종로구,2,0,9,22.63,,,317,11110,7
24,,2003,,,2017,세레피아텔,연건동,"7,000",종로구,2,30,9,22.63,,,317,11110,4
25,,2014,,,2017,이화에수풀,연건동,"1,000",종로구,2,70,18,21.49,,,195-10,11110,3
26,,2003,,,2017,세레피아텔,연건동,"5,000",종로구,2,50,21,27.75,,,317,11110,6
27,,2011,,,2017,CS타워,충신동,"14,000",종로구,2,0,16,35.69,,,62-2,11110,2
28,,2011,,,2017,CS타워,충신동,"13,000",종로구,2,0,28,35.69,,,62-2,11110,3
29,,2004,,,2017,롯데캐슬 천지인,숭인동,"1,000",종로구,2,80,1,39.6,,,76,11110,12
30,,2004,,,2017,롯데캐슬 천지인,숭인동,"1,000",종로구,2,85,2,39.6,,,76,11110,21
31,,2004,,,2017,롯데캐슬 천지인,숭인동,"25,000",종로구,2,0,2,63.85,,,76,11110,15
32,,2016,,,2017,아이비씨 호텔 앤 오피스텔,숭인동,"1,000",종로구,2,60,6,21.36,,,1396,11110,14
33,,2016,,,2017,아폴리움 오피스텔,숭인동,"13,000",종로구,2,0,7,15.2,,,201-7,11110,6
34,,2014,,,2017,숭인한양LEEPS,숭인동,"1,000",종로구,2,53,8,17.07,,,1421-2,11110,14
35,,2003,,,2017,(317-35),숭인동,"5,500",종로구,2,0,9,15.4,,,317-35,11110,3
36,,2013,,,2017,종로 중흥 S클래스,숭인동,"3,000",종로구,2,40,10,23.97,,,202-3,11110,4
37,,2004,,,2017,롯데캐슬 천지인,숭인동,"1,500",종로구,2,80,11,39.6,,,76,11110,17
38,,2005,,,2017,경일오피스텔,숭인동,"2,000",종로구,2,45,14,23.04,,,1367,11110,14
39,,2005,,,2017,동양파라빌,숭인동,"4,000",종로구,2,40,14,27.09,,,1388,11110,6
40,,2013,,,2017,종로 동광모닝스카이,숭인동,"1,000",종로구,2,55,17,19.95,,,1421-1,11110,7
41,,2016,,,2017,아이비씨 호텔 앤 오피스텔,숭인동,"1,000",종로구,2,60,20,21.45,,,1396,11110,18
42,,2013,,,2017,종로 중흥 S클래스,숭인동,"2,000",종로구,2,50,20,22.44,,,202-3,11110,4
43,,2013,,,2017,(1392),숭인동,"1,000",종로구,2,55,21,20.18,,,1392,11110,6
44,,2004,,,2017,종로대우디오빌,숭인동,"2,000",종로구,2,60,21,29.65,,,310,11110,10
45,,2005,,,2017,동양파라빌,숭인동,"12,000",종로구,2,0,23,24.93,,,1388,11110,5
46,,2013,,,2017,종로 동광모닝스카이,숭인동,"1,000",종로구,2,50,23,19.95,,,1421-1,11110,4
47,,2013,,,2017,종로 아인스빌,숭인동,"12,500",종로구,2,0,24,17.88,,,1392-1,11110,4
48,,2004,,,2017,롯데캐슬 천지인,숭인동,"20,000",종로구,2,0,24,39.6,,,76,11110,11
49,,2004,,,2017,종로대우디오빌,숭인동,"13,000",종로구,2,0,25,36.87,,,310,11110,8
50,,2014,,,2017,숭인한양LEEPS,숭인동,"1,000",종로구,2,55,25,17.07,,,1421-2,11110,14
51,,2004,,,2017,종로대우디오빌,숭인동,"2,000",종로구,2,60,28,29.65,,,310,11110,9
52,,2005,,,2017,세검정아트오피스텔,홍지동,"12,000",종로구,2,0,18,45.1,,,104-21,11110,3
0,,2008,,,2017,광화문 풍림스페이스본,사직동,"25,000",종로구,3,0,10,39.54,,,9,11110,4
1,,2008,,,2017,광화문 풍림스페이스본,사직동,"1,000",종로구,3,95,12,39.54,,,9,11110,7
2,,2008,,,2017,광화문 풍림스페이스본,사직동,"17,000",종로구,3,35,14,39.54,,,9,11110,3
3,,2008,,,2017,광화문 풍림스페이스본,사직동,"26,000",종로구,3,0,16,39.54,,,9,11110,6
4,,2004,,,2017,경희궁의 아침 4단지,내수동,"1,500",종로구,3,150,1,56.48,,,73,11110,11
5,,2004,,,2017,경희궁의 아침 2단지,내수동,"1,000",종로구,3,75,7,28.9,,,71,11110,4
6,,2004,,,2017,경희궁의 아침 3단지,내수동,"1,000",종로구,3,85,20,37.5,,,72,11110,4
7,,2004,,,2017,용비어천가,내수동,"1,000",종로구,3,65,21,30.36,,,75,11110,6
8,,2004,,,2017,경희궁의 아침 3단지,내수동,"6,000",종로구,3,60,27,37.5,,,72,11110,7
9,,2004,,,2017,용비어천가,내수동,"29,000",종로구,3,0,31,45.89,,,75,11110,18
10,,2004,,,2017,두산위브파빌리온,수송동,"1,000",종로구,3,100,20,37.42,,,58,11110,11
11,,2004,,,2017,두산위브파빌리온,수송동,"35,000",종로구,3,0,21,64.55,,,58,11110,13
12,,2004,,,2017,BIZ-WELL 종로 오피스텔,익선동,"1,000",종로구,3,50,27,17.2,,,34,11110,7
13,,2017,,,2017,포레스트힐시티,효제동,"17,000",종로구,3,0,10,28.86,,,65-2,11110,5
14,,2017,,,2017,포레스트힐시티,효제동,"13,000",종로구,3,0,11,19.18,,,65-2,11110,3
15,,2017,,,2017,포레스트힐시티,효제동,"14,000",종로구,3,0,14,23.24,,,65-2,11110,4
16,,2017,,,2017,포레스트힐시티,효제동,"1,000",종로구,3,80,24,28.86,,,65-2,11110,4
17,,2001,,,2017,대보마로니에텔,연건동,"15,000",종로구,3,0,29,35.7,,,206,11110,5
18,,2014,,,2017,숭인한양LEEPS,숭인동,500,종로구,3,55,4,17.07,,,1421-2,11110,14
19,,2014,,,2017,삼전솔하임4차,숭인동,"4,000",종로구,3,35,9,19.17,,,318-2,11110,9
20,,2005,,,2017,동양파라빌,숭인동,"2,000",종로구,3,45,10,24.93,,,1388,11110,8
21,,2013,,,2017,종로 동광모닝스카이,숭인동,"11,000",종로구,3,0,11,19.95,,,1421-1,11110,2
22,,2004,,,2017,롯데캐슬 천지인,숭인동,"1,000",종로구,3,80,13,39.6,,,76,11110,12
23,,2004,,,2017,롯데캐슬 천지인,숭인동,"1,000",종로구,3,88,15,39.6,,,76,11110,22
24,,2013,,,2017,종로유케이201,숭인동,"3,000",종로구,3,35,18,15.46,,,201-11,11110,3
25,,2004,,,2017,롯데캐슬 천지인,숭인동,"2,000",종로구,3,70,18,39.6,,,76,11110,18
26,,2005,,,2017,동양파라빌,숭인동,"12,000",종로구,3,0,18,24.93,,,1388,11110,10
27,,2016,,,2017,아이비씨 호텔 앤 오피스텔,숭인동,"1,000",종로구,3,60,21,21.36,,,1396,11110,12
28,,2005,,,2017,동양파라빌,숭인동,"2,000",종로구,3,50,22,27.09,,,1388,11110,5
29,,2003,,,2017,(317-35),숭인동,"5,500",종로구,3,0,24,15.4,,,317-35,11110,2
30,,2003,,,2017,(317-35),숭인동,"5,500",종로구,3,0,27,10.12,,,317-35,11110,6
31,,2004,,,2017,롯데캐슬 천지인,숭인동,"5,000",종로구,3,60,27,39.6,,,76,11110,23
32,,2005,,,2017,동양파라빌,숭인동,"2,000",종로구,3,50,27,27.09,,,1388,11110,13
33,,2014,,,2017,삼전솔하임4차,숭인동,"12,000",종로구,3,0,28,19.17,,,318-2,11110,7
34,,2013,,,2017,버넷하임1,숭인동,500,종로구,3,60,28,25.27,,,1421,11110,8
35,,2004,,,2017,롯데캐슬 천지인,숭인동,"1,000",종로구,3,75,29,39.6,,,76,11110,13
36,,2005,,,2017,동양파라빌,숭인동,"1,000",종로구,3,60,30,27.09,,,1388,11110,9
37,,2004,,,2017,롯데캐슬 천지인,숭인동,"6,000",종로구,3,50,30,39.6,,,76,11110,17
38,,2002,,,2017,타임730오피스텔,부암동,"1,500",종로구,3,60,11,40.45,,,129-8,11110,3
39,,2005,,,2017,세검정아트오피스텔,홍지동,"7,000",종로구,3,35,15,45.1,,,104-21,11110,2
0,,2008,,,2017,광화문 풍림스페이스본,사직동,"1,000",종로구,4,110,15,39.54,,,9,11110,3
1,,2004,,,2017,경희궁의 아침 3단지,내수동,"1,000",종로구,4,95,10,37.5,,,72,11110,14
2,,2004,,,2017,용비어천가,내수동,"4,000",종로구,4,80,13,37.56,,,75,11110,3
3,,2004,,,2017,용비어천가,내수동,"26,000",종로구,4,0,13,37.56,,,75,11110,18
4,,2004,,,2017,용비어천가,내수동,"22,000",종로구,4,0,14,37.56,,,75,11110,10
5,,2004,,,2017,경희궁의 아침 2단지,내수동,"5,000",종로구,4,64,17,32.43,,,71,11110,7
6,,2004,,,2017,경희궁의 아침 3단지,내수동,"22,000",종로구,4,0,19,37.5,,,72,11110,16
7,,2004,,,2017,용비어천가,내수동,"7,000",종로구,4,60,20,37.56,,,75,11110,4
8,,2004,,,2017,경희궁의 아침 3단지,내수동,"5,000",종로구,4,65,21,37.5,,,72,11110,7
9,,2004,,,2017,경희궁의 아침 4단지,내수동,"35,000",종로구,4,0,25,56.48,,,73,11110,12
10,,2004,,,2017,경희궁의 아침 2단지,내수동,"35,000",종로구,4,0,25,57.8,,,71,11110,14
11,,2004,,,2017,용비어천가,내수동,"10,000",종로구,4,55,29,37.56,,,75,11110,7
12,,2004,,,2017,BIZ-WELL 종로 오피스텔,익선동,500,종로구,4,55,12,17.2,,,34,11110,7
13,,2002,,,2017,(33-6),익선동,"5,000",종로구,4,0,25,19.2,,,33-6,11110,2
14,,2005,,,2017,종로1번가,관철동,"15,000",종로구,4,0,5,23.86,,,155,11110,12
15,,2006,,,2017,효성주얼리시티,인의동,"2,000",종로구,4,130,26,53.78,,,48-2,11110,4
16,,2017,,,2017,포레스트힐시티,효제동,"1,000",종로구,4,60,1,19.18,,,65-2,11110,3
17,,2017,,,2017,포레스트힐시티,효제동,"1,000",종로구,4,60,25,19.18,,,65-2,11110,4
18,,2013,,,2017,종로 아인스빌,숭인동,"12,000",종로구,4,0,1,17.88,,,1392-1,11110,4
19,,2004,,,2017,종로대우디오빌,숭인동,"4,000",종로구,4,40,3,29.65,,,310,11110,10
20,,2016,,,2017,아이비씨 호텔 앤 오피스텔,숭인동,"1,000",종로구,4,60,4,21.62,,,1396,11110,14
21,,2002,,,2017,수석컴비즈텔,숭인동,500,종로구,4,45,5,30.12,,,55-6,11110,7
22,,2013,,,2017,종로유케이201,숭인동,"9,200",종로구,4,0,5,15.24,,,201-11,11110,4
23,,2003,,,2017,(317-35),숭인동,"4,000",종로구,4,0,8,11.34,,,317-35,11110,5
24,,2013,,,2017,종로 동광모닝스카이,숭인동,"3,000",종로구,4,45,11,19.95,,,1421-1,11110,5
25,,2002,,,2017,수석컴비즈텔,숭인동,"6,000",종로구,4,10,11,24.93,,,55-6,11110,6
26,,2004,,,2017,종로대우디오빌,숭인동,"1,000",종로구,4,65,14,29.65,,,310,11110,15
27,,2004,,,2017,롯데캐슬 천지인,숭인동,"1,000",종로구,4,85,15,39.6,,,76,11110,27
28,,2005,,,2017,동양파라빌,숭인동,"10,500",종로구,4,0,15,27.09,,,1388,11110,6
29,,2013,,,2017,(1392),숭인동,"6,000",종로구,4,20,19,18.64,,,1392,11110,5
30,,2013,,,2017,(1392),숭인동,500,종로구,4,55,21,20.18,,,1392,11110,6
31,,2013,,,2017,(1392),숭인동,500,종로구,4,50,26,18.64,,,1392,11110,8
0,,1998,,,2017,파크뷰타워,필운동,"13,000",종로구,5,0,1,25.65,,,285-5,11110,5
1,,2004,,,2017,경희궁의 아침 2단지,내수동,"1,000",종로구,5,70,2,25.51,,,71,11110,13
2,,2004,,,2017,용비어천가,내수동,"1,000",종로구,5,73,11,28.19,,,75,11110,10
3,,2004,,,2017,경희궁의 아침 2단지,내수동,"36,000",종로구,5,0,20,57.8,,,71,11110,10
4,,2004,,,2017,경희궁의 아침 2단지,내수동,"3,000",종로구,5,140,22,57.8,,,71,11110,8
5,,2004,,,2017,용비어천가,내수동,"21,000",종로구,5,0,29,37.56,,,75,11110,12
6,,2004,,,2017,용비어천가,내수동,"10,000",종로구,5,70,31,37.56,,,75,11110,15
7,,2004,,,2017,두산위브파빌리온,수송동,"40,000",종로구,5,0,15,74.84,,,58,11110,9
8,,2004,,,2017,BIZ-WELL 종로 오피스텔,익선동,"1,000",종로구,5,50,12,17.27,,,34,11110,4
9,,2004,,,2017,BIZ-WELL 종로 오피스텔,익선동,"1,000",종로구,5,50,12,17.2,,,34,11110,6
10,,2005,,,2017,운현궁 에스케이 허브,경운동,"1,000",종로구,5,100,28,42.38,,,89-4,11110,10
11,,2004,,,2017,나스빌,낙원동,"7,500",종로구,5,0,12,28.58,,,212,11110,5
12,,2003,,,2017,코윈 팔레스뷰 오피스텔,원남동,"1,000",종로구,5,55,3,21.01,,,95,11110,6
13,,2015,,,2017,아르젠종로,연지동,"1,000",종로구,5,50,8,15.76,,,163-3,11110,6
14,,2003,,,2017,반도 보라 아이비 타워,효제동,"3,000",종로구,5,55,9,32.22,,,45,11110,9
15,,2003,,,2017,반도 보라 아이비 타워,효제동,"1,000",종로구,5,60,16,26.58,,,45,11110,5
16,,2013,,,2017,종로 아인스빌,숭인동,"3,000",종로구,5,40,1,17.88,,,1392-1,11110,2
17,,2013,,,2017,종로 중흥 S클래스,숭인동,"3,000",종로구,5,40,2,23.97,,,202-3,11110,4
18,,2005,,,2017,엘리시앙오피스텔,숭인동,"1,000",종로구,5,50,2,27.36,,,200-33,11110,9
19,,2005,,,2017,동양파라빌,숭인동,"2,000",종로구,5,50,3,27.09,,,1388,11110,3
20,,2017,,,2017,블루빌,숭인동,"9,000",종로구,5,60,8,44.74,,,243,11110,4
21,,2017,,,2017,블루빌,숭인동,"9,000",종로구,5,60,8,44.74,,,243,11110,4
22,,2004,,,2017,롯데캐슬 천지인,숭인동,"1,000",종로구,5,75,10,39.6,,,76,11110,18
23,,2016,,,2017,아폴리움 오피스텔,숭인동,"12,000",종로구,5,0,10,16.31,,,201-7,11110,9
24,,2013,,,2017,버넷하임1,숭인동,"5,000",종로구,5,0,11,25.27,,,1421,11110,7
25,,2005,,,2017,동양파라빌,숭인동,"1,000",종로구,5,55,16,24.93,,,1388,11110,8
26,,2005,,,2017,동양파라빌,숭인동,"1,000",종로구,5,60,16,27.09,,,1388,11110,12
27,,2013,,,2017,버넷하임1,숭인동,"13,000",종로구,5,0,18,25.88,,,1421,11110,3
28,,2004,,,2017,롯데캐슬 천지인,숭인동,"1,000",종로구,5,80,20,39.6,,,76,11110,22
29,,2003,,,2017,(317-35),숭인동,"3,000",종로구,5,20,22,13.86,,,317-35,11110,4
30,,2013,,,2017,그레이스탑,숭인동,500,종로구,5,57,23,20.16,,,178-94,11110,4
31,,2016,,,2017,아이비씨 호텔 앤 오피스텔,숭인동,"12,000",종로구,5,0,23,21.36,,,1396,11110,14
32,,2013,,,2017,그레이스탑,숭인동,"6,000",종로구,5,0,24,23.01,,,178-94,11110,5
33,,2005,,,2017,경일오피스텔,숭인동,"2,000",종로구,5,42,26,22.42,,,1367,11110,13
34,,2017,,,2017,블루빌,숭인동,"2,000",종로구,5,95,31,44.05,,,243,11110,3
0,,2008,,,2017,광화문 풍림스페이스본,사직동,"25,000",종로구,6,0,9,39.54,,,9,11110,7
1,,2004,,,2017,광화문시대,내수동,"4,000",종로구,6,70,8,34.9,,,74,11110,15
2,,2004,,,2017,용비어천가,내수동,"23,000",종로구,6,0,9,41.34,,,75,11110,4
3,,2004,,,2017,용비어천가,내수동,"25,000",종로구,6,0,12,41.34,,,75,11110,17
4,,2004,,,2017,경희궁의 아침 4단지,내수동,"10,000",종로구,6,95,27,56.48,,,73,11110,13
5,,2004,,,2017,경희궁의 아침 4단지,내수동,"5,000",종로구,6,80,29,41.74,,,73,11110,4
6,,2008,,,2017,종로1가 대성스카이렉스,견지동,"20,000",종로구,6,0,6,40.45,,,110,11110,9
7,,2005,,,2017,운현궁 에스케이 허브,경운동,"14,000",종로구,6,0,3,23.66,,,89-4,11110,8
8,,2003,,,2017,코윈 팔레스뷰 오피스텔,원남동,"5,000",종로구,6,35,24,24.03,,,95,11110,5
9,,2003,,,2017,반도 보라 아이비 타워,효제동,"13,000",종로구,6,0,3,27.58,,,45,11110,10
10,,2003,,,2017,세레피아텔,연건동,"11,000",종로구,6,0,19,27.75,,,317,11110,3
11,,2014,,,2017,삼전솔하임4차,숭인동,500,종로구,6,60,3,19.17,,,318-2,11110,7
12,,2013,,,2017,종로 중흥 S클래스,숭인동,"1,000",종로구,6,50,6,22.44,,,202-3,11110,2
13,,2004,,,2017,롯데캐슬 천지인,숭인동,"1,000",종로구,6,80,8,39.6,,,76,11110,9
14,,2013,,,2017,종로 아인스빌,숭인동,"3,000",종로구,6,40,12,17.88,,,1392-1,11110,4
15,,2013,,,2017,종로유케이201,숭인동,"9,500",종로구,6,0,12,15.15,,,201-11,11110,4
16,,2013,,,2017,(1392),숭인동,"11,000",종로구,6,0,12,18.64,,,1392,11110,3
17,,2013,,,2017,종로 동광모닝스카이,숭인동,"12,000",종로구,6,0,14,19.95,,,1421-1,11110,8
18,,2013,,,2017,종로 동광모닝스카이,숭인동,"11,000",종로구,6,0,15,19.95,,,1421-1,11110,4
19,,2005,,,2017,엘리시앙오피스텔,숭인동,"12,000",종로구,6,0,17,27.36,,,200-33,11110,7
20,,2013,,,2017,종로 동광모닝스카이,숭인동,"3,000",종로구,6,35,19,19.95,,,1421-1,11110,4
21,,2013,,,2017,(1392),숭인동,"1,000",종로구,6,50,20,20.18,,,1392,11110,8
22,,2004,,,2017,롯데캐슬 천지인,숭인동,"20,000",종로구,6,0,21,39.6,,,76,11110,7
23,,2013,,,2017,(1392),숭인동,"5,000",종로구,6,25,23,19.84,,,1392,11110,5
24,,2003,,,2017,오피스텔 천지인,평창동,500,종로구,6,40,3,23.01,,,289-5,11110,5
25,,2002,,,2017,타임730오피스텔,부암동,"1,000",종로구,6,55,2,31.27,,,129-8,11110,5
0,,2008,,,2017,광화문 풍림스페이스본,사직동,"10,000",종로구,7,65,29,39.54,,,9,11110,3
1,,2004,,,2017,광화문시대,내수동,"1,000",종로구,7,110,4,38.88,,,74,11110,2
2,,2004,,,2017,경희궁의 아침 2단지,내수동,"5,000",종로구,7,105,11,51.02,,,71,11110,12
3,,2004,,,2017,경희궁의 아침 3단지,내수동,"10,000",종로구,7,50,11,37.5,,,72,11110,13
4,,2004,,,2017,용비어천가,내수동,"15,000",종로구,7,0,14,37.56,,,75,11110,6
5,,2004,,,2017,경희궁의 아침 3단지,내수동,"1,000",종로구,7,80,22,37.5,,,72,11110,5
6,,2004,,,2017,BIZ-WELL 종로 오피스텔,익선동,"1,000",종로구,7,60,1,18.83,,,34,11110,3
7,,2004,,,2017,BIZ-WELL 종로 오피스텔,익선동,"1,000",종로구,7,55,8,18.89,,,34,11110,7
8,,2005,,,2017,운현궁 에스케이 허브,경운동,"1,000",종로구,7,100,24,42.38,,,89-4,11110,6
9,,2003,,,2017,코윈 팔레스뷰 오피스텔,원남동,"1,000",종로구,7,70,10,32.8,,,95,11110,4
10,,2003,,,2017,코윈 팔레스뷰 오피스텔,원남동,"2,000",종로구,7,45,18,21.01,,,95,11110,2
11,,2003,,,2017,세레피아텔,연건동,"11,000",종로구,7,0,8,27.75,,,317,11110,5
12,,2001,,,2017,제일빌딩,연건동,"2,000",종로구,7,65,20,32.81,,,198-7,11110,7
13,,2001,,,2017,대보마로니에텔,연건동,"1,000",종로구,7,55,25,26.52,,,206,11110,4
14,,2004,,,2017,롯데캐슬 천지인,숭인동,"11,000",종로구,7,30,3,39.6,,,76,11110,15
15,,2014,,,2017,삼전솔하임4차,숭인동,"2,000",종로구,7,40,4,19.17,,,318-2,11110,9
16,,2014,,,2017,삼전솔하임4차,숭인동,"1,000",종로구,7,55,6,19.17,,,318-2,11110,9
17,,2014,,,2017,숭인한양LEEPS,숭인동,"3,000",종로구,7,40,10,17.07,,,1421-2,11110,12
18,,2004,,,2017,롯데캐슬 천지인,숭인동,"1,000",종로구,7,80,10,39.6,,,76,11110,24
19,,2014,,,2017,숭인한양LEEPS,숭인동,"12,000",종로구,7,0,12,17.07,,,1421-2,11110,14
20,,2017,,,2017,블루빌,숭인동,"23,500",종로구,7,0,13,46.36,,,243,11110,4
21,,2005,,,2017,엘리시앙오피스텔,숭인동,"11,000",종로구,7,0,13,27.36,,,200-33,11110,13
22,,2013,,,2017,종로 아인스빌,숭인동,"12,000",종로구,7,0,14,17.88,,,1392-1,11110,2
23,,2014,,,2017,삼전솔하임4차,숭인동,"2,000",종로구,7,40,15,19.17,,,318-2,11110,2
24,,2013,,,2017,버넷하임1,숭인동,"13,000",종로구,7,0,17,25.88,,,1421,11110,10
25,,2004,,,2017,롯데캐슬 천지인,숭인동,"2,000",종로구,7,70,18,39.6,,,76,11110,13
26,,2017,,,2017,블루빌,숭인동,"22,500",종로구,7,0,18,44.74,,,243,11110,2
27,,2017,,,2017,블루빌,숭인동,"24,000",종로구,7,0,19,44.74,,,243,11110,3
28,,2003,,,2017,(317-35),숭인동,"5,500",종로구,7,0,19,15.4,,,317-35,11110,4
29,,2013,,,2017,종로 아인스빌,숭인동,500,종로구,7,55,20,17.88,,,1392-1,11110,9
30,,2012,,,2017,삼전솔하임2차,숭인동,"10,000",종로구,7,0,21,18.87,,,296-19,11110,2
31,,2004,,,2017,롯데캐슬 천지인,숭인동,"1,000",종로구,7,80,22,39.6,,,76,11110,24
32,,2004,,,2017,롯데캐슬 천지인,숭인동,"20,000",종로구,7,0,24,39.6,,,76,11110,13
33,,2017,,,2017,블루빌,숭인동,"23,500",종로구,7,0,27,44.05,,,243,11110,4
34,,2014,,,2017,삼전솔하임4차,숭인동,"10,000",종로구,7,0,28,19.17,,,318-2,11110,8
35,,2014,,,2017,숭인한양LEEPS,숭인동,"1,000",종로구,7,55,29,17.07,,,1421-2,11110,16
36,,2013,,,2017,(1392),숭인동,"1,000",종로구,7,55,30,20.18,,,1392,11110,6
37,,1989,,,2017,요진오피스텔쉐레이,구기동,"1,000",종로구,7,50,19,31.05,,,110-1,11110,9
0,,2008,,,2017,광화문 풍림스페이스본,사직동,"25,000",종로구,8,0,19,39.54,,,9,11110,5
1,,2004,,,2017,용비어천가,내수동,"19,000",종로구,8,0,1,37.56,,,75,11110,2
2,,2004,,,2017,광화문시대,내수동,"20,000",종로구,8,0,7,32.01,,,74,11110,9
3,,2004,,,2017,경희궁의 아침 3단지,내수동,"21,000",종로구,8,0,12,37.5,,,72,11110,5
4,,2004,,,2017,경희궁의 아침 3단지,내수동,"22,000",종로구,8,0,16,37.5,,,72,11110,4
5,,2004,,,2017,광화문시대,내수동,"21,000",종로구,8,0,30,34.9,,,74,11110,11
6,,2004,,,2017,광화문시대,내수동,"10,000",종로구,8,60,31,34.9,,,74,11110,2
7,,2008,,,2017,종로1가 대성스카이렉스,견지동,"70,000",종로구,8,0,17,35.95,,,110,11110,10
8,,2005,,,2017,운현궁 에스케이 허브,경운동,"5,000",종로구,8,60,2,38.59,,,89-4,11110,7
9,,2003,,,2017,코윈 팔레스뷰 오피스텔,원남동,"1,000",종로구,8,60,19,24.03,,,95,11110,11
10,,2003,,,2017,코윈 팔레스뷰 오피스텔,원남동,"1,000",종로구,8,60,26,24.03,,,95,11110,12
11,,2015,,,2017,아르젠종로,연지동,"1,000",종로구,8,65,4,15.76,,,163-3,11110,5
12,,2001,,,2017,제일빌딩,연건동,"2,000",종로구,8,60,31,30.58,,,198-7,11110,5
13,,2013,,,2017,종로 아인스빌,숭인동,"1,000",종로구,8,55,4,17.88,,,1392-1,11110,9
14,,2004,,,2017,종로대우디오빌,숭인동,"12,000",종로구,8,0,4,29.65,,,310,11110,5
15,,2016,,,2017,아이비씨 호텔 앤 오피스텔,숭인동,"1,000",종로구,8,60,7,21.36,,,1396,11110,10
16,,2013,,,2017,(1392),숭인동,"12,000",종로구,8,0,8,20.18,,,1392,11110,9
17,,2013,,,2017,(1392),숭인동,"4,000",종로구,8,40,9,20.18,,,1392,11110,9
18,,2016,,,2017,아폴리움 오피스텔,숭인동,500,종로구,8,60,9,15.2,,,201-7,11110,12
19,,2016,,,2017,아폴리움 오피스텔,숭인동,500,종로구,8,60,9,15.2,,,201-7,11110,12
20,,2017,,,2017,블루빌,숭인동,"23,000",종로구,8,0,10,46.36,,,243,11110,3
21,,2014,,,2017,삼전솔하임4차,숭인동,"2,000",종로구,8,50,10,19.17,,,318-2,11110,5
22,,2016,,,2017,아이비씨 호텔 앤 오피스텔,숭인동,"1,000",종로구,8,60,14,21.45,,,1396,11110,17
23,,2013,,,2017,종로 아인스빌,숭인동,"3,000",종로구,8,40,17,17.88,,,1392-1,11110,6
24,,2013,,,2017,종로 아인스빌,숭인동,"11,500",종로구,8,0,20,17.88,,,1392-1,11110,7
25,,2016,,,2017,아폴리움 오피스텔,숭인동,"3,500",종로구,8,35,22,15.2,,,201-7,11110,4
26,,2013,,,2017,종로 아인스빌,숭인동,"12,000",종로구,8,0,24,17.88,,,1392-1,11110,3
27,,2013,,,2017,(1392),숭인동,"6,000",종로구,8,0,25,20.18,,,1392,11110,4
28,,2013,,,2017,종로 동광모닝스카이,숭인동,"12,000",종로구,8,0,26,19.95,,,1421-1,11110,4
29,,2004,,,2017,종로대우디오빌,숭인동,"1,000",종로구,8,70,28,29.65,,,310,11110,11
30,,2014,,,2017,삼전솔하임4차,숭인동,"11,000",종로구,8,0,29,19.17,,,318-2,11110,7
31,,2013,,,2017,종로 아인스빌,숭인동,"10,000",종로구,8,0,30,17.88,,,1392-1,11110,4
32,,2005,,,2017,동양파라빌,숭인동,"2,000",종로구,8,50,30,27.09,,,1388,11110,5
33,,2005,,,2017,세검정아트오피스텔,홍지동,"13,500",종로구,8,0,17,45.1,,,104-21,11110,4
0,,2004,,,2017,경희궁의 아침 3단지,내수동,"17,000",종로구,9,30,11,37.5,,,72,11110,6
1,,2004,,,2017,용비어천가,내수동,"21,000",종로구,9,0,12,33,,,75,11110,8
2,,2004,,,2017,용비어천가,내수동,"22,000",종로구,9,0,13,30.36,,,75,11110,12
3,,2004,,,2017,경희궁의 아침 3단지,내수동,"23,000",종로구,9,0,19,37.5,,,72,11110,3
4,,2004,,,2017,용비어천가,내수동,"1,000",종로구,9,90,25,37.56,,,75,11110,6
5,,2007,,,2017,르메이에르종로타운1,종로1가,"11,000",종로구,9,0,25,34.59,,,24,11110,12
6,,2005,,,2017,운현궁 에스케이 허브,경운동,"23,000",종로구,9,0,6,41.12,,,89-4,11110,9
7,,2017,,,2017,포레스트힐시티,효제동,"2,000",종로구,9,90,27,28.86,,,65-2,11110,3
8,,2014,,,2017,숭인한양LEEPS,숭인동,"12,000",종로구,9,0,12,17.07,,,1421-2,11110,17
9,,2014,,,2017,숭인한양LEEPS,숭인동,"3,000",종로구,9,40,12,17.07,,,1421-2,11110,14
10,,2012,,,2017,삼전솔하임2차,숭인동,"1,000",종로구,9,50,15,19.18,,,296-19,11110,2
11,,2014,,,2017,숭인한양LEEPS,숭인동,"2,000",종로구,9,45,15,17.07,,,1421-2,11110,17
12,,2013,,,2017,버넷하임1,숭인동,"13,000",종로구,9,0,20,25.27,,,1421,11110,8
13,,2005,,,2017,경일오피스텔,숭인동,"2,500",종로구,9,37,23,20.14,,,1367,11110,11
14,,2013,,,2017,종로유케이201,숭인동,500,종로구,9,50,26,15.46,,,201-11,11110,4
0,,2004,,,2017,경희궁의 아침 3단지,내수동,"21,500",종로구,10,0,11,37.5,,,72,11110,16
1,,2004,,,2017,광화문시대,내수동,"21,000",종로구,10,0,11,32.01,,,74,11110,10
2,,2004,,,2017,용비어천가,내수동,"24,000",종로구,10,0,18,37.56,,,75,11110,18
3,,2004,,,2017,용비어천가,내수동,"10,000",종로구,10,60,21,37.56,,,75,11110,15
4,,2004,,,2017,광화문시대,내수동,"26,000",종로구,10,0,21,38.88,,,74,11110,11
5,,2004,,,2017,경희궁의 아침 4단지,내수동,"20,000",종로구,10,0,23,28.24,,,73,11110,10
6,,2004,,,2017,경희궁의 아침 4단지,내수동,"19,950",종로구,10,0,23,28.24,,,73,11110,10
7,,2004,,,2017,광화문시대,내수동,"24,000",종로구,10,0,25,34.9,,,74,11110,3
8,,2004,,,2017,용비어천가,내수동,"24,000",종로구,10,0,25,37.56,,,75,11110,7
9,,2004,,,2017,경희궁의 아침 3단지,내수동,"23,000",종로구,10,0,28,37.5,,,72,11110,14
10,,2008,,,2017,종로1가 대성스카이렉스,견지동,"20,000",종로구,10,0,19,35.95,,,110,11110,6
11,,2004,,,2017,BIZ-WELL 종로 오피스텔,익선동,500,종로구,10,55,13,17.2,,,34,11110,5
12,,2003,,,2017,반도 보라 아이비 타워,효제동,"3,000",종로구,10,55,20,22.72,,,45,11110,8
13,,2004,,,2017,롯데캐슬 천지인,숭인동,"1,000",종로구,10,85,9,39.6,,,76,11110,10
14,,2013,,,2017,버넷하임1,숭인동,500,종로구,10,60,10,24.65,,,1421,11110,3
15,,2004,,,2017,종로대우디오빌,숭인동,"1,000",종로구,10,80,11,38.08,,,310,11110,10
16,,2016,,,2017,아폴리움 오피스텔,숭인동,"12,000",종로구,10,0,12,15.2,,,201-7,11110,8
17,,2013,,,2017,종로 동광모닝스카이,숭인동,"11,000",종로구,10,0,14,19.95,,,1421-1,11110,2
18,,2014,,,2017,숭인한양LEEPS,숭인동,"2,000",종로구,10,45,14,17.07,,,1421-2,11110,12
19,,2016,,,2017,아이비씨 호텔 앤 오피스텔,숭인동,"1,000",종로구,10,60,14,21.59,,,1396,11110,16
20,,2014,,,2017,삼전솔하임4차,숭인동,"3,000",종로구,10,45,15,19.17,,,318-2,11110,3
21,,2012,,,2017,삼전솔하임2차,숭인동,"10,000",종로구,10,0,18,21.12,,,296-19,11110,2
22,,2013,,,2017,버넷하임1,숭인동,"13,000",종로구,10,0,21,25.88,,,1421,11110,10
23,,2005,,,2017,동양파라빌,숭인동,"1,000",종로구,10,60,23,27.09,,,1388,11110,10
24,,2013,,,2017,종로 아인스빌,숭인동,"3,000",종로구,10,40,23,17.88,,,1392-1,11110,8
25,,2016,,,2017,아폴리움 오피스텔,숭인동,"1,000",종로구,10,55,23,16.31,,,201-7,11110,13
26,,2005,,,2017,엘리시앙오피스텔,숭인동,"1,500",종로구,10,40,24,20.64,,,200-33,11110,10
27,,2013,,,2017,종로 동광모닝스카이,숭인동,"3,000",종로구,10,45,25,19.95,,,1421-1,11110,6
28,,2004,,,2017,롯데캐슬 천지인,숭인동,"3,000",종로구,10,65,25,39.6,,,76,11110,15
29,,2013,,,2017,종로유케이201,숭인동,"7,500",종로구,10,0,26,15.49,,,201-11,11110,2
30,,2013,,,2017,(1392),숭인동,"12,000",종로구,10,0,27,20.18,,,1392,11110,9
31,,2013,,,2017,그레이스탑,숭인동,"1,000",종로구,10,50,30,23.01,,,178-94,11110,2
32,,2013,,,2017,그레이스탑,숭인동,"4,000",종로구,10,25,30,20.16,,,178-94,11110,4
33,,2002,,,2017,타임730오피스텔,부암동,"15,000",종로구,10,0,15,46.03,,,129-8,11110,3
0,,2004,,,2017,경희궁의 아침 3단지,내수동,"3,000",종로구,11,50,2,37.5,,,72,11110,2
1,,2004,,,2017,경희궁의 아침 3단지,내수동,"1,000",종로구,11,85,2,37.5,,,72,11110,4
2,,2004,,,2017,경희궁의 아침 4단지,내수동,"19,500",종로구,11,0,2,28.24,,,73,11110,14
3,,2004,,,2017,용비어천가,내수동,"5,000",종로구,11,70,6,37.56,,,75,11110,2
4,,2004,,,2017,용비어천가,내수동,"25,000",종로구,11,0,10,37.56,,,75,11110,17
5,,2004,,,2017,광화문시대,내수동,"17,000",종로구,11,20,16,33.3,,,74,11110,9
6,,2004,,,2017,용비어천가,내수동,"23,000",종로구,11,0,20,37.56,,,75,11110,8
7,,2004,,,2017,광화문시대,내수동,"22,500",종로구,11,0,21,34.9,,,74,11110,8
8,,2004,,,2017,경희궁의 아침 3단지,내수동,"22,000",종로구,11,0,21,37.5,,,72,11110,5
9,,2004,,,2017,용비어천가,내수동,"15,000",종로구,11,45,28,37.56,,,75,11110,16
10,,2004,,,2017,광화문시대,내수동,"5,000",종로구,11,70,29,34.9,,,74,11110,12
11,,2004,,,2017,용비어천가,내수동,"21,500",종로구,11,0,30,37.56,,,75,11110,13
12,,2007,,,2017,르메이에르종로타운1,종로1가,"1,000",종로구,11,90,10,34.59,,,24,11110,8
13,,2003,,,2017,반도 보라 아이비 타워,효제동,"1,000",종로구,11,70,21,30.7,,,45,11110,7
14,,2001,,,2017,대보마로니에텔,연건동,"2,000",종로구,11,50,23,26.52,,,206,11110,9
15,,2005,,,2017,동양파라빌,숭인동,"7,000",종로구,11,20,4,27.09,,,1388,11110,3
16,,2004,,,2017,롯데캐슬 천지인,숭인동,"1,000",종로구,11,85,6,39.6,,,76,11110,18
17,,2014,,,2017,삼전솔하임4차,숭인동,"4,000",종로구,11,30,10,19.17,,,318-2,11110,4
18,,2013,,,2017,종로 동광모닝스카이,숭인동,"1,000",종로구,11,55,11,19.95,,,1421-1,11110,8
19,,2004,,,2017,롯데캐슬 천지인,숭인동,"1,000",종로구,11,83,11,39.6,,,76,11110,12
20,,2003,,,2017,(317-35),숭인동,"4,500",종로구,11,0,13,13.34,,,317-35,11110,2
21,,2013,,,2017,종로 중흥 S클래스,숭인동,"12,000",종로구,11,0,15,23.97,,,202-3,11110,4
22,,2013,,,2017,(1392),숭인동,"11,500",종로구,11,0,16,20.18,,,1392,11110,3
23,,2013,,,2017,그레이스탑,숭인동,"4,000",종로구,11,30,17,23.01,,,178-94,11110,5
24,,2005,,,2017,경일오피스텔,숭인동,"2,000",종로구,11,42,21,22.55,,,1367,11110,10
25,,2004,,,2017,종로대우디오빌,숭인동,"5,000",종로구,11,25,24,30.17,,,310,11110,8
26,,2013,,,2017,(1392),숭인동,"5,000",종로구,11,27,25,18.64,,,1392,11110,5
27,,2013,,,2017,종로 동광모닝스카이,숭인동,500,종로구,11,55,27,19.95,,,1421-1,11110,3
28,,2003,,,2017,(317-35),숭인동,"5,500",종로구,11,0,29,15.4,,,317-35,11110,3
0,,1998,,,2017,파크뷰타워,필운동,"1,000",종로구,12,50,11,21.85,,,285-5,11110,2
1,,1998,,,2017,파크뷰타워,필운동,"11,000",종로구,12,0,19,24.3,,,285-5,11110,9
2,,2004,,,2017,경희궁의 아침 3단지,내수동,"24,000",종로구,12,0,2,37.5,,,72,11110,4
3,,2004,,,2017,광화문시대,내수동,"20,000",종로구,12,30,6,38.88,,,74,11110,4
4,,2004,,,2017,경희궁의 아침 3단지,내수동,"5,000",종로구,12,150,7,63.96,,,72,11110,15
5,,2004,,,2017,경희궁의 아침 4단지,내수동,"20,000",종로구,12,0,7,28.24,,,73,11110,16
6,,2004,,,2017,경희궁의 아침 3단지,내수동,"15,000",종로구,12,37,11,37.5,,,72,11110,5
7,,2004,,,2017,용비어천가,내수동,"21,000",종로구,12,0,13,33,,,75,11110,13
8,,2004,,,2017,광화문시대,내수동,95,종로구,12,95,16,33.3,,,74,11110,8
9,,2004,,,2017,용비어천가,내수동,"25,000",종로구,12,0,19,41.34,,,75,11110,5
10,,2004,,,2017,광화문시대,내수동,"9,000",종로구,12,50,21,31.75,,,74,11110,4
11,,2004,,,2017,광화문시대,내수동,"26,000",종로구,12,0,22,38.88,,,74,11110,7
12,,2004,,,2017,경희궁의 아침 2단지,내수동,"8,000",종로구,12,50,23,32.43,,,71,11110,16
13,,2004,,,2017,경희궁의 아침 4단지,내수동,"2,000",종로구,12,90,29,41.74,,,73,11110,10
14,,2004,,,2017,두산위브파빌리온,수송동,"3,000",종로구,12,80,22,35.22,,,58,11110,3
15,,2004,,,2017,BIZ-WELL 종로 오피스텔,익선동,500,종로구,12,55,28,17.2,,,34,11110,6
16,,2005,,,2017,운현궁 에스케이 허브,경운동,"1,000",종로구,12,80,5,32.64,,,89-4,11110,3
17,,2005,,,2017,운현궁 에스케이 허브,경운동,"1,000",종로구,12,75,19,23.66,,,89-4,11110,12
18,,2003,,,2017,코윈 팔레스뷰 오피스텔,원남동,"5,000",종로구,12,35,24,24.03,,,95,11110,5
19,,2015,,,2017,아르젠종로,연지동,"1,000",종로구,12,65,19,18.33,,,163-3,11110,4
20,,2003,,,2017,반도 보라 아이비 타워,효제동,"1,000",종로구,12,70,11,30.7,,,45,11110,6
21,,2001,,,2017,대보마로니에텔,연건동,"1,000",종로구,12,60,22,26.52,,,206,11110,10
22,,2001,,,2017,대보마로니에텔,연건동,"3,000",종로구,12,45,26,26.52,,,206,11110,5
23,,2013,,,2017,(1392),숭인동,"11,500",종로구,12,0,2,20.18,,,1392,11110,3
24,,2016,,,2017,아폴리움 오피스텔,숭인동,500,종로구,12,60,2,16.31,,,201-7,11110,12
25,,2004,,,2017,롯데캐슬 천지인,숭인동,"19,000",종로구,12,0,4,39.6,,,76,11110,4
26,,2014,,,2017,삼전솔하임4차,숭인동,"4,000",종로구,12,40,5,19.17,,,318-2,11110,7
27,,2016,,,2017,아이비씨 호텔 앤 오피스텔,숭인동,"1,000",종로구,12,60,6,21.45,,,1396,11110,18
28,,2016,,,2017,아이비씨 호텔 앤 오피스텔,숭인동,"1,000",종로구,12,60,8,21.36,,,1396,11110,13
29,,2013,,,2017,종로 아인스빌,숭인동,"12,000",종로구,12,0,8,17.88,,,1392-1,11110,7
30,,2014,,,2017,삼전솔하임4차,숭인동,500,종로구,12,55,9,19.17,,,318-2,11110,9
31,,2003,,,2017,(317-35),숭인동,"5,000",종로구,12,0,18,13.34,,,317-35,11110,5
32,,2013,,,2017,(1392),숭인동,"4,000",종로구,12,42,19,20.18,,,1392,11110,8
33,,2016,,,2017,아이비씨 호텔 앤 오피스텔,숭인동,"12,500",종로구,12,0,20,21.59,,,1396,11110,14
34,,2016,,,2017,아이비씨 호텔 앤 오피스텔,숭인동,"12,500",종로구,12,0,22,21.36,,,1396,11110,8
35,,2005,,,2017,경일오피스텔,숭인동,"1,000",종로구,12,48,23,20.14,,,1367,11110,12
36,,2013,,,2017,(1392),숭인동,"1,000",종로구,12,50,27,18.64,,,1392,11110,8
37,,2013,,,2017,종로유케이201,숭인동,"8,000",종로구,12,10,27,15.49,,,201-11,11110,3
38,,2016,,,2017,아이비씨 호텔 앤 오피스텔,숭인동,"1,000",종로구,12,55,28,21.45,,,1396,11110,9
39,,2014,,,2017,숭인한양LEEPS,숭인동,"3,000",종로구,12,40,29,17.07,,,1421-2,11110,16
40,,2005,,,2017,동양파라빌,숭인동,"1,000",종로구,12,55,30,24.93,,,1388,11110,6
41,,2005,,,2017,엘리시앙오피스텔,숭인동,"10,000",종로구,12,20,30,34.38,,,200-33,11110,8
42,,2003,,,2017,오피스텔 천지인,평창동,"6,000",종로구,12,0,21,23.4,,,289-5,11110,4
43,,2002,,,2017,캐피탈오피스텔,부암동,"2,000",종로구,12,39,8,24.53,,,154-2,11110,1
0,,2004,,,2018,광화문시대,내수동,"17,000",종로구,1,0,4,48.86,,,74,11110,16
1,,2004,,,2018,경희궁의 아침 3단지,내수동,"25,000",종로구,1,0,4,37.5,,,72,11110,10
2,,2004,,,2018,용비어천가,내수동,"1,000",종로구,1,90,5,37.56,,,75,11110,16
3,,2004,,,2018,용비어천가,내수동,"22,000",종로구,1,0,5,37.56,,,75,11110,13
4,,2004,,,2018,경희궁의 아침 3단지,내수동,"1,000",종로구,1,85,11,37.5,,,72,11110,7
5,,2004,,,2018,경희궁의 아침 2단지,내수동,"1,000",종로구,1,70,17,25.51,,,71,11110,11
6,,2004,,,2018,경희궁의 아침 4단지,내수동,"5,000",종로구,1,80,17,41.74,,,73,11110,4
7,,2004,,,2018,용비어천가,내수동,"10,000",종로구,1,75,25,45.98,,,75,11110,11
8,,2004,,,2018,용비어천가,내수동,"10,000",종로구,1,50,31,33,,,75,11110,11
9,,2005,,,2018,운현궁 에스케이 허브,경운동,"14,000",종로구,1,0,17,23.66,,,89-4,11110,7
10,,2005,,,2018,운현궁 에스케이 허브,경운동,"21,000",종로구,1,0,24,41.34,,,89-4,11110,7
11,,2005,,,2018,종로1번가,관철동,"1,000",종로구,1,75,3,23.98,,,155,11110,9
12,,2015,,,2018,아르젠종로,연지동,"1,000",종로구,1,65,9,18.33,,,163-3,11110,8
13,,2015,,,2018,아르젠종로,연지동,"3,000",종로구,1,55,23,15.76,,,163-3,11110,8
14,,2017,,,2018,포레스트힐시티,효제동,"1,000",종로구,1,60,2,19.34,,,65-2,11110,5
15,,2017,,,2018,포레스트힐시티,효제동,"17,000",종로구,1,0,15,23.24,,,65-2,11110,3
16,,2003,,,2018,반도 보라 아이비 타워,효제동,"1,000",종로구,1,70,17,30.7,,,45,11110,7
17,,2003,,,2018,반도 보라 아이비 타워,효제동,"1,000",종로구,1,65,18,27.58,,,45,11110,7
18,,2003,,,2018,반도 보라 아이비 타워,효제동,"1,000",종로구,1,70,23,30.7,,,45,11110,4
19,,2001,,,2018,대보마로니에텔,연건동,"1,000",종로구,1,60,10,26.52,,,206,11110,7
20,,2016,,,2018,아이비씨 호텔 앤 오피스텔,숭인동,"1,000",종로구,1,55,3,21.45,,,1396,11110,13
21,,2016,,,2018,아이비씨 호텔 앤 오피스텔,숭인동,"1,000",종로구,1,60,4,21.36,,,1396,11110,10
22,,2013,,,2018,(1392),숭인동,"4,000",종로구,1,35,5,19.84,,,1392,11110,3
23,,2016,,,2018,아이비씨 호텔 앤 오피스텔,숭인동,"1,000",종로구,1,60,5,21.36,,,1396,11110,8
24,,2013,,,2018,종로 동광모닝스카이,숭인동,"12,000",종로구,1,0,6,19.95,,,1421-1,11110,4
25,,2003,,,2018,(317-35),숭인동,"4,000",종로구,1,0,8,13.86,,,317-35,11110,6
26,,2004,,,2018,롯데캐슬 천지인,숭인동,"20,000",종로구,1,0,11,39.6,,,76,11110,12
27,,2016,,,2018,아이비씨 호텔 앤 오피스텔,숭인동,"1,000",종로구,1,60,12,21.36,,,1396,11110,14
28,,2013,,,2018,버넷하임1,숭인동,"13,000",종로구,1,0,13,25.88,,,1421,11110,8
29,,2013,,,2018,종로유케이201,숭인동,"9,500",종로구,1,0,13,15.24,,,201-11,11110,3
30,,2005,,,2018,동양파라빌,숭인동,"1,000",종로구,1,90,15,40.5,,,1388,11110,14
31,,2016,,,2018,아이비씨 호텔 앤 오피스텔,숭인동,"12,500",종로구,1,0,15,21.45,,,1396,11110,15
32,,2016,,,2018,아이비씨 호텔 앤 오피스텔,숭인동,"12,500",종로구,1,0,16,21.62,,,1396,11110,13
33,,2016,,,2018,아이비씨 호텔 앤 오피스텔,숭인동,"1,000",종로구,1,60,18,21.36,,,1396,11110,14
34,,2004,,,2018,롯데캐슬 천지인,숭인동,"5,000",종로구,1,60,19,39.6,,,76,11110,23
35,,2013,,,2018,(1392),숭인동,"4,000",종로구,1,40,19,20.18,,,1392,11110,4
36,,2012,,,2018,삼전솔하임2차,숭인동,"3,000",종로구,1,40,20,19.18,,,296-19,11110,3
37,,2013,,,2018,종로유케이201,숭인동,"3,000",종로구,1,35,20,15.46,,,201-11,11110,3
38,,2016,,,2018,아이비씨 호텔 앤 오피스텔,숭인동,"1,000",종로구,1,60,22,21.36,,,1396,11110,10
39,,2013,,,2018,그레이스탑,숭인동,"4,000",종로구,1,30,24,23.01,,,178-94,11110,5
40,,2014,,,2018,숭인한양LEEPS,숭인동,"2,500",종로구,1,45,25,17.07,,,1421-2,11110,13
41,,2016,,,2018,아이비씨 호텔 앤 오피스텔,숭인동,"12,500",종로구,1,0,26,21.62,,,1396,11110,13
42,,2013,,,2018,종로유케이201,숭인동,"8,000",종로구,1,6,26,15.49,,,201-11,11110,3
43,,2016,,,2018,아이비씨 호텔 앤 오피스텔,숭인동,"12,500",종로구,1,0,26,21.45,,,1396,11110,16
44,,2016,,,2018,아이비씨 호텔 앤 오피스텔,숭인동,"12,500",종로구,1,0,26,23.24,,,1396,11110,18
45,,2002,,,2018,수석컴비즈텔,숭인동,"7,000",종로구,1,8,27,26.46,,,55-6,11110,7
46,,2005,,,2018,동양파라빌,숭인동,"1,000",종로구,1,55,29,24.93,,,1388,11110,12
47,,2016,,,2018,아이비씨 호텔 앤 오피스텔,숭인동,"12,500",종로구,1,0,30,21.62,,,1396,11110,17
48,,2004,,,2018,롯데캐슬 천지인,숭인동,"4,000",종로구,1,115,30,63.85,,,76,11110,25
49,,2013,,,2018,버넷하임1,숭인동,"13,000",종로구,1,0,31,24.65,,,1421,11110,6
0,,2004,,,2018,경희궁의 아침 2단지,내수동,"21,000",종로구,2,50,1,32.43,,,71,11110,2
1,,2004,,,2018,광화문시대,내수동,"10,000",종로구,2,30,5,30.08,,,74,11110,18
2,,2004,,,2018,용비어천가,내수동,"18,500",종로구,2,0,6,30.36,,,75,11110,10
3,,2004,,,2018,광화문시대,내수동,"25,000",종로구,2,55,9,56.56,,,74,11110,6
4,,2004,,,2018,용비어천가,내수동,"21,000",종로구,2,0,13,33,,,75,11110,9
5,,2004,,,2018,광화문시대,내수동,"10,000",종로구,2,30,19,31.37,,,74,11110,16
6,,2004,,,2018,용비어천가,내수동,"10,000",종로구,2,50,20,33,,,75,11110,5
7,,2004,,,2018,경희궁의 아침 2단지,내수동,"2,000",종로구,2,80,20,32.43,,,71,11110,14
8,,2004,,,2018,광화문시대,내수동,"10,000",종로구,2,60,26,34.9,,,74,11110,2
9,,2005,,,2018,운현궁 에스케이 허브,경운동,"17,000",종로구,2,0,10,23.66,,,89-4,11110,8
10,,2005,,,2018,종로1번가,관철동,"15,000",종로구,2,0,22,25.29,,,155,11110,6
11,,2003,,,2018,코윈 팔레스뷰 오피스텔,원남동,"1,500",종로구,2,62,1,24.03,,,95,11110,7
12,,2003,,,2018,코윈 팔레스뷰 오피스텔,원남동,"1,000",종로구,2,60,11,21.01,,,95,11110,6
13,,2015,,,2018,아르젠종로,연지동,"1,000",종로구,2,60,15,15.83,,,163-3,11110,4
14,,2003,,,2018,연지드림빌,연지동,"5,000",종로구,2,60,23,42.11,,,275-1,11110,7
15,,2001,,,2018,대보마로니에텔,연건동,"1,000",종로구,2,60,10,26.52,,,206,11110,6
16,,2001,,,2018,제일빌딩,연건동,"2,000",종로구,2,77,14,35.24,,,198-7,11110,9
17,,2001,,,2018,제일빌딩,연건동,"2,000",종로구,2,66,20,30.58,,,198-7,11110,7
18,,2016,,,2018,아이비씨 호텔 앤 오피스텔,숭인동,"12,500",종로구,2,0,1,21.36,,,1396,11110,18
19,,2005,,,2018,경일오피스텔,숭인동,"2,000",종로구,2,38,1,18.82,,,1367,11110,9
20,,2016,,,2018,아이비씨 호텔 앤 오피스텔,숭인동,"12,000",종로구,2,0,1,21.36,,,1396,11110,11
21,,2016,,,2018,아이비씨 호텔 앤 오피스텔,숭인동,"12,500",종로구,2,0,2,21.62,,,1396,11110,14
22,,2016,,,2018,아이비씨 호텔 앤 오피스텔,숭인동,"12,500",종로구,2,0,2,21.62,,,1396,11110,13
23,,2005,,,2018,동양파라빌,숭인동,"12,000",종로구,2,0,7,24.93,,,1388,11110,7
24,,2016,,,2018,아이비씨 호텔 앤 오피스텔,숭인동,"12,500",종로구,2,0,8,21.62,,,1396,11110,11
25,,2013,,,2018,종로 아인스빌,숭인동,"2,000",종로구,2,50,9,17.88,,,1392-1,11110,8
26,,2016,,,2018,아이비씨 호텔 앤 오피스텔,숭인동,"12,500",종로구,2,0,12,21.62,,,1396,11110,10
27,,2016,,,2018,아이비씨 호텔 앤 오피스텔,숭인동,"12,500",종로구,2,0,13,21.36,,,1396,11110,9
28,,2014,,,2018,숭인한양LEEPS,숭인동,"1,000",종로구,2,55,13,17.07,,,1421-2,11110,14
29,,2004,,,2018,롯데캐슬 천지인,숭인동,"20,000",종로구,2,0,14,39.6,,,76,11110,21
30,,2016,,,2018,아이비씨 호텔 앤 오피스텔,숭인동,"12,500",종로구,2,0,14,21.36,,,1396,11110,10
31,,2016,,,2018,아이비씨 호텔 앤 오피스텔,숭인동,"12,500",종로구,2,0,19,21.62,,,1396,11110,17
32,,2016,,,2018,아이비씨 호텔 앤 오피스텔,숭인동,"12,500",종로구,2,0,19,21.62,,,1396,11110,11
33,,2016,,,2018,아이비씨 호텔 앤 오피스텔,숭인동,"12,500",종로구,2,0,20,21.45,,,1396,11110,14
34,,2016,,,2018,아이비씨 호텔 앤 오피스텔,숭인동,"12,500",종로구,2,0,20,21.62,,,1396,11110,14
35,,2016,,,2018,아이비씨 호텔 앤 오피스텔,숭인동,"1,000",종로구,2,60,20,21.36,,,1396,11110,8
36,,2016,,,2018,아이비씨 호텔 앤 오피스텔,숭인동,"12,500",종로구,2,0,20,21.36,,,1396,11110,9
37,,2004,,,2018,롯데캐슬 천지인,숭인동,"1,000",종로구,2,80,21,39.6,,,76,11110,10
38,,2004,,,2018,롯데캐슬 천지인,숭인동,"1,000",종로구,2,80,21,39.6,,,76,11110,17
39,,2016,,,2018,아이비씨 호텔 앤 오피스텔,숭인동,"12,500",종로구,2,0,21,21.45,,,1396,11110,12
40,,2016,,,2018,아이비씨 호텔 앤 오피스텔,숭인동,"12,500",종로구,2,0,22,21.45,,,1396,11110,12
41,,2016,,,2018,아이비씨 호텔 앤 오피스텔,숭인동,"12,500",종로구,2,0,22,21.62,,,1396,11110,13
42,,2016,,,2018,아이비씨 호텔 앤 오피스텔,숭인동,"12,500",종로구,2,0,23,21.36,,,1396,11110,11
43,,2016,,,2018,아이비씨 호텔 앤 오피스텔,숭인동,"12,500",종로구,2,0,23,21.45,,,1396,11110,15
44,,2013,,,2018,종로유케이201,숭인동,"9,870",종로구,2,0,23,15.24,,,201-11,11110,2
45,,2004,,,2018,종로대우디오빌,숭인동,"6,000",종로구,2,30,23,29.65,,,310,11110,5
46,,2016,,,2018,아이비씨 호텔 앤 오피스텔,숭인동,"1,000",종로구,2,60,25,21.36,,,1396,11110,15
47,,2016,,,2018,아이비씨 호텔 앤 오피스텔,숭인동,"12,500",종로구,2,0,25,21.36,,,1396,11110,13
48,,2016,,,2018,아이비씨 호텔 앤 오피스텔,숭인동,"12,500",종로구,2,0,26,21.59,,,1396,11110,17
49,,2016,,,2018,아이비씨 호텔 앤 오피스텔,숭인동,"12,500",종로구,2,0,27,21.62,,,1396,11110,16
50,,2013,,,2018,그레이스탑,숭인동,"2,000",종로구,2,50,28,20.16,,,178-94,11110,5
51,,2016,,,2018,아이비씨 호텔 앤 오피스텔,숭인동,"12,500",종로구,2,0,28,21.45,,,1396,11110,18
52,,2016,,,2018,아이비씨 호텔 앤 오피스텔,숭인동,"12,500",종로구,2,0,28,21.62,,,1396,11110,15
53,,2002,,,2018,타임730오피스텔,부암동,"12,700",종로구,2,0,26,32.59,,,129-8,11110,2
0,,1998,,,2018,파크뷰타워,필운동,"13,000",종로구,3,0,4,25.86,,,285-5,11110,7
1,,2004,,,2018,경희궁의 아침 4단지,내수동,"6,000",종로구,3,55,1,28.24,,,73,11110,15
2,,2004,,,2018,용비어천가,내수동,"23,000",종로구,3,0,1,33,,,75,11110,18
3,,2004,,,2018,경희궁의 아침 3단지,내수동,"1,000",종로구,3,85,1,37.5,,,72,11110,10
4,,2004,,,2018,용비어천가,내수동,"24,000",종로구,3,0,2,37.56,,,75,11110,12
5,,2004,,,2018,경희궁의 아침 2단지,내수동,"1,000",종로구,3,85,5,32.43,,,71,11110,10
6,,2004,,,2018,광화문시대,내수동,"5,000",종로구,3,70,5,34.9,,,74,11110,3
7,,2004,,,2018,용비어천가,내수동,"20,000",종로구,3,0,13,34.45,,,75,11110,13
8,,2004,,,2018,경희궁의 아침 4단지,내수동,"19,500",종로구,3,0,16,28.24,,,73,11110,2
9,,2004,,,2018,광화문시대,내수동,"10,000",종로구,3,55,17,38.88,,,74,11110,12
10,,2004,,,2018,경희궁의 아침 2단지,내수동,"36,000",종로구,3,0,22,57.8,,,71,11110,12
11,,2004,,,2018,용비어천가,내수동,"21,000",종로구,3,0,28,33,,,75,11110,13
12,,2004,,,2018,광화문시대,내수동,"1,000",종로구,3,80,29,30.08,,,74,11110,17
13,,2007,,,2018,르메이에르종로타운1,종로1가,"2,000",종로구,3,160,19,57.5,,,24,11110,12
14,,2007,,,2018,르메이에르종로타운1,종로1가,"1,000",종로구,3,100,20,36.23,,,24,11110,9
15,,2008,,,2018,종로1가 대성스카이렉스,견지동,"24,500",종로구,3,0,12,40.45,,,110,11110,11
16,,2002,,,2018,(33-6),익선동,"5,000",종로구,3,0,15,19.2,,,33-6,11110,2
17,,2004,,,2018,나스빌,낙원동,950,종로구,3,60,17,28.69,,,212,11110,3
18,,2003,,,2018,코윈 팔레스뷰 오피스텔,원남동,"3,000",종로구,3,35,1,21.01,,,95,11110,9
19,,2003,,,2018,코윈 팔레스뷰 오피스텔,원남동,"10,000",종로구,3,0,13,32.8,,,95,11110,7
20,,2003,,,2018,반도 보라 아이비 타워,효제동,"1,000",종로구,3,65,28,27.58,,,45,11110,6
21,,2001,,,2018,제일빌딩,연건동,"2,000",종로구,3,60,10,30.58,,,198-7,11110,5
22,,2001,,,2018,대보마로니에텔,연건동,"1,000",종로구,3,55,28,25.04,,,206,11110,3
23,,2016,,,2018,아이비씨 호텔 앤 오피스텔,숭인동,"1,000",종로구,3,60,2,21.36,,,1396,11110,13
24,,2016,,,2018,아이비씨 호텔 앤 오피스텔,숭인동,"12,500",종로구,3,0,2,21.59,,,1396,11110,14
25,,2004,,,2018,종로대우디오빌,숭인동,"11,000",종로구,3,0,2,29.65,,,310,11110,15
26,,2004,,,2018,종로대우디오빌,숭인동,"1,000",종로구,3,70,3,29.65,,,310,11110,10
27,,2016,,,2018,아이비씨 호텔 앤 오피스텔,숭인동,"1,000",종로구,3,55,6,21.36,,,1396,11110,9
28,,2016,,,2018,아이비씨 호텔 앤 오피스텔,숭인동,"12,500",종로구,3,0,8,21.45,,,1396,11110,17
29,,2013,,,2018,(1392),숭인동,"5,000",종로구,3,35,9,20.18,,,1392,11110,4
30,,2013,,,2018,종로 아인스빌,숭인동,500,종로구,3,60,9,17.88,,,1392-1,11110,4
31,,2016,,,2018,아이비씨 호텔 앤 오피스텔,숭인동,"1,000",종로구,3,55,9,21.59,,,1396,11110,16
32,,2016,,,2018,아이비씨 호텔 앤 오피스텔,숭인동,"1,000",종로구,3,55,10,21.36,,,1396,11110,8
33,,2004,,,2018,롯데캐슬 천지인,숭인동,"9,000",종로구,3,40,13,39.6,,,76,11110,15
34,,2004,,,2018,롯데캐슬 천지인,숭인동,"1,000",종로구,3,80,13,39.6,,,76,11110,12
35,,2014,,,2018,숭인한양LEEPS,숭인동,"2,000",종로구,3,45,16,17.07,,,1421-2,11110,15
36,,2016,,,2018,아이비씨 호텔 앤 오피스텔,숭인동,"12,500",종로구,3,0,16,21.59,,,1396,11110,18
37,,2016,,,2018,아이비씨 호텔 앤 오피스텔,숭인동,"1,000",종로구,3,55,16,21.62,,,1396,11110,8
38,,2017,,,2018,블루빌,숭인동,"23,000",종로구,3,0,19,46.36,,,243,11110,2
39,,2004,,,2018,롯데캐슬 천지인,숭인동,"1,000",종로구,3,80,21,39.6,,,76,11110,14
40,,2005,,,2018,동양파라빌,숭인동,"1,000",종로구,3,55,22,24.93,,,1388,11110,11
41,,2013,,,2018,(1392),숭인동,"3,000",종로구,3,40,22,19.84,,,1392,11110,4
42,,2005,,,2018,동양파라빌,숭인동,"2,000",종로구,3,50,23,27.09,,,1388,11110,5
43,,2016,,,2018,아이비씨 호텔 앤 오피스텔,숭인동,"1,000",종로구,3,60,26,21.36,,,1396,11110,12
44,,2016,,,2018,아이비씨 호텔 앤 오피스텔,숭인동,"12,500",종로구,3,0,28,21.45,,,1396,11110,15
45,,2013,,,2018,그레이스탑,숭인동,"3,500",종로구,3,35,30,20.16,,,178-94,11110,4
46,,2014,,,2018,삼전솔하임4차,숭인동,"1,000",종로구,3,50,30,19.17,,,318-2,11110,7
47,,2013,,,2018,버넷하임1,숭인동,"13,500",종로구,3,0,31,24.77,,,1421,11110,2
48,,2002,,,2018,캐피탈오피스텔,부암동,"2,000",종로구,3,40,9,24.53,,,154-2,11110,3
49,,2002,,,2018,캐피탈오피스텔,부암동,"2,000",종로구,3,43,12,24.53,,,154-2,11110,3
50,,2002,,,2018,캐피탈오피스텔,부암동,"13,000",종로구,3,0,17,37.64,,,154-2,11110,5
0,,2004,,,2018,광화문시대,내수동,"10,000",종로구,4,50,2,34.9,,,74,11110,10
1,,2004,,,2018,경희궁의 아침 3단지,내수동,"1,000",종로구,4,85,3,37.5,,,72,11110,11
2,,2004,,,2018,광화문시대,내수동,"1,000",종로구,4,85,4,34.9,,,74,11110,12
3,,2004,,,2018,용비어천가,내수동,"24,000",종로구,4,0,4,37.56,,,75,11110,14
4,,2004,,,2018,용비어천가,내수동,"1,000",종로구,4,105,5,43.67,,,75,11110,6
5,,2004,,,2018,경희궁의 아침 3단지,내수동,"14,000",종로구,4,0,11,37.5,,,72,11110,14
6,,2004,,,2018,광화문시대,내수동,"1,000",종로구,4,85,18,34.9,,,74,11110,11
7,,2004,,,2018,용비어천가,내수동,"23,500",종로구,4,0,19,37.56,,,75,11110,6
8,,2004,,,2018,경희궁의 아침 2단지,내수동,"1,000",종로구,4,80,26,32.43,,,71,11110,3
9,,2004,,,2018,용비어천가,내수동,"27,000",종로구,4,0,27,41.34,,,75,11110,17
10,,2004,,,2018,광화문시대,내수동,"6,500",종로구,4,65,30,35.71,,,74,11110,14
11,,2005,,,2018,운현궁 에스케이 허브,경운동,"17,000",종로구,4,0,16,30.28,,,89-4,11110,6
12,,2003,,,2018,코윈 팔레스뷰 오피스텔,원남동,"12,000",종로구,4,0,13,21.01,,,95,11110,3
13,,2003,,,2018,코윈 팔레스뷰 오피스텔,원남동,"11,000",종로구,4,0,30,24.03,,,95,11110,10
14,,2015,,,2018,아르젠종로,연지동,"2,000",종로구,4,60,24,15.76,,,163-3,11110,4
15,,2003,,,2018,반도 보라 아이비 타워,효제동,"1,000",종로구,4,65,7,32.27,,,45,11110,8
16,,2003,,,2018,반도 보라 아이비 타워,효제동,"1,000",종로구,4,70,24,31.31,,,45,11110,5
17,,2001,,,2018,대보마로니에텔,연건동,"1,000",종로구,4,65,3,26.52,,,206,11110,5
18,,2016,,,2018,아이비씨 호텔 앤 오피스텔,숭인동,"12,500",종로구,4,0,1,21.36,,,1396,11110,9
19,,2005,,,2018,동양파라빌,숭인동,"2,000",종로구,4,50,2,27.09,,,1388,11110,5
20,,2004,,,2018,롯데캐슬 천지인,숭인동,"25,000",종로구,4,0,4,63.85,,,76,11110,4
21,,2013,,,2018,그레이스탑,숭인동,"1,000",종로구,4,50,5,23.01,,,178-94,11110,2
22,,2004,,,2018,롯데캐슬 천지인,숭인동,"1,000",종로구,4,80,7,39.6,,,76,11110,3
23,,2016,,,2018,아이비씨 호텔 앤 오피스텔,숭인동,"1,000",종로구,4,60,10,21.45,,,1396,11110,16
24,,2013,,,2018,종로 동광모닝스카이,숭인동,"3,500",종로구,4,40,11,19.95,,,1421-1,11110,4
25,,2016,,,2018,아이비씨 호텔 앤 오피스텔,숭인동,"1,000",종로구,4,60,12,21.62,,,1396,11110,16
26,,2013,,,2018,(1392),숭인동,"5,000",종로구,4,35,16,20.18,,,1392,11110,8
27,,2016,,,2018,아이비씨 호텔 앤 오피스텔,숭인동,"2,000",종로구,4,100,16,43.29,,,1396,11110,18
28,,2016,,,2018,아이비씨 호텔 앤 오피스텔,숭인동,"1,000",종로구,4,60,17,21.45,,,1396,11110,18
29,,2005,,,2018,동양파라빌,숭인동,"1,000",종로구,4,60,17,27.09,,,1388,11110,4
30,,2005,,,2018,동양파라빌,숭인동,"3,000",종로구,4,45,21,27.09,,,1388,11110,6
31,,2013,,,2018,종로 동광모닝스카이,숭인동,"11,550",종로구,4,0,21,19.95,,,1421-1,11110,6
32,,2005,,,2018,경일오피스텔,숭인동,"2,500",종로구,4,31,26,18.82,,,1367,11110,4
33,,2016,,,2018,아폴리움 오피스텔,숭인동,"1,000",종로구,4,55,27,16.31,,,201-7,11110,13
34,,2005,,,2018,동양파라빌,숭인동,"3,000",종로구,4,45,27,27.09,,,1388,11110,8
35,,2016,,,2018,아이비씨 호텔 앤 오피스텔,숭인동,"1,000",종로구,4,60,30,21.59,,,1396,11110,13
36,,2002,,,2018,캐피탈오피스텔,부암동,"1,000",종로구,4,45,5,24.53,,,154-2,11110,2
37,,2002,,,2018,캐피탈오피스텔,부암동,"1,000",종로구,4,50,7,24.53,,,154-2,11110,3
0,,1998,,,2018,파크뷰타워,필운동,"1,000",종로구,5,45,12,27.62,,,285-5,11110,2
1,,1998,,,2018,파크뷰타워,필운동,"12,500",종로구,5,0,23,24.3,,,285-5,11110,2
2,,2008,,,2018,광화문 풍림스페이스본,사직동,"29,000",종로구,5,0,3,39.54,,,9,11110,2
3,,2008,,,2018,광화문 풍림스페이스본,사직동,"1,000",종로구,5,105,5,39.54,,,9,11110,6
4,,2004,,,2018,경희궁의 아침 3단지,내수동,"1,000",종로구,5,85,1,37.5,,,72,11110,10
5,,2004,,,2018,용비어천가,내수동,"1,000",종로구,5,100,2,42.39,,,75,11110,7
6,,2004,,,2018,경희궁의 아침 2단지,내수동,"23,000",종로구,5,0,4,32.43,,,71,11110,2
7,,2004,,,2018,용비어천가,내수동,"5,000",종로구,5,70,5,41.34,,,75,11110,4
8,,2004,,,2018,용비어천가,내수동,"21,000",종로구,5,0,9,33,,,75,11110,11
9,,2004,,,2018,광화문시대,내수동,"23,000",종로구,5,0,12,34.9,,,74,11110,14
10,,2004,,,2018,경희궁의 아침 3단지,내수동,"26,000",종로구,5,0,18,37.5,,,72,11110,5
11,,2004,,,2018,용비어천가,내수동,"1,000",종로구,5,80,19,34.45,,,75,11110,10
12,,2004,,,2018,경희궁의 아침 2단지,내수동,"35,000",종로구,5,0,21,57.8,,,71,11110,14
13,,2004,,,2018,경희궁의 아침 4단지,내수동,"36,000",종로구,5,0,22,56.48,,,73,11110,9
14,,2004,,,2018,경희궁의 아침 3단지,내수동,"4,000",종로구,5,0,25,37.5,,,72,11110,13
15,,2004,,,2018,광화문시대,내수동,"22,000",종로구,5,55,25,56.56,,,74,11110,13
16,,2004,,,2018,용비어천가,내수동,"1,000",종로구,5,100,29,42.83,,,75,11110,14
17,,2004,,,2018,용비어천가,내수동,"5,000",종로구,5,60,29,34.45,,,75,11110,12
18,,2002,,,2018,(33-6),익선동,"1,000",종로구,5,55,4,23.15,,,33-6,11110,2
19,,2005,,,2018,운현궁 에스케이 허브,경운동,"3,000",종로구,5,63,4,23.66,,,89-4,11110,3
20,,2005,,,2018,운현궁 에스케이 허브,경운동,"4,000",종로구,5,65,12,39.2,,,89-4,11110,7
21,,2005,,,2018,운현궁 에스케이 허브,경운동,"15,000",종로구,5,0,26,23.66,,,89-4,11110,8
22,,2005,,,2018,운현궁 에스케이 허브,경운동,"1,000",종로구,5,80,27,32.64,,,89-4,11110,3
23,,2003,,,2018,코윈 팔레스뷰 오피스텔,원남동,"1,000",종로구,5,60,4,24.03,,,95,11110,9
24,,2003,,,2018,코윈 팔레스뷰 오피스텔,원남동,"13,500",종로구,5,0,17,21.01,,,95,11110,8
25,,2013,,,2018,그레이스탑,숭인동,"7,500",종로구,5,0,1,20.16,,,178-94,11110,3
26,,2005,,,2018,엘리시앙오피스텔,숭인동,"6,000",종로구,5,30,1,30.36,,,200-33,11110,9
27,,2013,,,2018,그레이스탑,숭인동,"4,000",종로구,5,30,2,23.01,,,178-94,11110,5
28,,2013,,,2018,종로 중흥 S클래스,숭인동,500,종로구,5,60,10,23.97,,,202-3,11110,4
29,,2005,,,2018,동양파라빌,숭인동,"3,500",종로구,5,40,11,27.09,,,1388,11110,13
30,,2005,,,2018,동양파라빌,숭인동,"2,000",종로구,5,50,11,27.09,,,1388,11110,13
31,,2005,,,2018,엘리시앙오피스텔,숭인동,"2,000",종로구,5,45,11,28.38,,,200-33,11110,8
32,,2014,,,2018,숭인한양LEEPS,숭인동,"10,000",종로구,5,0,12,17.07,,,1421-2,11110,12
33,,2013,,,2018,종로유케이201,숭인동,"9,000",종로구,5,0,16,15.15,,,201-11,11110,2
34,,2013,,,2018,(1392),숭인동,"1,000",종로구,5,50,16,20.18,,,1392,11110,8
35,,2014,,,2018,숭인한양LEEPS,숭인동,"1,000",종로구,5,50,17,17.07,,,1421-2,11110,16
36,,2013,,,2018,종로유케이201,숭인동,"10,000",종로구,5,0,18,15.15,,,201-11,11110,4
37,,2005,,,2018,경일오피스텔,숭인동,"2,000",종로구,5,38,18,20.14,,,1367,11110,4
38,,2005,,,2018,동양파라빌,숭인동,"4,000",종로구,5,40,19,27.09,,,1388,11110,9
39,,2016,,,2018,아폴리움 오피스텔,숭인동,"13,000",종로구,5,0,19,15.2,,,201-7,11110,7
40,,2016,,,2018,아이비씨 호텔 앤 오피스텔,숭인동,"1,000",종로구,5,60,28,21.59,,,1396,11110,13
41,,2014,,,2018,숭인한양LEEPS,숭인동,"1,000",종로구,5,50,29,17.07,,,1421-2,11110,13
42,,2013,,,2018,버넷하임1,숭인동,"2,000",종로구,5,50,30,25.27,,,1421,11110,10
0,,2007,,,2018,신동아 블루아 광화문의 꿈,필운동,"20,000",종로구,6,250,19,163.98,,,254,11110,2
1,,2008,,,2018,광화문 풍림스페이스본,사직동,"27,000",종로구,6,0,8,39.54,,,9,11110,4
2,,2004,,,2018,경희궁의 아침 4단지,내수동,"2,000",종로구,6,150,1,56.48,,,73,11110,6
3,,2004,,,2018,광화문시대,내수동,"1,000",종로구,6,90,2,34.9,,,74,11110,3
4,,2004,,,2018,경희궁의 아침 2단지,내수동,"36,000",종로구,6,0,2,51.02,,,71,11110,4
5,,2004,,,2018,용비어천가,내수동,"5,000",종로구,6,70,11,33,,,75,11110,18
6,,2004,,,2018,광화문시대,내수동,"1,000",종로구,6,89,14,32.97,,,74,11110,17
7,,2004,,,2018,용비어천가,내수동,"19,400",종로구,6,0,23,30.36,,,75,11110,10
8,,2007,,,2018,르메이에르종로타운1,종로1가,"10,000",종로구,6,80,16,45.41,,,24,11110,14
9,,2008,,,2018,종로1가 대성스카이렉스,견지동,"21,500",종로구,6,0,4,35.95,,,110,11110,9
10,,2002,,,2018,(33-6),익선동,"5,000",종로구,6,0,1,19.2,,,33-6,11110,2
11,,2004,,,2018,BIZ-WELL 종로 오피스텔,익선동,"3,000",종로구,6,50,30,32.12,,,34,11110,2
12,,2005,,,2018,운현궁 에스케이 허브,경운동,"18,300",종로구,6,0,28,39.65,,,89-4,11110,13
13,,1994,,,2018,종로오피스텔,낙원동,500,종로구,6,55,25,29.7,,,58-1,11110,5
14,,2013,,,2018,종로 중흥 S클래스,숭인동,"4,000",종로구,6,40,4,23.97,,,202-3,11110,4
15,,2016,,,2018,아폴리움 오피스텔,숭인동,"13,000",종로구,6,0,6,16.31,,,201-7,11110,6
16,,2013,,,2018,종로 중흥 S클래스,숭인동,"2,000",종로구,6,50,8,23.97,,,202-3,11110,3
17,,2004,,,2018,롯데캐슬 천지인,숭인동,"1,000",종로구,6,75,9,39.6,,,76,11110,5
18,,2014,,,2018,숭인한양LEEPS,숭인동,"1,000",종로구,6,53,10,17.07,,,1421-2,11110,13
19,,2014,,,2018,삼전솔하임4차,숭인동,"4,000",종로구,6,35,11,19.17,,,318-2,11110,6
20,,2016,,,2018,아이비씨 호텔 앤 오피스텔,숭인동,"13,000",종로구,6,0,12,21.62,,,1396,11110,12
21,,2016,,,2018,아이비씨 호텔 앤 오피스텔,숭인동,"13,000",종로구,6,0,12,21.36,,,1396,11110,8
22,,2013,,,2018,버넷하임1,숭인동,"13,000",종로구,6,0,15,25.88,,,1421,11110,10
23,,2013,,,2018,그레이스탑,숭인동,"1,000",종로구,6,50,15,23.01,,,178-94,11110,2
24,,2013,,,2018,종로 아인스빌,숭인동,500,종로구,6,55,15,17.88,,,1392-1,11110,9
25,,2013,,,2018,버넷하임1,숭인동,"4,000",종로구,6,40,15,24.65,,,1421,11110,11
26,,2012,,,2018,삼전솔하임2차,숭인동,"10,000",종로구,6,0,16,18.87,,,296-19,11110,2
27,,2004,,,2018,롯데캐슬 천지인,숭인동,"1,000",종로구,6,80,18,39.6,,,76,11110,11
28,,2013,,,2018,종로 동광모닝스카이,숭인동,"1,000",종로구,6,50,19,19.95,,,1421-1,11110,6
29,,2016,,,2018,아이비씨 호텔 앤 오피스텔,숭인동,"13,000",종로구,6,0,20,21.62,,,1396,11110,12
30,,2002,,,2018,수석컴비즈텔,숭인동,"1,000",종로구,6,40,22,26.46,,,55-6,11110,4
31,,2016,,,2018,아이비씨 호텔 앤 오피스텔,숭인동,"13,000",종로구,6,0,22,21.62,,,1396,11110,8
32,,2013,,,2018,버넷하임1,숭인동,"11,550",종로구,6,0,22,25.27,,,1421,11110,2
33,,2013,,,2018,버넷하임1,숭인동,"13,000",종로구,6,0,23,24.65,,,1421,11110,5
34,,2005,,,2018,동양파라빌,숭인동,"2,000",종로구,6,50,26,27.09,,,1388,11110,7
35,,2014,,,2018,숭인한양LEEPS,숭인동,"1,000",종로구,6,53,27,17.07,,,1421-2,11110,13
36,,2016,,,2018,아이비씨 호텔 앤 오피스텔,숭인동,"13,000",종로구,6,0,27,21.36,,,1396,11110,9
37,,2013,,,2018,그레이스탑,숭인동,"1,000",종로구,6,50,28,23.01,,,178-94,11110,3
38,,2014,,,2018,삼전솔하임4차,숭인동,"11,500",종로구,6,0,30,19.17,,,318-2,11110,6
39,,2002,,,2018,타임730오피스텔,부암동,"1,000",종로구,6,55,1,31.27,,,129-8,11110,3
0,,2008,,,2018,광화문 풍림스페이스본,사직동,"2,000",종로구,7,150,21,39.54,,,9,11110,8
1,,2004,,,2018,용비어천가,내수동,"20,000",종로구,7,0,4,30.42,,,75,11110,5
2,,2004,,,2018,광화문시대,내수동,"1,000",종로구,7,75,5,31.37,,,74,11110,17
3,,2004,,,2018,광화문시대,내수동,"22,000",종로구,7,0,5,34.9,,,74,11110,8
4,,2004,,,2018,광화문시대,내수동,"10,000",종로구,7,80,6,38.88,,,74,11110,2
5,,2004,,,2018,광화문시대,내수동,"1,000",종로구,7,75,6,32.01,,,74,11110,12
6,,2004,,,2018,광화문시대,내수동,"22,500",종로구,7,0,10,34.9,,,74,11110,8
7,,2004,,,2018,경희궁의 아침 2단지,내수동,500,종로구,7,78,10,29.41,,,71,11110,5
8,,2004,,,2018,광화문시대,내수동,"1,000",종로구,7,85,10,35.71,,,74,11110,11
9,,2004,,,2018,광화문시대,내수동,"22,500",종로구,7,0,10,34.9,,,74,11110,8
10,,2004,,,2018,경희궁의 아침 3단지,내수동,"23,000",종로구,7,0,13,37.5,,,72,11110,4
11,,2004,,,2018,용비어천가,내수동,"1,000",종로구,7,90,19,37.56,,,75,11110,17
12,,2004,,,2018,용비어천가,내수동,"1,000",종로구,7,90,21,37.12,,,75,11110,7
13,,2004,,,2018,경희궁의 아침 4단지,내수동,"1,000",종로구,7,75,24,28.24,,,73,11110,12
14,,2004,,,2018,경희궁의 아침 4단지,내수동,"6,000",종로구,7,55,27,28.24,,,73,11110,15
15,,2004,,,2018,용비어천가,내수동,"10,000",종로구,7,50,28,33,,,75,11110,11
16,,2004,,,2018,용비어천가,내수동,"1,000",종로구,7,90,31,41.34,,,75,11110,14
17,,2004,,,2018,BIZ-WELL 종로 오피스텔,익선동,500,종로구,7,65,4,23.14,,,34,11110,3
18,,2015,,,2018,아르젠종로,연지동,"3,000",종로구,7,55,15,15.83,,,163-3,11110,9
19,,2001,,,2018,대보마로니에텔,연건동,"1,000",종로구,7,60,4,26.52,,,206,11110,8
20,,2001,,,2018,대보마로니에텔,연건동,"2,000",종로구,7,50,17,26.52,,,206,11110,2
21,,2011,,,2018,CS타워,충신동,"13,000",종로구,7,0,6,35.69,,,62-2,11110,3
22,,2014,,,2018,숭인한양LEEPS,숭인동,"2,000",종로구,7,45,2,17.07,,,1421-2,11110,12
23,,2016,,,2018,아이비씨 호텔 앤 오피스텔,숭인동,"1,000",종로구,7,60,3,21.36,,,1396,11110,10
24,,2005,,,2018,동양파라빌,숭인동,"12,000",종로구,7,0,5,24.93,,,1388,11110,10
25,,2016,,,2018,아이비씨 호텔 앤 오피스텔,숭인동,"13,000",종로구,7,0,5,23.24,,,1396,11110,12
26,,2013,,,2018,버넷하임1,숭인동,"3,000",종로구,7,43,6,25.27,,,1421,11110,5
27,,2013,,,2018,종로 동광모닝스카이,숭인동,500,종로구,7,55,6,19.95,,,1421-1,11110,6
28,,2013,,,2018,종로 아인스빌,숭인동,"12,000",종로구,7,0,8,17.88,,,1392-1,11110,2
29,,2013,,,2018,(1392),숭인동,"12,000",종로구,7,0,11,20.18,,,1392,11110,3
30,,2013,,,2018,종로 동광모닝스카이,숭인동,"1,000",종로구,7,52,12,19.95,,,1421-1,11110,3
31,,2005,,,2018,엘리시앙오피스텔,숭인동,"15,000",종로구,7,0,13,57.75,,,200-33,11110,10
32,,2016,,,2018,아이비씨 호텔 앤 오피스텔,숭인동,"1,000",종로구,7,60,17,21.45,,,1396,11110,12
33,,2013,,,2018,종로 아인스빌,숭인동,"12,500",종로구,7,0,17,17.88,,,1392-1,11110,2
34,,2014,,,2018,삼전솔하임4차,숭인동,"3,000",종로구,7,40,23,19.17,,,318-2,11110,6
35,,2013,,,2018,종로 동광모닝스카이,숭인동,"3,000",종로구,7,40,24,19.95,,,1421-1,11110,6
36,,2002,,,2018,수석컴비즈텔,숭인동,"8,000",종로구,7,0,27,23.84,,,55-6,11110,6
37,,2013,,,2018,버넷하임1,숭인동,500,종로구,7,65,27,25.88,,,1421,11110,7
38,,2014,,,2018,삼전솔하임4차,숭인동,"4,000",종로구,7,40,27,19.17,,,318-2,11110,7
39,,2003,,,2018,(317-35),숭인동,"5,500",종로구,7,0,27,15.4,,,317-35,11110,4
40,,2013,,,2018,(1392),숭인동,"4,000",종로구,7,35,28,20.18,,,1392,11110,5
41,,2005,,,2018,경일오피스텔,숭인동,"2,000",종로구,7,38,28,18.82,,,1367,11110,6
42,,2004,,,2018,롯데캐슬 천지인,숭인동,"1,000",종로구,7,80,28,39.6,,,76,11110,8
43,,2002,,,2018,캐피탈오피스텔,부암동,"1,000",종로구,7,50,17,24.53,,,154-2,11110,5
0,,2008,,,2018,광화문 풍림스페이스본,사직동,"5,000",종로구,8,80,11,39.54,,,9,11110,6
1,,2008,,,2018,광화문 풍림스페이스본,사직동,"27,000",종로구,8,0,22,39.54,,,9,11110,12
2,,2004,,,2018,경희궁의 아침 3단지,내수동,"23,000",종로구,8,0,1,37.5,,,72,11110,11
3,,2004,,,2018,용비어천가,내수동,"13,000",종로구,8,0,2,37.56,,,75,11110,4
4,,2004,,,2018,경희궁의 아침 3단지,내수동,"25,000",종로구,8,0,2,37.5,,,72,11110,4
5,,2004,,,2018,용비어천가,내수동,"15,000",종로구,8,0,6,37.56,,,75,11110,2
6,,2004,,,2018,용비어천가,내수동,"15,000",종로구,8,40,6,37.56,,,75,11110,2
7,,2004,,,2018,용비어천가,내수동,"3,000",종로구,8,60,6,28.19,,,75,11110,7
8,,2004,,,2018,광화문시대,내수동,"21,000",종로구,8,0,8,34.9,,,74,11110,11
9,,2004,,,2018,경희궁의 아침 2단지,내수동,"10,000",종로구,8,50,8,28.9,,,71,11110,15
10,,2004,,,2018,경희궁의 아침 4단지,내수동,"1,000",종로구,8,75,28,28.24,,,73,11110,10
11,,2008,,,2018,종로1가 대성스카이렉스,견지동,"20,000",종로구,8,0,4,35.95,,,110,11110,6
12,,2002,,,2018,(33-6),익선동,"5,500",종로구,8,0,23,15.55,,,33-6,11110,3
13,,2005,,,2018,운현궁 에스케이 허브,경운동,"23,000",종로구,8,0,14,41.12,,,89-4,11110,9
14,,2003,,,2018,코윈 팔레스뷰 오피스텔,원남동,"1,000",종로구,8,60,20,24.03,,,95,11110,7
15,,2015,,,2018,아르젠종로,연지동,"1,000",종로구,8,60,21,15.83,,,163-3,11110,8
16,,2005,,,2018,동양파라빌,숭인동,"2,000",종로구,8,50,2,27.09,,,1388,11110,3
17,,2013,,,2018,그레이스탑,숭인동,"7,000",종로구,8,0,2,23.01,,,178-94,11110,4
18,,2004,,,2018,종로대우디오빌,숭인동,"14,000",종로구,8,0,2,28.89,,,310,11110,11
19,,2004,,,2018,종로대우디오빌,숭인동,"1,000",종로구,8,65,2,30.17,,,310,11110,14
20,,2005,,,2018,엘리시앙오피스텔,숭인동,"2,000",종로구,8,50,2,30.36,,,200-33,11110,7
21,,2004,,,2018,롯데캐슬 천지인,숭인동,"1,000",종로구,8,80,3,39.6,,,76,11110,10
22,,2016,,,2018,아이비씨 호텔 앤 오피스텔,숭인동,"1,000",종로구,8,60,6,21.59,,,1396,11110,10
23,,2005,,,2018,동양파라빌,숭인동,"1,000",종로구,8,55,10,24.93,,,1388,11110,13
24,,2016,,,2018,아폴리움 오피스텔,숭인동,"12,500",종로구,8,0,10,16.31,,,201-7,11110,5
25,,2013,,,2018,(1392),숭인동,"1,000",종로구,8,53,11,20.18,,,1392,11110,5
26,,2005,,,2018,동양파라빌,숭인동,"12,000",종로구,8,0,11,24.93,,,1388,11110,2
27,,2013,,,2018,종로 아인스빌,숭인동,"7,000",종로구,8,15,13,17.88,,,1392-1,11110,6
28,,2013,,,2018,(1392),숭인동,"12,000",종로구,8,0,14,20.18,,,1392,11110,6
29,,2013,,,2018,종로유케이201,숭인동,"3,000",종로구,8,35,15,15.49,,,201-11,11110,5
30,,2013,,,2018,종로유케이201,숭인동,"3,000",종로구,8,35,20,15.25,,,201-11,11110,5
31,,2013,,,2018,종로 아인스빌,숭인동,"12,000",종로구,8,0,20,17.88,,,1392-1,11110,7
32,,2004,,,2018,종로대우디오빌,숭인동,"5,000",종로구,8,35,24,29.65,,,310,11110,4
33,,2005,,,2018,경일오피스텔,숭인동,"2,000",종로구,8,47,24,25.68,,,1367,11110,7
34,,2013,,,2018,종로 아인스빌,숭인동,"12,000",종로구,8,0,28,17.88,,,1392-1,11110,4
35,,2016,,,2018,아폴리움 오피스텔,숭인동,"13,000",종로구,8,0,28,16.31,,,201-7,11110,5
36,,2016,,,2018,아이비씨 호텔 앤 오피스텔,숭인동,"1,000",종로구,8,60,30,21.36,,,1396,11110,14
37,,2002,,,2018,타임730오피스텔,부암동,"12,000",종로구,8,0,25,31.27,,,129-8,11110,6
38,,2005,,,2018,세검정아트오피스텔,홍지동,"12,000",종로구,8,0,14,45.1,,,104-21,11110,3
0,,1998,,,2018,파크뷰타워,필운동,"11,000",종로구,9,0,19,21.85,,,285-5,11110,7
1,,1998,,,2018,파크뷰타워,필운동,"1,000",종로구,9,50,20,24.3,,,285-5,11110,6
2,,2004,,,2018,경희궁의 아침 3단지,내수동,"1,000",종로구,9,85,4,37.5,,,72,11110,5
3,,2004,,,2018,광화문시대,내수동,"3,000",종로구,9,190,4,71.85,,,74,11110,18
4,,2004,,,2018,용비어천가,내수동,"10,000",종로구,9,65,5,37.67,,,75,11110,16
5,,2004,,,2018,용비어천가,내수동,"1,000",종로구,9,95,6,37.56,,,75,11110,9
6,,2004,,,2018,광화문시대,내수동,"23,000",종로구,9,0,11,34.9,,,74,11110,8
7,,2004,,,2018,용비어천가,내수동,"24,000",종로구,9,0,11,37.56,,,75,11110,13
8,,2004,,,2018,경희궁의 아침 4단지,내수동,"21,000",종로구,9,0,12,28.24,,,73,11110,13
9,,2004,,,2018,경희궁의 아침 3단지,내수동,"6,000",종로구,9,55,12,37.5,,,72,11110,5
10,,2004,,,2018,용비어천가,내수동,"22,000",종로구,9,0,13,30.36,,,75,11110,12
11,,2004,,,2018,용비어천가,내수동,"21,000",종로구,9,0,13,33,,,75,11110,8
12,,2004,,,2018,용비어천가,내수동,"1,000",종로구,9,87,13,37.56,,,75,11110,10
13,,2004,,,2018,용비어천가,내수동,"22,000",종로구,9,0,14,30.76,,,75,11110,7
14,,2004,,,2018,광화문시대,내수동,"21,000",종로구,9,0,28,32.01,,,74,11110,9
15,,2004,,,2018,경희궁의 아침 3단지,내수동,"24,000",종로구,9,0,28,37.5,,,72,11110,9
16,,2003,,,2018,반도 보라 아이비 타워,효제동,"3,000",종로구,9,45,1,26.58,,,45,11110,3
17,,2001,,,2018,대보마로니에텔,연건동,"1,000",종로구,9,65,12,26.52,,,206,11110,4
18,,2016,,,2018,아이비씨 호텔 앤 오피스텔,숭인동,"1,000",종로구,9,60,3,21.62,,,1396,11110,11
19,,2013,,,2018,종로유케이201,숭인동,"10,000",종로구,9,0,4,15.46,,,201-11,11110,3
20,,2016,,,2018,아폴리움 오피스텔,숭인동,"3,500",종로구,9,35,6,15.2,,,201-7,11110,4
21,,2013,,,2018,종로 중흥 S클래스,숭인동,"2,000",종로구,9,50,7,23.97,,,202-3,11110,3
22,,2014,,,2018,숭인한양LEEPS,숭인동,"12,000",종로구,9,0,10,17.07,,,1421-2,11110,17
23,,2016,,,2018,아폴리움 오피스텔,숭인동,"13,000",종로구,9,0,11,16.31,,,201-7,11110,3
24,,2017,,,2018,블루빌,숭인동,"23,500",종로구,9,0,12,44.05,,,243,11110,4
25,,2005,,,2018,동양파라빌,숭인동,500,종로구,9,60,13,27.09,,,1388,11110,11
26,,2013,,,2018,(1392),숭인동,"5,000",종로구,9,30,19,18.64,,,1392,11110,8
27,,2013,,,2018,(1392),숭인동,"6,000",종로구,9,30,27,20.18,,,1392,11110,4
28,,2005,,,2018,동양파라빌,숭인동,"12,000",종로구,9,0,27,24.93,,,1388,11110,5
29,,2005,,,2018,동양파라빌,숭인동,"1,000",종로구,9,60,27,27.09,,,1388,11110,7
30,,2002,,,2018,캐피탈오피스텔,부암동,"1,000",종로구,9,45,6,24.53,,,154-2,11110,2
31,,2002,,,2018,캐피탈오피스텔,부암동,"1,000",종로구,9,45,17,24.53,,,154-2,11110,2
0,,2004,,,2018,광화문시대,내수동,"5,000",종로구,10,65,4,35.71,,,74,11110,9
1,,2004,,,2018,광화문시대,내수동,"27,000",종로구,10,0,8,38.88,,,74,11110,11
2,,2004,,,2018,경희궁의 아침 3단지,내수동,"1,000",종로구,10,90,9,37.5,,,72,11110,13
3,,2004,,,2018,경희궁의 아침 3단지,내수동,"40,000",종로구,10,0,16,62.92,,,72,11110,12
4,,2004,,,2018,경희궁의 아침 3단지,내수동,"1,000",종로구,10,85,16,37.5,,,72,11110,10
5,,2004,,,2018,용비어천가,내수동,"10,000",종로구,10,50,17,37.56,,,75,11110,7
6,,2004,,,2018,용비어천가,내수동,"6,000",종로구,10,70,26,37.56,,,75,11110,4
7,,2007,,,2018,르메이에르종로타운1,종로1가,"4,000",종로구,10,150,10,57.5,,,24,11110,10
8,,2004,,,2018,BIZ-WELL 종로 오피스텔,익선동,"1,500",종로구,10,55,15,23.14,,,34,11110,6
9,,2005,,,2018,운현궁 에스케이 허브,경운동,"22,500",종로구,10,0,10,41.34,,,89-4,11110,8
10,,2004,,,2018,나스빌,낙원동,"3,000",종로구,10,0,10,28.58,,,212,11110,4
11,,2004,,,2018,나스빌,낙원동,"14,700",종로구,10,0,23,28.69,,,212,11110,5
12,,2003,,,2018,코윈 팔레스뷰 오피스텔,원남동,"1,000",종로구,10,60,6,24.03,,,95,11110,12
13,,2003,,,2018,반도 보라 아이비 타워,효제동,"1,000",종로구,10,55,17,26.58,,,45,11110,4
14,,2011,,,2018,CS타워,충신동,"14,000",종로구,10,0,13,24.78,,,62-2,11110,3
15,,2013,,,2018,(1392),숭인동,"7,000",종로구,10,25,1,20.18,,,1392,11110,9
16,,2014,,,2018,삼전솔하임4차,숭인동,"10,000",종로구,10,0,3,19.17,,,318-2,11110,4
17,,2013,,,2018,(1392),숭인동,"12,000",종로구,10,0,4,20.18,,,1392,11110,6
18,,2016,,,2018,아이비씨 호텔 앤 오피스텔,숭인동,"1,000",종로구,10,60,5,21.59,,,1396,11110,10
19,,2004,,,2018,종로대우디오빌,숭인동,"17,000",종로구,10,0,6,38.08,,,310,11110,14
20,,2016,,,2018,아이비씨 호텔 앤 오피스텔,숭인동,"1,000",종로구,10,60,8,21.36,,,1396,11110,12
21,,2005,,,2018,동양파라빌,숭인동,"1,000",종로구,10,60,9,27.09,,,1388,11110,6
22,,2013,,,2018,(1392),숭인동,"12,000",종로구,10,0,10,20.18,,,1392,11110,6
23,,2013,,,2018,그레이스탑,숭인동,"1,000",종로구,10,50,11,23.01,,,178-94,11110,5
24,,2016,,,2018,아폴리움 오피스텔,숭인동,"5,000",종로구,10,30,15,16.31,,,201-7,11110,3
25,,2005,,,2018,동양파라빌,숭인동,500,종로구,10,60,19,27.09,,,1388,11110,11
26,,2005,,,2018,동양파라빌,숭인동,"1,000",종로구,10,55,24,24.93,,,1388,11110,8
27,,2005,,,2018,동양파라빌,숭인동,"1,000",종로구,10,60,26,27.09,,,1388,11110,14
28,,2017,,,2018,블루빌,숭인동,"23,000",종로구,10,0,29,44.74,,,243,11110,2
29,,2013,,,2018,(1392),숭인동,"11,000",종로구,10,0,31,19.84,,,1392,11110,9
30,,2002,,,2018,캐피탈오피스텔,부암동,"1,000",종로구,10,50,10,24.53,,,154-2,11110,3
0,,2008,,,2018,광화문 풍림스페이스본,사직동,"27,000",종로구,11,0,29,39.54,,,9,11110,4
1,,2004,,,2018,용비어천가,내수동,"4,000",종로구,11,70,3,37.56,,,75,11110,8
2,,2004,,,2018,용비어천가,내수동,"5,000",종로구,11,70,6,33,,,75,11110,18
3,,2004,,,2018,광화문시대,내수동,"35,000",종로구,11,0,7,56.56,,,74,11110,14
4,,2004,,,2018,경희궁의 아침 4단지,내수동,"1,000",종로구,11,73,10,28.24,,,73,11110,12
5,,2004,,,2018,용비어천가,내수동,"5,000",종로구,11,70,12,33,,,75,11110,16
6,,2004,,,2018,경희궁의 아침 4단지,내수동,"2,000",종로구,11,70,16,28.24,,,73,11110,3
7,,2004,,,2018,광화문시대,내수동,"35,000",종로구,11,0,24,56.56,,,74,11110,17
8,,2004,,,2018,광화문시대,내수동,"1,000",종로구,11,85,28,32.97,,,74,11110,16
9,,2004,,,2018,BIZ-WELL 종로 오피스텔,익선동,"1,000",종로구,11,55,28,23.27,,,34,11110,9
10,,2004,,,2018,BIZ-WELL 종로 오피스텔,익선동,500,종로구,11,55,29,18.83,,,34,11110,3
11,,2003,,,2018,반도 보라 아이비 타워,효제동,"14,500",종로구,11,0,6,29.62,,,45,11110,7
12,,2003,,,2018,반도 보라 아이비 타워,효제동,"1,000",종로구,11,70,24,30.7,,,45,11110,7
13,,2003,,,2018,반도 보라 아이비 타워,효제동,"1,000",종로구,11,70,30,30.94,,,45,11110,4
14,,2001,,,2018,대보마로니에텔,연건동,"7,000",종로구,11,30,4,26.52,,,206,11110,10
15,,2001,,,2018,제일빌딩,연건동,"2,000",종로구,11,60,7,30.58,,,198-7,11110,9
16,,2005,,,2018,경일오피스텔,숭인동,"2,000",종로구,11,38,1,18.82,,,1367,11110,13
17,,2016,,,2018,아이비씨 호텔 앤 오피스텔,숭인동,"1,000",종로구,11,60,1,21.59,,,1396,11110,15
18,,2013,,,2018,(1392),숭인동,"11,000",종로구,11,0,2,19.84,,,1392,11110,8
19,,2013,,,2018,(1392),숭인동,"4,000",종로구,11,38,6,20.18,,,1392,11110,9
20,,2002,,,2018,수석컴비즈텔,숭인동,"8,000",종로구,11,10,7,30.12,,,55-6,11110,5
21,,2005,,,2018,동양파라빌,숭인동,"1,000",종로구,11,55,8,24.93,,,1388,11110,9
22,,2004,,,2018,종로대우디오빌,숭인동,"2,000",종로구,11,50,8,29.65,,,310,11110,14
23,,2013,,,2018,종로유케이201,숭인동,"7,600",종로구,11,0,12,15.49,,,201-11,11110,2
24,,2013,,,2018,(1392),숭인동,"4,000",종로구,11,40,17,20.18,,,1392,11110,8
25,,2013,,,2018,(1392),숭인동,"5,000",종로구,11,35,19,20.18,,,1392,11110,9
26,,2004,,,2018,롯데캐슬 천지인,숭인동,"1,000",종로구,11,85,19,39.6,,,76,11110,5
27,,2004,,,2018,롯데캐슬 천지인,숭인동,"5,000",종로구,11,60,22,39.6,,,76,11110,12
28,,2017,,,2018,경희궁자이,교북동,"22,000",종로구,11,0,20,25.91,,,126,11110,5
0,,2008,,,2018,광화문 풍림스페이스본,사직동,"10,000",종로구,12,60,24,39.54,,,9,11110,5
1,,2004,,,2018,광화문시대,내수동,"10,000",종로구,12,60,1,40.26,,,74,11110,8
2,,2004,,,2018,광화문시대,내수동,"5,000",종로구,12,70,1,34.9,,,74,11110,12
3,,2004,,,2018,광화문시대,내수동,"34,000",종로구,12,0,4,56.56,,,74,11110,16
4,,2004,,,2018,광화문시대,내수동,"22,000",종로구,12,0,4,35.71,,,74,11110,10
5,,2004,,,2018,광화문시대,내수동,"2,000",종로구,12,80,5,34.9,,,74,11110,15
6,,2004,,,2018,경희궁의 아침 3단지,내수동,"22,000",종로구,12,0,5,37.5,,,72,11110,12
7,,2004,,,2018,광화문시대,내수동,"2,000",종로구,12,80,6,32.97,,,74,11110,18
8,,2004,,,2018,용비어천가,내수동,"22,000",종로구,12,0,8,34.45,,,75,11110,9
9,,2004,,,2018,광화문시대,내수동,"3,000",종로구,12,100,10,38.88,,,74,11110,4
10,,2004,,,2018,경희궁의 아침 4단지,내수동,"5,000",종로구,12,55,11,28.24,,,73,11110,7
11,,2004,,,2018,광화문시대,내수동,"1,000",종로구,12,89,11,32.97,,,74,11110,17
12,,2004,,,2018,경희궁의 아침 2단지,내수동,"8,000",종로구,12,50,13,32.43,,,71,11110,16
13,,2004,,,2018,광화문시대,내수동,"21,000",종로구,12,0,14,32.01,,,74,11110,14
14,,2004,,,2018,광화문시대,내수동,"21,000",종로구,12,0,14,32.01,,,74,11110,14
15,,2004,,,2018,용비어천가,내수동,"1,000",종로구,12,75,18,30.36,,,75,11110,10
16,,2004,,,2018,용비어천가,내수동,"20,000",종로구,12,0,19,34.45,,,75,11110,13
17,,2004,,,2018,광화문시대,내수동,"9,000",종로구,12,50,20,31.75,,,74,11110,4
18,,2004,,,2018,두산위브파빌리온,수송동,"2,000",종로구,12,165,10,74.84,,,58,11110,10
19,,2008,,,2018,종로1가 대성스카이렉스,견지동,"21,000",종로구,12,0,7,40.45,,,110,11110,9
20,,2005,,,2018,운현궁 에스케이 허브,경운동,"5,000",종로구,12,70,5,35.36,,,89-4,11110,10
21,,2005,,,2018,운현궁 에스케이 허브,경운동,"3,000",종로구,12,65,13,23.66,,,89-4,11110,3
22,,2005,,,2018,종로1번가,관철동,"7,000",종로구,12,45,6,30.04,,,155,11110,7
23,,2003,,,2018,코윈 팔레스뷰 오피스텔,원남동,"15,000",종로구,12,0,22,32.8,,,95,11110,12
24,,2017,,,2018,포레스트힐시티,효제동,"1,000",종로구,12,60,6,19.34,,,65-2,11110,5
25,,2003,,,2018,반도 보라 아이비 타워,효제동,"11,500",종로구,12,0,8,22.72,,,45,11110,8
26,,2001,,,2018,대보마로니에텔,연건동,"15,500",종로구,12,0,29,35.7,,,206,11110,5
27,,2003,,,2018,세레피아텔,연건동,"12,000",종로구,12,0,30,27.75,,,317,11110,4
28,,2013,,,2018,(1392),숭인동,"11,000",종로구,12,0,1,18.64,,,1392,11110,9
29,,2013,,,2018,종로 동광모닝스카이,숭인동,"11,000",종로구,12,0,1,19.95,,,1421-1,11110,2
30,,2016,,,2018,아이비씨 호텔 앤 오피스텔,숭인동,"1,000",종로구,12,60,3,21.62,,,1396,11110,9
31,,2013,,,2018,버넷하임1,숭인동,"4,000",종로구,12,42,7,25.27,,,1421,11110,11
32,,2016,,,2018,아이비씨 호텔 앤 오피스텔,숭인동,"1,000",종로구,12,60,10,21.62,,,1396,11110,11
33,,2002,,,2018,수석컴비즈텔,숭인동,"3,000",종로구,12,30,14,26.46,,,55-6,11110,7
34,,2016,,,2018,아이비씨 호텔 앤 오피스텔,숭인동,"1,000",종로구,12,60,14,21.36,,,1396,11110,15
35,,2005,,,2018,동양파라빌,숭인동,500,종로구,12,60,21,24.93,,,1388,11110,6
36,,2016,,,2018,아폴리움 오피스텔,숭인동,"13,000",종로구,12,0,24,16.31,,,201-7,11110,6
37,,2013,,,2018,(1392),숭인동,"6,000",종로구,12,30,24,20.18,,,1392,11110,3
38,,2013,,,2018,(1392),숭인동,"12,000",종로구,12,0,28,20.18,,,1392,11110,4
39,,2013,,,2018,(1392),숭인동,"3,000",종로구,12,40,31,18.64,,,1392,11110,8
0,,1998,,,2019,파크뷰타워,필운동,"13,000",종로구,1,0,28,25.86,,,285-5,11110,7
1,,2004,,,2019,용비어천가,내수동,"21,000",종로구,1,0,2,28.19,,,75,11110,8
2,,2004,,,2019,경희궁의 아침 2단지,내수동,"21,500",종로구,1,0,7,29.41,,,71,11110,7
3,,2004,,,2019,경희궁의 아침 3단지,내수동,"10,000",종로구,1,50,7,37.5,,,72,11110,15
4,,2004,,,2019,경희궁의 아침 3단지,내수동,"10,000",종로구,1,50,7,37.5,,,72,11110,15
5,,2004,,,2019,경희궁의 아침 2단지,내수동,"1,000",종로구,1,80,9,32.43,,,71,11110,3
6,,2004,,,2019,경희궁의 아침 2단지,내수동,"1,000",종로구,1,85,14,32.43,,,71,11110,10
7,,2004,,,2019,용비어천가,내수동,"25,000",종로구,1,0,14,37.56,,,75,11110,14
8,,2004,,,2019,경희궁의 아침 3단지,내수동,"1,000",종로구,1,85,16,37.5,,,72,11110,11
9,,2004,,,2019,용비어천가,내수동,"12,000",종로구,1,50,20,28.19,,,75,11110,15
10,,2004,,,2019,경희궁의 아침 2단지,내수동,"15,000",종로구,1,110,23,57.8,,,71,11110,14
11,,2004,,,2019,용비어천가,내수동,"15,000",종로구,1,60,24,45.98,,,75,11110,10
12,,2004,,,2019,경희궁의 아침 2단지,내수동,"10,000",종로구,1,50,26,28.9,,,71,11110,15
13,,2004,,,2019,광화문시대,내수동,"1,000",종로구,1,80,29,32.01,,,74,11110,9
14,,2004,,,2019,용비어천가,내수동,"1,000",종로구,1,70,30,30.36,,,75,11110,9
15,,2004,,,2019,두산위브파빌리온,수송동,"15,000",종로구,1,30,18,53.16,,,58,11110,12
16,,2007,,,2019,르메이에르종로타운1,종로1가,"28,000",종로구,1,0,31,56.64,,,24,11110,10
17,,2004,,,2019,BIZ-WELL 종로 오피스텔,익선동,"1,000",종로구,1,60,5,23.14,,,34,11110,10
18,,2003,,,2019,코윈 팔레스뷰 오피스텔,원남동,"1,000",종로구,1,60,14,24.03,,,95,11110,4
19,,2019,,,2019,리베르떼_연지,연지동,"18,000",종로구,1,0,29,23.2,,,222,11110,8
20,,2003,,,2019,반도 보라 아이비 타워,효제동,"15,000",종로구,1,0,9,32.27,,,45,11110,7
21,,2003,,,2019,반도 보라 아이비 타워,효제동,"1,000",종로구,1,65,12,32.27,,,45,11110,4
22,,2003,,,2019,반도 보라 아이비 타워,효제동,"1,000",종로구,1,65,19,27.58,,,45,11110,6
23,,2003,,,2019,반도 보라 아이비 타워,효제동,"1,000",종로구,1,60,19,26.58,,,45,11110,7
24,,2003,,,2019,반도 보라 아이비 타워,효제동,"1,000",종로구,1,70,29,30.79,,,45,11110,5
25,,2001,,,2019,대보마로니에텔,연건동,"15,000",종로구,1,0,12,26.52,,,206,11110,9
26,,2013,,,2019,버넷하임1,숭인동,"12,500",종로구,1,0,3,24.77,,,1421,11110,6
27,,2016,,,2019,아폴리움 오피스텔,숭인동,"12,000",종로구,1,3,4,16.31,,,201-7,11110,7
28,,2016,,,2019,아이비씨 호텔 앤 오피스텔,숭인동,"1,000",종로구,1,60,4,21.36,,,1396,11110,17
29,,2013,,,2019,종로 아인스빌,숭인동,"12,500",종로구,1,0,5,17.88,,,1392-1,11110,5
30,,2005,,,2019,경일오피스텔,숭인동,"2,000",종로구,1,43,5,22.42,,,1367,11110,8
31,,2005,,,2019,경일오피스텔,숭인동,"2,000",종로구,1,43,7,22.42,,,1367,11110,14
32,,2014,,,2019,삼전솔하임4차,숭인동,"2,000",종로구,1,42,8,19.17,,,318-2,11110,9
33,,2005,,,2019,경일오피스텔,숭인동,"2,000",종로구,1,38,12,18.82,,,1367,11110,5
34,,2013,,,2019,(1392),숭인동,"11,000",종로구,1,0,12,18.64,,,1392,11110,4
35,,2005,,,2019,동양파라빌,숭인동,"6,000",종로구,1,30,15,24.93,,,1388,11110,6
36,,2013,,,2019,종로 아인스빌,숭인동,"12,500",종로구,1,0,15,17.88,,,1392-1,11110,4
37,,2014,,,2019,삼전솔하임4차,숭인동,"4,000",종로구,1,38,16,19.17,,,318-2,11110,8
38,,2012,,,2019,삼전솔하임2차,숭인동,"3,000",종로구,1,40,19,19.18,,,296-19,11110,3
39,,2016,,,2019,아이비씨 호텔 앤 오피스텔,숭인동,"1,200",종로구,1,105,19,43.29,,,1396,11110,16
40,,2016,,,2019,아이비씨 호텔 앤 오피스텔,숭인동,"1,000",종로구,1,60,19,21.36,,,1396,11110,8
41,,2014,,,2019,삼전솔하임4차,숭인동,"1,000",종로구,1,50,21,19.17,,,318-2,11110,4
42,,2016,,,2019,아이비씨 호텔 앤 오피스텔,숭인동,"1,000",종로구,1,60,23,21.36,,,1396,11110,12
43,,2004,,,2019,종로대우디오빌,숭인동,"12,000",종로구,1,0,23,36.87,,,310,11110,11
44,,2016,,,2019,아이비씨 호텔 앤 오피스텔,숭인동,"1,200",종로구,1,105,23,43.29,,,1396,11110,16
45,,2014,,,2019,삼전솔하임4차,숭인동,"3,500",종로구,1,35,26,19.17,,,318-2,11110,3
46,,2013,,,2019,종로유케이201,숭인동,"10,000",종로구,1,0,28,15.15,,,201-11,11110,4
47,,2013,,,2019,(1392),숭인동,"5,000",종로구,1,35,29,20.18,,,1392,11110,4
48,,2013,,,2019,종로 아인스빌,숭인동,"1,000",종로구,1,55,29,17.88,,,1392-1,11110,8
49,,2016,,,2019,아폴리움 오피스텔,숭인동,"13,000",종로구,1,0,30,16.31,,,201-7,11110,5
50,,2005,,,2019,경일오피스텔,숭인동,"2,000",종로구,1,41,31,20.14,,,1367,11110,8
51,,2002,,,2019,캐피탈오피스텔,부암동,"1,000",종로구,1,50,14,24.53,,,154-2,11110,1
52,,2002,,,2019,캐피탈오피스텔,부암동,"9,000",종로구,1,0,22,24.53,,,154-2,11110,3
53,,2005,,,2019,세검정아트오피스텔,홍지동,"2,000",종로구,1,90,16,63.81,,,104-21,11110,4
0,,2004,,,2019,광화문시대,내수동,"1,000",종로구,2,75,1,30.08,,,74,11110,18
1,,2004,,,2019,경희궁의 아침 3단지,내수동,"24,000",종로구,2,0,13,37.5,,,72,11110,14
2,,2004,,,2019,경희궁의 아침 2단지,내수동,"35,000",종로구,2,0,15,51.02,,,71,11110,6
3,,2004,,,2019,용비어천가,내수동,"24,000",종로구,2,0,15,37.56,,,75,11110,3
4,,2004,,,2019,용비어천가,내수동,"15,000",종로구,2,40,27,37.56,,,75,11110,2
5,,2004,,,2019,BIZ-WELL 종로 오피스텔,익선동,500,종로구,2,55,18,17.2,,,34,11110,7
6,,2005,,,2019,운현궁 에스케이 허브,경운동,"1,000",종로구,2,75,11,23.87,,,89-4,11110,6
7,,2005,,,2019,운현궁 에스케이 허브,경운동,"14,500",종로구,2,0,22,23.66,,,89-4,11110,7
8,,2005,,,2019,운현궁 에스케이 허브,경운동,"1,000",종로구,2,85,26,30.28,,,89-4,11110,9
9,,2006,,,2019,효성주얼리시티,인의동,"24,000",종로구,2,0,28,66.85,,,48-2,11110,5
10,,2019,,,2019,리베르떼_연지,연지동,"18,000",종로구,2,0,7,23.2,,,222,11110,7
11,,2019,,,2019,리베르떼_연지,연지동,"16,000",종로구,2,0,7,19.93,,,222,11110,8
12,,2019,,,2019,리베르떼_연지,연지동,"16,000",종로구,2,0,7,19.93,,,222,11110,7
13,,2019,,,2019,리베르떼_연지,연지동,"18,000",종로구,2,0,7,23.2,,,222,11110,5
14,,2019,,,2019,리베르떼_연지,연지동,"19,000",종로구,2,0,8,23.9,,,222,11110,7
15,,2019,,,2019,리베르떼_연지,연지동,"1,000",종로구,2,80,9,23.2,,,222,11110,2
16,,2019,,,2019,리베르떼_연지,연지동,"20,500",종로구,2,0,11,27.5,,,222,11110,7
17,,2019,,,2019,리베르떼_연지,연지동,"20,000",종로구,2,0,11,27.5,,,222,11110,3
18,,2019,,,2019,리베르떼_연지,연지동,"21,000",종로구,2,0,11,27.3,,,222,11110,7
19,,2019,,,2019,리베르떼_연지,연지동,"16,000",종로구,2,0,12,19.93,,,222,11110,3
20,,2019,,,2019,리베르떼_연지,연지동,"18,000",종로구,2,0,13,23.2,,,222,11110,3
21,,2019,,,2019,리베르떼_연지,연지동,"18,500",종로구,2,0,14,23.9,,,222,11110,3
22,,2019,,,2019,리베르떼_연지,연지동,"19,000",종로구,2,0,14,23.9,,,222,11110,8
23,,2019,,,2019,리베르떼_연지,연지동,"18,500",종로구,2,0,19,23.2,,,222,11110,6
24,,2019,,,2019,리베르떼_연지,연지동,"19,000",종로구,2,0,20,23.9,,,222,11110,4
25,,2019,,,2019,리베르떼_연지,연지동,"18,000",종로구,2,0,23,23.2,,,222,11110,4
26,,2019,,,2019,리베르떼_연지,연지동,"20,500",종로구,2,0,23,27.3,,,222,11110,3
27,,2019,,,2019,리베르떼_연지,연지동,"16,000",종로구,2,0,25,19.93,,,222,11110,4
28,,2003,,,2019,반도 보라 아이비 타워,효제동,"1,000",종로구,2,65,7,26.58,,,45,11110,9
29,,2003,,,2019,반도 보라 아이비 타워,효제동,"1,000",종로구,2,62,8,26.58,,,45,11110,6
30,,2001,,,2019,대보마로니에텔,연건동,"1,000",종로구,2,60,19,25.04,,,206,11110,6
31,,2001,,,2019,대보마로니에텔,연건동,"1,000",종로구,2,65,20,26.52,,,206,11110,5
32,,2001,,,2019,대보마로니에텔,연건동,"1,000",종로구,2,60,25,26.52,,,206,11110,12
33,,2016,,,2019,아이비씨 호텔 앤 오피스텔,숭인동,"1,000",종로구,2,60,1,21.45,,,1396,11110,9
34,,2002,,,2019,수석컴비즈텔,숭인동,"8,500",종로구,2,0,8,26.31,,,55-6,11110,6
35,,2013,,,2019,(1392),숭인동,"12,000",종로구,2,0,9,20.18,,,1392,11110,6
36,,2004,,,2019,롯데캐슬 천지인,숭인동,"4,000",종로구,2,60,9,39.6,,,76,11110,10
37,,2002,,,2019,수석컴비즈텔,숭인동,"5,000",종로구,2,25,9,30.12,,,55-6,11110,4
38,,2013,,,2019,종로유케이201,숭인동,"10,000",종로구,2,0,9,15.25,,,201-11,11110,4
39,,2005,,,2019,동양파라빌,숭인동,500,종로구,2,60,11,24.93,,,1388,11110,5
40,,2005,,,2019,동양파라빌,숭인동,"12,000",종로구,2,0,12,27.09,,,1388,11110,4
41,,2013,,,2019,버넷하임1,숭인동,"13,000",종로구,2,0,14,24.65,,,1421,11110,6
42,,2016,,,2019,아이비씨 호텔 앤 오피스텔,숭인동,"1,000",종로구,2,60,15,21.36,,,1396,11110,14
43,,2016,,,2019,아폴리움 오피스텔,숭인동,"12,500",종로구,2,0,15,16.31,,,201-7,11110,9
44,,2003,,,2019,(317-35),숭인동,"4,500",종로구,2,0,18,13.86,,,317-35,11110,4
45,,2005,,,2019,경일오피스텔,숭인동,"2,000",종로구,2,43,20,22.55,,,1367,11110,10
46,,2004,,,2019,종로대우디오빌,숭인동,"13,000",종로구,2,0,20,29.65,,,310,11110,15
47,,2004,,,2019,종로대우디오빌,숭인동,"1,000",종로구,2,65,21,30.17,,,310,11110,9
48,,2016,,,2019,아이비씨 호텔 앤 오피스텔,숭인동,"12,500",종로구,2,0,22,21.45,,,1396,11110,9
49,,2016,,,2019,아이비씨 호텔 앤 오피스텔,숭인동,"1,000",종로구,2,60,22,21.62,,,1396,11110,9
50,,2004,,,2019,종로대우디오빌,숭인동,"13,000",종로구,2,0,23,36.87,,,310,11110,8
51,,2014,,,2019,숭인한양LEEPS,숭인동,"1,000",종로구,2,55,23,17.07,,,1421-2,11110,16
52,,2016,,,2019,아이비씨 호텔 앤 오피스텔,숭인동,"12,500",종로구,2,0,25,23.24,,,1396,11110,13
53,,2016,,,2019,아이비씨 호텔 앤 오피스텔,숭인동,"12,500",종로구,2,0,25,21.36,,,1396,11110,12
54,,2016,,,2019,아이비씨 호텔 앤 오피스텔,숭인동,"12,500",종로구,2,0,25,21.36,,,1396,11110,15
55,,2016,,,2019,아이비씨 호텔 앤 오피스텔,숭인동,"12,500",종로구,2,0,26,21.36,,,1396,11110,10
56,,2005,,,2019,엘리시앙오피스텔,숭인동,500,종로구,2,55,26,28.38,,,200-33,11110,4
57,,2016,,,2019,아이비씨 호텔 앤 오피스텔,숭인동,"12,500",종로구,2,0,28,21.62,,,1396,11110,14
58,,2016,,,2019,아이비씨 호텔 앤 오피스텔,숭인동,"12,500",종로구,2,0,28,21.62,,,1396,11110,16
59,,2002,,,2019,캐피탈오피스텔,부암동,"2,000",종로구,2,40,1,24.53,,,154-2,11110,3
60,,2002,,,2019,캐피탈오피스텔,부암동,"1,000",종로구,2,50,14,24.53,,,154-2,11110,4
61,,2002,,,2019,캐피탈오피스텔,부암동,"1,000",종로구,2,50,18,26.16,,,154-2,11110,3
0,,1998,,,2019,파크뷰타워,필운동,"1,000",종로구,3,55,7,24.3,,,285-5,11110,8
1,,2004,,,2019,용비어천가,내수동,"26,000",종로구,3,0,6,41.38,,,75,11110,14
2,,2004,,,2019,경희궁의 아침 3단지,내수동,"24,000",종로구,3,0,12,37.5,,,72,11110,14
3,,2004,,,2019,용비어천가,내수동,"1,000",종로구,3,95,15,33,,,75,11110,16
4,,2004,,,2019,경희궁의 아침 4단지,내수동,"1,000",종로구,3,110,15,41.74,,,73,11110,11
5,,2004,,,2019,용비어천가,내수동,"26,000",종로구,3,0,16,37.56,,,75,11110,18
6,,2004,,,2019,용비어천가,내수동,"23,200",종로구,3,0,16,33,,,75,11110,18
7,,2004,,,2019,용비어천가,내수동,"10,000",종로구,3,55,20,37.56,,,75,11110,7
8,,2004,,,2019,경희궁의 아침 3단지,내수동,"6,000",종로구,3,60,21,37.5,,,72,11110,7
9,,2004,,,2019,경희궁의 아침 3단지,내수동,"6,000",종로구,3,60,22,37.5,,,72,11110,7
10,,2004,,,2019,경희궁의 아침 4단지,내수동,"13,000",종로구,3,75,25,56.48,,,73,11110,16
11,,2004,,,2019,용비어천가,내수동,"23,500",종로구,3,0,25,37.56,,,75,11110,6
12,,2004,,,2019,광화문시대,내수동,"25,000",종로구,3,0,27,40.26,,,74,11110,13
13,,2004,,,2019,두산위브파빌리온,수송동,"2,000",종로구,3,85,20,35.22,,,58,11110,7
14,,2008,,,2019,종로1가 대성스카이렉스,견지동,"24,500",종로구,3,0,19,40.45,,,110,11110,11
15,,2008,,,2019,종로1가 대성스카이렉스,견지동,"24,500",종로구,3,0,27,40.45,,,110,11110,11
16,,2005,,,2019,운현궁 에스케이 허브,경운동,"1,000",종로구,3,100,13,41.12,,,89-4,11110,9
17,,2019,,,2019,리베르떼_연지,연지동,"20,500",종로구,3,0,11,27.3,,,222,11110,2
18,,2019,,,2019,리베르떼_연지,연지동,"21,000",종로구,3,0,15,27.5,,,222,11110,6
19,,2019,,,2019,리베르떼_연지,연지동,"18,500",종로구,3,0,23,23.2,,,222,11110,6
20,,2016,,,2019,아이비씨 호텔 앤 오피스텔,숭인동,"12,500",종로구,3,0,1,21.36,,,1396,11110,11
21,,2005,,,2019,동양파라빌,숭인동,"1,000",종로구,3,60,1,27.09,,,1388,11110,9
22,,2014,,,2019,숭인한양LEEPS,숭인동,500,종로구,3,53,1,17.07,,,1421-2,11110,17
23,,2016,,,2019,아이비씨 호텔 앤 오피스텔,숭인동,"12,500",종로구,3,0,4,21.45,,,1396,11110,15
24,,2016,,,2019,아이비씨 호텔 앤 오피스텔,숭인동,"12,500",종로구,3,0,4,21.45,,,1396,11110,16
25,,2016,,,2019,아이비씨 호텔 앤 오피스텔,숭인동,"12,500",종로구,3,0,4,21.45,,,1396,11110,17
26,,2016,,,2019,아이비씨 호텔 앤 오피스텔,숭인동,"12,500",종로구,3,0,5,21.62,,,1396,11110,15
27,,2016,,,2019,아이비씨 호텔 앤 오피스텔,숭인동,"12,500",종로구,3,0,6,21.62,,,1396,11110,16
28,,2014,,,2019,삼전솔하임4차,숭인동,"1,000",종로구,3,55,7,19.17,,,318-2,11110,7
29,,2016,,,2019,아이비씨 호텔 앤 오피스텔,숭인동,"12,500",종로구,3,0,7,23.24,,,1396,11110,15
30,,2004,,,2019,종로대우디오빌,숭인동,"5,000",종로구,3,45,8,29.65,,,310,11110,11
31,,2005,,,2019,동양파라빌,숭인동,"12,000",종로구,3,0,8,24.93,,,1388,11110,5
32,,2004,,,2019,종로대우디오빌,숭인동,500,종로구,3,65,8,28.89,,,310,11110,4
33,,2016,,,2019,아폴리움 오피스텔,숭인동,500,종로구,3,55,9,15.2,,,201-7,11110,11
34,,2004,,,2019,롯데캐슬 천지인,숭인동,"2,000",종로구,3,75,14,39.6,,,76,11110,15
35,,2004,,,2019,롯데캐슬 천지인,숭인동,"1,000",종로구,3,80,14,39.6,,,76,11110,5
36,,2013,,,2019,버넷하임1,숭인동,"4,000",종로구,3,40,15,24.65,,,1421,11110,11
37,,2005,,,2019,경일오피스텔,숭인동,"2,500",종로구,3,40,16,22.97,,,1367,11110,8
38,,2004,,,2019,롯데캐슬 천지인,숭인동,"2,000",종로구,3,75,19,39.6,,,76,11110,25
39,,2004,,,2019,롯데캐슬 천지인,숭인동,"1,000",종로구,3,80,22,39.6,,,76,11110,22
40,,2016,,,2019,아폴리움 오피스텔,숭인동,"1,000",종로구,3,53,23,16.31,,,201-7,11110,11
41,,2013,,,2019,종로유케이201,숭인동,"10,000",종로구,3,0,23,15.24,,,201-11,11110,4
42,,2014,,,2019,삼전솔하임4차,숭인동,"12,500",종로구,3,0,25,19.17,,,318-2,11110,7
43,,2016,,,2019,아폴리움 오피스텔,숭인동,"12,000",종로구,3,0,26,15.2,,,201-7,11110,5
44,,2014,,,2019,숭인한양LEEPS,숭인동,"3,000",종로구,3,45,27,17.07,,,1421-2,11110,15
45,,2005,,,2019,동양파라빌,숭인동,"2,000",종로구,3,85,27,40.5,,,1388,11110,14
46,,2016,,,2019,아이비씨 호텔 앤 오피스텔,숭인동,"1,000",종로구,3,60,27,21.45,,,1396,11110,11
47,,2004,,,2019,종로대우디오빌,숭인동,"1,000",종로구,3,65,28,28.89,,,310,11110,13
48,,2016,,,2019,아이비씨 호텔 앤 오피스텔,숭인동,"1,000",종로구,3,60,28,21.36,,,1396,11110,13
49,,2013,,,2019,그레이스탑,숭인동,"3,000",종로구,3,45,30,20.16,,,178-94,11110,5
50,,2002,,,2019,캐피탈오피스텔,부암동,"1,000",종로구,3,45,16,26.16,,,154-2,11110,4
51,,2005,,,2019,세검정아트오피스텔,홍지동,"7,000",종로구,3,0,14,45.1,,,104-21,11110,2
0,,2008,,,2019,광화문 풍림스페이스본,사직동,"5,000",종로구,4,80,24,39.54,,,9,11110,9
1,,2004,,,2019,용비어천가,내수동,"10,000",종로구,4,60,4,45.98,,,75,11110,11
2,,2004,,,2019,용비어천가,내수동,"13,000",종로구,4,50,12,37.56,,,75,11110,4
3,,2004,,,2019,경희궁의 아침 2단지,내수동,"23,000",종로구,4,0,13,32.43,,,71,11110,2
4,,2004,,,2019,경희궁의 아침 3단지,내수동,"23,000",종로구,4,0,15,37.5,,,72,11110,14
5,,2004,,,2019,광화문시대,내수동,"1,000",종로구,4,85,18,32.97,,,74,11110,16
6,,2004,,,2019,경희궁의 아침 4단지,내수동,"1,000",종로구,4,75,24,28.24,,,73,11110,13
7,,2004,,,2019,BIZ-WELL 종로 오피스텔,익선동,500,종로구,4,60,29,23.14,,,34,11110,5
8,,2006,,,2019,효성주얼리시티,인의동,"4,000",종로구,4,60,29,32,,,48-2,11110,4
9,,2019,,,2019,리베르떼_연지,연지동,"20,500",종로구,4,0,1,27.3,,,222,11110,5
10,,2019,,,2019,리베르떼_연지,연지동,"22,000",종로구,4,0,4,27.3,,,222,11110,8
11,,2019,,,2019,리베르떼_연지,연지동,"21,500",종로구,4,0,5,27.3,,,222,11110,4
12,,2015,,,2019,아르젠종로,연지동,"1,000",종로구,4,63,6,15.83,,,163-3,11110,8
13,,2019,,,2019,리베르떼_연지,연지동,"21,000",종로구,4,0,9,27.3,,,222,11110,6
14,,2019,,,2019,리베르떼_연지,연지동,"20,500",종로구,4,0,17,27.5,,,222,11110,5
15,,2003,,,2019,반도 보라 아이비 타워,효제동,"1,000",종로구,4,65,29,26.58,,,45,11110,11
16,,2016,,,2019,아이비씨 호텔 앤 오피스텔,숭인동,"1,000",종로구,4,60,2,21.36,,,1396,11110,13
17,,2016,,,2019,아폴리움 오피스텔,숭인동,500,종로구,4,55,2,16.31,,,201-7,11110,12
18,,2016,,,2019,아이비씨 호텔 앤 오피스텔,숭인동,"12,500",종로구,4,0,3,21.59,,,1396,11110,17
19,,2016,,,2019,아이비씨 호텔 앤 오피스텔,숭인동,"12,500",종로구,4,0,3,21.36,,,1396,11110,11
20,,2013,,,2019,(1392),숭인동,"11,000",종로구,4,0,5,18.64,,,1392,11110,6
21,,2004,,,2019,롯데캐슬 천지인,숭인동,"2,000",종로구,4,65,5,39.6,,,76,11110,11
22,,2013,,,2019,종로 동광모닝스카이,숭인동,"3,500",종로구,4,31,6,19.95,,,1421-1,11110,4
23,,2005,,,2019,동양파라빌,숭인동,"1,000",종로구,4,55,8,24.93,,,1388,11110,13
24,,2005,,,2019,동양파라빌,숭인동,"1,000",종로구,4,60,9,27.09,,,1388,11110,11
25,,2003,,,2019,(317-35),숭인동,"3,000",종로구,4,20,9,13.86,,,317-35,11110,6
26,,2004,,,2019,종로대우디오빌,숭인동,"6,000",종로구,4,40,10,36.87,,,310,11110,11
27,,2005,,,2019,동양파라빌,숭인동,"1,000",종로구,4,58,16,27.09,,,1388,11110,2
28,,2005,,,2019,동양파라빌,숭인동,"12,000",종로구,4,0,16,24.93,,,1388,11110,7
29,,2016,,,2019,아이비씨 호텔 앤 오피스텔,숭인동,"12,500",종로구,4,0,17,21.45,,,1396,11110,14
30,,2005,,,2019,동양파라빌,숭인동,"1,000",종로구,4,55,19,24.93,,,1388,11110,4
31,,2005,,,2019,경일오피스텔,숭인동,"2,000",종로구,4,38,19,18.82,,,1367,11110,9
32,,2013,,,2019,(1392),숭인동,"5,000",종로구,4,35,20,20.18,,,1392,11110,5
33,,2013,,,2019,종로 아인스빌,숭인동,"12,000",종로구,4,0,20,17.88,,,1392-1,11110,5
34,,2014,,,2019,숭인한양LEEPS,숭인동,"1,000",종로구,4,55,20,17.07,,,1421-2,11110,16
35,,2013,,,2019,버넷하임1,숭인동,"13,500",종로구,4,0,22,24.77,,,1421,11110,2
36,,2013,,,2019,(1392),숭인동,"6,000",종로구,4,20,24,18.64,,,1392,11110,5
37,,2005,,,2019,동양파라빌,숭인동,"1,000",종로구,4,60,25,27.09,,,1388,11110,9
38,,2014,,,2019,숭인한양LEEPS,숭인동,"3,000",종로구,4,40,26,17.07,,,1421-2,11110,13
39,,2004,,,2019,종로대우디오빌,숭인동,"1,000",종로구,4,65,26,29.65,,,310,11110,13
40,,2016,,,2019,아이비씨 호텔 앤 오피스텔,숭인동,"1,000",종로구,4,60,29,21.36,,,1396,11110,8
41,,2017,,,2019,경희궁자이,교북동,"28,000",종로구,4,0,25,27.62,,,126,11110,2
0,,1998,,,2019,파크뷰타워,필운동,"13,000",종로구,5,0,3,25.65,,,285-5,11110,5
1,,2008,,,2019,광화문 풍림스페이스본,사직동,"5,000",종로구,5,75,6,39.54,,,9,11110,5
2,,2008,,,2019,광화문 풍림스페이스본,사직동,"10,000",종로구,5,60,14,39.54,,,9,11110,5
3,,2004,,,2019,용비어천가,내수동,"5,000",종로구,5,60,10,34.45,,,75,11110,12
4,,2004,,,2019,광화문시대,내수동,"10,000",종로구,5,55,15,31.75,,,74,11110,2
5,,2004,,,2019,경희궁의 아침 3단지,내수동,"22,000",종로구,5,0,18,37.5,,,72,11110,2
6,,2004,,,2019,경희궁의 아침 2단지,내수동,"40,000",종로구,5,0,23,57.8,,,71,11110,10
7,,2004,,,2019,경희궁의 아침 2단지,내수동,"1,000",종로구,5,85,28,32.43,,,71,11110,7
8,,2004,,,2019,용비어천가,내수동,"22,000",종로구,5,0,29,37.56,,,75,11110,13
9,,2004,,,2019,광화문시대,내수동,"23,000",종로구,5,0,30,33.3,,,74,11110,4
10,,2004,,,2019,BIZ-WELL 종로 오피스텔,익선동,"1,000",종로구,5,70,23,32.12,,,34,11110,2
11,,2004,,,2019,BIZ-WELL 종로 오피스텔,익선동,"1,000",종로구,5,55,27,23.27,,,34,11110,9
12,,2005,,,2019,운현궁 에스케이 허브,경운동,"20,000",종로구,5,0,3,32.64,,,89-4,11110,10
13,,2005,,,2019,운현궁 에스케이 허브,경운동,"20,500",종로구,5,0,12,34.15,,,89-4,11110,5
14,,2005,,,2019,운현궁 에스케이 허브,경운동,"15,000",종로구,5,0,20,23.66,,,89-4,11110,8
15,,2005,,,2019,종로1번가,관철동,"7,000",종로구,5,45,9,30.04,,,155,11110,7
16,,2003,,,2019,코윈 팔레스뷰 오피스텔,원남동,"3,000",종로구,5,40,3,21.01,,,95,11110,9
17,,2003,,,2019,코윈 팔레스뷰 오피스텔,원남동,"2,000",종로구,5,55,12,21.01,,,95,11110,6
18,,2003,,,2019,반도 보라 아이비 타워,효제동,"5,000",종로구,5,35,11,30.94,,,45,11110,3
19,,2016,,,2019,아이비씨 호텔 앤 오피스텔,숭인동,"1,000",종로구,5,60,2,21.59,,,1396,11110,11
20,,2005,,,2019,동양파라빌,숭인동,"12,000",종로구,5,0,6,24.93,,,1388,11110,9
21,,2013,,,2019,그레이스탑,숭인동,"1,000",종로구,5,50,9,23.01,,,178-94,11110,4
22,,2004,,,2019,종로대우디오빌,숭인동,"15,000",종로구,5,0,10,29.65,,,310,11110,4
23,,2016,,,2019,아이비씨 호텔 앤 오피스텔,숭인동,"1,000",종로구,5,60,15,21.45,,,1396,11110,10
24,,2013,,,2019,종로유케이201,숭인동,"2,000",종로구,5,40,16,15.15,,,201-11,11110,2
25,,2005,,,2019,엘리시앙오피스텔,숭인동,"6,000",종로구,5,30,16,30.36,,,200-33,11110,9
26,,2013,,,2019,종로 동광모닝스카이,숭인동,"11,000",종로구,5,0,18,19.95,,,1421-1,11110,4
27,,2005,,,2019,동양파라빌,숭인동,"3,000",종로구,5,45,20,27.09,,,1388,11110,6
28,,2004,,,2019,종로대우디오빌,숭인동,"5,000",종로구,5,35,20,29.65,,,310,11110,4
29,,2013,,,2019,(1392),숭인동,"12,000",종로구,5,0,20,20.18,,,1392,11110,9
30,,2002,,,2019,수석컴비즈텔,숭인동,"1,000",종로구,5,45,21,30.12,,,55-6,11110,4
31,,2013,,,2019,종로 동광모닝스카이,숭인동,"1,000",종로구,5,50,22,19.95,,,1421-1,11110,6
32,,2013,,,2019,그레이스탑,숭인동,"5,000",종로구,5,20,23,20.16,,,178-94,11110,2
33,,2013,,,2019,버넷하임1,숭인동,500,종로구,5,60,23,25.88,,,1421,11110,11
34,,2005,,,2019,경일오피스텔,숭인동,"2,000",종로구,5,38,25,18.82,,,1367,11110,12
35,,2005,,,2019,엘리시앙오피스텔,숭인동,500,종로구,5,48,26,20.64,,,200-33,11110,5
36,,2005,,,2019,동양파라빌,숭인동,"5,000",종로구,5,40,27,27.09,,,1388,11110,8
37,,2017,,,2019,경희궁자이,교북동,"1,000",종로구,5,85,1,25.66,,,126,11110,2
38,,2017,,,2019,경희궁자이,교북동,"1,000",종로구,5,100,13,31.75,,,126,11110,5
39,,2002,,,2019,타임730오피스텔,부암동,"2,000",종로구,5,50,18,34.06,,,129-8,11110,5
0,,2004,,,2019,경희궁의 아침 3단지,내수동,"23,000",종로구,6,0,1,37.5,,,72,11110,11
1,,2004,,,2019,용비어천가,내수동,"1,000",종로구,6,75,4,33,,,75,11110,3
2,,2004,,,2019,경희궁의 아침 3단지,내수동,"24,000",종로구,6,0,5,37.5,,,72,11110,16
3,,2004,,,2019,용비어천가,내수동,"5,000",종로구,6,70,6,37.56,,,75,11110,11
4,,2004,,,2019,경희궁의 아침 4단지,내수동,"1,000",종로구,6,75,12,28.24,,,73,11110,12
5,,2004,,,2019,용비어천가,내수동,"25,000",종로구,6,0,13,37.56,,,75,11110,18
6,,2004,,,2019,경희궁의 아침 2단지,내수동,"23,000",종로구,6,0,15,28.9,,,71,11110,13
7,,2004,,,2019,광화문시대,내수동,"1,000",종로구,6,110,18,38.88,,,74,11110,2
8,,2004,,,2019,경희궁의 아침 2단지,내수동,"20,000",종로구,6,0,21,32.43,,,71,11110,2
9,,2004,,,2019,경희궁의 아침 2단지,내수동,"20,000",종로구,6,0,25,32.43,,,71,11110,13
10,,2004,,,2019,경희궁의 아침 2단지,내수동,"43,000",종로구,6,0,28,57.8,,,71,11110,7
11,,2002,,,2019,(33-6),익선동,"6,000",종로구,6,0,5,20.82,,,33-6,11110,2
12,,2004,,,2019,BIZ-WELL 종로 오피스텔,익선동,"1,000",종로구,6,55,20,18.89,,,34,11110,9
13,,2004,,,2019,BIZ-WELL 종로 오피스텔,익선동,"1,000",종로구,6,55,24,17.42,,,34,11110,5
14,,2005,,,2019,운현궁 에스케이 허브,경운동,"19,000",종로구,6,0,14,35.36,,,89-4,11110,10
15,,2005,,,2019,운현궁 에스케이 허브,경운동,"1,000",종로구,6,90,28,39.2,,,89-4,11110,5
16,,2013,,,2019,버넷하임1,숭인동,"4,000",종로구,6,40,1,25.27,,,1421,11110,7
17,,2005,,,2019,동양파라빌,숭인동,500,종로구,6,65,1,27.09,,,1388,11110,10
18,,2005,,,2019,동양파라빌,숭인동,"1,000",종로구,6,60,5,27.09,,,1388,11110,12
19,,2016,,,2019,아폴리움 오피스텔,숭인동,"1,000",종로구,6,55,6,16.31,,,201-7,11110,8
20,,2016,,,2019,아이비씨 호텔 앤 오피스텔,숭인동,"1,000",종로구,6,60,8,21.59,,,1396,11110,15
21,,2013,,,2019,종로 중흥 S클래스,숭인동,"1,000",종로구,6,55,9,22.44,,,202-3,11110,4
22,,2016,,,2019,아이비씨 호텔 앤 오피스텔,숭인동,"1,000",종로구,6,60,12,21.59,,,1396,11110,8
23,,2012,,,2019,삼전솔하임2차,숭인동,"3,000",종로구,6,40,12,19.18,,,296-19,11110,3
24,,2013,,,2019,버넷하임1,숭인동,"1,000",종로구,6,55,12,24.65,,,1421,11110,8
25,,2005,,,2019,경일오피스텔,숭인동,"2,000",종로구,6,38,14,18.82,,,1367,11110,13
26,,2004,,,2019,롯데캐슬 천지인,숭인동,"1,000",종로구,6,80,17,39.6,,,76,11110,5
27,,2016,,,2019,아폴리움 오피스텔,숭인동,"1,500",종로구,6,50,19,16.31,,,201-7,11110,5
28,,2005,,,2019,동양파라빌,숭인동,"4,500",종로구,6,35,19,24.93,,,1388,11110,7
29,,2019,,,2019,케이디오피스텔,숭인동,"8,000",종로구,6,30,20,18.56,,,217-26,11110,6
30,,2013,,,2019,종로 동광모닝스카이,숭인동,"12,000",종로구,6,0,21,19.95,,,1421-1,11110,4
31,,2013,,,2019,종로 동광모닝스카이,숭인동,"3,000",종로구,6,40,25,19.95,,,1421-1,11110,6
32,,2005,,,2019,경일오피스텔,숭인동,"2,000",종로구,6,38,25,18.82,,,1367,11110,3
33,,2005,,,2019,경일오피스텔,숭인동,"1,000",종로구,6,48,26,20.14,,,1367,11110,12
34,,2016,,,2019,아이비씨 호텔 앤 오피스텔,숭인동,"1,000",종로구,6,60,27,21.36,,,1396,11110,14
35,,2004,,,2019,롯데캐슬 천지인,숭인동,"1,000",종로구,6,85,28,39.6,,,76,11110,21
36,,2005,,,2019,엘리시앙오피스텔,숭인동,"2,000",종로구,6,50,28,30.36,,,200-33,11110,7
37,,2013,,,2019,종로 중흥 S클래스,숭인동,"4,000",종로구,6,40,29,23.97,,,202-3,11110,3
38,,2003,,,2019,오피스텔 천지인,평창동,"3,000",종로구,6,20,29,23.4,,,289-5,11110,4
0,,2008,,,2019,광화문 풍림스페이스본,사직동,"25,000",종로구,7,0,26,39.54,,,9,11110,2
1,,2004,,,2019,경희궁의 아침 3단지,내수동,"10,000",종로구,7,55,3,37.5,,,72,11110,13
2,,2004,,,2019,용비어천가,내수동,"25,000",종로구,7,0,15,37.56,,,75,11110,9
3,,2004,,,2019,광화문시대,내수동,"10,000",종로구,7,60,18,34.9,,,74,11110,2
4,,2004,,,2019,경희궁의 아침 4단지,내수동,"19,000",종로구,7,0,19,28.24,,,73,11110,4
5,,2004,,,2019,광화문시대,내수동,"10,000",종로구,7,50,23,34.9,,,74,11110,15
6,,2004,,,2019,용비어천가,내수동,"1,000",종로구,7,100,24,37.56,,,75,11110,17
7,,2008,,,2019,종로1가 대성스카이렉스,견지동,"5,000",종로구,7,300,19,40.45,,,110,11110,9
8,,2004,,,2019,BIZ-WELL 종로 오피스텔,익선동,"1,000",종로구,7,58,13,23.14,,,34,11110,3
9,,2019,,,2019,드래곤팰리스,돈의동,"28,000",종로구,7,18,24,33.52,,,41-1,11110,10
10,,2006,,,2019,효성주얼리시티,인의동,"3,000",종로구,7,110,2,60.37,,,48-2,11110,6
11,,2003,,,2019,코윈 팔레스뷰 오피스텔,원남동,"1,000",종로구,7,60,9,24.03,,,95,11110,9
12,,2003,,,2019,연지드림빌,연지동,"1,000",종로구,7,70,16,37.9,,,275-1,11110,5
13,,2019,,,2019,로얄파크뷰,연지동,"17,000",종로구,7,0,19,18.66,,,238-5,11110,7
14,,2019,,,2019,로얄파크뷰,연지동,"27,500",종로구,7,0,20,36.57,,,238-5,11110,8
15,,2019,,,2019,로얄파크뷰,연지동,"16,000",종로구,7,0,20,18.06,,,238-5,11110,2
16,,2019,,,2019,로얄파크뷰,연지동,"17,000",종로구,7,0,20,18.66,,,238-5,11110,8
17,,2019,,,2019,로얄파크뷰,연지동,"26,500",종로구,7,0,23,37.12,,,238-5,11110,2
18,,2019,,,2019,로얄파크뷰,연지동,"17,000",종로구,7,0,25,18.06,,,238-5,11110,6
19,,2011,,,2019,CS타워,충신동,"15,000",종로구,7,0,27,29.56,,,62-2,11110,4
20,,2013,,,2019,종로유케이201,숭인동,"10,000",종로구,7,0,1,15.49,,,201-11,11110,3
21,,2016,,,2019,아이비씨 호텔 앤 오피스텔,숭인동,"1,000",종로구,7,60,1,21.36,,,1396,11110,15
22,,2013,,,2019,종로유케이201,숭인동,"1,000",종로구,7,50,3,15.24,,,201-11,11110,5
23,,2005,,,2019,경일오피스텔,숭인동,"2,000",종로구,7,47,4,25.68,,,1367,11110,7
24,,2002,,,2019,수석컴비즈텔,숭인동,"8,000",종로구,7,0,5,23.84,,,55-6,11110,7
25,,2005,,,2019,엘리시앙오피스텔,숭인동,"11,000",종로구,7,0,6,27.36,,,200-33,11110,13
26,,2013,,,2019,(1392),숭인동,"3,000",종로구,7,45,6,20.18,,,1392,11110,8
27,,2005,,,2019,경일오피스텔,숭인동,"2,000",종로구,7,42,8,22.42,,,1367,11110,3
28,,2013,,,2019,버넷하임1,숭인동,"1,000",종로구,7,60,9,24.77,,,1421,11110,4
29,,2016,,,2019,아이비씨 호텔 앤 오피스텔,숭인동,"12,500",종로구,7,0,15,21.59,,,1396,11110,14
30,,2013,,,2019,종로 동광모닝스카이,숭인동,"12,500",종로구,7,0,16,19.95,,,1421-1,11110,4
31,,2016,,,2019,아이비씨 호텔 앤 오피스텔,숭인동,"1,000",종로구,7,60,17,21.45,,,1396,11110,18
32,,2016,,,2019,아이비씨 호텔 앤 오피스텔,숭인동,"1,000",종로구,7,60,17,21.45,,,1396,11110,11
33,,2005,,,2019,동양파라빌,숭인동,"1,000",종로구,7,53,17,24.93,,,1388,11110,6
34,,2005,,,2019,동양파라빌,숭인동,"1,000",종로구,7,60,19,27.09,,,1388,11110,13
35,,2004,,,2019,롯데캐슬 천지인,숭인동,"5,000",종로구,7,60,19,39.6,,,76,11110,14
36,,2005,,,2019,경일오피스텔,숭인동,"2,000",종로구,7,38,20,18.82,,,1367,11110,5
37,,2013,,,2019,(1392),숭인동,"5,000",종로구,7,25,20,18.64,,,1392,11110,3
38,,2013,,,2019,(1392),숭인동,"3,000",종로구,7,45,20,20.18,,,1392,11110,4
39,,2014,,,2019,숭인한양LEEPS,숭인동,"2,500",종로구,7,43,23,17.07,,,1421-2,11110,12
40,,2014,,,2019,숭인한양LEEPS,숭인동,"12,000",종로구,7,0,25,17.07,,,1421-2,11110,14
41,,2019,,,2019,케이디오피스텔,숭인동,"16,500",종로구,7,0,25,18.18,,,217-26,11110,3
42,,2013,,,2019,종로 동광모닝스카이,숭인동,"3,000",종로구,7,40,25,19.95,,,1421-1,11110,4
43,,2013,,,2019,버넷하임1,숭인동,"3,000",종로구,7,43,27,25.27,,,1421,11110,5
44,,2013,,,2019,종로 아인스빌,숭인동,"12,000",종로구,7,0,30,17.88,,,1392-1,11110,6
45,,2004,,,2019,종로대우디오빌,숭인동,"2,000",종로구,7,70,31,38.08,,,310,11110,12
46,,2004,,,2019,롯데캐슬 천지인,숭인동,"1,000",종로구,7,80,31,39.6,,,76,11110,6
47,,2017,,,2019,경희궁자이,교북동,"24,000",종로구,7,0,10,27.62,,,126,11110,5
48,,2002,,,2019,캐피탈오피스텔,부암동,"9,000",종로구,7,0,25,24.53,,,154-2,11110,3
0,,2008,,,2019,광화문 풍림스페이스본,사직동,"3,000",종로구,8,90,1,39.54,,,9,11110,6
1,,2008,,,2019,광화문 풍림스페이스본,사직동,"26,000",종로구,8,0,16,39.54,,,9,11110,3
2,,2008,,,2019,광화문 풍림스페이스본,사직동,"1,000",종로구,8,100,20,39.54,,,9,11110,3
3,,2004,,,2019,경희궁의 아침 2단지,내수동,"1,000",종로구,8,85,9,32.43,,,71,11110,3
4,,2004,,,2019,광화문시대,내수동,"1,000",종로구,8,100,13,40.26,,,74,11110,4
5,,2004,,,2019,경희궁의 아침 3단지,내수동,"25,000",종로구,8,0,13,62.92,,,72,11110,16
6,,2004,,,2019,광화문시대,내수동,"22,000",종로구,8,0,21,34.9,,,74,11110,11
7,,2004,,,2019,광화문시대,내수동,"21,000",종로구,8,0,28,32.97,,,74,11110,18
8,,2004,,,2019,경희궁의 아침 2단지,내수동,"1,000",종로구,8,88,30,32.43,,,71,11110,15
9,,2004,,,2019,BIZ-WELL 종로 오피스텔,익선동,500,종로구,8,58,23,17.2,,,34,11110,8
10,,2005,,,2019,운현궁 에스케이 허브,경운동,"1,000",종로구,8,90,13,39.2,,,89-4,11110,8
11,,2004,,,2019,나스빌,낙원동,"7,000",종로구,8,60,2,28.69,,,212,11110,7
12,,2019,,,2019,드래곤팰리스,돈의동,"21,000",종로구,8,0,10,23.07,,,41-1,11110,7
13,,2019,,,2019,드래곤팰리스,돈의동,"18,000",종로구,8,0,16,27.04,,,41-1,11110,6
14,,2019,,,2019,드래곤팰리스,돈의동,"1,000",종로구,8,75,17,23.07,,,41-1,11110,7
15,,2019,,,2019,드래곤팰리스,돈의동,"1,000",종로구,8,85,26,23.38,,,41-1,11110,8
16,,2019,,,2019,드래곤팰리스,돈의동,"2,000",종로구,8,100,30,27.04,,,41-1,11110,6
17,,2019,,,2019,드래곤팰리스,돈의동,"1,000",종로구,8,75,31,20.25,,,41-1,11110,8
18,,2003,,,2019,코윈 팔레스뷰 오피스텔,원남동,"13,000",종로구,8,0,4,24.03,,,95,11110,5
19,,2003,,,2019,코윈 팔레스뷰 오피스텔,원남동,"1,000",종로구,8,55,28,21.01,,,95,11110,5
20,,2019,,,2019,리베르떼_연지,연지동,"18,000",종로구,8,0,2,23.2,,,222,11110,7
21,,2019,,,2019,리베르떼_연지,연지동,"20,500",종로구,8,0,12,27.5,,,222,11110,5
22,,2019,,,2019,리베르떼_연지,연지동,"18,500",종로구,8,0,21,23.2,,,222,11110,6
23,,2015,,,2019,아르젠종로,연지동,"2,000",종로구,8,60,22,15.43,,,163-3,11110,4
24,,2019,,,2019,주함해븐타워,연지동,60,종로구,8,30,29,18.52,,,193-2,11110,2
25,,2015,,,2019,아르젠종로,연지동,"1,000",종로구,8,60,29,15.76,,,163-3,11110,5
26,,2019,,,2019,주함해븐타워 3동,연지동,60,종로구,8,37,29,22.07,,,111,11110,5
27,,2019,,,2019,주함해븐타워,연지동,60,종로구,8,32,29,18.52,,,193-1,11110,5
28,,2016,,,2019,아이비씨 호텔 앤 오피스텔,숭인동,"12,500",종로구,8,0,5,21.45,,,1396,11110,15
29,,2004,,,2019,롯데캐슬 천지인,숭인동,"21,000",종로구,8,0,6,39.6,,,76,11110,17
30,,2013,,,2019,종로 중흥 S클래스,숭인동,500,종로구,8,55,9,22.44,,,202-3,11110,2
31,,2013,,,2019,종로 아인스빌,숭인동,500,종로구,8,55,10,17.88,,,1392-1,11110,9
32,,2016,,,2019,아이비씨 호텔 앤 오피스텔,숭인동,"1,000",종로구,8,60,14,21.59,,,1396,11110,16
33,,2013,,,2019,(1392),숭인동,"12,000",종로구,8,0,14,20.18,,,1392,11110,3
34,,2004,,,2019,종로대우디오빌,숭인동,"1,000",종로구,8,80,14,38.08,,,310,11110,9
35,,2016,,,2019,아폴리움 오피스텔,숭인동,300,종로구,8,45,15,16.31,,,201-7,11110,12
36,,2014,,,2019,숭인한양LEEPS,숭인동,"1,000",종로구,8,55,16,17.07,,,1421-2,11110,14
37,,2005,,,2019,동양파라빌,숭인동,"1,000",종로구,8,60,16,27.09,,,1388,11110,13
38,,2016,,,2019,아폴리움 오피스텔,숭인동,"12,000",종로구,8,0,17,15.2,,,201-7,11110,8
39,,2014,,,2019,삼전솔하임4차,숭인동,"3,000",종로구,8,40,17,19.17,,,318-2,11110,5
40,,2013,,,2019,버넷하임1,숭인동,"2,000",종로구,8,60,20,34.49,,,1421,11110,2
41,,2019,,,2019,케이디오피스텔,숭인동,"12,000",종로구,8,18,20,18.18,,,217-26,11110,6
42,,2004,,,2019,롯데캐슬 천지인,숭인동,"22,000",종로구,8,0,21,39.6,,,76,11110,21
43,,2016,,,2019,아폴리움 오피스텔,숭인동,"12,000",종로구,8,0,21,16.31,,,201-7,11110,9
44,,2013,,,2019,종로유케이201,숭인동,"3,000",종로구,8,35,24,15.25,,,201-11,11110,5
45,,2014,,,2019,삼전솔하임4차,숭인동,"4,000",종로구,8,38,24,19.17,,,318-2,11110,8
46,,2013,,,2019,종로 동광모닝스카이,숭인동,"12,500",종로구,8,0,24,19.95,,,1421-1,11110,8
47,,2004,,,2019,종로대우디오빌,숭인동,"1,000",종로구,8,70,26,29.65,,,310,11110,13
48,,2004,,19.08~20.08,2019,롯데캐슬 천지인,숭인동,"1,000",종로구,8,80,28,39.6,,,76,11110,19
49,,2017,,,2019,경희궁자이,교북동,"23,000",종로구,8,0,5,25.91,,,126,11110,5
50,,2017,,,2019,경희궁자이,교북동,"1,000",종로구,8,90,6,25.91,,,126,11110,5
51,,2017,,,2019,경희궁자이,교북동,"24,000",종로구,8,0,22,25.66,,,126,11110,2
52,,2017,,,2019,경희궁자이,교북동,"21,000",종로구,8,0,22,25.91,,,126,11110,2
53,,2017,,,2019,경희궁자이,교북동,"26,000",종로구,8,0,27,25.66,,,126,11110,2
54,,2002,,,2019,캐피탈오피스텔,부암동,"16,000",종로구,8,0,3,49.05,,,154-2,11110,5
55,,2002,,,2019,타임730오피스텔,부암동,"14,000",종로구,8,0,8,31.27,,,129-8,11110,4
0,,1998,,,2019,파크뷰타워,필운동,"13,000",종로구,9,0,19,21.85,,,285-5,11110,7
1,,2004,,,2019,용비어천가,내수동,"6,000",종로구,9,70,11,37.56,,,75,11110,4
2,,2004,,,2019,경희궁의 아침 3단지,내수동,"43,000",종로구,9,0,16,62.92,,,72,11110,10
3,,2004,,,2019,용비어천가,내수동,"22,500",종로구,9,0,19,30.76,,,75,11110,7
4,,2004,,,2019,경희궁의 아침 4단지,내수동,"39,000",종로구,9,0,19,56.48,,,73,11110,9
5,,2004,,,2019,경희궁의 아침 3단지,내수동,"40,000",종로구,9,0,24,62.92,,,72,11110,12
6,,2004,,,2019,광화문시대,내수동,"1,000",종로구,9,85,25,33.3,,,74,11110,8
7,,2004,,,2019,용비어천가,내수동,"3,000",종로구,9,80,30,37.12,,,75,11110,8
8,,2019,,,2019,드래곤팰리스,돈의동,500,종로구,9,70,9,21.13,,,41-1,11110,3
9,,2019,,,2019,드래곤팰리스,돈의동,"1,000",종로구,9,80,28,20.25,,,41-1,11110,10
10,,2019,,,2019,드래곤팰리스,돈의동,500,종로구,9,85,28,23.07,,,41-1,11110,9
11,,2003,,,2019,코윈 팔레스뷰 오피스텔,원남동,"5,000",종로구,9,35,17,24.03,,,95,11110,5
12,,2019,,,2019,로얄파크뷰,연지동,"17,000",종로구,9,0,19,18.66,,,238-5,11110,6
13,,2003,,,2019,반도 보라 아이비 타워,효제동,"1,000",종로구,9,65,5,30.7,,,45,11110,6
14,,2004,,,2019,롯데캐슬 천지인,숭인동,"20,500",종로구,9,0,2,39.6,,,76,11110,13
15,,2005,,,2019,경일오피스텔,숭인동,"1,000",종로구,9,60,3,27.49,,,1367,11110,11
16,,2004,,,2019,종로대우디오빌,숭인동,"1,000",종로구,9,65,9,29.65,,,310,11110,15
17,,2013,,,2019,(1392),숭인동,"12,000",종로구,9,0,9,20.18,,,1392,11110,6
18,,2005,,,2019,동양파라빌,숭인동,"2,000",종로구,9,45,10,24.93,,,1388,11110,13
19,,2005,,,2019,동양파라빌,숭인동,500,종로구,9,60,17,27.09,,,1388,11110,3
20,,2004,,,2019,종로대우디오빌,숭인동,500,종로구,9,70,17,30.17,,,310,11110,5
21,,2013,,,2019,버넷하임1,숭인동,"1,000",종로구,9,52,17,25.88,,,1421,11110,7
22,,2005,,,2019,동양파라빌,숭인동,"1,000",종로구,9,55,20,24.93,,,1388,11110,6
23,,2017,,,2019,블루빌,숭인동,"24,500",종로구,9,0,21,46.36,,,243,11110,3
24,,2005,,,2019,경일오피스텔,숭인동,"2,000",종로구,9,38,21,18.82,,,1367,11110,8
25,,2004,,,2019,종로대우디오빌,숭인동,"1,000",종로구,9,65,23,29.65,,,310,11110,11
26,,2005,,,2019,경일오피스텔,숭인동,"2,000",종로구,9,38,24,20.14,,,1367,11110,3
27,,2013,,,2019,종로 아인스빌,숭인동,"3,000",종로구,9,40,25,17.88,,,1392-1,11110,8
28,,2013,,,2019,그레이스탑,숭인동,"7,500",종로구,9,0,27,20.16,,,178-94,11110,5
29,,2013,,,2019,종로 아인스빌,숭인동,500,종로구,9,55,28,17.88,,,1392-1,11110,7
30,,2016,,,2019,아폴리움 오피스텔,숭인동,"12,000",종로구,9,0,28,15.2,,,201-7,11110,5
31,,2012,,,2019,(317-21),숭인동,"7,000",종로구,9,95,30,68.27,,,317-21,11110,6
32,,2017,,,2019,경희궁자이,교북동,"1,000",종로구,9,85,16,25.66,,,126,11110,4
33,,2017,,,2019,경희궁자이,교북동,"1,000",종로구,9,100,17,25.91,,,126,11110,4
34,,2017,,,2019,경희궁자이,교북동,"2,000",종로구,9,75,24,25.91,,,126,11110,2
35,,2017,,,2019,경희궁자이,교북동,"1,000",종로구,9,83,24,25.66,,,126,11110,2
0,,1998,,,2019,파크뷰타워,필운동,"10,000",종로구,10,0,4,23.24,,,285-5,11110,2
1,,1998,,,2019,파크뷰타워,필운동,"13,000",종로구,10,0,20,21.85,,,285-5,11110,3
2,,1998,,,2019,파크뷰타워,필운동,"1,000",종로구,10,50,29,27.62,,,285-5,11110,3
3,,2008,,,2019,광화문 풍림스페이스본,사직동,"20,000",종로구,10,30,14,39.54,,,9,11110,4
4,,2004,,,2019,경희궁의 아침 2단지,내수동,"1,000",종로구,10,80,2,32.43,,,71,11110,15
5,,2004,,,2019,경희궁의 아침 2단지,내수동,"1,000",종로구,10,80,9,32.43,,,71,11110,10
6,,2004,,,2019,경희궁의 아침 2단지,내수동,"1,000",종로구,10,80,10,32.43,,,71,11110,9
7,,2004,,,2019,광화문시대,내수동,"28,000",종로구,10,0,12,38.88,,,74,11110,11
8,,2004,,,2019,용비어천가,내수동,"1,000",종로구,10,90,14,37.56,,,75,11110,18
9,,2004,,,2019,광화문시대,내수동,"1,000",종로구,10,100,15,38.88,,,74,11110,11
10,,2004,,,2019,경희궁의 아침 4단지,내수동,"5,000",종로구,10,66,16,28.24,,,73,11110,2
11,,2004,,,2019,광화문시대,내수동,"10,000",종로구,10,35,18,31.37,,,74,11110,16
12,,2004,,,2019,용비어천가,내수동,"25,000",종로구,10,0,22,37.56,,,75,11110,16
13,,2004,,,2019,광화문시대,내수동,"10,000",종로구,10,80,25,48.86,,,74,11110,8
14,,2004,,,2019,광화문시대,내수동,"15,000",종로구,10,30,26,34.9,,,74,11110,13
15,,2004,,,2019,광화문시대,내수동,"5,000",종로구,10,65,26,35.71,,,74,11110,9
16,,2004,,,2019,용비어천가,내수동,"21,000",종로구,10,0,31,27.92,,,75,11110,17
17,,2004,,,2019,두산위브파빌리온,수송동,"22,000",종로구,10,0,1,35.22,,,58,11110,10
18,,2004,,,2019,BIZ-WELL 종로 오피스텔,익선동,100,종로구,10,60,8,23.27,,,34,11110,7
19,,2005,,,2019,운현궁 에스케이 허브,경운동,"23,000",종로구,10,0,11,41.34,,,89-4,11110,8
20,,2005,,,2019,운현궁 에스케이 허브,경운동,"5,000",종로구,10,65,16,38.59,,,89-4,11110,7
21,,2005,,,2019,운현궁 에스케이 허브,경운동,"22,000",종로구,10,0,26,41.94,,,89-4,11110,5
22,,2019,,,2019,주함해븐타워 3동,연지동,60,종로구,10,33,21,20.19,,,111,11110,3
23,,2003,,,2019,반도 보라 아이비 타워,효제동,"1,000",종로구,10,65,5,26.58,,,45,11110,10
24,,2019,,,2019,BS타워,효제동,"18,000",종로구,10,0,19,19.83,,,193-1,11110,6
25,,2019,,,2019,BS타워,효제동,"16,500",종로구,10,0,28,19.83,,,193-1,11110,4
26,,2005,,,2019,동양파라빌,숭인동,500,종로구,10,60,1,27.09,,,1388,11110,5
27,,2016,,,2019,아이비씨 호텔 앤 오피스텔,숭인동,"12,500",종로구,10,0,1,21.36,,,1396,11110,15
28,,2005,,,2019,경일오피스텔,숭인동,"2,000",종로구,10,38,3,18.82,,,1367,11110,10
29,,2013,,,2019,그레이스탑,숭인동,"7,000",종로구,10,5,4,23.01,,,178-94,11110,3
30,,2005,,,2019,동양파라빌,숭인동,500,종로구,10,60,8,27.09,,,1388,11110,11
31,,2016,,,2019,아폴리움 오피스텔,숭인동,"5,000",종로구,10,30,10,16.31,,,201-7,11110,3
32,,2013,,,2019,(1392),숭인동,"2,000",종로구,10,47,12,20.18,,,1392,11110,9
33,,2005,,,2019,동양파라빌,숭인동,"12,000",종로구,10,0,14,24.93,,,1388,11110,5
34,,2016,,,2019,아이비씨 호텔 앤 오피스텔,숭인동,"1,000",종로구,10,60,21,21.59,,,1396,11110,16
35,,2016,,,2019,아이비씨 호텔 앤 오피스텔,숭인동,"12,500",종로구,10,0,21,21.59,,,1396,11110,10
36,,2013,,,2019,종로 아인스빌,숭인동,"12,000",종로구,10,0,22,17.88,,,1392-1,11110,5
37,,2004,,,2019,롯데캐슬 천지인,숭인동,"22,000",종로구,10,0,24,39.6,,,76,11110,10
38,,2019,,,2019,케이디오피스텔,숭인동,"1,000",종로구,10,60,28,18.18,,,217-26,11110,4
39,,2017,,,2019,블루빌,숭인동,"23,000",종로구,10,0,31,44.74,,,243,11110,2
40,,2017,,,2019,경희궁자이,교북동,"23,100",종로구,10,0,2,27.62,,,126,11110,2
41,,2017,,,2019,경희궁자이,교북동,"24,150",종로구,10,0,12,25.91,,,126,11110,2
42,,2017,,,2019,경희궁자이,교북동,"2,000",종로구,10,80,15,25.66,,,126,11110,2
43,,2017,,,2019,경희궁자이,교북동,"2,000",종로구,10,85,29,25.66,,,126,11110,5
44,,2002,,,2019,캐피탈오피스텔,부암동,"11,000",종로구,10,0,9,24.53,,,154-2,11110,3
0,,1998,,,2019,파크뷰타워,필운동,500,종로구,11,55,6,34.2,,,285-5,11110,9
1,,2008,,,2019,광화문 풍림스페이스본,사직동,"29,000",종로구,11,0,11,39.54,,,9,11110,5
2,,2004,,,2019,경희궁의 아침 2단지,내수동,"20,000",종로구,11,0,7,32.43,,,71,11110,2
3,,2004,,,2019,경희궁의 아침 3단지,내수동,"25,000",종로구,11,0,9,37.5,,,72,11110,12
4,,2004,,,2019,광화문시대,내수동,"5,000",종로구,11,185,12,71.85,,,74,11110,18
5,,2004,,,2019,용비어천가,내수동,"25,000",종로구,11,0,18,37.56,,,75,11110,12
6,,2004,,,2019,용비어천가,내수동,"10,000",종로구,11,35,18,30.36,,,75,11110,3
7,,2004,,,2019,용비어천가,내수동,"25,000",종로구,11,0,20,37.56,,,75,11110,7
8,,2004,,,2019,용비어천가,내수동,"22,000",종로구,11,0,22,37.56,,,75,11110,13
9,,2004,,,2019,용비어천가,내수동,"12,000",종로구,11,50,22,37.56,,,75,11110,8
10,,2004,,,2019,광화문시대,내수동,"1,000",종로구,11,90,25,34.9,,,74,11110,2
11,,2004,,,2019,광화문시대,내수동,"1,000",종로구,11,95,26,40.26,,,74,11110,18
12,,2004,,,2019,경희궁의 아침 2단지,내수동,"1,000",종로구,11,88,29,32.43,,,71,11110,15
13,,2004,,,2019,두산위브파빌리온,수송동,"21,000",종로구,11,0,25,35.22,,,58,11110,3
14,,2005,,,2019,종로1번가,관철동,"1,000",종로구,11,75,3,24.64,,,155,11110,8
15,,2004,,,2019,나스빌,낙원동,"14,700",종로구,11,0,5,28.69,,,212,11110,5
16,,2003,,,2019,코윈 팔레스뷰 오피스텔,원남동,"11,000",종로구,11,10,15,21.01,,,95,11110,4
17,,2019,,,2019,로얄파크뷰,연지동,"26,000",종로구,11,0,5,37.12,,,238-5,11110,3
18,,2019,,,2019,주함해븐타워,연지동,"3,000",종로구,11,16,21,18.52,,,193-2,11110,3
19,,2015,,,2019,아르젠종로,연지동,"1,000",종로구,11,60,28,15.43,,,163-3,11110,5
20,,2016,,,2019,아폴리움 오피스텔,숭인동,"13,000",종로구,11,0,1,16.31,,,201-7,11110,5
21,,2014,,,2019,숭인한양LEEPS,숭인동,"3,000",종로구,11,40,1,17.07,,,1421-2,11110,14
22,,2013,,,2019,버넷하임1,숭인동,"13,000",종로구,11,0,5,24.65,,,1421,11110,5
23,,2013,,,2019,버넷하임1,숭인동,"13,000",종로구,11,0,7,24.77,,,1421,11110,5
24,,2005,,,2019,엘리시앙오피스텔,숭인동,"20,000",종로구,11,0,12,67.2,,,200-33,11110,8
25,,2013,,,2019,종로 중흥 S클래스,숭인동,"13,000",종로구,11,0,12,22.44,,,202-3,11110,3
26,,2016,,,2019,아폴리움 오피스텔,숭인동,"12,500",종로구,11,0,12,15.2,,,201-7,11110,13
27,,2013,,,2019,종로유케이201,숭인동,"10,500",종로구,11,0,15,15.49,,,201-11,11110,4
28,,2013,,,2019,종로 아인스빌,숭인동,"12,000",종로구,11,0,16,17.88,,,1392-1,11110,7
29,,2013,,,2019,(1392),숭인동,"5,000",종로구,11,35,18,20.18,,,1392,11110,5
30,,2013,,,2019,버넷하임1,숭인동,"3,000",종로구,11,45,20,25.88,,,1421,11110,5
31,,2013,,,2019,종로 아인스빌,숭인동,"3,000",종로구,11,40,21,17.88,,,1392-1,11110,8
32,,2019,,,2019,케이디오피스텔,숭인동,"16,500",종로구,11,0,25,18.56,,,217-26,11110,4
33,,2013,,,2019,종로 중흥 S클래스,숭인동,"13,000",종로구,11,0,26,23.97,,,202-3,11110,4
34,,2013,,,2019,종로 아인스빌,숭인동,500,종로구,11,55,27,17.88,,,1392-1,11110,6
35,,2005,,,2019,동양파라빌,숭인동,"3,000",종로구,11,45,28,24.93,,,1388,11110,10
36,,2013,,,2019,종로 중흥 S클래스,숭인동,"4,000",종로구,11,40,30,23.97,,,202-3,11110,4
37,,2017,,,2019,경희궁자이,교북동,"1,000",종로구,11,85,15,25.66,,,126,11110,4
38,,2002,,,2019,타임730오피스텔,부암동,"17,000",종로구,11,0,9,46.03,,,129-8,11110,3
39,,2002,,,2019,타임730오피스텔,부암동,"17,000",종로구,11,0,15,46.03,,,129-8,11110,3
40,,2005,,,2019,세검정아트오피스텔,홍지동,"13,500",종로구,11,0,12,45.1,,,104-21,11110,4
0,,2004,,,2019,광화문시대,내수동,"10,000",종로구,12,40,5,32.01,,,74,11110,14
1,,2004,,,2019,용비어천가,내수동,"15,000",종로구,12,40,5,41.34,,,75,11110,6
2,,2004,,,2019,경희궁의 아침 4단지,내수동,"21,000",종로구,12,0,7,28.24,,,73,11110,14
3,,2004,,,2019,용비어천가,내수동,"13,000",종로구,12,50,11,37.56,,,75,11110,4
4,,2004,,,2019,용비어천가,내수동,"12,000",종로구,12,50,18,37.56,,,75,11110,8
5,,2004,,,2019,광화문시대,내수동,"7,000",종로구,12,60,21,31.75,,,74,11110,6
6,,2004,,,2019,경희궁의 아침 2단지,내수동,"1,000",종로구,12,75,30,28.9,,,71,11110,9
7,,2004,,,2019,용비어천가,내수동,"25,000",종로구,12,0,31,42.39,,,75,11110,2
8,,2004,,,2019,두산위브파빌리온,수송동,"1,000",종로구,12,90,6,37.42,,,58,11110,5
9,,2004,,,2019,BIZ-WELL 종로 오피스텔,익선동,"12,000",종로구,12,0,18,23.14,,,34,11110,6
10,,2004,,,2019,BIZ-WELL 종로 오피스텔,익선동,"1,000",종로구,12,55,28,18.89,,,34,11110,9
11,,2004,,,2019,BIZ-WELL 종로 오피스텔,익선동,"1,000",종로구,12,57,28,23.21,,,34,11110,3
12,,2005,,,2019,운현궁 에스케이 허브,경운동,"3,000",종로구,12,65,2,23.66,,,89-4,11110,3
13,,2003,,,2019,코윈 팔레스뷰 오피스텔,원남동,"13,000",종로구,12,20,20,24.03,,,95,11110,5
14,,2019,,,2019,로얄파크뷰,연지동,"25,000",종로구,12,0,6,36.74,,,238-5,11110,3
15,,2019,,,2019,로얄파크뷰,연지동,"26,500",종로구,12,0,6,37.12,,,238-5,11110,5
16,,2015,,,2019,아르젠종로,연지동,"1,000",종로구,12,67,8,18.33,,,163-3,11110,8
17,,2019,,,2019,로얄파크뷰,연지동,"27,000",종로구,12,0,14,37.18,,,238-5,11110,6
18,,2019,,,2019,로얄파크뷰,연지동,"27,000",종로구,12,0,20,36.74,,,238-5,11110,7
19,,2015,,,2019,아르젠종로,연지동,"1,000",종로구,12,65,20,15.76,,,163-3,11110,9
20,,2019,,,2019,로얄파크뷰,연지동,"25,500",종로구,12,0,26,37.18,,,238-5,11110,7
21,,2003,,,2019,반도 보라 아이비 타워,효제동,"14,000",종로구,12,0,7,29.62,,,45,11110,8
22,,2003,,,2019,반도 보라 아이비 타워,효제동,"1,000",종로구,12,70,10,27.58,,,45,11110,12
23,,2003,,,2019,반도 보라 아이비 타워,효제동,"1,000",종로구,12,65,24,22.72,,,45,11110,8
24,,2001,,,2019,대보마로니에텔,연건동,"1,000",종로구,12,60,18,26.52,,,206,11110,8
25,,2004,,,2019,종로대우디오빌,숭인동,"1,000",종로구,12,70,2,29.65,,,310,11110,12
26,,2014,,,2019,삼전솔하임4차,숭인동,"1,000",종로구,12,50,5,19.17,,,318-2,11110,3
27,,2005,,,2019,동양파라빌,숭인동,500,종로구,12,58,6,24.93,,,1388,11110,10
28,,2016,,,2019,아이비씨 호텔 앤 오피스텔,숭인동,"13,000",종로구,12,0,6,23.24,,,1396,11110,17
29,,2013,,,2019,종로 동광모닝스카이,숭인동,"12,000",종로구,12,0,6,19.95,,,1421-1,11110,8
30,,2002,,,2019,수석컴비즈텔,숭인동,"13,000",종로구,12,0,7,41.16,,,55-6,11110,5
31,,2016,,,2019,아폴리움 오피스텔,숭인동,"1,300",종로구,12,0,12,15.2,,,201-7,11110,6
32,,2013,,,2019,(1392),숭인동,"5,000",종로구,12,28,12,19.84,,,1392,11110,3
33,,2005,,,2019,엘리시앙오피스텔,숭인동,"2,000",종로구,12,40,13,27.36,,,200-33,11110,8
34,,2013,,,2019,종로 동광모닝스카이,숭인동,"1,000",종로구,12,55,14,19.95,,,1421-1,11110,7
35,,2002,,,2019,수석컴비즈텔,숭인동,"8,000",종로구,12,0,17,23.84,,,55-6,11110,6
36,,2005,,,2019,동양파라빌,숭인동,"1,000",종로구,12,58,17,27.09,,,1388,11110,7
37,,2013,,,2019,종로 동광모닝스카이,숭인동,"1,000",종로구,12,55,18,19.95,,,1421-1,11110,8
38,,2019,,,2019,케이디오피스텔,숭인동,"16,000",종로구,12,0,20,18.18,,,217-26,11110,5
39,,2019,,,2019,케이디오피스텔,숭인동,"7,000",종로구,12,20,20,18.18,,,217-26,11110,2
40,,2005,,,2019,동양파라빌,숭인동,"1,000",종로구,12,60,20,27.09,,,1388,11110,13
41,,2005,,,2019,동양파라빌,숭인동,"1,000",종로구,12,60,20,27.09,,,1388,11110,12
42,,2016,,,2019,아이비씨 호텔 앤 오피스텔,숭인동,"1,000",종로구,12,60,20,21.62,,,1396,11110,10
43,,2005,,,2019,동양파라빌,숭인동,"1,000",종로구,12,60,21,27.09,,,1388,11110,13
44,,2019,,,2019,케이디오피스텔,숭인동,500,종로구,12,65,24,18.56,,,217-26,11110,5
45,,2016,,,2019,아이비씨 호텔 앤 오피스텔,숭인동,"13,000",종로구,12,0,26,21.62,,,1396,11110,9
46,,2005,,,2019,경일오피스텔,숭인동,"2,000",종로구,12,43,27,22.97,,,1367,11110,13
47,,2016,,,2019,아폴리움 오피스텔,숭인동,"1,000",종로구,12,55,30,15.2,,,201-7,11110,7
48,,2013,,,2019,(1392),숭인동,"1,000",종로구,12,53,31,20.18,,,1392,11110,9
49,,2017,,,2019,경희궁자이,교북동,"1,000",종로구,12,100,6,31.75,,,126,11110,4
50,,2002,,,2019,캐피탈오피스텔,부암동,"1,000",종로구,12,47,2,26.16,,,154-2,11110,4
0,,1998,,,2020,파크뷰타워,필운동,"15,000",종로구,1,0,21,23.24,,,285-5,11110,7
1,,2004,,,2020,경희궁의 아침 2단지,내수동,"1,000",종로구,1,85,1,32.43,,,71,11110,16
2,,2004,,,2020,광화문시대,내수동,"22,000",종로구,1,70,3,56.56,,,74,11110,13
3,,2004,,,2020,용비어천가,내수동,"21,000",종로구,1,0,3,33,,,75,11110,13
4,,2004,,,2020,경희궁의 아침 4단지,내수동,"13,000",종로구,1,75,10,56.48,,,73,11110,16
5,,2004,,,2020,광화문시대,내수동,"25,000",종로구,1,60,10,56.56,,,74,11110,6
6,,2004,,,2020,용비어천가,내수동,"28,000",종로구,1,0,11,37.56,,,75,11110,18
7,,2004,,,2020,광화문시대,내수동,"2,000",종로구,1,85,11,34.9,,,74,11110,2
8,,2004,,,2020,용비어천가,내수동,"8,000",종로구,1,50,13,28.19,,,75,11110,5
9,,2004,,,2020,경희궁의 아침 2단지,내수동,"35,000",종로구,1,0,14,57.8,,,71,11110,12
10,,2004,,,2020,광화문시대,내수동,"5,000",종로구,1,65,14,32.01,,,74,11110,5
11,,2004,,,2020,경희궁의 아침 2단지,내수동,"20,000",종로구,1,85,14,57.8,,,71,11110,14
12,,2004,,,2020,용비어천가,내수동,"15,000",종로구,1,60,16,45.98,,,75,11110,10
13,,2004,,,2020,광화문시대,내수동,"24,000",종로구,1,10,16,40.26,,,74,11110,14
14,,2004,,,2020,용비어천가,내수동,"1,000",종로구,1,90,17,37.56,,,75,11110,6
15,,2004,,,2020,용비어천가,내수동,"18,000",종로구,1,35,17,42.39,,,75,11110,11
16,,2004,,,2020,용비어천가,내수동,"1,000",종로구,1,100,18,37.67,,,75,11110,9
17,,2004,,,2020,경희궁의 아침 3단지,내수동,"3,000",종로구,1,75,20,37.5,,,72,11110,11
18,,2004,,,2020,광화문시대,내수동,"25,000",종로구,1,0,20,40.26,,,74,11110,9
19,,2004,,,2020,광화문시대,내수동,"1,000",종로구,1,80,28,31.75,,,74,11110,9
20,,2004,,,2020,용비어천가,내수동,"23,000",종로구,1,0,31,41.34,,,75,11110,11
21,,2004,,,2020,견지동빌딩,견지동,"25,000",종로구,1,0,16,52.15,,,110-32,11110,14
22,,2004,,,2020,BIZ-WELL 종로 오피스텔,익선동,500,종로구,1,65,22,23.14,,,34,11110,10
23,,2004,,,2020,나스빌,낙원동,"2,000",종로구,1,45,10,28.69,,,212,11110,4
24,,2019,,,2020,드래곤팰리스,돈의동,"1,000",종로구,1,80,9,23.38,,,41-1,11110,6
25,,2006,,,2020,효성주얼리시티,인의동,"34,500",종로구,1,13,3,73.79,,,48-2,11110,4
26,,2003,,,2020,코윈 팔레스뷰 오피스텔,원남동,"17,000",종로구,1,0,20,32.8,,,95,11110,7
27,,2019,,,2020,리베르떼_연지,연지동,"16,000",종로구,1,0,8,19.93,,,222,11110,8
28,,2019,,,2020,로얄파크뷰,연지동,"26,000",종로구,1,0,11,36.74,,,238-5,11110,4
29,,2019,,,2020,리베르떼_연지,연지동,"18,000",종로구,1,0,13,23.2,,,222,11110,7
30,,2019,,,2020,로얄파크뷰,연지동,"26,500",종로구,1,0,17,37.18,,,238-5,11110,4
31,,2003,,,2020,반도 보라 아이비 타워,효제동,"1,000",종로구,1,65,19,26.58,,,45,11110,6
32,,2001,,,2020,대보마로니에텔,연건동,"1,000",종로구,1,63,9,25.04,,,206,11110,6
33,,2001,,,2020,대보마로니에텔,연건동,"1,000",종로구,1,60,9,25.04,,,206,11110,6
34,,2001,,,2020,대보마로니에텔,연건동,"1,000",종로구,1,60,16,26.52,,,206,11110,6
35,,2013,,,2020,(1392),숭인동,"12,000",종로구,1,0,2,20.18,,,1392,11110,4
36,,2016,,,2020,아폴리움 오피스텔,숭인동,"12,600",종로구,1,0,4,15.2,,,201-7,11110,3
37,,2013,,,2020,종로 아인스빌,숭인동,"12,000",종로구,1,0,4,17.88,,,1392-1,11110,4
38,,2005,,,2020,동양파라빌,숭인동,"1,000",종로구,1,55,6,24.93,,,1388,11110,12
39,,2016,,,2020,아이비씨 호텔 앤 오피스텔,숭인동,"1,000",종로구,1,60,6,21.36,,,1396,11110,9
40,,2016,,,2020,아이비씨 호텔 앤 오피스텔,숭인동,"13,000",종로구,1,0,9,21.45,,,1396,11110,9
41,,2004,,,2020,종로대우디오빌,숭인동,"17,000",종로구,1,0,10,29.65,,,310,11110,7
42,,2014,,,2020,삼전솔하임4차,숭인동,"3,000",종로구,1,39,11,19.17,,,318-2,11110,6
43,,2013,,,2020,(1392),숭인동,"2,000",종로구,1,47,11,20.18,,,1392,11110,8
44,,2013,,,2020,그레이스탑,숭인동,"3,000",종로구,1,40,13,20.16,,,178-94,11110,4
45,,2004,,,2020,롯데캐슬 천지인,숭인동,"2,000",종로구,1,120,13,67.96,,,76,11110,11
46,,2005,,,2020,동양파라빌,숭인동,"1,000",종로구,1,55,14,24.93,,,1388,11110,13
47,,2012,,,2020,삼전솔하임2차,숭인동,"1,000",종로구,1,50,15,19.18,,,296-19,11110,2
48,,2014,,,2020,삼전솔하임4차,숭인동,"12,600",종로구,1,0,15,19.17,,,318-2,11110,6
49,,2013,,,2020,종로유케이201,숭인동,"9,500",종로구,1,0,16,15.24,,,201-11,11110,3
50,,2004,,,2020,롯데캐슬 천지인,숭인동,"2,000",종로구,1,120,17,67.96,,,76,11110,18
51,,2016,,,2020,아이비씨 호텔 앤 오피스텔,숭인동,"1,000",종로구,1,60,17,21.62,,,1396,11110,18
52,,2004,,,2020,롯데캐슬 천지인,숭인동,"22,000",종로구,1,0,17,39.6,,,76,11110,19
53,,2004,,,2020,롯데캐슬 천지인,숭인동,"1,000",종로구,1,80,18,39.6,,,76,11110,15
54,,2013,,,2020,종로 아인스빌,숭인동,"2,500",종로구,1,42,18,17.88,,,1392-1,11110,7
55,,2005,,,2020,동양파라빌,숭인동,"1,000",종로구,1,90,20,40.5,,,1388,11110,14
56,,2014,,,2020,삼전솔하임4차,숭인동,"1,000",종로구,1,55,21,19.17,,,318-2,11110,7
57,,2005,,,2020,동양파라빌,숭인동,"2,000",종로구,1,55,21,27.09,,,1388,11110,12
58,,2016,,,2020,아이비씨 호텔 앤 오피스텔,숭인동,"13,500",종로구,1,0,21,21.62,,,1396,11110,11
59,,2005,,,2020,경일오피스텔,숭인동,"2,000",종로구,1,41,22,20.14,,,1367,11110,6
60,,2013,,,2020,버넷하임1,숭인동,"13,000",종로구,1,0,22,24.77,,,1421,11110,10
61,,2014,,,2020,숭인한양LEEPS,숭인동,"12,000",종로구,1,0,28,17.07,,,1421-2,11110,17
62,,2004,,,2020,롯데캐슬 천지인,숭인동,"21,000",종로구,1,0,29,39.6,,,76,11110,17
63,,2005,,,2020,동양파라빌,숭인동,"12,500",종로구,1,0,30,24.93,,,1388,11110,5
64,,2016,,,2020,아이비씨 호텔 앤 오피스텔,숭인동,"1,200",종로구,1,105,30,43.29,,,1396,11110,16
65,,2020,,,2020,블루카운티 숭인Ⅰ,숭인동,"25,000",종로구,1,0,31,26.63,,,217-16,11110,8
66,,2017,,,2020,경희궁자이,교북동,"1,000",종로구,1,84,4,25.91,,,126,11110,5
67,,2002,,,2020,타임730오피스텔,부암동,"13,000",종로구,1,0,14,34.06,,,129-8,11110,6
0,,1998,,,2020,파크뷰타워,필운동,"1,000",종로구,2,50,26,25.86,,,285-5,11110,5
1,,1998,,,2020,파크뷰타워,필운동,"15,000",종로구,2,0,28,25.86,,,285-5,11110,7
2,,2008,,,2020,광화문 풍림스페이스본,사직동,"5,000",종로구,2,70,15,39.54,,,9,11110,5
3,,2004,,,2020,용비어천가,내수동,"6,000",종로구,2,70,1,37.56,,,75,11110,4
4,,2004,,,2020,용비어천가,내수동,"24,000",종로구,2,0,1,37.56,,,75,11110,3
5,,2004,,,2020,경희궁의 아침 4단지,내수동,"4,000",종로구,2,85,6,41.74,,,73,11110,4
6,,2004,,,2020,광화문시대,내수동,"15,000",종로구,2,30,6,34.9,,,74,11110,13
7,,2004,,,2020,용비어천가,내수동,"26,000",종로구,2,0,8,41.38,,,75,11110,14
8,,2004,,,2020,경희궁의 아침 2단지,내수동,"23,000",종로구,2,0,11,32.43,,,71,11110,2
9,,2004,,,2020,용비어천가,내수동,"22,000",종로구,2,0,11,33,,,75,11110,9
10,,2004,,,2020,광화문시대,내수동,"22,000",종로구,2,0,12,34.9,,,74,11110,10
11,,2004,,,2020,용비어천가,내수동,"10,000",종로구,2,50,20,33,,,75,11110,5
12,,2004,,,2020,광화문시대,내수동,"12,000",종로구,2,20,24,30.08,,,74,11110,18
13,,2004,,,2020,광화문시대,내수동,"5,000",종로구,2,90,24,38.88,,,74,11110,2
14,,2004,,,2020,광화문시대,내수동,"11,000",종로구,2,45,26,32.01,,,74,11110,4
15,,2004,,,2020,두산위브파빌리온,수송동,"10,000",종로구,2,95,6,53.02,,,58,11110,4
16,,2004,,,2020,BIZ-WELL 종로 오피스텔,익선동,"1,000",종로구,2,60,11,23.14,,,34,11110,7
17,,2005,,,2020,운현궁 에스케이 허브,경운동,"6,000",종로구,2,60,1,39.2,,,89-4,11110,7
18,,2019,,,2020,드래곤팰리스,돈의동,"1,000",종로구,2,80,5,23.07,,,41-1,11110,6
19,,2019,,,2020,드래곤팰리스,돈의동,"1,000",종로구,2,70,11,20.25,,,41-1,11110,10
20,,2003,,,2020,코윈 팔레스뷰 오피스텔,원남동,"1,000",종로구,2,60,5,21.01,,,95,11110,6
21,,2001,,,2020,대보마로니에텔,연건동,"1,000",종로구,2,70,2,26.52,,,206,11110,11
22,,2001,,,2020,대보마로니에텔,연건동,"1,000",종로구,2,65,5,26.52,,,206,11110,6
23,,2003,,,2020,세레피아텔,연건동,"12,000",종로구,2,0,10,22.63,,,317,11110,3
24,,2003,,,2020,세레피아텔,연건동,"10,000",종로구,2,20,25,27.92,,,317,11110,6
25,,2019,,,2020,케이디오피스텔,숭인동,"2,000",종로구,2,55,1,18.18,,,217-26,11110,4
26,,2014,,,2020,숭인한양LEEPS,숭인동,"3,000",종로구,2,40,1,17.07,,,1421-2,11110,17
27,,2013,,,2020,종로 동광모닝스카이,숭인동,"1,000",종로구,2,50,3,19.95,,,1421-1,11110,4
28,,2004,,,2020,롯데캐슬 천지인,숭인동,"27,000",종로구,2,0,3,63.85,,,76,11110,15
29,,2016,,,2020,아이비씨 호텔 앤 오피스텔,숭인동,"13,500",종로구,2,0,3,21.62,,,1396,11110,8
30,,2016,,,2020,아이비씨 호텔 앤 오피스텔,숭인동,"1,000",종로구,2,60,3,21.59,,,1396,11110,9
31,,2016,,,2020,아이비씨 호텔 앤 오피스텔,숭인동,"13,500",종로구,2,0,4,21.62,,,1396,11110,13
32,,2013,,,2020,(1392),숭인동,"5,000",종로구,2,30,5,19.84,,,1392,11110,6
33,,2016,,,2020,아이비씨 호텔 앤 오피스텔,숭인동,"1,000",종로구,2,60,5,21.36,,,1396,11110,11
34,,2020,,,2020,블루카운티 숭인Ⅰ,숭인동,"24,000",종로구,2,0,5,26.97,,,217-16,11110,9
35,,2013,,,2020,(1392),숭인동,"4,000",종로구,2,35,6,18.64,,,1392,11110,6
36,,2005,,,2020,경일오피스텔,숭인동,"1,000",종로구,2,50,7,22.55,,,1367,11110,7
37,,2016,,,2020,아이비씨 호텔 앤 오피스텔,숭인동,"13,500",종로구,2,0,7,43.29,,,1396,11110,16
38,,2020,,,2020,블루카운티 숭인Ⅰ,숭인동,"26,000",종로구,2,0,8,29.88,,,217-16,11110,8
39,,2003,,,2020,(317-35),숭인동,"1,000",종로구,2,20,10,9.12,,,317-35,11110,6
40,,2013,,,2020,그레이스탑,숭인동,"1,000",종로구,2,50,10,23.01,,,178-94,11110,2
41,,2016,,,2020,아폴리움 오피스텔,숭인동,"13,000",종로구,2,0,11,16.31,,,201-7,11110,5
42,,2020,,,2020,블루카운티 숭인Ⅰ,숭인동,"3,000",종로구,2,80,11,26.97,,,217-16,11110,9
43,,2016,,,2020,아이비씨 호텔 앤 오피스텔,숭인동,"1,000",종로구,2,60,12,21.62,,,1396,11110,13
44,,2017,,,2020,블루빌,숭인동,"24,000",종로구,2,0,12,46.36,,,243,11110,2
45,,2016,,,2020,아이비씨 호텔 앤 오피스텔,숭인동,"13,500",종로구,2,0,12,21.62,,,1396,11110,11
46,,2014,,,2020,삼전솔하임4차,숭인동,"1,000",종로구,2,50,12,19.17,,,318-2,11110,2
47,,2013,,,2020,종로 동광모닝스카이,숭인동,500,종로구,2,53,13,19.95,,,1421-1,11110,2
48,,2016,,,2020,아이비씨 호텔 앤 오피스텔,숭인동,"1,000",종로구,2,60,13,21.59,,,1396,11110,10
49,,2017,,,2020,블루빌,숭인동,"23,000",종로구,2,0,13,46.36,,,243,11110,3
50,,2020,,,2020,블루카운티 숭인Ⅰ,숭인동,"2,000",종로구,2,90,13,29.88,,,217-16,11110,9
51,,2004,,,2020,롯데캐슬 천지인,숭인동,"24,000",종로구,2,0,15,39.6,,,76,11110,14
52,,2020,,,2020,블루카운티 숭인Ⅰ,숭인동,"24,000",종로구,2,0,15,26.97,,,217-16,11110,6
53,,2020,,,2020,블루카운티 숭인Ⅰ,숭인동,"26,000",종로구,2,0,17,29.88,,,217-16,11110,7
54,,2016,,,2020,아이비씨 호텔 앤 오피스텔,숭인동,"1,000",종로구,2,60,18,21.36,,,1396,11110,15
55,,2016,,,2020,아이비씨 호텔 앤 오피스텔,숭인동,"1,000",종로구,2,60,18,23.24,,,1396,11110,18
56,,2013,,,2020,종로 아인스빌,숭인동,"10,500",종로구,2,0,20,17.88,,,1392-1,11110,2
57,,2013,,,2020,종로 아인스빌,숭인동,"10,500",종로구,2,0,20,17.88,,,1392-1,11110,2
58,,2013,,,2020,(1392),숭인동,"6,000",종로구,2,30,20,20.18,,,1392,11110,3
59,,2016,,,2020,아이비씨 호텔 앤 오피스텔,숭인동,"13,500",종로구,2,0,21,21.59,,,1396,11110,18
60,,2016,,,2020,아이비씨 호텔 앤 오피스텔,숭인동,"13,500",종로구,2,0,21,21.36,,,1396,11110,8
61,,2014,,,2020,삼전솔하임4차,숭인동,"11,000",종로구,2,0,21,19.17,,,318-2,11110,9
62,,2020,,,2020,블루카운티 숭인Ⅰ,숭인동,"1,000",종로구,2,90,22,26.47,,,217-16,11110,9
63,,2020,,,2020,블루카운티 숭인Ⅰ,숭인동,"24,500",종로구,2,0,22,26.97,,,217-16,11110,8
64,,2014,,,2020,삼전솔하임4차,숭인동,"1,000",종로구,2,55,24,19.17,,,318-2,11110,8
65,,2020,,,2020,블루카운티 숭인Ⅰ,숭인동,"4,000",종로구,2,70,25,27.18,,,217-16,11110,8
66,,2016,,,2020,아이비씨 호텔 앤 오피스텔,숭인동,"13,500",종로구,2,0,25,21.62,,,1396,11110,15
67,,2013,,,2020,(1392),숭인동,"12,000",종로구,2,0,25,20.18,,,1392,11110,3
68,,2016,,,2020,아이비씨 호텔 앤 오피스텔,숭인동,"13,500",종로구,2,0,27,21.45,,,1396,11110,12
69,,2005,,,2020,동양파라빌,숭인동,"2,000",종로구,2,50,27,27.09,,,1388,11110,10
70,,2012,,,2020,삼전솔하임2차,숭인동,"1,000",종로구,2,50,27,18.87,,,296-19,11110,3
71,,2016,,,2020,아이비씨 호텔 앤 오피스텔,숭인동,"13,500",종로구,2,0,27,21.62,,,1396,11110,17
72,,2016,,,2020,아이비씨 호텔 앤 오피스텔,숭인동,"13,500",종로구,2,0,27,21.62,,,1396,11110,13
73,,2016,,,2020,아이비씨 호텔 앤 오피스텔,숭인동,"13,500",종로구,2,0,27,21.36,,,1396,11110,9
74,,2016,,,2020,아이비씨 호텔 앤 오피스텔,숭인동,"13,500",종로구,2,0,28,21.62,,,1396,11110,13
75,,2016,,,2020,아이비씨 호텔 앤 오피스텔,숭인동,"1,000",종로구,2,60,28,23.24,,,1396,11110,16
76,,2020,,,2020,블루카운티 숭인Ⅰ,숭인동,"23,000",종로구,2,0,28,26.63,,,217-16,11110,4
77,,2016,,,2020,아이비씨 호텔 앤 오피스텔,숭인동,"1,000",종로구,2,60,29,21.45,,,1396,11110,13
78,,2013,,,2020,종로 아인스빌,숭인동,500,종로구,2,50,29,17.88,,,1392-1,11110,3
79,,2013,,,2020,버넷하임1,숭인동,"4,000",종로구,2,40,29,24.65,,,1421,11110,11
80,,2014,,,2020,삼전솔하임4차,숭인동,"11,000",종로구,2,0,29,19.17,,,318-2,11110,5
81,,2020,,,2020,블루카운티 숭인Ⅰ,숭인동,"4,000",종로구,2,105,29,37.88,,,217-16,11110,6
82,,2017,,,2020,경희궁자이,교북동,"23,100",종로구,2,0,15,27.62,,,126,11110,2
83,,2002,,,2020,캐피탈오피스텔,부암동,"2,000",종로구,2,40,1,24.53,,,154-2,11110,1
0,,2004,,,2020,광화문시대,내수동,"1,000",종로구,3,90,1,34.9,,,74,11110,2
1,,2004,,,2020,용비어천가,내수동,"24,000",종로구,3,0,4,37.56,,,75,11110,12
2,,2004,,,2020,용비어천가,내수동,"1,000",종로구,3,75,19,30.36,,,75,11110,8
3,,2004,,,2020,용비어천가,내수동,"27,000",종로구,3,0,20,37.56,,,75,11110,15
4,,2004,,,2020,경희궁의 아침 4단지,내수동,"1,000",종로구,3,75,20,28.24,,,73,11110,12
5,,2004,,,2020,경희궁의 아침 3단지,내수동,"6,000",종로구,3,60,26,37.5,,,72,11110,7
6,,2004,,,2020,용비어천가,내수동,"1,000",종로구,3,90,29,37.56,,,75,11110,7
7,,2004,,,2020,광화문시대,내수동,"1,000",종로구,3,90,30,34.9,,,74,11110,2
8,,2004,,,2020,BIZ-WELL 종로 오피스텔,익선동,"1,000",종로구,3,60,16,23.14,,,34,11110,6
9,,2005,,,2020,운현궁 에스케이 허브,경운동,"8,000",종로구,3,40,20,35.36,,,89-4,11110,5
10,,2005,,,2020,운현궁 에스케이 허브,경운동,"6,000",종로구,3,60,23,39.2,,,89-4,11110,7
11,,2005,,,2020,운현궁 에스케이 허브,경운동,"10,000",종로구,3,35,24,30.28,,,89-4,11110,6
12,,2005,,,2020,종로1번가,관철동,"14,000",종로구,3,0,13,25.29,,,155,11110,11
13,,2019,,,2020,드래곤팰리스,돈의동,"20,000",종로구,3,0,27,20.25,,,41-1,11110,5
14,,2003,,,2020,코윈 팔레스뷰 오피스텔,원남동,"1,000",종로구,3,60,4,24.03,,,95,11110,11
15,,2003,,,2020,코윈 팔레스뷰 오피스텔,원남동,"4,000",종로구,3,40,11,21.01,,,95,11110,2
16,,2017,,,2020,포레스트힐시티,효제동,"20,000",종로구,3,0,21,28.86,,,65-2,11110,6
17,,2001,,,2020,대보마로니에텔,연건동,"1,000",종로구,3,65,7,26.52,,,206,11110,7
18,,2016,,,2020,아이비씨 호텔 앤 오피스텔,숭인동,"1,000",종로구,3,60,2,21.36,,,1396,11110,9
19,,2013,,,2020,(1392),숭인동,"11,000",종로구,3,0,3,18.64,,,1392,11110,6
20,,2016,,,2020,아이비씨 호텔 앤 오피스텔,숭인동,"13,500",종로구,3,0,3,21.45,,,1396,11110,17
21,,2016,,,2020,아이비씨 호텔 앤 오피스텔,숭인동,"13,500",종로구,3,0,4,21.59,,,1396,11110,17
22,,2019,,,2020,케이디오피스텔,숭인동,"2,000",종로구,3,55,6,18.18,,,217-26,11110,5
23,,2005,,,2020,동양파라빌,숭인동,"2,000",종로구,3,50,6,27.09,,,1388,11110,7
24,,2016,,,2020,아이비씨 호텔 앤 오피스텔,숭인동,"13,500",종로구,3,0,6,21.45,,,1396,11110,18
25,,2013,,,2020,종로 중흥 S클래스,숭인동,"12,600",종로구,3,0,6,23.97,,,202-3,11110,4
26,,2016,,,2020,아이비씨 호텔 앤 오피스텔,숭인동,"13,500",종로구,3,0,10,21.62,,,1396,11110,15
27,,2013,,,2020,종로유케이201,숭인동,"10,000",종로구,3,0,10,15.24,,,201-11,11110,2
28,,2019,,,2020,케이디오피스텔,숭인동,"1,000",종로구,3,60,10,18.56,,,217-26,11110,2
29,,2016,,,2020,아이비씨 호텔 앤 오피스텔,숭인동,"13,500",종로구,3,0,10,21.59,,,1396,11110,12
30,,2012,,,2020,삼전솔하임2차,숭인동,"13,000",종로구,3,0,11,21.12,,,296-19,11110,3
31,,2016,,,2020,아이비씨 호텔 앤 오피스텔,숭인동,"1,000",종로구,3,60,13,21.36,,,1396,11110,11
32,,2016,,,2020,아이비씨 호텔 앤 오피스텔,숭인동,"13,500",종로구,3,0,16,21.36,,,1396,11110,10
33,,2016,,,2020,아이비씨 호텔 앤 오피스텔,숭인동,"13,500",종로구,3,0,16,21.62,,,1396,11110,10
34,,2005,,,2020,경일오피스텔,숭인동,"3,000",종로구,3,37,16,22.97,,,1367,11110,5
35,,2020,,,2020,블루카운티 숭인Ⅰ,숭인동,"30,000",종로구,3,0,16,37.88,,,217-16,11110,7
36,,2016,,,2020,아이비씨 호텔 앤 오피스텔,숭인동,"13,500",종로구,3,0,16,21.36,,,1396,11110,9
37,,2016,,,2020,아이비씨 호텔 앤 오피스텔,숭인동,"1,000",종로구,3,60,16,21.36,,,1396,11110,13
38,,2016,,,2020,아이비씨 호텔 앤 오피스텔,숭인동,"13,500",종로구,3,0,17,21.62,,,1396,11110,14
39,,2013,,,2020,버넷하임1,숭인동,"13,000",종로구,3,0,17,24.65,,,1421,11110,2
40,,2016,,,2020,아이비씨 호텔 앤 오피스텔,숭인동,"13,500",종로구,3,0,17,21.36,,,1396,11110,18
41,,2005,,,2020,경일오피스텔,숭인동,"2,500",종로구,3,33,18,18.82,,,1367,11110,4
42,,2013,,,2020,종로 아인스빌,숭인동,"12,000",종로구,3,0,18,17.88,,,1392-1,11110,6
43,,2005,,,2020,동양파라빌,숭인동,"10,000",종로구,3,20,18,27.09,,,1388,11110,2
44,,2020,,,2020,블루카운티 숭인Ⅰ,숭인동,"26,000",종로구,3,0,19,29.88,,,217-16,11110,5
45,,2013,,,2020,종로 아인스빌,숭인동,"1,000",종로구,3,50,19,17.88,,,1392-1,11110,3
46,,2005,,,2020,동양파라빌,숭인동,"1,000",종로구,3,52,20,24.93,,,1388,11110,8
47,,2020,,,2020,블루카운티 숭인Ⅰ,숭인동,"5,000",종로구,3,100,21,37.88,,,217-16,11110,5
48,,2016,,,2020,아이비씨 호텔 앤 오피스텔,숭인동,"1,000",종로구,3,60,21,21.45,,,1396,11110,11
49,,2005,,,2020,엘리시앙오피스텔,숭인동,"1,000",종로구,3,45,22,20.64,,,200-33,11110,9
50,,2013,,,2020,종로 아인스빌,숭인동,"2,000",종로구,3,0,23,17.88,,,1392-1,11110,2
51,,2020,,,2020,블루카운티 숭인Ⅰ,숭인동,"30,000",종로구,3,0,23,37.88,,,217-16,11110,3
52,,2020,,,2020,블루카운티 숭인Ⅰ,숭인동,"26,500",종로구,3,0,23,29.88,,,217-16,11110,6
53,,2004,,,2020,종로대우디오빌,숭인동,"2,000",종로구,3,60,24,29.65,,,310,11110,7
54,,2013,,,2020,종로 동광모닝스카이,숭인동,"3,000",종로구,3,40,25,19.95,,,1421-1,11110,5
55,,2005,,,2020,경일오피스텔,숭인동,"2,000",종로구,3,41,25,20.14,,,1367,11110,10
56,,2016,,,2020,아이비씨 호텔 앤 오피스텔,숭인동,"1,000",종로구,3,60,25,21.62,,,1396,11110,15
57,,2016,,,2020,아이비씨 호텔 앤 오피스텔,숭인동,"13,500",종로구,3,0,26,21.45,,,1396,11110,15
58,,2016,,,2020,아이비씨 호텔 앤 오피스텔,숭인동,"1,000",종로구,3,60,31,21.45,,,1396,11110,14
59,,2016,,,2020,아이비씨 호텔 앤 오피스텔,숭인동,"1,000",종로구,3,60,31,21.45,,,1396,11110,16
60,,2002,,,2020,타임730오피스텔,부암동,"1,000",종로구,3,50,12,31.27,,,129-8,11110,4
61,,2002,,,2020,캐피탈오피스텔,부암동,"9,000",종로구,3,0,24,24.53,,,154-2,11110,2
0,,1998,,,2020,파크뷰타워,필운동,200,종로구,4,90,11,24.3,,,285-5,11110,3
1,,2008,,,2020,광화문 풍림스페이스본,사직동,"30,000",종로구,4,0,8,39.54,,,9,11110,3
2,,2008,,,2020,광화문 풍림스페이스본,사직동,"30,000",종로구,4,0,11,39.54,,,9,11110,7
3,,2008,,,2020,광화문 풍림스페이스본,사직동,"27,000",종로구,4,0,14,39.54,,,9,11110,6
4,,2008,,,2020,광화문 풍림스페이스본,사직동,"30,450",종로구,4,0,23,39.54,,,9,11110,2
5,,2004,,,2020,광화문시대,내수동,"2,000",종로구,4,80,1,34.9,,,74,11110,12
6,,2004,,,2020,용비어천가,내수동,"21,000",종로구,4,0,7,34.45,,,75,11110,2
7,,2004,,,2020,경희궁의 아침 3단지,내수동,"6,000",종로구,4,60,8,37.5,,,72,11110,7
8,,2004,,,2020,용비어천가,내수동,"22,000",종로구,4,0,10,33,,,75,11110,11
9,,2004,,,2020,광화문시대,내수동,"1,000",종로구,4,95,17,35.71,,,74,11110,18
10,,2004,,,2020,광화문시대,내수동,"6,000",종로구,4,65,17,34.9,,,74,11110,3
11,,2004,,,2020,경희궁의 아침 2단지,내수동,"1,000",종로구,4,75,18,28.9,,,71,11110,4
12,,2004,,,2020,경희궁의 아침 3단지,내수동,"6,000",종로구,4,60,21,37.5,,,72,11110,7
13,,2004,,,2020,경희궁의 아침 3단지,내수동,"1,000",종로구,4,85,23,37.5,,,72,11110,10
14,,2004,,,2020,경희궁의 아침 3단지,내수동,"10,000",종로구,4,60,25,37.5,,,72,11110,11
15,,2004,,,2020,경희궁의 아침 3단지,내수동,"30,000",종로구,4,0,25,37.5,,,72,11110,12
16,,2004,,,2020,용비어천가,내수동,"30,000",종로구,4,0,28,41.34,,,75,11110,17
17,,2004,,,2020,경희궁의 아침 4단지,내수동,"15,000",종로구,4,45,29,41.74,,,73,11110,16
18,,2004,,,2020,경희궁의 아침 2단지,내수동,"36,000",종로구,4,0,29,51.02,,,71,11110,6
19,,2004,,,2020,두산위브파빌리온,수송동,"2,000",종로구,4,145,14,57.65,,,58,11110,5
20,,2004,,,2020,BIZ-WELL 종로 오피스텔,익선동,"3,000",종로구,4,50,18,23.14,,,34,11110,8
21,,2005,,,2020,운현궁 에스케이 허브,경운동,"30,000",종로구,4,0,6,49.68,,,89-4,11110,13
22,,2005,,,2020,종로1번가,관철동,"1,000",종로구,4,75,13,23.86,,,155,11110,11
23,,2004,,,2020,롯데캐슬 천지인,숭인동,"11,000",종로구,4,50,3,63.85,,,76,11110,14
24,,2016,,,2020,아이비씨 호텔 앤 오피스텔,숭인동,"1,000",종로구,4,60,4,21.36,,,1396,11110,9
25,,2020,,,2020,블루카운티 숭인Ⅰ,숭인동,"24,000",종로구,4,0,4,27.18,,,217-16,11110,8
26,,2020,,,2020,블루카운티 숭인Ⅰ,숭인동,"23,000",종로구,4,0,6,27.18,,,217-16,11110,9
27,,2016,,,2020,아이비씨 호텔 앤 오피스텔,숭인동,"13,500",종로구,4,0,14,21.45,,,1396,11110,15
28,,2013,,,2020,종로 동광모닝스카이,숭인동,"12,100",종로구,4,0,17,19.95,,,1421-1,11110,6
29,,2013,,,2020,종로 동광모닝스카이,숭인동,"3,500",종로구,4,30,20,19.95,,,1421-1,11110,4
30,,2005,,,2020,엘리시앙오피스텔,숭인동,"10,000",종로구,4,30,20,34.38,,,200-33,11110,8
31,,2013,,,2020,그레이스탑,숭인동,"5,000",종로구,4,30,21,23.01,,,178-94,11110,2
32,,2017,,,2020,경희궁자이,교북동,"1,000",종로구,4,90,5,25.91,,,126,11110,5
33,,2017,,,2020,경희궁자이,교북동,"35,000",종로구,4,0,11,31.75,,,126,11110,4
0,,2003,,,2020,광화문 플래티넘,적선동,"1,000",종로구,5,60,17,47.63,,,156,11110,6
1,,1998,,,2020,파크뷰타워,필운동,"15,000",종로구,5,0,18,24.3,,,285-5,11110,3
2,,2008,,,2020,광화문 풍림스페이스본,사직동,"29,000",종로구,5,0,23,39.54,,,9,11110,8
3,,2004,,,2020,용비어천가,내수동,"23,000",종로구,5,0,5,33,,,75,11110,17
4,,2004,,,2020,용비어천가,내수동,"20,370",종로구,5,0,6,30.36,,,75,11110,10
5,,2004,,,2020,경희궁의 아침 4단지,내수동,"2,000",종로구,5,150,6,56.48,,,73,11110,6
6,,2004,,,2020,광화문시대,내수동,"1,000",종로구,5,85,9,34.9,,,74,11110,4
7,,2004,,,2020,용비어천가,내수동,"1,000",종로구,5,95,9,41.34,,,75,11110,15
8,,2004,,,2020,경희궁의 아침 3단지,내수동,"6,000",종로구,5,55,13,37.5,,,72,11110,5
9,,2004,,,2020,용비어천가,내수동,"4,000",종로구,5,110,13,48.07,,,75,11110,18
10,,2004,,,2020,용비어천가,내수동,"1,000",종로구,5,75,20,30.36,,,75,11110,8
11,,2004,,,2020,광화문시대,내수동,"5,000",종로구,5,60,20,32.01,,,74,11110,11
12,,2004,,,2020,경희궁의 아침 2단지,내수동,"1,000",종로구,5,80,21,32.43,,,71,11110,3
13,,2004,,,2020,광화문시대,내수동,"1,000",종로구,5,80,23,30.08,,,74,11110,17
14,,2004,,,2020,광화문시대,내수동,"22,000",종로구,5,0,25,30.08,,,74,11110,16
15,,2004,,,2020,용비어천가,내수동,"23,500",종로구,5,0,26,30.76,,,75,11110,7
16,,2005,,,2020,운현궁 에스케이 허브,경운동,"18,000",종로구,5,0,1,30.28,,,89-4,11110,11
17,,2005,,,2020,운현궁 에스케이 허브,경운동,"2,000",종로구,5,70,12,32.64,,,89-4,11110,9
18,,2005,,,2020,운현궁 에스케이 허브,경운동,"3,500",종로구,5,70,13,35.36,,,89-4,11110,12
19,,2005,,,2020,운현궁 에스케이 허브,경운동,"16,000",종로구,5,0,15,23.66,,,89-4,11110,8
20,,2005,,,2020,종로1번가,관철동,"1,000",종로구,5,70,1,23.98,,,155,11110,5
21,,2005,,,2020,종로1번가,관철동,"10,000",종로구,5,0,8,30.04,,,155,11110,7
22,,2005,,,2020,종로1번가,관철동,"3,000",종로구,5,50,14,25.29,,,155,11110,10
23,,2005,,,2020,종로1번가,관철동,"1,000",종로구,5,65,22,18.68,,,155,11110,8
24,,2006,,,2020,효성주얼리시티,인의동,"35,000",종로구,5,0,1,66.85,,,48-2,11110,5
25,,2003,,,2020,코윈 팔레스뷰 오피스텔,원남동,"16,000",종로구,5,0,12,21.01,,,95,11110,8
26,,2001,,,2020,대보마로니에텔,연건동,"1,000",종로구,5,70,7,26.52,,,206,11110,6
27,,2020,,,2020,종로 웰라이프,창신동,"20,000",종로구,5,0,1,27.04,,,302-1,11110,3
28,,2020,,,2020,종로 웰라이프,창신동,500,종로구,5,10,5,27.04,,,302-1,11110,4
29,,2020,,,2020,종로 웰라이프,창신동,"19,000",종로구,5,0,20,25.09,,,302-1,11110,4
30,,2016,,,2020,아폴리움 오피스텔,숭인동,"13,500",종로구,5,0,1,15.2,,,201-7,11110,7
31,,2014,,,2020,삼전솔하임4차,숭인동,"13,000",종로구,5,0,7,19.17,,,318-2,11110,7
32,,2013,,,2020,버넷하임1,숭인동,"12,500",종로구,5,0,8,24.65,,,1421,11110,8
33,,2014,,,2020,삼전솔하임4차,숭인동,"1,000",종로구,5,50,12,19.17,,,318-2,11110,4
34,,2016,,,2020,아폴리움 오피스텔,숭인동,"13,500",종로구,5,0,13,16.31,,,201-7,11110,5
35,,2005,,,2020,경일오피스텔,숭인동,"2,000",종로구,5,38,14,18.82,,,1367,11110,9
36,,2013,,,2020,그레이스탑,숭인동,"7,000",종로구,5,0,15,20.16,,,178-94,11110,5
37,,2013,,,2020,종로유케이201,숭인동,"11,000",종로구,5,0,16,15.15,,,201-11,11110,4
38,,2016,,,2020,아폴리움 오피스텔,숭인동,"2,000",종로구,5,45,16,15.2,,,201-7,11110,12
39,,2005,,,2020,동양파라빌,숭인동,"12,000",종로구,5,0,16,24.93,,,1388,11110,10
40,,2005,,,2020,경일오피스텔,숭인동,"2,000",종로구,5,48,18,25.68,,,1367,11110,13
41,,2016,,,2020,아폴리움 오피스텔,숭인동,"12,000",종로구,5,2,19,16.31,,,201-7,11110,13
42,,2002,,,2020,수석컴비즈텔,숭인동,"8,500",종로구,5,0,19,23.84,,,55-6,11110,6
43,,2016,,,2020,아이비씨 호텔 앤 오피스텔,숭인동,"13,500",종로구,5,0,21,21.45,,,1396,11110,10
44,,2004,,,2020,종로대우디오빌,숭인동,"1,000",종로구,5,65,22,30.17,,,310,11110,13
45,,2013,,,2020,버넷하임1,숭인동,"11,700",종로구,5,0,22,25.27,,,1421,11110,7
46,,2005,,,2020,경일오피스텔,숭인동,"2,000",종로구,5,41,23,20.14,,,1367,11110,9
47,,2013,,,2020,종로유케이201,숭인동,"5,000",종로구,5,20,23,15.15,,,201-11,11110,2
48,,2013,,,2020,(1392),숭인동,"12,000",종로구,5,0,27,20.18,,,1392,11110,6
49,,2005,,,2020,동양파라빌,숭인동,"1,000",종로구,5,60,27,27.09,,,1388,11110,5
50,,2004,,,2020,롯데캐슬 천지인,숭인동,"1,000",종로구,5,80,29,39.6,,,76,11110,22
51,,2012,,,2020,삼전솔하임2차,숭인동,"10,500",종로구,5,0,30,18.87,,,296-19,11110,2
0,,2004,,,2020,경희궁의 아침 4단지,내수동,"1,000",종로구,6,73,2,28.24,,,73,11110,14
1,,2004,,,2020,경희궁의 아침 4단지,내수동,"1,000",종로구,6,75,8,28.24,,,73,11110,5
2,,2004,,,2020,경희궁의 아침 3단지,내수동,"26,000",종로구,6,0,15,37.5,,,72,11110,5
3,,2004,,,2020,광화문시대,내수동,"5,000",종로구,6,65,18,34.9,,,74,11110,3
4,,2004,,,2020,광화문시대,내수동,"5,000",종로구,6,65,18,34.9,,,74,11110,3
5,,2004,,,2020,광화문시대,내수동,"21,000",종로구,6,0,19,32.01,,,74,11110,10
6,,2004,,,2020,광화문시대,내수동,"1,000",종로구,6,80,20,32.97,,,74,11110,16
7,,2004,,,2020,용비어천가,내수동,"26,000",종로구,6,0,20,37.56,,,75,11110,10
8,,2004,,,2020,광화문시대,내수동,"2,000",종로구,6,120,23,48.86,,,74,11110,8
9,,2004,,,2020,광화문시대,내수동,"9,000",종로구,6,58,25,40.26,,,74,11110,5
10,,2004,,,2020,광화문시대,내수동,"1,000",종로구,6,75,26,30.08,,,74,11110,18
11,,2004,,,2020,용비어천가,내수동,"1,000",종로구,6,95,27,37.56,,,75,11110,17
12,,2004,,,2020,경희궁의 아침 4단지,내수동,"20,000",종로구,6,0,30,28.24,,,73,11110,4
13,,2004,,,2020,광화문시대,내수동,"23,000",종로구,6,0,30,34.9,,,74,11110,8
14,,2004,,,2020,용비어천가,내수동,"29,500",종로구,6,0,30,37.56,,,75,11110,2
15,,2004,,,2020,두산위브파빌리온,수송동,"5,000",종로구,6,66,30,37.42,,,58,11110,4
16,,2007,,,2020,르메이에르종로타운1,종로1가,"15,000",종로구,6,40,11,43.43,,,24,11110,9
17,,2007,,,2020,르메이에르종로타운1,종로1가,"1,000",종로구,6,100,30,36.23,,,24,11110,11
18,,2004,,,2020,BIZ-WELL 종로 오피스텔,익선동,500,종로구,6,55,1,17.2,,,34,11110,6
19,,2002,,,2020,(33-6),익선동,"5,000",종로구,6,0,10,19.2,,,33-6,11110,2
20,,2004,,,2020,BIZ-WELL 종로 오피스텔,익선동,"3,000",종로구,6,50,26,23.14,,,34,11110,4
21,,2004,,,2020,BIZ-WELL 종로 오피스텔,익선동,"1,000",종로구,6,60,29,23.27,,,34,11110,7
22,,2005,,,2020,운현궁 에스케이 허브,경운동,"36,000",종로구,6,0,5,56.03,,,89-4,11110,5
23,,2005,,,2020,종로1번가,관철동,"15,000",종로구,6,0,8,25.29,,,155,11110,6
24,,2019,,,2020,로얄파크뷰,연지동,"16,000",종로구,6,0,8,18.66,,,238-5,11110,2
25,,2001,,,2020,대보마로니에텔,연건동,"17,000",종로구,6,0,26,26.52,,,206,11110,9
26,,2020,,,2020,종로 웰라이프,창신동,"20,000",종로구,6,0,11,26.1,,,302-1,11110,4
27,,2020,,,2020,종로 웰라이프,창신동,"20,000",종로구,6,0,18,26.89,,,302-1,11110,2
28,,2014,,,2020,숭인한양LEEPS,숭인동,"1,000",종로구,6,52,1,17.07,,,1421-2,11110,17
29,,2004,,,2020,종로대우디오빌,숭인동,"15,000",종로구,6,0,2,29.65,,,310,11110,4
30,,2014,,,2020,숭인한양LEEPS,숭인동,"3,000",종로구,6,38,2,17.07,,,1421-2,11110,13
31,,2014,,,2020,삼전솔하임4차,숭인동,"11,000",종로구,6,0,2,19.17,,,318-2,11110,6
32,,2016,,,2020,아이비씨 호텔 앤 오피스텔,숭인동,"13,500",종로구,6,0,3,21.62,,,1396,11110,11
33,,2004,,,2020,롯데캐슬 천지인,숭인동,"1,000",종로구,6,80,4,39.6,,,76,11110,22
34,,2004,,,2020,롯데캐슬 천지인,숭인동,"1,000",종로구,6,75,4,39.6,,,76,11110,24
35,,2016,,,2020,아이비씨 호텔 앤 오피스텔,숭인동,"13,500",종로구,6,0,5,21.62,,,1396,11110,12
36,,2013,,,2020,버넷하임1,숭인동,"12,100",종로구,6,0,8,25.27,,,1421,11110,2
37,,2013,,,2020,종로 동광모닝스카이,숭인동,"11,000",종로구,6,0,10,19.95,,,1421-1,11110,4
38,,2005,,,2020,경일오피스텔,숭인동,"2,000",종로구,6,42,11,22.55,,,1367,11110,6
39,,2014,,,2020,숭인한양LEEPS,숭인동,"11,300",종로구,6,0,12,17.07,,,1421-2,11110,16
40,,2014,,,2020,디세븐,숭인동,500,종로구,6,50,13,18.07,,,313-12,11110,13
41,,2013,,,2020,종로 동광모닝스카이,숭인동,"1,000",종로구,6,50,13,19.95,,,1421-1,11110,5
42,,2016,,,2020,아이비씨 호텔 앤 오피스텔,숭인동,"1,000",종로구,6,60,13,21.59,,,1396,11110,11
43,,2004,,,2020,롯데캐슬 천지인,숭인동,"2,000",종로구,6,120,13,67.96,,,76,11110,4
44,,2016,,,2020,아이비씨 호텔 앤 오피스텔,숭인동,"1,000",종로구,6,60,13,21.45,,,1396,11110,17
45,,2019,,,2020,케이디오피스텔,숭인동,"3,700",종로구,6,45,15,18.56,,,217-26,11110,5
46,,2005,,,2020,동양파라빌,숭인동,500,종로구,6,53,16,24.93,,,1388,11110,4
47,,2016,,,2020,아폴리움 오피스텔,숭인동,"1,000",종로구,6,52,16,15.2,,,201-7,11110,12
48,,2013,,,2020,종로 동광모닝스카이,숭인동,500,종로구,6,55,17,19.95,,,1421-1,11110,4
49,,2005,,,2020,동양파라빌,숭인동,"3,000",종로구,6,45,18,24.93,,,1388,11110,7
50,,2020,,,2020,블루카운티 숭인Ⅰ,숭인동,"30,000",종로구,6,0,19,37.88,,,217-16,11110,8
51,,2017,,,2020,블루빌,숭인동,"23,000",종로구,6,0,19,46.36,,,243,11110,3
52,,2020,,,2020,블루카운티 숭인Ⅰ,숭인동,"3,000",종로구,6,60,19,26.97,,,217-16,11110,2
53,,2014,,,2020,디세븐,숭인동,"10,000",종로구,6,0,20,15.62,,,313-12,11110,14
54,,2013,,,2020,(1392),숭인동,"5,000",종로구,6,25,22,18.64,,,1392,11110,3
55,,2020,,,2020,헤스티아,숭인동,"14,200",종로구,6,0,22,13.12,,,317-48,11110,9
56,,2013,,,2020,종로 동광모닝스카이,숭인동,"1,000",종로구,6,50,22,19.95,,,1421-1,11110,6
57,,2014,,,2020,디세븐,숭인동,500,종로구,6,45,22,16.04,,,313-12,11110,10
58,,2020,,,2020,블루카운티 숭인Ⅰ,숭인동,"24,000",종로구,6,0,22,26.63,,,217-16,11110,6
59,,2013,,,2020,(1392),숭인동,"5,000",종로구,6,27,23,18.64,,,1392,11110,5
60,,2004,,,2020,롯데캐슬 천지인,숭인동,"3,000",종로구,6,65,23,39.6,,,76,11110,27
61,,2014,,,2020,디세븐,숭인동,500,종로구,6,37,25,14.86,,,313-12,11110,14
62,,2016,,,2020,아이비씨 호텔 앤 오피스텔,숭인동,"24,000",종로구,6,0,26,43.84,,,1396,11110,19
63,,2013,,,2020,종로 아인스빌,숭인동,"12,400",종로구,6,0,26,17.88,,,1392-1,11110,4
64,,2016,,,2020,아이비씨 호텔 앤 오피스텔,숭인동,"1,000",종로구,6,60,27,21.59,,,1396,11110,8
65,,2020,,,2020,헤스티아,숭인동,"14,000",종로구,6,0,27,15.47,,,317-48,11110,6
66,,2005,,,2020,경일오피스텔,숭인동,"1,000",종로구,6,50,27,22.42,,,1367,11110,5
67,,2004,,,2020,종로대우디오빌,숭인동,"5,000",종로구,6,30,27,30.17,,,310,11110,4
68,,2016,,,2020,아폴리움 오피스텔,숭인동,"13,100",종로구,6,0,28,16.31,,,201-7,11110,6
69,,2013,,,2020,버넷하임1,숭인동,"11,700",종로구,6,0,29,25.27,,,1421,11110,7
70,,2016,,,2020,아이비씨 호텔 앤 오피스텔,숭인동,"24,000",종로구,6,0,29,43.48,,,1396,11110,19
71,,2016,,,2020,아이비씨 호텔 앤 오피스텔,숭인동,"24,000",종로구,6,0,29,43.48,,,1396,11110,19
72,,2016,,,2020,아이비씨 호텔 앤 오피스텔,숭인동,"24,000",종로구,6,0,29,43.29,,,1396,11110,19
73,,2014,,,2020,디세븐,숭인동,500,종로구,6,45,29,15.62,,,313-12,11110,13
74,,2020,,,2020,헤스티아,숭인동,"13,000",종로구,6,0,30,15.47,,,317-48,11110,9
75,,2016,,,2020,아이비씨 호텔 앤 오피스텔,숭인동,"13,500",종로구,6,0,30,21.45,,,1396,11110,9
76,,2017,,,2020,경희궁자이,교북동,"15,000",종로구,6,40,9,25.91,,,126,11110,2
77,,2017,,,2020,경희궁자이,교북동,"21,000",종로구,6,4,30,25.66,,,126,11110,4
0,,2004,,,2020,용비어천가,내수동,"5,000",종로구,7,70,1,33,,,75,11110,18
1,,2004,,,2020,광화문시대,내수동,"1,000",종로구,7,80,1,32.01,,,74,11110,6
2,,2004,,,2020,경희궁의 아침 4단지,내수동,"10,000",종로구,7,48,1,28.24,,,73,11110,15
3,,2004,,,2020,광화문시대,내수동,"10,000",종로구,7,50,2,34.9,,,74,11110,10
4,,2004,,,2020,광화문시대,내수동,"8,000",종로구,7,50,2,31.75,,,74,11110,8
5,,2004,,,2020,광화문시대,내수동,"10,000",종로구,7,55,2,38.88,,,74,11110,12
6,,2004,,,2020,광화문시대,내수동,"11,000",종로구,7,40,8,32.01,,,74,11110,9
7,,2004,,,2020,경희궁의 아침 2단지,내수동,"5,000",종로구,7,125,8,57.8,,,71,11110,5
8,,2004,,,2020,용비어천가,내수동,"3,000",종로구,7,75,9,30.76,,,75,11110,16
9,,2004,,,2020,용비어천가,내수동,"30,000",종로구,7,0,9,37.56,,,75,11110,14
10,,2004,,,2020,용비어천가,내수동,"22,000",종로구,7,0,9,30.36,,,75,11110,7
11,,2004,,,2020,경희궁의 아침 2단지,내수동,"22,000",종로구,7,0,17,29.41,,,71,11110,7
12,,2004,,,2020,용비어천가,내수동,"21,000",종로구,7,0,18,28.19,,,75,11110,8
13,,2004,,,2020,용비어천가,내수동,"22,000",종로구,7,0,20,28.19,,,75,11110,2
14,,2004,,,2020,경희궁의 아침 3단지,내수동,"2,000",종로구,7,80,21,37.5,,,72,11110,5
15,,2004,,,2020,광화문시대,내수동,"1,000",종로구,7,85,27,34.9,,,74,11110,10
16,,2004,,,2020,경희궁의 아침 3단지,내수동,"23,000",종로구,7,0,30,37.5,,,72,11110,12
17,,2007,,,2020,르메이에르종로타운1,종로1가,"22,000",종로구,7,0,22,45.41,,,24,11110,11
18,,2008,,,2020,종로1가 대성스카이렉스,견지동,"21,000",종로구,7,0,18,35.95,,,110,11110,6
19,,2002,,,2020,(33-6),익선동,"6,000",종로구,7,0,6,23.15,,,33-6,11110,2
20,,2005,,,2020,운현궁 에스케이 허브,경운동,"21,000",종로구,7,0,22,39.2,,,89-4,11110,5
21,,2005,,,2020,운현궁 에스케이 허브,경운동,"5,000",종로구,7,65,22,38.59,,,89-4,11110,7
22,,2017,,,2020,포레스트힐시티,효제동,"17,850",종로구,7,0,4,28.86,,,65-2,11110,5
23,,2014,,,2020,디세븐,숭인동,500,종로구,7,40,1,14.86,,,313-12,11110,13
24,,2005,,,2020,동양파라빌,숭인동,"12,500",종로구,7,0,1,24.93,,,1388,11110,9
25,,2016,,,2020,아이비씨 호텔 앤 오피스텔,숭인동,"13,500",종로구,7,0,1,23.24,,,1396,11110,8
26,,2016,,,2020,아이비씨 호텔 앤 오피스텔,숭인동,"24,000",종로구,7,0,1,43.78,,,1396,11110,19
27,,2016,,,2020,아이비씨 호텔 앤 오피스텔,숭인동,"24,000",종로구,7,0,2,43.84,,,1396,11110,19
28,,2016,,,2020,아이비씨 호텔 앤 오피스텔,숭인동,"3,000",종로구,7,50,2,21.36,,,1396,11110,10
29,,2016,,,2020,아이비씨 호텔 앤 오피스텔,숭인동,"24,000",종로구,7,0,3,43.84,,,1396,11110,19
30,,2016,,,2020,아이비씨 호텔 앤 오피스텔,숭인동,"24,000",종로구,7,0,3,45.43,,,1396,11110,19
31,,2004,,,2020,종로대우디오빌,숭인동,"15,000",종로구,7,0,4,29.65,,,310,11110,6
32,,2014,,,2020,디세븐,숭인동,500,종로구,7,40,4,15.04,,,313-12,11110,9
33,,2014,,,2020,삼전솔하임4차,숭인동,"12,000",종로구,7,0,4,19.17,,,318-2,11110,5
34,,2005,,,2020,동양파라빌,숭인동,"2,000",종로구,7,50,6,27.09,,,1388,11110,13
35,,2013,,,2020,버넷하임1,숭인동,"8,000",종로구,7,30,6,25.27,,,1421,11110,9
36,,2013,,,2020,(1392),숭인동,"5,000",종로구,7,25,6,19.84,,,1392,11110,4
37,,2020,,,2020,블루카운티 숭인Ⅰ,숭인동,"23,000",종로구,7,0,7,27.03,,,217-16,11110,9
38,,2016,,,2020,아이비씨 호텔 앤 오피스텔,숭인동,"25,000",종로구,7,0,7,66.15,,,1396,11110,19
39,,2016,,,2020,아이비씨 호텔 앤 오피스텔,숭인동,"20,000",종로구,7,50,8,64.94,,,1396,11110,20
40,,2016,,,2020,아이비씨 호텔 앤 오피스텔,숭인동,"20,000",종로구,7,50,8,66.15,,,1396,11110,20
41,,2016,,,2020,아이비씨 호텔 앤 오피스텔,숭인동,"24,000",종로구,7,0,8,43.29,,,1396,11110,19
42,,2014,,,2020,삼전솔하임4차,숭인동,"10,800",종로구,7,0,8,19.17,,,318-2,11110,4
43,,2004,,,2020,롯데캐슬 천지인,숭인동,"1,000",종로구,7,75,9,39.6,,,76,11110,10
44,,2016,,,2020,아이비씨 호텔 앤 오피스텔,숭인동,"26,000",종로구,7,0,9,43.84,,,1396,11110,20
45,,2014,,,2020,숭인한양LEEPS,숭인동,"11,300",종로구,7,0,10,17.07,,,1421-2,11110,16
46,,2016,,,2020,아이비씨 호텔 앤 오피스텔,숭인동,"26,000",종로구,7,0,10,43.78,,,1396,11110,20
47,,2013,,,2020,종로 아인스빌,숭인동,"9,975",종로구,7,0,11,17.88,,,1392-1,11110,7
48,,2013,,,2020,종로 동광모닝스카이,숭인동,"12,000",종로구,7,0,13,19.95,,,1421-1,11110,3
49,,2016,,,2020,아이비씨 호텔 앤 오피스텔,숭인동,"24,000",종로구,7,0,13,43.48,,,1396,11110,19
50,,2020,,,2020,헤스티아,숭인동,"14,000",종로구,7,0,14,15.28,,,317-48,11110,13
51,,2020,,,2020,헤스티아,숭인동,"14,000",종로구,7,0,14,15.28,,,317-48,11110,13
52,,2014,,,2020,디세븐,숭인동,500,종로구,7,35,14,13.44,,,313-12,11110,9
53,,2020,,,2020,블루카운티 숭인Ⅰ,숭인동,"24,000",종로구,7,0,15,26.97,,,217-16,11110,9
54,,2013,,,2020,종로 중흥 S클래스,숭인동,"5,000",종로구,7,35,16,23.97,,,202-3,11110,3
55,,2004,,,2020,종로대우디오빌,숭인동,"1,000",종로구,7,60,16,29.65,,,310,11110,8
56,,2016,,,2020,아이비씨 호텔 앤 오피스텔,숭인동,"1,000",종로구,7,60,16,21.36,,,1396,11110,16
57,,2005,,,2020,동양파라빌,숭인동,"2,000",종로구,7,50,17,27.09,,,1388,11110,5
58,,2020,,,2020,헤스티아,숭인동,"1,000",종로구,7,50,17,15.47,,,317-48,11110,14
59,,2013,,,2020,종로 아인스빌,숭인동,"12,500",종로구,7,0,17,17.88,,,1392-1,11110,3
60,,2014,,,2020,디세븐,숭인동,500,종로구,7,55,18,18.07,,,313-12,11110,11
61,,2020,,,2020,헤스티아,숭인동,"12,500",종로구,7,0,18,15.47,,,317-48,11110,3
62,,2013,,,2020,(1392),숭인동,"6,000",종로구,7,25,18,20.18,,,1392,11110,5
63,,2016,,,2020,아폴리움 오피스텔,숭인동,"13,230",종로구,7,0,18,16.31,,,201-7,11110,7
64,,2013,,,2020,(1392),숭인동,"4,000",종로구,7,30,18,18.64,,,1392,11110,4
65,,2020,,,2020,헤스티아,숭인동,"1,000",종로구,7,50,21,15.28,,,317-48,11110,15
66,,2004,,,2020,롯데캐슬 천지인,숭인동,"1,000",종로구,7,75,21,39.6,,,76,11110,22
67,,2014,,,2020,디세븐,숭인동,"12,000",종로구,7,0,21,16.04,,,313-12,11110,13
68,,2014,,,2020,디세븐,숭인동,500,종로구,7,42,22,15.04,,,313-12,11110,11
69,,2004,,,2020,롯데캐슬 천지인,숭인동,"2,000",종로구,7,75,23,39.6,,,76,11110,27
70,,2016,,,2020,아폴리움 오피스텔,숭인동,"3,000",종로구,7,47,24,16.31,,,201-7,11110,12
71,,2020,,,2020,블루카운티 숭인Ⅰ,숭인동,"7,000",종로구,7,50,25,27.18,,,217-16,11110,9
72,,2014,,,2020,삼전솔하임4차,숭인동,"3,000",종로구,7,40,25,19.17,,,318-2,11110,3
73,,2013,,,2020,종로 아인스빌,숭인동,"12,500",종로구,7,0,25,17.88,,,1392-1,11110,8
74,,2016,,,2020,아이비씨 호텔 앤 오피스텔,숭인동,"20,000",종로구,7,50,27,66.15,,,1396,11110,20
75,,2014,,,2020,디세븐,숭인동,500,종로구,7,45,28,13.44,,,313-12,11110,4
76,,2005,,,2020,경일오피스텔,숭인동,"2,000",종로구,7,38,29,18.82,,,1367,11110,5
77,,2020,,,2020,블루카운티 숭인Ⅰ,숭인동,"28,000",종로구,7,0,29,37.88,,,217-16,11110,8
78,,2005,,,2020,동양파라빌,숭인동,"3,000",종로구,7,45,30,27.09,,,1388,11110,10
79,,2017,,,2020,경희궁자이,교북동,"26,000",종로구,7,0,30,25.91,,,126,11110,2
80,,2017,,,2020,경희궁자이,교북동,"25,350",종로구,7,0,31,27.62,,,126,11110,4
0,,2008,,20.09~21.08,2020,광화문 풍림스페이스본,사직동,"5,000",종로구,8,85,7,39.54,,,9,11110,6
1,,2004,,,2020,용비어천가,내수동,"10,000",종로구,8,50,3,37.12,,,75,11110,14
2,,2004,,,2020,용비어천가,내수동,"3,000",종로구,8,60,6,28.19,,,75,11110,7
3,,2004,,,2020,용비어천가,내수동,"22,500",종로구,8,0,6,30.42,,,75,11110,10
4,,2004,,,2020,경희궁의 아침 3단지,내수동,"2,000",종로구,8,180,7,63.1,,,72,11110,3
5,,2004,,,2020,용비어천가,내수동,"26,000",종로구,8,0,7,37.12,,,75,11110,10
6,,2004,,,2020,경희궁의 아침 2단지,내수동,"1,500",종로구,8,135,11,51.02,,,71,11110,12
7,,2004,,,2020,용비어천가,내수동,"1,000",종로구,8,70,11,30.76,,,75,11110,9
8,,2004,,,2020,경희궁의 아침 3단지,내수동,"1,000",종로구,8,85,13,37.5,,,72,11110,7
9,,2004,,,2020,용비어천가,내수동,"1,000",종로구,8,80,18,33,,,75,11110,10
10,,2004,,,2020,경희궁의 아침 3단지,내수동,"24,000",종로구,8,0,18,37.5,,,72,11110,4
11,,2004,,,2020,용비어천가,내수동,"25,000",종로구,8,0,20,37.56,,,75,11110,13
12,,2004,,,2020,광화문시대,내수동,"25,000",종로구,8,60,20,56.56,,,74,11110,13
13,,2004,,,2020,경희궁의 아침 2단지,내수동,"1,000",종로구,8,75,28,28.9,,,71,11110,4
14,,2004,,,2020,광화문시대,내수동,"24,000",종로구,8,0,28,40.26,,,74,11110,11
15,,2004,,,2020,용비어천가,내수동,"25,000",종로구,8,0,31,42.39,,,75,11110,15
16,,2004,,,2020,용비어천가,내수동,"1,000",종로구,8,85,31,33,,,75,11110,16
17,,2004,,,2020,경희궁의 아침 3단지,내수동,"10,000",종로구,8,55,31,37.5,,,72,11110,13
18,,2004,,,2020,용비어천가,내수동,"25,000",종로구,8,0,31,42.39,,,75,11110,15
19,,2004,,,2020,두산위브파빌리온,수송동,"1,000",종로구,8,90,6,37.42,,,58,11110,6
20,,2004,,,2020,BIZ-WELL 종로 오피스텔,익선동,"1,000",종로구,8,55,5,23.14,,,34,11110,4
21,,2004,,,2020,BIZ-WELL 종로 오피스텔,익선동,500,종로구,8,55,10,17.2,,,34,11110,6
22,,2004,,,2020,BIZ-WELL 종로 오피스텔,익선동,500,종로구,8,55,25,17.42,,,34,11110,6
23,,2004,,,2020,BIZ-WELL 종로 오피스텔,익선동,"1,000",종로구,8,60,26,23.14,,,34,11110,9
24,,2019,,,2020,드래곤팰리스,돈의동,"1,000",종로구,8,70,11,20.25,,,41-1,11110,3
25,,2003,,,2020,코윈 팔레스뷰 오피스텔,원남동,"1,000",종로구,8,60,12,24.03,,,95,11110,7
26,,2003,,,2020,코윈 팔레스뷰 오피스텔,원남동,"17,000",종로구,8,0,29,24.03,,,95,11110,10
27,,2016,,,2020,아이비씨 호텔 앤 오피스텔,숭인동,"20,000",종로구,8,30,4,43.29,,,1396,11110,20
28,,2019,,,2020,케이디오피스텔,숭인동,"16,000",종로구,8,0,5,18.18,,,217-26,11110,3
29,,2005,,,2020,동양파라빌,숭인동,"1,000",종로구,8,55,7,27.09,,,1388,11110,9
30,,2013,,,2020,(1392),숭인동,"8,000",종로구,8,15,8,20.18,,,1392,11110,6
31,,2004,,,2020,롯데캐슬 천지인,숭인동,"2,000",종로구,8,70,8,39.6,,,76,11110,16
32,,2005,,,2020,동양파라빌,숭인동,"2,000",종로구,8,50,8,24.93,,,1388,11110,10
33,,2014,,,2020,삼전솔하임4차,숭인동,"10,000",종로구,8,0,11,19.17,,,318-2,11110,6
34,,2020,,,2020,헤스티아,숭인동,"2,000",종로구,8,40,14,13.12,,,317-48,11110,9
35,,2016,,,2020,아폴리움 오피스텔,숭인동,"1,000",종로구,8,55,15,16.31,,,201-7,11110,10
36,,2005,,,2020,동양파라빌,숭인동,"1,000",종로구,8,52,15,24.93,,,1388,11110,13
37,,2020,,,2020,헤스티아,숭인동,"12,500",종로구,8,0,15,15.47,,,317-48,11110,4
38,,2014,,,2020,삼전솔하임4차,숭인동,"2,000",종로구,8,45,18,19.17,,,318-2,11110,3
39,,2016,,,2020,아이비씨 호텔 앤 오피스텔,숭인동,"1,200",종로구,8,105,19,43.29,,,1396,11110,17
40,,2020,,,2020,헤스티아,숭인동,"13,700",종로구,8,0,19,15.28,,,317-48,11110,17
41,,2016,,,2020,아이비씨 호텔 앤 오피스텔,숭인동,"1,000",종로구,8,60,24,21.36,,,1396,11110,15
42,,2020,,,2020,헤스티아,숭인동,"13,000",종로구,8,0,24,15.47,,,317-48,11110,2
43,,2013,,,2020,종로 중흥 S클래스,숭인동,"1,000",종로구,8,55,25,23.97,,,202-3,11110,4
44,,2013,,,2020,종로유케이201,숭인동,"10,400",종로구,8,0,25,15.46,,,201-11,11110,3
45,,2005,,,2020,엘리시앙오피스텔,숭인동,"1,000",종로구,8,55,25,30.36,,,200-33,11110,12
46,,2016,,,2020,아이비씨 호텔 앤 오피스텔,숭인동,"13,500",종로구,8,0,25,21.36,,,1396,11110,15
47,,2013,,,2020,종로 아인스빌,숭인동,"4,000",종로구,8,31,25,17.88,,,1392-1,11110,4
48,,2020,,,2020,헤스티아,숭인동,"2,000",종로구,8,45,26,15.47,,,317-48,11110,8
49,,2020,,,2020,헤스티아,숭인동,"12,800",종로구,8,0,27,15.28,,,317-48,11110,7
50,,2020,,20.08~21.08,2020,헤스티아,숭인동,"1,000",종로구,8,55,28,15.47,,,317-48,11110,12
51,,2013,,,2020,(1392),숭인동,"5,000",종로구,8,32,29,20.18,,,1392,11110,4
52,,2020,,,2020,헤스티아,숭인동,"13,000",종로구,8,0,30,14.9,,,317-48,11110,16
53,,2014,,,2020,디세븐,숭인동,"8,000",종로구,8,0,30,15.04,,,313-12,11110,10
54,,2020,,,2020,헤스티아,숭인동,"13,000",종로구,8,0,30,14.9,,,317-48,11110,17
55,,2005,,,2020,동양파라빌,숭인동,"2,000",종로구,8,50,31,27.09,,,1388,11110,3
56,,2005,,,2020,동양파라빌,숭인동,"2,000",종로구,8,45,31,24.93,,,1388,11110,13
57,,2005,,,2020,세검정아트오피스텔,홍지동,"10,000",종로구,8,30,2,48.45,,,104-21,11110,1
0,,2008,,,2020,광화문 풍림스페이스본,사직동,"27,300",종로구,9,0,3,39.54,,,9,11110,3
1,,2008,,,2020,광화문 풍림스페이스본,사직동,"31,000",종로구,9,0,16,39.54,,,9,11110,10
2,,2008,,,2020,광화문 풍림스페이스본,사직동,"31,000",종로구,9,0,25,39.54,,,9,11110,10
3,,2004,,,2020,용비어천가,내수동,"15,000",종로구,9,60,1,37.56,,,75,11110,15
4,,2004,,,2020,경희궁의 아침 2단지,내수동,"21,000",종로구,9,0,3,25.51,,,71,11110,8
5,,2004,,,2020,경희궁의 아침 2단지,내수동,"1,000",종로구,9,83,7,32.43,,,71,11110,15
6,,2004,,,2020,경희궁의 아침 2단지,내수동,"1,000",종로구,9,85,7,32.43,,,71,11110,16
7,,2004,,,2020,광화문시대,내수동,"10,000",종로구,9,55,8,38.88,,,74,11110,9
8,,2004,,,2020,용비어천가,내수동,"24,000",종로구,9,0,10,37.56,,,75,11110,6
9,,2004,,,2020,용비어천가,내수동,"24,000",종로구,9,0,10,37.56,,,75,11110,6
10,,2004,,,2020,용비어천가,내수동,500,종로구,9,95,14,37.56,,,75,11110,14
11,,2004,,,2020,용비어천가,내수동,"1,000",종로구,9,90,16,37.12,,,75,11110,8
12,,2004,,,2020,경희궁의 아침 2단지,내수동,"42,000",종로구,9,0,22,57.8,,,71,11110,10
13,,2004,,,2020,용비어천가,내수동,"10,000",종로구,9,50,26,33,,,75,11110,11
14,,2020,,,2020,디팰리스,신문로2가,"63,000",종로구,9,0,29,53.75,,,171,11110,6
15,,2005,,,2020,운현궁 에스케이 허브,경운동,"24,000",종로구,9,0,29,41.12,,,89-4,11110,9
16,,2020,,,2020,종로 하이뷰 디아트,관수동,"1,000",종로구,9,80,18,18.16,,,98-1,11110,7
17,,2020,,,2020,종로 하이뷰 디아트,관수동,"22,000",종로구,9,0,23,18.16,,,98-1,11110,10
18,,2020,,,2020,종로 하이뷰 디아트,관수동,"21,000",종로구,9,0,23,18.16,,,98-1,11110,8
19,,2020,,,2020,종로 하이뷰 디아트,관수동,"23,000",종로구,9,0,29,21.44,,,98-1,11110,10
20,,2019,,,2020,주함해븐타워 3동,연지동,60,종로구,9,38,22,23.37,,,111,11110,5
21,,2020,,,2020,종로 웰라이프,창신동,"3,000",종로구,9,60,26,24.94,,,302-1,11110,4
22,,2020,,,2020,헤스티아,숭인동,"3,000",종로구,9,35,1,13.12,,,317-48,11110,11
23,,2013,,,2020,버넷하임1,숭인동,"14,000",종로구,9,0,2,25.27,,,1421,11110,8
24,,2020,,,2020,헤스티아,숭인동,"13,000",종로구,9,0,2,15.28,,,317-48,11110,10
25,,2013,,,2020,(1392),숭인동,"12,000",종로구,9,0,2,20.18,,,1392,11110,6
26,,2013,,,2020,버넷하임1,숭인동,"11,000",종로구,9,0,2,24.65,,,1421,11110,2
27,,2005,,,2020,동양파라빌,숭인동,"12,000",종로구,9,0,3,24.93,,,1388,11110,5
28,,2020,,,2020,헤스티아,숭인동,"12,000",종로구,9,0,4,14.9,,,317-48,11110,8
29,,2016,,,2020,아이비씨 호텔 앤 오피스텔,숭인동,"13,500",종로구,9,0,4,21.36,,,1396,11110,9
30,,2020,,,2020,헤스티아,숭인동,"13,000",종로구,9,0,5,14.9,,,317-48,11110,15
31,,2020,,,2020,헤스티아,숭인동,"13,000",종로구,9,0,5,14.9,,,317-48,11110,12
32,,2016,,,2020,아이비씨 호텔 앤 오피스텔,숭인동,"13,500",종로구,9,0,5,21.45,,,1396,11110,10
33,,2020,,,2020,헤스티아,숭인동,"2,500",종로구,9,35,5,13.12,,,317-48,11110,9
34,,2013,,,2020,종로 동광모닝스카이,숭인동,"1,000",종로구,9,49,5,19.95,,,1421-1,11110,2
35,,2020,,,2020,헤스티아,숭인동,"1,000",종로구,9,50,6,15.47,,,317-48,11110,17
36,,2020,,,2020,헤스티아,숭인동,"13,500",종로구,9,0,7,15.47,,,317-48,11110,10
37,,2005,,,2020,동양파라빌,숭인동,"6,000",종로구,9,32,7,27.09,,,1388,11110,9
38,,2020,,,2020,헤스티아,숭인동,"12,500",종로구,9,0,7,14.9,,,317-48,11110,13
39,,2016,,,2020,아폴리움 오피스텔,숭인동,"12,600",종로구,9,0,8,16.31,,,201-7,11110,4
40,,2005,,,2020,동양파라빌,숭인동,"1,000",종로구,9,50,8,24.93,,,1388,11110,12
41,,2016,,,2020,아이비씨 호텔 앤 오피스텔,숭인동,"1,000",종로구,9,55,8,21.59,,,1396,11110,10
42,,2020,,,2020,헤스티아,숭인동,"12,000",종로구,9,0,9,14.9,,,317-48,11110,8
43,,2020,,,2020,헤스티아,숭인동,500,종로구,9,60,9,15.47,,,317-48,11110,16
44,,2020,,,2020,헤스티아,숭인동,"12,000",종로구,9,0,10,13.12,,,317-48,11110,16
45,,2005,,,2020,동양파라빌,숭인동,"2,000",종로구,9,50,10,27.09,,,1388,11110,2
46,,2016,,,2020,아폴리움 오피스텔,숭인동,"13,000",종로구,9,0,11,16.31,,,201-7,11110,3
47,,2020,,,2020,블루카운티 숭인Ⅰ,숭인동,"24,000",종로구,9,0,11,26.97,,,217-16,11110,3
48,,2004,,,2020,종로대우디오빌,숭인동,"1,000",종로구,9,60,12,30.17,,,310,11110,6
49,,2016,,,2020,아폴리움 오피스텔,숭인동,"12,000",종로구,9,0,12,15.2,,,201-7,11110,11
50,,2020,,,2020,헤스티아,숭인동,"12,000",종로구,9,0,12,13.12,,,317-48,11110,15
51,,2016,,,2020,아이비씨 호텔 앤 오피스텔,숭인동,"1,200",종로구,9,105,13,43.29,,,1396,11110,17
52,,2020,,,2020,헤스티아,숭인동,"12,000",종로구,9,0,13,14.71,,,317-48,11110,13
53,,2020,,,2020,헤스티아,숭인동,"13,000",종로구,9,0,13,15.47,,,317-48,11110,3
54,,2004,,,2020,롯데캐슬 천지인,숭인동,500,종로구,9,80,14,39.6,,,76,11110,27
55,,2004,,,2020,종로대우디오빌,숭인동,"1,000",종로구,9,65,14,29.65,,,310,11110,13
56,,2020,,,2020,헤스티아,숭인동,"13,000",종로구,9,0,15,15.28,,,317-48,11110,12
57,,2020,,,2020,블루카운티 숭인Ⅰ,숭인동,"23,000",종로구,9,0,16,26.73,,,217-16,11110,6
58,,2005,,,2020,동양파라빌,숭인동,"1,000",종로구,9,50,17,24.93,,,1388,11110,13
59,,2019,,,2020,케이디오피스텔,숭인동,"10,000",종로구,9,20,17,18.18,,,217-26,11110,5
60,,2020,,,2020,헤스티아,숭인동,"13,500",종로구,9,0,17,15.47,,,317-48,11110,6
61,,2005,,,2020,엘리시앙오피스텔,숭인동,"1,000",종로구,9,50,18,34.38,,,200-33,11110,10
62,,2016,,,2020,아폴리움 오피스텔,숭인동,"13,500",종로구,9,0,18,16.31,,,201-7,11110,13
63,,2020,,,2020,헤스티아,숭인동,"13,500",종로구,9,0,19,15.47,,,317-48,11110,12
64,,2013,,,2020,종로 동광모닝스카이,숭인동,"1,000",종로구,9,52,19,19.95,,,1421-1,11110,7
65,,2014,,,2020,삼전솔하임4차,숭인동,"4,000",종로구,9,30,19,19.17,,,318-2,11110,9
66,,2005,,,2020,경일오피스텔,숭인동,"2,000",종로구,9,38,19,18.82,,,1367,11110,6
67,,2016,,,2020,아폴리움 오피스텔,숭인동,"13,650",종로구,9,0,19,16.31,,,201-7,11110,3
68,,2004,,,2020,종로대우디오빌,숭인동,"1,000",종로구,9,60,21,29.65,,,310,11110,11
69,,2004,,,2020,롯데캐슬 천지인,숭인동,"1,000",종로구,9,75,21,39.6,,,76,11110,6
70,,2020,,,2020,헤스티아,숭인동,"12,000",종로구,9,0,21,13.12,,,317-48,11110,17
71,,2020,,,2020,헤스티아,숭인동,"12,000",종로구,9,0,21,13.12,,,317-48,11110,14
72,,2020,,,2020,헤스티아,숭인동,"1,000",종로구,9,50,22,15.28,,,317-48,11110,8
73,,2020,,,2020,헤스티아,숭인동,"12,000",종로구,9,0,22,14.71,,,317-48,11110,5
74,,2019,,,2020,케이디오피스텔,숭인동,"16,100",종로구,9,0,23,18.18,,,217-26,11110,4
75,,2020,,,2020,헤스티아,숭인동,"13,500",종로구,9,0,23,15.47,,,317-48,11110,9
76,,2014,,,2020,디세븐,숭인동,500,종로구,9,50,24,15.46,,,313-12,11110,6
77,,2014,,,2020,삼전솔하임4차,숭인동,"1,000",종로구,9,45,25,19.17,,,318-2,11110,6
78,,2005,,,2020,엘리시앙오피스텔,숭인동,"6,000",종로구,9,30,25,30.36,,,200-33,11110,9
79,,2013,,20.10~21.10,2020,(1392),숭인동,"5,000",종로구,9,30,26,20.18,,,1392,11110,8
80,,2004,,,2020,롯데캐슬 천지인,숭인동,"20,000",종로구,9,0,28,39.6,,,76,11110,20
81,,2020,,,2020,헤스티아,숭인동,"12,500",종로구,9,0,28,13.12,,,317-48,11110,14
82,,2020,,,2020,헤스티아,숭인동,"13,000",종로구,9,0,29,15.47,,,317-48,11110,5
83,,2017,,,2020,경희궁자이,교북동,"1,000",종로구,9,77,10,25.66,,,126,11110,5
84,,2017,,,2020,경희궁자이,교북동,"1,000",종로구,9,81,10,25.66,,,126,11110,5
85,,2017,,,2020,경희궁자이,교북동,"15,000",종로구,9,24,22,25.91,,,126,11110,2
86,,2017,,,2020,경희궁자이,교북동,"2,000",종로구,9,79,26,25.91,,,126,11110,2
0,,2008,,,2020,광화문 풍림스페이스본,사직동,"1,000",종로구,10,100,23,39.54,,,9,11110,5
1,,2004,,,2020,경희궁의 아침 3단지,내수동,"1,000",종로구,10,85,7,37.5,,,72,11110,16
2,,2004,,,2020,경희궁의 아침 4단지,내수동,"5,000",종로구,10,55,12,28.24,,,73,11110,7
3,,2004,,,2020,용비어천가,내수동,"4,000",종로구,10,70,13,37.56,,,75,11110,8
4,,2004,,,2020,경희궁의 아침 3단지,내수동,"1,000",종로구,10,85,13,37.5,,,72,11110,14
5,,2004,,,2020,용비어천가,내수동,"25,000",종로구,10,0,14,37.56,,,75,11110,6
6,,2004,,,2020,용비어천가,내수동,"25,000",종로구,10,0,14,37.56,,,75,11110,6
7,,2004,,,2020,광화문시대,내수동,"1,000",종로구,10,85,15,34.9,,,74,11110,9
8,,2004,,,2020,용비어천가,내수동,"8,000",종로구,10,120,23,58.92,,,75,11110,15
9,,2004,,,2020,용비어천가,내수동,"1,500",종로구,10,157,29,45.89,,,75,11110,15
10,,2004,,,2020,경희궁의 아침 2단지,내수동,"26,900",종로구,10,0,29,32.43,,,71,11110,7
11,,2020,,,2020,디팰리스,신문로2가,"60,000",종로구,10,0,8,51.34,,,171,11110,6
12,,2020,,,2020,디팰리스,신문로2가,"100,000",종로구,10,0,14,70.7,,,171,11110,4
13,,2020,,,2020,디팰리스,신문로2가,"55,000",종로구,10,0,15,40.15,,,171,11110,2
14,,2020,,,2020,디팰리스,신문로2가,"70,000",종로구,10,0,21,53.75,,,171,11110,5
15,,2005,,,2020,종로1번가,관철동,"14,000",종로구,10,0,23,25.29,,,155,11110,12
16,,2005,,,2020,종로1번가,관철동,"15,000",종로구,10,0,28,25.29,,,155,11110,6
17,,2020,,,2020,종로 하이뷰 디아트,관수동,"1,000",종로구,10,80,8,18.16,,,98-1,11110,7
18,,2020,,,2020,종로 하이뷰 디아트,관수동,"21,500",종로구,10,0,24,18.16,,,98-1,11110,7
19,,2020,,,2020,헤스티아,숭인동,500,종로구,10,52,5,14.71,,,317-48,11110,7
20,,2016,,,2020,아폴리움 오피스텔,숭인동,"13,000",종로구,10,0,5,16.31,,,201-7,11110,13
21,,2020,,,2020,헤스티아,숭인동,"13,800",종로구,10,0,5,15.47,,,317-48,11110,12
22,,2020,,,2020,헤스티아,숭인동,"13,500",종로구,10,0,5,15.47,,,317-48,11110,3
23,,2020,,,2020,헤스티아,숭인동,"12,500",종로구,10,0,5,13.12,,,317-48,11110,10
24,,2004,,,2020,종로대우디오빌,숭인동,"1,000",종로구,10,60,7,29.65,,,310,11110,11
25,,2020,,,2020,헤스티아,숭인동,"12,500",종로구,10,0,8,14.71,,,317-48,11110,12
26,,2013,,,2020,종로 중흥 S클래스,숭인동,"13,000",종로구,10,0,8,22.44,,,202-3,11110,3
27,,2020,,,2020,헤스티아,숭인동,"12,000",종로구,10,0,9,13.12,,,317-48,11110,6
28,,2020,,,2020,헤스티아,숭인동,"1,000",종로구,10,48,9,15.28,,,317-48,11110,4
29,,2014,,,2020,삼전솔하임4차,숭인동,500,종로구,10,50,9,19.17,,,318-2,11110,3
30,,2005,,,2020,동양파라빌,숭인동,"1,000",종로구,10,55,10,27.09,,,1388,11110,5
31,,2020,,,2020,헤스티아,숭인동,"13,800",종로구,10,0,11,15.28,,,317-48,11110,16
32,,2016,,,2020,아이비씨 호텔 앤 오피스텔,숭인동,"13,500",종로구,10,0,12,21.59,,,1396,11110,11
33,,2005,,,2020,경일오피스텔,숭인동,"2,000",종로구,10,38,12,18.82,,,1367,11110,10
34,,2004,,,2020,롯데캐슬 천지인,숭인동,"2,000",종로구,10,70,12,39.6,,,76,11110,18
35,,2020,,,2020,헤스티아,숭인동,"13,600",종로구,10,0,12,15.47,,,317-48,11110,5
36,,2020,,,2020,헤스티아,숭인동,"12,500",종로구,10,0,13,13.12,,,317-48,11110,10
37,,2004,,,2020,롯데캐슬 천지인,숭인동,"1,000",종로구,10,75,13,39.6,,,76,11110,7
38,,2004,,,2020,롯데캐슬 천지인,숭인동,"1,000",종로구,10,75,13,39.6,,,76,11110,6
39,,2020,,,2020,헤스티아,숭인동,"13,800",종로구,10,0,14,15.28,,,317-48,11110,6
40,,2020,,,2020,블루카운티 숭인Ⅰ,숭인동,"1,000",종로구,10,75,15,26.97,,,217-16,11110,2
41,,2014,,,2020,삼전솔하임4차,숭인동,"13,200",종로구,10,0,15,19.17,,,318-2,11110,7
42,,2020,,,2020,우영빌딩,숭인동,"15,000",종로구,10,50,17,50.37,,,72-83,11110,6
43,,2020,,,2020,블루카운티 숭인Ⅰ,숭인동,"22,500",종로구,10,0,17,26.73,,,217-16,11110,4
44,,2020,,,2020,헤스티아,숭인동,"12,000",종로구,10,0,18,13.12,,,317-48,11110,2
45,,2020,,,2020,헤스티아,숭인동,"12,000",종로구,10,0,19,13.12,,,317-48,11110,5
46,,2020,,,2020,헤스티아,숭인동,"12,500",종로구,10,0,20,13.12,,,317-48,11110,6
47,,2020,,,2020,블루카운티 숭인Ⅰ,숭인동,"23,000",종로구,10,0,20,26.97,,,217-16,11110,5
48,,2020,,,2020,헤스티아,숭인동,"12,500",종로구,10,0,20,13.12,,,317-48,11110,12
49,,2016,,,2020,아폴리움 오피스텔,숭인동,"1,000",종로구,10,52,20,16.31,,,201-7,11110,10
50,,2020,,,2020,헤스티아,숭인동,"13,800",종로구,10,0,20,14.9,,,317-48,11110,10
51,,2005,,,2020,경일오피스텔,숭인동,"2,000",종로구,10,38,21,18.82,,,1367,11110,8
52,,2004,,,2020,롯데캐슬 천지인,숭인동,"1,000",종로구,10,70,22,39.6,,,76,11110,2
53,,2016,,,2020,아이비씨 호텔 앤 오피스텔,숭인동,"13,500",종로구,10,0,23,21.45,,,1396,11110,17
54,,2005,,,2020,동양파라빌,숭인동,"12,000",종로구,10,0,26,27.09,,,1388,11110,10
55,,2004,,,2020,종로대우디오빌,숭인동,"10,000",종로구,10,25,27,29.65,,,310,11110,4
56,,2020,,,2020,헤스티아,숭인동,"1,000",종로구,10,55,28,15.28,,,317-48,11110,14
57,,2020,,,2020,블루카운티 숭인Ⅰ,숭인동,"24,000",종로구,10,0,28,29.88,,,217-16,11110,3
58,,2004,,,2020,종로대우디오빌,숭인동,"1,000",종로구,10,70,31,38.08,,,310,11110,14
59,,2017,,,2020,경희궁자이,교북동,"1,000",종로구,10,84,3,25.91,,,126,11110,5
60,,2002,,,2020,캐피탈오피스텔,부암동,"1,000",종로구,10,45,31,24.53,,,154-2,11110,2
0,,2008,,,2020,광화문 풍림스페이스본,사직동,"1,000",종로구,11,110,29,39.54,,,9,11110,6
1,,2004,,,2020,용비어천가,내수동,"1,000",종로구,11,90,3,37.56,,,75,11110,4
2,,2004,,,2020,용비어천가,내수동,"24,000",종로구,11,0,4,30.36,,,75,11110,12
3,,2004,,,2020,광화문시대,내수동,"5,000",종로구,11,90,6,38.88,,,74,11110,4
4,,2004,,,2020,용비어천가,내수동,"26,000",종로구,11,0,13,37.56,,,75,11110,15
5,,2004,,,2020,경희궁의 아침 2단지,내수동,"3,000",종로구,11,75,14,32.43,,,71,11110,16
6,,2004,,,2020,경희궁의 아침 3단지,내수동,"1,000",종로구,11,83,14,37.5,,,72,11110,9
7,,2004,,,2020,용비어천가,내수동,"19,950",종로구,11,0,14,30.76,,,75,11110,2
8,,2004,,,2020,광화문시대,내수동,"8,000",종로구,11,55,16,31.75,,,74,11110,2
9,,2004,,,2020,용비어천가,내수동,"24,000",종로구,11,0,17,37.56,,,75,11110,9
10,,2004,,,2020,용비어천가,내수동,"1,000",종로구,11,95,17,42.83,,,75,11110,8
11,,2004,,,2020,용비어천가,내수동,"27,000",종로구,11,0,18,42.39,,,75,11110,9
12,,2004,,,2020,경희궁의 아침 4단지,내수동,"13,000",종로구,11,35,19,28.24,,,73,11110,9
13,,2004,,,2020,경희궁의 아침 4단지,내수동,"1,000",종로구,11,77,23,28.24,,,73,11110,2
14,,2004,,,2020,경희궁의 아침 3단지,내수동,"1,000",종로구,11,85,24,37.5,,,72,11110,7
15,,2004,,,2020,광화문시대,내수동,"1,000",종로구,11,75,25,32.01,,,74,11110,11
16,,2004,,,2020,용비어천가,내수동,"1,000",종로구,11,95,26,42.46,,,75,11110,5
17,,2020,,,2020,디팰리스,신문로2가,"5,000",종로구,11,400,30,79.72,,,171,11110,5
18,,2004,,,2020,두산위브파빌리온,수송동,"42,000",종로구,11,0,30,74.84,,,58,11110,9
19,,2007,,,2020,르메이에르종로타운1,종로1가,"15,000",종로구,11,30,3,36.23,,,24,11110,20
20,,2007,,,2020,르메이에르종로타운1,종로1가,"19,000",종로구,11,0,14,34.59,,,24,11110,19
21,,2008,,,2020,종로1가 대성스카이렉스,견지동,"23,000",종로구,11,0,2,40.45,,,110,11110,9
22,,2004,,,2020,BIZ-WELL 종로 오피스텔,익선동,"2,000",종로구,11,60,3,32.12,,,34,11110,5
23,,2005,,,2020,운현궁 에스케이 허브,경운동,"3,000",종로구,11,65,2,23.66,,,89-4,11110,3
24,,2005,,,2020,종로1번가,관철동,"1,000",종로구,11,60,10,24.64,,,155,11110,10
25,,2020,,,2020,종로 하이뷰 디아트,관수동,"6,000",종로구,11,45,3,18.16,,,98-1,11110,8
26,,2020,,,2020,종로 하이뷰 디아트,관수동,"19,000",종로구,11,0,7,18.16,,,98-1,11110,6
27,,2020,,,2020,종로 하이뷰 디아트,관수동,"3,000",종로구,11,50,17,18.16,,,98-1,11110,4
28,,2020,,,2020,종로 하이뷰 디아트,관수동,"20,000",종로구,11,0,17,18.16,,,98-1,11110,8
29,,2020,,,2020,종로 하이뷰 디아트,관수동,"2,000",종로구,11,65,23,18.16,,,98-1,11110,10
30,,2020,,,2020,종로 하이뷰 디아트,관수동,"3,000",종로구,11,50,30,18.16,,,98-1,11110,3
31,,2003,,,2020,코윈 팔레스뷰 오피스텔,원남동,"20,000",종로구,11,0,28,32.8,,,95,11110,12
32,,2020,,,2020,센트럴시티대학로,효제동,"3,500",종로구,11,45,23,17.57,,,167,11110,8
33,,2020,,,2020,센트럴시티대학로,효제동,"20,000",종로구,11,0,24,17.28,,,167,11110,4
34,,2020,,,2020,센트럴시티대학로,효제동,"3,500",종로구,11,45,25,17.57,,,167,11110,9
35,,2020,,,2020,센트럴시티대학로,효제동,"2,000",종로구,11,59,28,17.28,,,167,11110,10
36,,2020,,,2020,센트럴시티대학로,효제동,"3,500",종로구,11,45,28,17.28,,,167,11110,11
37,,2001,,,2020,대보마로니에텔,연건동,"1,000",종로구,11,60,8,25.04,,,206,11110,8
38,,2013,,,2020,(1392),숭인동,500,종로구,11,53,2,20.18,,,1392,11110,7
39,,2019,,,2020,케이디오피스텔,숭인동,"16,100",종로구,11,0,4,18.18,,,217-26,11110,3
40,,2013,,,2020,종로 동광모닝스카이,숭인동,"10,600",종로구,11,0,4,19.95,,,1421-1,11110,7
41,,2020,,,2020,우영빌딩,숭인동,"25,000",종로구,11,0,4,42.57,,,72-83,11110,6
42,,2020,,,2020,헤스티아,숭인동,"12,500",종로구,11,0,4,14.9,,,317-48,11110,4
43,,2013,,,2020,버넷하임1,숭인동,"13,000",종로구,11,0,6,34.49,,,1421,11110,2
44,,2013,,,2020,(1392),숭인동,"12,000",종로구,11,0,6,19.84,,,1392,11110,9
45,,2013,,,2020,종로 중흥 S클래스,숭인동,"1,000",종로구,11,50,9,22.44,,,202-3,11110,2
46,,2016,,,2020,아이비씨 호텔 앤 오피스텔,숭인동,"13,500",종로구,11,0,9,21.45,,,1396,11110,11
47,,2005,,,2020,동양파라빌,숭인동,"1,000",종로구,11,50,10,24.93,,,1388,11110,3
48,,2005,,,2020,동양파라빌,숭인동,"1,000",종로구,11,58,10,27.09,,,1388,11110,6
49,,2016,,,2020,아이비씨 호텔 앤 오피스텔,숭인동,"13,500",종로구,11,0,10,21.45,,,1396,11110,10
50,,2013,,,2020,(1392),숭인동,"10,700",종로구,11,0,10,20.18,,,1392,11110,5
51,,2013,,,2020,버넷하임1,숭인동,"3,000",종로구,11,45,10,25.88,,,1421,11110,5
52,,2005,,,2020,동양파라빌,숭인동,"4,000",종로구,11,40,10,27.09,,,1388,11110,11
53,,2020,,,2020,헤스티아,숭인동,"12,000",종로구,11,0,11,13.12,,,317-48,11110,7
54,,2013,,,2020,종로 동광모닝스카이,숭인동,"12,000",종로구,11,0,11,19.95,,,1421-1,11110,3
55,,2005,,,2020,동양파라빌,숭인동,"5,000",종로구,11,30,12,24.93,,,1388,11110,10
56,,2014,,,2020,삼전솔하임4차,숭인동,"12,000",종로구,11,0,12,19.17,,,318-2,11110,5
57,,2020,,,2020,헤스티아,숭인동,"12,500",종로구,11,0,12,14.71,,,317-48,11110,17
58,,2020,,,2020,헤스티아,숭인동,"12,500",종로구,11,0,16,13.12,,,317-48,11110,8
59,,2004,,,2020,종로대우디오빌,숭인동,"13,000",종로구,11,0,16,29.65,,,310,11110,10
60,,2020,,,2020,블루카운티 숭인Ⅰ,숭인동,"22,000",종로구,11,0,17,26.73,,,217-16,11110,5
61,,2020,,,2020,헤스티아,숭인동,"12,500",종로구,11,0,18,13.12,,,317-48,11110,3
62,,2014,,,2020,디세븐,숭인동,"8,000",종로구,11,0,18,15.04,,,313-12,11110,3
63,,2004,,,2020,종로대우디오빌,숭인동,"1,000",종로구,11,60,19,29.65,,,310,11110,15
64,,2004,,,2020,롯데캐슬 천지인,숭인동,"1,000",종로구,11,70,19,39.6,,,76,11110,17
65,,2020,,,2020,우영빌딩,숭인동,"10,000",종로구,11,50,19,42.57,,,72-83,11110,7
66,,2005,,,2020,동양파라빌,숭인동,"9,000",종로구,11,20,19,27.09,,,1388,11110,14
67,,2004,,,2020,종로대우디오빌,숭인동,"13,000",종로구,11,0,20,29.65,,,310,11110,12
68,,2005,,,2020,동양파라빌,숭인동,"2,000",종로구,11,50,21,27.09,,,1388,11110,4
69,,2004,,,2020,종로대우디오빌,숭인동,"14,000",종로구,11,0,23,29.65,,,310,11110,10
70,,2020,,,2020,우영빌딩,숭인동,"5,000",종로구,11,67,23,44.73,,,72-83,11110,6
71,,2020,,,2020,헤스티아,숭인동,"12,500",종로구,11,0,24,14.71,,,317-48,11110,12
72,,2005,,,2020,동양파라빌,숭인동,"1,000",종로구,11,60,24,27.09,,,1388,11110,14
73,,2004,,,2020,롯데캐슬 천지인,숭인동,"1,000",종로구,11,75,24,39.6,,,76,11110,4
74,,2017,,,2020,블루빌,숭인동,"5,000",종로구,11,80,24,44.74,,,243,11110,4
75,,2005,,,2020,경일오피스텔,숭인동,"2,000",종로구,11,38,27,20.14,,,1367,11110,3
76,,2020,,,2020,헤스티아,숭인동,"1,000",종로구,11,50,28,15.47,,,317-48,11110,14
77,,2020,,,2020,헤스티아,숭인동,"1,000",종로구,11,50,28,13.12,,,317-48,11110,13
78,,2005,,,2020,동양파라빌,숭인동,500,종로구,11,60,28,27.09,,,1388,11110,7
79,,2017,,,2020,경희궁자이,교북동,"7,000",종로구,11,68,14,25.91,,,126,11110,2
80,,2017,,,2020,경희궁자이,교북동,"1,000",종로구,11,90,24,25.91,,,126,11110,5
0,,2008,,,2020,광화문 풍림스페이스본,사직동,"1,000",종로구,12,105,5,39.54,,,9,11110,6
1,,2004,,,2020,광화문시대,내수동,"5,000",종로구,12,65,2,32.97,,,74,11110,18
2,,2004,,,2020,용비어천가,내수동,"4,000",종로구,12,75,11,37.56,,,75,11110,7
3,,2004,,,2020,경희궁의 아침 4단지,내수동,"1,000",종로구,12,75,12,28.24,,,73,11110,12
4,,2004,,,2020,경희궁의 아침 2단지,내수동,"1,000",종로구,12,80,13,32.43,,,71,11110,10
5,,2004,,,2020,경희궁의 아침 2단지,내수동,"23,000",종로구,12,0,15,32.43,,,71,11110,8
6,,2004,,,2020,광화문시대,내수동,"1,000",종로구,12,90,15,32.97,,,74,11110,16
7,,2004,,,2020,경희궁의 아침 4단지,내수동,"22,000",종로구,12,0,22,28.24,,,73,11110,13
8,,2004,,,2020,경희궁의 아침 3단지,내수동,"1,000",종로구,12,85,22,37.5,,,72,11110,11
9,,2004,,,2020,용비어천가,내수동,"1,000",종로구,12,90,28,37.56,,,75,11110,6
10,,2004,,,2020,경희궁의 아침 4단지,내수동,"1,000",종로구,12,75,29,28.24,,,73,11110,3
11,,2004,,,2020,용비어천가,내수동,"28,000",종로구,12,0,30,37.56,,,75,11110,18
12,,2004,,,2020,광화문시대,내수동,"1,000",종로구,12,75,30,31.37,,,74,11110,17
13,,2004,,,2020,용비어천가,내수동,"16,000",종로구,12,40,31,37.56,,,75,11110,4
14,,2020,,,2020,디팰리스,신문로2가,"3,000",종로구,12,170,1,41.66,,,171,11110,3
15,,2020,,,2020,디팰리스,신문로2가,"10,000",종로구,12,290,9,79.48,,,171,11110,4
16,,2020,,,2020,디팰리스,신문로2가,"70,000",종로구,12,0,10,51.34,,,171,11110,8
17,,2004,,,2020,두산위브파빌리온,수송동,"1,000",종로구,12,85,3,37.42,,,58,11110,3
18,,2004,,,2020,BIZ-WELL 종로 오피스텔,익선동,500,종로구,12,55,10,18.83,,,34,11110,7
19,,2004,,,2020,BIZ-WELL 종로 오피스텔,익선동,"1,000",종로구,12,55,23,23.27,,,34,11110,7
20,,2005,,,2020,종로1번가,관철동,"14,000",종로구,12,0,14,23.86,,,155,11110,9
21,,2004,,,2020,나스빌,낙원동,"1,000",종로구,12,55,22,28.58,,,212,11110,8
22,,2020,,,2020,종로 하이뷰 디아트,관수동,"22,000",종로구,12,0,5,21.44,,,98-1,11110,5
23,,2020,,,2020,종로 하이뷰 디아트,관수동,"22,500",종로구,12,0,9,19.8,,,98-1,11110,11
24,,2020,,,2020,종로 하이뷰 디아트,관수동,"21,500",종로구,12,0,12,18.16,,,98-1,11110,4
25,,2020,,,2020,종로 하이뷰 디아트,관수동,"1,000",종로구,12,75,16,18.16,,,98-1,11110,6
26,,2020,,,2020,종로 하이뷰 디아트,관수동,"22,000",종로구,12,0,16,21.44,,,98-1,11110,4
27,,2020,,,2020,종로 하이뷰 디아트,관수동,"1,000",종로구,12,70,16,18.16,,,98-1,11110,8
28,,2020,,,2020,종로 하이뷰 디아트,관수동,"18,000",종로구,12,0,24,18.16,,,98-1,11110,3
29,,2003,,,2020,코윈 팔레스뷰 오피스텔,원남동,"2,000",종로구,12,70,23,32.8,,,95,11110,6
30,,2015,,,2020,아르젠종로,연지동,"1,500",종로구,12,55,7,18.33,,,163-3,11110,4
31,,2019,,,2020,로얄파크뷰,연지동,"27,500",종로구,12,0,26,37.31,,,238-5,11110,7
32,,2019,,,2020,리베르떼_연지,연지동,"18,900",종로구,12,0,28,23.2,,,222,11110,8
33,,2020,,,2020,센트럴시티대학로,효제동,"3,500",종로구,12,45,1,17.28,,,167,11110,8
34,,2020,,,2020,센트럴시티대학로,효제동,"3,500",종로구,12,45,2,17.28,,,167,11110,9
35,,2020,,,2020,센트럴시티대학로,효제동,"3,500",종로구,12,45,9,17.57,,,167,11110,7
36,,2020,,,2020,센트럴시티대학로,효제동,"3,500",종로구,12,45,10,17.28,,,167,11110,6
37,,2020,,,2020,센트럴시티대학로,효제동,"3,500",종로구,12,45,14,17.57,,,167,11110,3
38,,2020,,,2020,센트럴시티대학로,효제동,"3,500",종로구,12,45,16,17.28,,,167,11110,6
39,,2020,,,2020,센트럴시티대학로,효제동,"3,500",종로구,12,43,18,17.57,,,167,11110,3
40,,2020,,,2020,센트럴시티대학로,효제동,"2,000",종로구,12,60,21,17.57,,,167,11110,5
41,,2020,,,2020,센트럴시티대학로,효제동,"3,500",종로구,12,45,27,17.28,,,167,11110,3
42,,2020,,,2020,센트럴시티대학로,효제동,"21,000",종로구,12,0,28,17.28,,,167,11110,10
43,,2020,,,2020,센트럴시티대학로,효제동,"3,500",종로구,12,45,29,17.28,,,167,11110,7
44,,2020,,,2020,센트럴시티대학로,효제동,"1,500",종로구,12,63,29,17.28,,,167,11110,2
45,,2013,,,2020,종로 아인스빌,숭인동,"2,000",종로구,12,45,2,17.88,,,1392-1,11110,9
46,,2013,,,2020,(1392),숭인동,"10,700",종로구,12,0,3,20.18,,,1392,11110,5
47,,2013,,,2020,그레이스탑,숭인동,"3,000",종로구,12,40,3,20.16,,,178-94,11110,5
48,,2004,,,2020,롯데캐슬 천지인,숭인동,"1,000",종로구,12,75,3,39.6,,,76,11110,5
49,,2016,,,2020,아폴리움 오피스텔,숭인동,"13,000",종로구,12,0,4,15.2,,,201-7,11110,6
50,,2014,,,2020,삼전솔하임4차,숭인동,"1,000",종로구,12,50,4,19.17,,,318-2,11110,8
51,,2005,,,2020,동양파라빌,숭인동,"1,000",종로구,12,60,5,27.09,,,1388,11110,10
52,,2020,,,2020,(317-29),숭인동,"20,000",종로구,12,0,8,24.47,,,317-29,11110,6
53,,2019,,,2020,케이디오피스텔,숭인동,"16,500",종로구,12,0,8,18.18,,,217-26,11110,5
54,,2020,,,2020,블루카운티 숭인Ⅰ,숭인동,"22,000",종로구,12,0,8,26.97,,,217-16,11110,2
55,,2013,,,2020,종로유케이201,숭인동,"10,500",종로구,12,0,9,15.15,,,201-11,11110,4
56,,2020,,,2020,헤스티아,숭인동,"1,000",종로구,12,55,11,15.47,,,317-48,11110,17
57,,2013,,,2020,버넷하임1,숭인동,500,종로구,12,54,11,24.77,,,1421,11110,4
58,,2020,,,2020,(317-29),숭인동,"24,000",종로구,12,0,11,24.41,,,317-29,11110,10
59,,2005,,,2020,동양파라빌,숭인동,"1,000",종로구,12,55,12,27.09,,,1388,11110,5
60,,2013,,,2020,그레이스탑,숭인동,"5,000",종로구,12,30,12,23.01,,,178-94,11110,3
61,,2004,,,2020,롯데캐슬 천지인,숭인동,"24,000",종로구,12,0,14,39.6,,,76,11110,21
62,,2013,,,2020,(1392),숭인동,"12,000",종로구,12,0,14,18.64,,,1392,11110,9
63,,2005,,,2020,동양파라빌,숭인동,500,종로구,12,55,15,24.93,,,1388,11110,13
64,,2020,,,2020,블루카운티 숭인Ⅰ,숭인동,"25,000",종로구,12,0,16,29.88,,,217-16,11110,4
65,,2020,,,2020,헤스티아,숭인동,"12,500",종로구,12,0,17,14.71,,,317-48,11110,10
66,,2004,,,2020,롯데캐슬 천지인,숭인동,"25,000",종로구,12,0,19,39.6,,,76,11110,7
67,,2020,,,2020,블루카운티 숭인Ⅰ,숭인동,"24,000",종로구,12,0,19,26.73,,,217-16,11110,8
68,,2005,,,2020,동양파라빌,숭인동,"1,000",종로구,12,50,26,24.93,,,1388,11110,11
69,,2014,,,2020,디세븐,숭인동,500,종로구,12,50,26,18.07,,,313-12,11110,13
70,,2020,,,2020,헤스티아,숭인동,"12,800",종로구,12,0,29,14.71,,,317-48,11110,16
71,,2013,,,2020,버넷하임1,숭인동,"13,000",종로구,12,0,29,24.77,,,1421,11110,10
72,,2016,,,2020,아이비씨 호텔 앤 오피스텔,숭인동,"1,000",종로구,12,60,29,21.36,,,1396,11110,15
73,,2020,,,2020,(317-29),숭인동,"2,000",종로구,12,65,30,24.41,,,317-29,11110,9
74,,2019,,,2020,케이디오피스텔,숭인동,"16,000",종로구,12,0,30,18.56,,,217-26,11110,2
75,,2013,,,2020,종로 동광모닝스카이,숭인동,"10,600",종로구,12,0,31,19.95,,,1421-1,11110,7
76,,2019,,,2020,케이디오피스텔,숭인동,"16,500",종로구,12,0,31,18.56,,,217-26,11110,6
77,,2017,,,2020,경희궁자이,교북동,"27,300",종로구,12,0,19,25.66,,,126,11110,2
78,,2017,,,2020,경희궁자이,교북동,"22,000",종로구,12,0,30,25.66,,,126,11110,4
0,,1998,,,2021,파크뷰타워,필운동,500,종로구,1,50,23,21.85,,,285-5,11110,10
1,,2008,,,2021,광화문 풍림스페이스본,사직동,"28,300",종로구,1,0,7,39.54,,,9,11110,6
2,,2008,,,2021,광화문 풍림스페이스본,사직동,"32,000",종로구,1,0,23,39.54,,,9,11110,9
3,,2004,,,2021,용비어천가,내수동,"26,000",종로구,1,0,4,41.34,,,75,11110,5
4,,2004,,,2021,광화문시대,내수동,"20,000",종로구,1,20,12,33.3,,,74,11110,4
5,,2004,,,2021,용비어천가,내수동,"20,000",종로구,1,0,15,30.36,,,75,11110,13
6,,2004,,,2021,광화문시대,내수동,"22,500",종로구,1,0,16,32.01,,,74,11110,2
7,,2004,,,2021,용비어천가,내수동,"1,000",종로구,1,75,16,30.36,,,75,11110,5
8,,2004,,,2021,광화문시대,내수동,"1,000",종로구,1,75,20,33.3,,,74,11110,10
9,,2004,,,2021,광화문시대,내수동,"27,500",종로구,1,0,20,38.88,,,74,11110,3
10,,2004,,,2021,경희궁의 아침 2단지,내수동,"1,000",종로구,1,75,22,28.9,,,71,11110,7
11,,2004,,,2021,용비어천가,내수동,"22,000",종로구,1,0,23,30.42,,,75,11110,5
12,,2004,,,2021,용비어천가,내수동,"1,000",종로구,1,90,23,37.12,,,75,11110,11
13,,2004,,,2021,용비어천가,내수동,"41,000",종로구,1,0,26,58.92,,,75,11110,14
14,,2004,,,2021,용비어천가,내수동,"15,000",종로구,1,60,30,37.56,,,75,11110,15
15,,2005,,,2021,운현궁 에스케이 허브,경운동,"23,000",종로구,1,0,18,41.34,,,89-4,11110,8
16,,2005,,,2021,운현궁 에스케이 허브,경운동,"15,225",종로구,1,0,23,23.66,,,89-4,11110,7
17,,2020,,,2021,종로 하이뷰 디아트,관수동,"5,000",종로구,1,50,2,18.16,,,98-1,11110,5
18,,2020,,,2021,종로 하이뷰 디아트,관수동,"3,000",종로구,1,60,7,18.16,,,98-1,11110,6
19,,2003,,,2021,코윈 팔레스뷰 오피스텔,원남동,"15,000",종로구,1,0,16,24.03,,,95,11110,9
20,,2003,,,2021,코윈 팔레스뷰 오피스텔,원남동,"3,000",종로구,1,50,27,24.03,,,95,11110,7
21,,2003,,,2021,코윈 팔레스뷰 오피스텔,원남동,"1,000",종로구,1,60,31,21.01,,,95,11110,9
22,,2019,,,2021,로얄파크뷰,연지동,"27,800",종로구,1,0,14,37.18,,,238-5,11110,4
23,,2019,,,2021,리베르떼_연지,연지동,"22,000",종로구,1,0,21,27.5,,,222,11110,6
24,,2015,,,2021,아르젠종로,연지동,"1,000",종로구,1,67,22,18.33,,,163-3,11110,8
25,,2019,,,2021,리베르떼_연지,연지동,"18,900",종로구,1,0,29,23.9,,,222,11110,2
26,,2003,,,2021,반도 보라 아이비 타워,효제동,"1,000",종로구,1,75,5,30.94,,,45,11110,11
27,,2020,,,2021,센트럴시티대학로,효제동,"20,000",종로구,1,0,6,17.28,,,167,11110,5
28,,2020,,,2021,센트럴시티대학로,효제동,"20,000",종로구,1,0,6,17.28,,,167,11110,7
29,,2003,,,2021,반도 보라 아이비 타워,효제동,"14,280",종로구,1,0,9,27.58,,,45,11110,10
30,,2020,,,2021,센트럴시티대학로,효제동,"2,000",종로구,1,60,9,17.28,,,167,11110,9
31,,2020,,,2021,센트럴시티대학로,효제동,"21,000",종로구,1,0,12,17.28,,,167,11110,10
32,,2020,,,2021,센트럴시티대학로,효제동,"21,000",종로구,1,0,15,17.28,,,167,11110,7
33,,2016,,,2021,아이비씨 호텔 앤 오피스텔,숭인동,"1,000",종로구,1,60,2,21.36,,,1396,11110,12
34,,2020,,,2021,헤스티아,숭인동,"13,500",종로구,1,0,4,14.9,,,317-48,11110,6
35,,2005,,,2021,동양파라빌,숭인동,"1,000",종로구,1,60,4,27.09,,,1388,11110,11
36,,2019,,,2021,케이디오피스텔,숭인동,"16,300",종로구,1,0,4,18.56,,,217-26,11110,5
37,,2004,,,2021,종로대우디오빌,숭인동,"3,000",종로구,1,55,5,29.65,,,310,11110,6
38,,2020,,,2021,블루카운티 숭인Ⅰ,숭인동,"23,000",종로구,1,0,5,26.97,,,217-16,11110,5
39,,2005,,,2021,엘리시앙오피스텔,숭인동,"2,000",종로구,1,45,5,34.38,,,200-33,11110,4
40,,2005,,,2021,동양파라빌,숭인동,"1,000",종로구,1,50,5,24.93,,,1388,11110,8
41,,2020,,,2021,블루카운티 숭인Ⅰ,숭인동,"23,000",종로구,1,0,6,26.97,,,217-16,11110,5
42,,2014,,,2021,숭인한양LEEPS,숭인동,"1,000",종로구,1,55,6,17.07,,,1421-2,11110,15
43,,2016,,,2021,아이비씨 호텔 앤 오피스텔,숭인동,"1,000",종로구,1,60,7,21.36,,,1396,11110,13
44,,2013,,,2021,종로 동광모닝스카이,숭인동,"12,000",종로구,1,0,9,19.95,,,1421-1,11110,2
45,,2005,,,2021,엘리시앙오피스텔,숭인동,"1,000",종로구,1,50,9,28.38,,,200-33,11110,12
46,,2005,,,2021,동양파라빌,숭인동,"1,000",종로구,1,55,11,24.93,,,1388,11110,4
47,,2016,,,2021,아이비씨 호텔 앤 오피스텔,숭인동,"3,000",종로구,1,50,11,21.62,,,1396,11110,10
48,,2013,,,2021,그레이스탑,숭인동,"3,000",종로구,1,40,13,23.01,,,178-94,11110,2
49,,2013,,,2021,(1392),숭인동,"5,000",종로구,1,28,15,19.84,,,1392,11110,3
50,,2004,,,2021,롯데캐슬 천지인,숭인동,500,종로구,1,85,16,39.6,,,76,11110,16
51,,2013,,,2021,종로 중흥 S클래스,숭인동,"6,000",종로구,1,35,16,23.97,,,202-3,11110,3
52,,2020,,,2021,(317-29),숭인동,"3,000",종로구,1,50,16,19.96,,,317-29,11110,5
53,,2013,,,2021,(1392),숭인동,"4,000",종로구,1,35,16,18.64,,,1392,11110,6
54,,2005,,,2021,동양파라빌,숭인동,500,종로구,1,60,18,27.09,,,1388,11110,3
55,,2005,,,2021,경일오피스텔,숭인동,"2,000",종로구,1,40,20,18.82,,,1367,11110,11
56,,2016,,,2021,아이비씨 호텔 앤 오피스텔,숭인동,"1,000",종로구,1,60,20,21.36,,,1396,11110,8
57,,2005,,,2021,경일오피스텔,숭인동,"3,000",종로구,1,40,21,25.68,,,1367,11110,4
58,,2019,,,2021,케이디오피스텔,숭인동,"10,000",종로구,1,20,21,18.18,,,217-26,11110,4
59,,2014,,,2021,삼전솔하임4차,숭인동,"12,000",종로구,1,0,22,19.17,,,318-2,11110,9
60,,2014,,21.02~22.02,2021,삼전솔하임4차,숭인동,500,종로구,1,54,22,19.17,,,318-2,11110,2
61,,2014,,,2021,디세븐,숭인동,500,종로구,1,50,23,15.46,,,313-12,11110,6
62,,2019,,,2021,케이디오피스텔,숭인동,"1,000",종로구,1,60,23,18.56,,,217-26,11110,5
63,,2005,,,2021,동양파라빌,숭인동,"2,000",종로구,1,50,25,27.09,,,1388,11110,10
64,,2020,,,2021,블루카운티 숭인Ⅰ,숭인동,"24,000",종로구,1,0,25,26.63,,,217-16,11110,6
65,,2005,,,2021,동양파라빌,숭인동,"1,000",종로구,1,60,26,27.09,,,1388,11110,12
66,,2014,,,2021,삼전솔하임4차,숭인동,"3,000",종로구,1,35,26,19.17,,,318-2,11110,3
67,,2020,,,2021,블루카운티 숭인Ⅰ,숭인동,"24,000",종로구,1,0,27,26.47,,,217-16,11110,8
68,,2005,,,2021,엘리시앙오피스텔,숭인동,"12,500",종로구,1,0,30,27.36,,,200-33,11110,7
69,,2014,,,2021,삼전솔하임4차,숭인동,"3,000",종로구,1,43,30,19.17,,,318-2,11110,6
70,,2017,,,2021,경희궁자이,교북동,"1,000",종로구,1,84,31,25.66,,,126,11110,5
71,,2002,,,2021,캐피탈오피스텔,부암동,"2,000",종로구,1,43,20,24.53,,,154-2,11110,4
0,,2008,,,2021,광화문 풍림스페이스본,사직동,"15,000",종로구,2,60,9,39.54,,,9,11110,6
1,,2008,,,2021,광화문 풍림스페이스본,사직동,"1,000",종로구,2,100,19,39.54,,,9,11110,2
2,,2008,,,2021,광화문 풍림스페이스본,사직동,"30,000",종로구,2,0,24,39.54,,,9,11110,4
3,,2004,,,2021,용비어천가,내수동,"1,000",종로구,2,75,1,30.36,,,75,11110,9
4,,2004,,,2021,용비어천가,내수동,"1,000",종로구,2,85,2,33,,,75,11110,11
5,,2004,,,2021,경희궁의 아침 3단지,내수동,"12,000",종로구,2,50,4,37.5,,,72,11110,11
6,,2004,,,2021,경희궁의 아침 2단지,내수동,"10,000",종로구,2,50,8,28.9,,,71,11110,15
7,,2004,,,2021,경희궁의 아침 4단지,내수동,"15,000",종로구,2,40,12,41.74,,,73,11110,7
8,,2004,,,2021,광화문시대,내수동,"1,000",종로구,2,75,15,31.75,,,74,11110,12
9,,2004,,,2021,경희궁의 아침 2단지,내수동,"22,000",종로구,2,0,18,32.43,,,71,11110,2
10,,2004,,,2021,광화문시대,내수동,"1,000",종로구,2,80,18,31.75,,,74,11110,9
11,,2004,,,2021,경희궁의 아침 3단지,내수동,"1,000",종로구,2,85,19,37.5,,,72,11110,7
12,,2004,,,2021,용비어천가,내수동,"10,000",종로구,2,50,20,33,,,75,11110,5
13,,2004,,,2021,광화문시대,내수동,"10,000",종로구,2,60,25,34.9,,,74,11110,7
14,,2004,,,2021,광화문시대,내수동,"12,000",종로구,2,20,26,30.08,,,74,11110,18
15,,2004,,,2021,경희궁의 아침 4단지,내수동,"1,000",종로구,2,75,27,28.24,,,73,11110,3
16,,2004,,,2021,광화문시대,내수동,"10,000",종로구,2,35,28,31.37,,,74,11110,16
17,,2020,,,2021,디팰리스,신문로2가,"94,700",종로구,2,0,22,80.26,,,171,11110,2
18,,2007,,,2021,르메이에르종로타운1,종로1가,"29,000",종로구,2,0,24,56.64,,,24,11110,10
19,,2008,,,2021,종로1가 대성스카이렉스,견지동,"1,000",종로구,2,76,4,35.95,,,110,11110,9
20,,2004,,,2021,견지동빌딩,견지동,"2,000",종로구,2,100,20,52.15,,,110-32,11110,8
21,,2004,,,2021,BIZ-WELL 종로 오피스텔,익선동,"1,000",종로구,2,50,5,18.89,,,34,11110,9
22,,2004,,,2021,BIZ-WELL 종로 오피스텔,익선동,"2,000",종로구,2,50,17,23.21,,,34,11110,3
23,,2005,,,2021,운현궁 에스케이 허브,경운동,"3,000",종로구,2,85,19,41.12,,,89-4,11110,7
24,,2020,,,2021,종로 하이뷰 디아트,관수동,"1,000",종로구,2,75,1,18.16,,,98-1,11110,11
25,,2020,,,2021,종로 하이뷰 디아트,관수동,"8,000",종로구,2,50,5,18.16,,,98-1,11110,9
26,,2020,,,2021,종로 하이뷰 디아트,관수동,"1,000",종로구,2,80,25,18.16,,,98-1,11110,11
27,,2020,,,2021,종로 하이뷰 디아트,관수동,"2,000",종로구,2,70,27,18.16,,,98-1,11110,11
28,,2003,,,2021,코윈 팔레스뷰 오피스텔,원남동,"1,000",종로구,2,70,16,32.8,,,95,11110,9
29,,2003,,,2021,코윈 팔레스뷰 오피스텔,원남동,"1,000",종로구,2,60,24,24.03,,,95,11110,3
30,,2015,,,2021,아르젠종로,연지동,"2,000",종로구,2,55,9,15.43,,,163-3,11110,9
31,,2003,,,2021,반도 보라 아이비 타워,효제동,"1,000",종로구,2,70,1,30.7,,,45,11110,5
32,,2020,,,2021,센트럴시티대학로,효제동,"2,000",종로구,2,60,1,17.57,,,167,11110,5
33,,2003,,,2021,반도 보라 아이비 타워,효제동,700,종로구,2,65,27,27.58,,,45,11110,5
34,,2020,,,2021,블루카운티 숭인Ⅰ,숭인동,"23,000",종로구,2,0,1,26.47,,,217-16,11110,4
35,,2005,,,2021,동양파라빌,숭인동,"1,000",종로구,2,60,1,27.09,,,1388,11110,11
36,,2020,,,2021,블루카운티 숭인Ⅰ,숭인동,"23,000",종로구,2,0,1,27.18,,,217-16,11110,7
37,,2019,,,2021,케이디오피스텔,숭인동,"3,000",종로구,2,50,1,18.56,,,217-26,11110,5
38,,2005,,,2021,동양파라빌,숭인동,"1,000",종로구,2,50,3,24.93,,,1388,11110,3
39,,2013,,,2021,종로 동광모닝스카이,숭인동,500,종로구,2,55,4,19.95,,,1421-1,11110,6
40,,2013,,,2021,(1392),숭인동,500,종로구,2,55,4,20.18,,,1392,11110,7
41,,2020,,,2021,(317-29),숭인동,"2,500",종로구,2,50,5,17.17,,,317-29,11110,4
42,,2020,,,2021,헤스티아,숭인동,"13,000",종로구,2,0,5,14.71,,,317-48,11110,8
43,,2005,,,2021,경일오피스텔,숭인동,"3,000",종로구,2,36,5,20.14,,,1367,11110,6
44,,2013,,,2021,종로 동광모닝스카이,숭인동,"1,000",종로구,2,50,6,19.95,,,1421-1,11110,3
45,,2019,,,2021,케이디오피스텔,숭인동,"1,000",종로구,2,55,6,18.56,,,217-26,11110,2
46,,2020,,,2021,(317-29),숭인동,"1,000",종로구,2,80,8,24.47,,,317-29,11110,5
47,,2020,,,2021,블루카운티 숭인Ⅰ,숭인동,"22,000",종로구,2,0,9,27.18,,,217-16,11110,2
48,,2016,,,2021,아폴리움 오피스텔,숭인동,"13,500",종로구,2,0,9,16.31,,,201-7,11110,7
49,,2020,,,2021,(317-29),숭인동,"3,000",종로구,2,50,10,17.17,,,317-29,11110,8
50,,2016,,,2021,아이비씨 호텔 앤 오피스텔,숭인동,"1,000",종로구,2,60,10,21.36,,,1396,11110,14
51,,2013,,,2021,그레이스탑,숭인동,"1,000",종로구,2,50,10,23.01,,,178-94,11110,2
52,,2016,,21.03~22.03,2021,아이비씨 호텔 앤 오피스텔,숭인동,"1,000",종로구,2,55,16,21.59,,,1396,11110,12
53,,2020,,,2021,블루카운티 숭인Ⅰ,숭인동,"23,000",종로구,2,0,17,27.18,,,217-16,11110,7
54,,2012,,,2021,삼전솔하임2차,숭인동,"11,000",종로구,2,0,17,21.12,,,296-19,11110,2
55,,2012,,,2021,삼전솔하임2차,숭인동,"1,000",종로구,2,45,17,19.18,,,296-19,11110,2
56,,2014,,,2021,숭인한양LEEPS,숭인동,"1,000",종로구,2,50,19,17.07,,,1421-2,11110,17
57,,2016,,,2021,아이비씨 호텔 앤 오피스텔,숭인동,"13,125",종로구,2,0,19,21.36,,,1396,11110,10
58,,2005,,,2021,동양파라빌,숭인동,"1,000",종로구,2,55,19,24.93,,,1388,11110,12
59,,2020,,,2021,블루카운티 숭인Ⅰ,숭인동,"22,000",종로구,2,0,20,26.88,,,217-16,11110,7
60,,2020,,,2021,블루카운티 숭인Ⅰ,숭인동,"30,000",종로구,2,0,20,37.88,,,217-16,11110,7
61,,2019,,,2021,케이디오피스텔,숭인동,"16,100",종로구,2,0,22,18.56,,,217-26,11110,2
62,,2020,,,2021,블루카운티 숭인Ⅰ,숭인동,"23,000",종로구,2,0,22,27.18,,,217-16,11110,6
63,,2020,,,2021,(317-29),숭인동,"1,000",종로구,2,80,22,24.47,,,317-29,11110,4
64,,2020,,,2021,(317-29),숭인동,"1,000",종로구,2,75,23,19.96,,,317-29,11110,8
65,,2014,,,2021,삼전솔하임4차,숭인동,"4,000",종로구,2,35,23,19.17,,,318-2,11110,4
66,,2016,,,2021,아폴리움 오피스텔,숭인동,"13,000",종로구,2,0,23,16.31,,,201-7,11110,3
67,,2005,,,2021,동양파라빌,숭인동,"1,000",종로구,2,92,23,40.5,,,1388,11110,14
68,,2005,,,2021,엘리시앙오피스텔,숭인동,"1,000",종로구,2,49,24,28.38,,,200-33,11110,10
69,,2004,,,2021,롯데캐슬 천지인,숭인동,"20,000",종로구,2,0,24,39.6,,,76,11110,11
70,,2016,,,2021,아이비씨 호텔 앤 오피스텔,숭인동,"14,175",종로구,2,0,24,21.62,,,1396,11110,11
71,,2016,,,2021,아이비씨 호텔 앤 오피스텔,숭인동,"13,125",종로구,2,0,24,21.59,,,1396,11110,17
72,,2020,,,2021,헤스티아,숭인동,"12,000",종로구,2,0,26,14.71,,,317-48,11110,4
73,,2005,,,2021,경일오피스텔,숭인동,"2,000",종로구,2,45,27,22.42,,,1367,11110,14
74,,2016,,,2021,아이비씨 호텔 앤 오피스텔,숭인동,"1,000",종로구,2,60,27,21.59,,,1396,11110,13
75,,2014,,,2021,숭인한양LEEPS,숭인동,"3,000",종로구,2,40,27,17.07,,,1421-2,11110,14
76,,2016,,,2021,아폴리움 오피스텔,숭인동,"4,000",종로구,2,40,27,16.31,,,201-7,11110,8
77,,2004,,,2021,종로대우디오빌,숭인동,"13,000",종로구,2,0,28,36.87,,,310,11110,8
78,,2017,,,2021,경희궁자이,교북동,"1,000",종로구,2,77,5,25.91,,,126,11110,5
79,,2017,,,2021,경희궁자이,교북동,"28,000",종로구,2,0,10,25.91,,,126,11110,4
0,,2008,,,2021,광화문 풍림스페이스본,사직동,"28,300",종로구,3,0,2,39.54,,,9,11110,12
1,,2008,,,2021,광화문 풍림스페이스본,사직동,"15,000",종로구,3,50,16,39.54,,,9,11110,7
2,,2008,,,2021,광화문 풍림스페이스본,사직동,"34,000",종로구,3,0,19,39.54,,,9,11110,3
3,,2004,,,2021,용비어천가,내수동,"26,300",종로구,3,0,3,37.56,,,75,11110,2
4,,2004,,,2021,경희궁의 아침 2단지,내수동,"45,000",종로구,3,0,4,57.8,,,71,11110,7
5,,2004,,,2021,용비어천가,내수동,"23,000",종로구,3,0,4,34.45,,,75,11110,9
6,,2004,,,2021,용비어천가,내수동,"5,000",종로구,3,60,5,34.45,,,75,11110,12
7,,2004,,,2021,용비어천가,내수동,"26,000",종로구,3,0,8,34.45,,,75,11110,15
8,,2004,,,2021,경희궁의 아침 4단지,내수동,"1,000",종로구,3,75,15,28.24,,,73,11110,12
9,,2004,,,2021,용비어천가,내수동,"26,500",종로구,3,0,24,41.38,,,75,11110,14
10,,2004,,,2021,광화문시대,내수동,"10,000",종로구,3,50,25,34.9,,,74,11110,10
11,,2004,,,2021,경희궁의 아침 3단지,내수동,"1,000",종로구,3,85,26,37.5,,,72,11110,5
12,,2004,,,2021,광화문시대,내수동,"27,000",종로구,3,0,27,40.26,,,74,11110,16
13,,2004,,,2021,경희궁의 아침 3단지,내수동,"1,000",종로구,3,85,27,37.5,,,72,11110,11
14,,2004,,,2021,두산위브파빌리온,수송동,"2,000",종로구,3,130,22,57.65,,,58,11110,7
15,,2008,,,2021,종로1가 대성스카이렉스,견지동,"24,500",종로구,3,0,29,40.45,,,110,11110,11
16,,2005,,,2021,운현궁 에스케이 허브,경운동,"21,500",종로구,3,0,8,34.15,,,89-4,11110,5
17,,2005,,,2021,운현궁 에스케이 허브,경운동,"5,000",종로구,3,60,16,39.2,,,89-4,11110,7
18,,2020,,,2021,종로 하이뷰 디아트,관수동,"1,000",종로구,3,80,3,18.16,,,98-1,11110,11
19,,2003,,,2021,코윈 팔레스뷰 오피스텔,원남동,"16,000",종로구,3,0,29,21.01,,,95,11110,4
20,,2019,,,2021,리베르떼_연지,연지동,"22,500",종로구,3,0,9,27.3,,,222,11110,8
21,,2003,,,2021,반도 보라 아이비 타워,효제동,"1,000",종로구,3,62,15,26.58,,,45,11110,6
22,,2005,,,2021,동양파라빌,숭인동,"13,000",종로구,3,0,1,27.09,,,1388,11110,13
23,,2014,,,2021,삼전솔하임4차,숭인동,"12,500",종로구,3,0,1,19.17,,,318-2,11110,7
24,,2016,,,2021,아이비씨 호텔 앤 오피스텔,숭인동,"13,500",종로구,3,0,2,21.45,,,1396,11110,17
25,,2016,,,2021,아폴리움 오피스텔,숭인동,"13,000",종로구,3,0,2,15.2,,,201-7,11110,5
26,,2016,,,2021,아이비씨 호텔 앤 오피스텔,숭인동,"1,000",종로구,3,60,2,21.45,,,1396,11110,9
27,,2004,,,2021,종로대우디오빌,숭인동,"1,000",종로구,3,65,3,28.89,,,310,11110,13
28,,2016,,,2021,아이비씨 호텔 앤 오피스텔,숭인동,"1,000",종로구,3,60,4,21.45,,,1396,11110,9
29,,2019,,,2021,케이디오피스텔,숭인동,500,종로구,3,58,4,18.18,,,217-26,11110,2
30,,2016,,,2021,아폴리움 오피스텔,숭인동,"3,000",종로구,3,40,5,15.2,,,201-7,11110,9
31,,2016,,,2021,아이비씨 호텔 앤 오피스텔,숭인동,"1,000",종로구,3,60,6,23.24,,,1396,11110,13
32,,2016,,,2021,아이비씨 호텔 앤 오피스텔,숭인동,"13,125",종로구,3,0,8,21.36,,,1396,11110,15
33,,2005,,21.04~23.03,2021,동양파라빌,숭인동,"1,000",종로구,3,55,8,24.93,,,1388,11110,10
34,,2016,,,2021,아이비씨 호텔 앤 오피스텔,숭인동,"1,000",종로구,3,60,9,21.36,,,1396,11110,15
35,,2016,,,2021,아이비씨 호텔 앤 오피스텔,숭인동,"1,000",종로구,3,60,10,21.36,,,1396,11110,11
36,,2020,,,2021,헤스티아,숭인동,"13,500",종로구,3,0,13,14.9,,,317-48,11110,5
37,,2012,,,2021,삼전솔하임2차,숭인동,"2,000",종로구,3,45,13,19.18,,,296-19,11110,2
38,,2013,,,2021,(1392),숭인동,"5,000",종로구,3,30,13,19.84,,,1392,11110,4
39,,2004,,,2021,롯데캐슬 천지인,숭인동,"1,000",종로구,3,80,13,39.6,,,76,11110,21
40,,2016,,,2021,아이비씨 호텔 앤 오피스텔,숭인동,"1,000",종로구,3,60,15,21.45,,,1396,11110,18
41,,2016,,,2021,아이비씨 호텔 앤 오피스텔,숭인동,"1,000",종로구,3,60,16,21.62,,,1396,11110,14
42,,2017,,,2021,블루빌,숭인동,"1,000",종로구,3,100,17,46.36,,,243,11110,4
43,,2013,,,2021,종로유케이201,숭인동,"10,500",종로구,3,0,17,15.24,,,201-11,11110,4
44,,2016,,,2021,아이비씨 호텔 앤 오피스텔,숭인동,"13,125",종로구,3,0,19,21.62,,,1396,11110,16
45,,2020,,,2021,(317-29),숭인동,"1,000",종로구,3,55,20,17.17,,,317-29,11110,7
46,,2014,,,2021,숭인한양LEEPS,숭인동,"1,000",종로구,3,53,22,17.07,,,1421-2,11110,13
47,,2017,,,2021,블루빌,숭인동,"3,500",종로구,3,80,22,46.36,,,243,11110,2
48,,2005,,,2021,동양파라빌,숭인동,"7,000",종로구,3,30,23,27.09,,,1388,11110,4
49,,2014,,,2021,삼전솔하임4차,숭인동,500,종로구,3,55,25,19.17,,,318-2,11110,9
50,,2016,,,2021,아이비씨 호텔 앤 오피스텔,숭인동,"13,125",종로구,3,0,25,21.36,,,1396,11110,11
51,,2004,,,2021,롯데캐슬 천지인,숭인동,"1,000",종로구,3,80,25,39.6,,,76,11110,13
52,,2013,,,2021,그레이스탑,숭인동,"3,000",종로구,3,40,27,20.16,,,178-94,11110,3
53,,2004,,,2021,롯데캐슬 천지인,숭인동,"1,000",종로구,3,80,29,39.6,,,76,11110,17
54,,2020,,,2021,블루카운티 숭인Ⅰ,숭인동,"22,000",종로구,3,0,30,27.18,,,217-16,11110,2
55,,2005,,,2021,동양파라빌,숭인동,"1,000",종로구,3,55,30,24.93,,,1388,11110,8
56,,2004,,,2021,롯데캐슬 천지인,숭인동,"15,000",종로구,3,15,31,39.6,,,76,11110,12
57,,2016,,,2021,아이비씨 호텔 앤 오피스텔,숭인동,"1,000",종로구,3,60,31,21.36,,,1396,11110,12
58,,2002,,,2021,캐피탈오피스텔,부암동,"1,000",종로구,3,40,3,24.53,,,154-2,11110,2
0,,2004,,,2021,광화문시대,내수동,"24,000",종로구,4,0,1,34.9,,,74,11110,3
1,,2004,,,2021,경희궁의 아침 4단지,내수동,"5,000",종로구,4,55,7,28.24,,,73,11110,7
2,,2004,,,2021,광화문시대,내수동,"1,000",종로구,4,90,16,34.9,,,74,11110,5
3,,2004,,,2021,광화문시대,내수동,"1,000",종로구,4,75,21,30.08,,,74,11110,16
4,,2004,,,2021,용비어천가,내수동,"16,500",종로구,4,30,22,37.56,,,75,11110,2
5,,2004,,21.06~22.06,2021,광화문시대,내수동,"1,000",종로구,4,150,22,56.56,,,74,11110,2
6,,2004,,21.06~22.06,2021,용비어천가,내수동,"1,000",종로구,4,110,24,43.67,,,75,11110,9
7,,2020,,21.06~23.06,2021,디팰리스,신문로2가,"105,000",종로구,4,0,7,82.09,,,171,11110,5
8,,2004,,,2021,BIZ-WELL 종로 오피스텔,익선동,"1,300",종로구,4,50,19,23.14,,,34,11110,8
9,,2003,,,2021,코윈 팔레스뷰 오피스텔,원남동,"19,000",종로구,4,0,10,32.8,,,95,11110,7
10,,2004,,,2021,종로대우디오빌,숭인동,"25,000",종로구,4,0,1,38.08,,,310,11110,13
11,,2005,,,2021,경일오피스텔,숭인동,"2,500",종로구,4,33,1,18.82,,,1367,11110,4
12,,2002,,,2021,수석컴비즈텔,숭인동,"9,000",종로구,4,0,2,26.31,,,55-6,11110,6
13,,2005,,,2021,경일오피스텔,숭인동,"3,000",종로구,4,35,3,18.82,,,1367,11110,6
14,,2005,,21.04~22.04,2021,경일오피스텔,숭인동,"1,000",종로구,4,45,5,18.82,,,1367,11110,7
15,,2016,,,2021,아폴리움 오피스텔,숭인동,"3,000",종로구,4,40,7,15.2,,,201-7,11110,9
16,,2016,,,2021,아이비씨 호텔 앤 오피스텔,숭인동,"1,000",종로구,4,60,9,21.36,,,1396,11110,14
17,,2005,,,2021,경일오피스텔,숭인동,"2,000",종로구,4,38,12,18.82,,,1367,11110,9
18,,2005,,,2021,경일오피스텔,숭인동,"3,000",종로구,4,35,12,18.82,,,1367,11110,9
19,,2013,,,2021,버넷하임1,숭인동,"13,500",종로구,4,0,13,24.77,,,1421,11110,2
20,,2019,,,2021,케이디오피스텔,숭인동,"16,400",종로구,4,0,13,18.56,,,217-26,11110,6
21,,2005,,,2021,경일오피스텔,숭인동,"5,000",종로구,4,35,13,25.68,,,1367,11110,3
22,,2020,,,2021,블루카운티 숭인Ⅰ,숭인동,"22,000",종로구,4,0,15,27.03,,,217-16,11110,2
23,,2002,,,2021,수석컴비즈텔,숭인동,"10,000",종로구,4,0,15,30.12,,,55-6,11110,4
24,,2005,,,2021,엘리시앙오피스텔,숭인동,"16,000",종로구,4,0,15,57.75,,,200-33,11110,8
25,,2002,,,2021,수석컴비즈텔,숭인동,"9,000",종로구,4,5,16,30.12,,,55-6,11110,5
26,,2016,,21.05~22.05,2021,아이비씨 호텔 앤 오피스텔,숭인동,"1,000",종로구,4,60,16,21.36,,,1396,11110,11
27,,2005,,,2021,동양파라빌,숭인동,"1,000",종로구,4,90,16,40.5,,,1388,11110,14
28,,2020,,,2021,헤스티아,숭인동,"13,000",종로구,4,0,16,13.12,,,317-48,11110,13
29,,2016,,,2021,아이비씨 호텔 앤 오피스텔,숭인동,"1,000",종로구,4,60,16,21.36,,,1396,11110,9
30,,2005,,,2021,동양파라빌,숭인동,"1,000",종로구,4,60,17,27.09,,,1388,11110,11
31,,2013,,,2021,종로 중흥 S클래스,숭인동,"13,000",종로구,4,0,20,23.97,,,202-3,11110,3
32,,2020,,,2021,헤스티아,숭인동,"12,500",종로구,4,0,20,13.12,,,317-48,11110,4
33,,2013,,,2021,그레이스탑,숭인동,"3,000",종로구,4,40,21,20.16,,,178-94,11110,3
34,,2013,,,2021,버넷하임1,숭인동,"13,000",종로구,4,0,23,25.88,,,1421,11110,10
35,,2016,,,2021,아이비씨 호텔 앤 오피스텔,숭인동,"13,125",종로구,4,0,23,21.45,,,1396,11110,14
36,,2005,,,2021,동양파라빌,숭인동,"12,000",종로구,4,0,24,24.93,,,1388,11110,5
37,,2020,,,2021,블루카운티 숭인Ⅰ,숭인동,"22,500",종로구,4,0,24,27.18,,,217-16,11110,6
38,,2005,,,2021,동양파라빌,숭인동,"1,000",종로구,4,55,26,27.09,,,1388,11110,11
39,,2005,,,2021,동양파라빌,숭인동,"1,000",종로구,4,55,26,27.09,,,1388,11110,3
40,,2013,,,2021,그레이스탑,숭인동,"8,000",종로구,4,0,27,23.01,,,178-94,11110,4
41,,2017,,,2021,경희궁자이,교북동,"29,400",종로구,4,0,15,25.91,,,126,11110,2
42,,2017,,21.06~22.06,2021,경희궁자이,교북동,"1,000",종로구,4,88,24,25.66,,,126,11110,4
0,,2008,,,2021,광화문 풍림스페이스본,사직동,"32,000",종로구,5,0,1,39.54,,,9,11110,7
1,,2008,,21.08~22.08,2021,광화문 풍림스페이스본,사직동,"31,972",종로구,5,0,29,39.54,,,9,11110,2
2,,2008,,21.08~23.08,2021,광화문 풍림스페이스본,사직동,"28,500",종로구,5,0,29,39.54,,,9,11110,3
3,,2004,,,2021,경희궁의 아침 2단지,내수동,"2,000",종로구,5,70,4,28.9,,,71,11110,9
4,,2004,,21.06~22.06,2021,용비어천가,내수동,"21,370",종로구,5,0,11,30.36,,,75,11110,10
5,,2004,,21.06~22.06,2021,경희궁의 아침 2단지,내수동,"1,000",종로구,5,85,12,32.43,,,71,11110,12
6,,2004,,21.06~22.06,2021,경희궁의 아침 3단지,내수동,"10,000",종로구,5,50,20,37.5,,,72,11110,15
7,,2004,,21.06~22.06,2021,광화문시대,내수동,"1,000",종로구,5,90,27,34.9,,,74,11110,7
8,,2004,,21.06~22.06,2021,경희궁의 아침 2단지,내수동,"8,000",종로구,5,53,28,32.43,,,71,11110,16
9,,2020,,21.06~23.06,2021,디팰리스,신문로2가,"130,000",종로구,5,0,1,81.52,,,171,11110,5
10,,2020,,,2021,디팰리스,신문로2가,"99,000",종로구,5,0,20,82.09,,,171,11110,8
11,,2004,,,2021,두산위브파빌리온,수송동,"2,000",종로구,5,115,1,53.16,,,58,11110,4
12,,2005,,21.06~22.06,2021,운현궁 에스케이 허브,경운동,"23,000",종로구,5,0,1,32.64,,,89-4,11110,10
13,,2003,,,2021,코윈 팔레스뷰 오피스텔,원남동,"1,000",종로구,5,57,26,21.01,,,95,11110,12
14,,2019,,,2021,로얄파크뷰,연지동,"17,300",종로구,5,0,26,18.66,,,238-5,11110,4
15,,2019,,,2021,주함해븐타워 3동,연지동,60,종로구,5,33,28,20.19,,,111,11110,2
16,,2020,,,2021,센트럴시티대학로,효제동,"1,500",종로구,5,63,19,17.28,,,167,11110,2
17,,2003,,,2021,반도 보라 아이비 타워,효제동,"3,000",종로구,5,60,22,30.7,,,45,11110,2
18,,2020,,,2021,센트럴시티대학로,효제동,"12,000",종로구,5,50,24,17.25,,,167,11110,10
19,,2020,,,2021,헤스티아,숭인동,"11,500",종로구,5,0,3,14.71,,,317-48,11110,3
20,,2016,,,2021,아폴리움 오피스텔,숭인동,"14,500",종로구,5,0,4,15.2,,,201-7,11110,7
21,,2020,,,2021,블루카운티 숭인Ⅰ,숭인동,"23,000",종로구,5,0,5,27.03,,,217-16,11110,6
22,,2020,,,2021,헤스티아,숭인동,"13,000",종로구,5,0,7,14.71,,,317-48,11110,10
23,,2013,,,2021,버넷하임1,숭인동,"12,100",종로구,5,0,7,25.27,,,1421,11110,2
24,,2020,,,2021,블루카운티 숭인Ⅰ,숭인동,"2,000",종로구,5,80,8,26.88,,,217-16,11110,8
25,,2014,,,2021,디세븐,숭인동,"12,000",종로구,5,0,10,16.04,,,313-12,11110,13
26,,2020,,,2021,블루카운티 숭인Ⅰ,숭인동,"23,000",종로구,5,0,10,27.18,,,217-16,11110,5
27,,2014,,,2021,삼전솔하임4차,숭인동,"3,000",종로구,5,43,10,19.17,,,318-2,11110,7
28,,2020,,,2021,헤스티아,숭인동,700,종로구,5,58,14,14.71,,,317-48,11110,11
29,,2013,,,2021,(1392),숭인동,"12,000",종로구,5,0,15,20.18,,,1392,11110,4
30,,2013,,,2021,종로유케이201,숭인동,"5,000",종로구,5,25,17,15.15,,,201-11,11110,2
31,,2020,,,2021,블루카운티 숭인Ⅰ,숭인동,"6,000",종로구,5,60,17,26.63,,,217-16,11110,3
32,,2020,,,2021,헤스티아,숭인동,"1,000",종로구,5,50,18,15.47,,,317-48,11110,4
33,,2013,,,2021,종로 중흥 S클래스,숭인동,500,종로구,5,58,19,22.44,,,202-3,11110,4
34,,2020,,,2021,헤스티아,숭인동,"1,000",종로구,5,50,19,15.47,,,317-48,11110,2
35,,2016,,21.06~22.06,2021,아이비씨 호텔 앤 오피스텔,숭인동,"1,000",종로구,5,60,20,21.45,,,1396,11110,14
36,,2013,,21.06~22.06,2021,(1392),숭인동,"4,000",종로구,5,30,22,18.64,,,1392,11110,4
37,,2016,,,2021,아이비씨 호텔 앤 오피스텔,숭인동,"1,000",종로구,5,60,25,21.36,,,1396,11110,8
38,,2002,,21.05~22.05,2021,수석컴비즈텔,숭인동,500,종로구,5,40,26,26.31,,,55-6,11110,4
39,,2016,,,2021,아이비씨 호텔 앤 오피스텔,숭인동,"1,000",종로구,5,60,28,23.24,,,1396,11110,14
40,,2013,,21.06~22.06,2021,그레이스탑,숭인동,"1,000",종로구,5,50,28,23.01,,,178-94,11110,5
41,,2005,,21.06~22.06,2021,경일오피스텔,숭인동,"3,000",종로구,5,40,29,22.42,,,1367,11110,11
42,,2005,,21.06~23.06,2021,동양파라빌,숭인동,"13,500",종로구,5,0,31,27.09,,,1388,11110,5
43,,2017,,,2021,경희궁자이,교북동,"28,000",종로구,5,0,17,27.62,,,126,11110,2
44,,2017,,21.06~22.06,2021,경희궁자이,교북동,"1,000",종로구,5,90,18,25.66,,,126,11110,4
45,,2017,,,2021,경희궁자이,교북동,"29,000",종로구,5,0,29,25.91,,,126,11110,4
46,,2002,,,2021,캐피탈오피스텔,부암동,"19,500",종로구,5,0,18,37.64,,,154-2,11110,5
47,,2005,,,2021,세검정아트오피스텔,홍지동,"12,000",종로구,5,0,18,45.1,,,104-21,11110,3
0,사용,2008,갱신,21.07~23.07,2021,광화문 풍림스페이스본,사직동,"30,450",종로구,6,0,11,39.54,"29,000",,9,11110,8
1,,2008,갱신,21.07~22.07,2021,광화문 풍림스페이스본,사직동,"1,000",종로구,6,105,19,39.54,"1,000",105,9,11110,8
2,,2004,신규,21.07~23.07,2021,광화문시대,내수동,"24,000",종로구,6,0,1,34.9,,,74,11110,5
3,,2004,신규,21.06~22.06,2021,경희궁의 아침 2단지,내수동,"1,000",종로구,6,75,8,28.9,,,71,11110,9
4,,2004,신규,21.08~23.08,2021,용비어천가,내수동,"1,000",종로구,6,100,15,37.56,,,75,11110,15
5,,2004,갱신,21.06~23.06,2021,광화문시대,내수동,"1,000",종로구,6,85,20,32.97,"1,000",80,74,11110,16
6,,2004,신규,21.07~22.07,2021,용비어천가,내수동,"1,000",종로구,6,75,24,30.36,,,75,11110,4
7,,2004,신규,21.06~22.06,2021,용비어천가,내수동,"1,000",종로구,6,75,25,30.36,,,75,11110,6
8,,2004,신규,,2021,용비어천가,내수동,"1,000",종로구,6,105,26,43.67,,,75,11110,10
9,,2004,신규,21.08~23.08,2021,용비어천가,내수동,"26,200",종로구,6,0,26,37.56,,,75,11110,9
10,,2020,신규,21.06~23.06,2021,디팰리스,신문로2가,"135,000",종로구,6,120,1,126.13,,,171,11110,6
11,,2020,신규,21.08~23.08,2021,디팰리스,신문로2가,"85,000",종로구,6,0,23,52.11,,,171,11110,7
12,,2020,신규,21.07~22.09,2021,디팰리스,신문로2가,"3,000",종로구,6,200,26,43.14,,,171,11110,3
13,,2004,신규,21.07~22.07,2021,두산위브파빌리온,수송동,"1,000",종로구,6,95,29,37.42,,,58,11110,12
14,,2007,신규,21.06~22.06,2021,르메이에르종로타운1,종로1가,"2,000",종로구,6,110,15,45.41,,,24,11110,11
15,,2004,신규,21.06~22.06,2021,BIZ-WELL 종로 오피스텔,익선동,"1,000",종로구,6,50,4,17.2,,,34,11110,8
16,,2004,신규,21.07~22.07,2021,BIZ-WELL 종로 오피스텔,익선동,500,종로구,6,50,25,18.89,,,34,11110,3
17,,2004,신규,21.07~22.07,2021,BIZ-WELL 종로 오피스텔,익선동,"1,000",종로구,6,55,26,23.42,,,34,11110,5
18,,2004,신규,21.06~22.06,2021,BIZ-WELL 종로 오피스텔,익선동,500,종로구,6,50,30,17.2,,,34,11110,8
19,,2005,신규,21.07~22.07,2021,운현궁 에스케이 허브,경운동,"1,000",종로구,6,100,14,41.12,,,89-4,11110,6
20,,2005,신규,21.07~22.07,2021,종로1번가,관철동,"1,000",종로구,6,70,4,23.98,,,155,11110,5
21,,2019,신규,21.07~23.07,2021,로얄파크뷰,연지동,"2,000",종로구,6,90,12,37.31,,,238-5,11110,5
22,,2020,신규,21.06~22.06,2021,센트럴시티대학로,효제동,"2,000",종로구,6,60,4,17.28,,,167,11110,9
23,,2017,신규,21.07~23.02,2021,포레스트힐시티,효제동,"10,000",종로구,6,41,28,23.24,,,65-2,11110,5
24,,2021,,21.07~22.07,2021,(255-1),창신동,"21,000",종로구,6,0,29,15.59,,,255-1,11110,7
25,,2004,신규,21.06~23.05,2021,종로대우디오빌,숭인동,"13,000",종로구,6,0,1,36.87,,,310,11110,11
26,,2013,신규,21.06~22.06,2021,그레이스탑,숭인동,"3,000",종로구,6,40,1,23.01,,,178-94,11110,5
27,,2020,신규,21.06~23.06,2021,블루카운티 숭인Ⅰ,숭인동,"23,000",종로구,6,0,2,26.97,,,217-16,11110,4
28,,2005,신규,21.08~23.08,2021,동양파라빌,숭인동,"13,000",종로구,6,0,2,27.09,,,1388,11110,14
29,,2005,신규,21.06~22.06,2021,경일오피스텔,숭인동,"3,000",종로구,6,43,2,25.6,,,1367,11110,14
30,,2005,신규,21.06~22.06,2021,경일오피스텔,숭인동,"1,000",종로구,6,45,3,18.82,,,1367,11110,6
31,,2020,,,2021,(317-29),숭인동,100,종로구,6,26,3,18.74,,,317-29,11110,4
32,,2020,신규,21.06~23.06,2021,(317-29),숭인동,"21,000",종로구,6,0,3,19.96,,,317-29,11110,9
33,,2020,신규,21.06~23.09,2021,(317-29),숭인동,100,종로구,6,31,3,22.38,,,317-29,11110,5
34,,2020,,,2021,(317-29),숭인동,100,종로구,6,27,3,18.74,,,317-29,11110,6
35,,2005,신규,21.06~22.06,2021,경일오피스텔,숭인동,"3,000",종로구,6,38,5,20.14,,,1367,11110,9
36,사용,2013,갱신,21.06~23.06,2021,(1392),숭인동,"12,600",종로구,6,0,5,20.18,"12,000",,1392,11110,9
37,,2020,,21.06~23.06,2021,헤스티아,숭인동,"11,000",종로구,6,0,7,15.28,,,317-48,11110,15
38,,2019,,,2021,케이디오피스텔,숭인동,"12,000",종로구,6,18,8,18.18,,,217-26,11110,6
39,,2005,신규,21.06~22.06,2021,동양파라빌,숭인동,"1,000",종로구,6,55,9,24.93,,,1388,11110,8
40,,2017,,,2021,블루빌,숭인동,"24,000",종로구,6,0,9,46.36,,,243,11110,4
41,,2005,신규,21.06~22.06,2021,동양파라빌,숭인동,"1,000",종로구,6,60,10,27.09,,,1388,11110,14
42,,2013,,,2021,그레이스탑,숭인동,"6,000",종로구,6,25,10,20.16,,,178-94,11110,4
43,,2020,신규,21.06~22.06,2021,(317-29),숭인동,"1,000",종로구,6,80,11,24.47,,,317-29,11110,4
44,,2005,신규,21.06~23.06,2021,동양파라빌,숭인동,"2,000",종로구,6,50,11,27.09,,,1388,11110,10
45,,2016,신규,21.06~22.06,2021,아이비씨 호텔 앤 오피스텔,숭인동,"1,000",종로구,6,60,11,21.45,,,1396,11110,13
46,,2014,신규,21.06~22.06,2021,숭인한양LEEPS,숭인동,500,종로구,6,55,12,17.07,,,1421-2,11110,14
47,,2013,,21.06~22.06,2021,그레이스탑,숭인동,"4,000",종로구,6,35,12,23.01,,,178-94,11110,4
48,,2005,신규,21.07~22.07,2021,동양파라빌,숭인동,"1,000",종로구,6,55,14,24.93,,,1388,11110,7
49,,2016,신규,21.07~23.07,2021,아폴리움 오피스텔,숭인동,"14,000",종로구,6,0,15,16.31,,,201-7,11110,8
50,,2005,신규,21.07~22.07,2021,동양파라빌,숭인동,"2,000",종로구,6,50,15,27.09,,,1388,11110,9
51,,2004,신규,21.07~22.07,2021,롯데캐슬 천지인,숭인동,"1,000",종로구,6,77,16,39.6,,,76,11110,19
52,,2004,,21.07~22.07,2021,롯데캐슬 천지인,숭인동,"1,000",종로구,6,80,16,39.6,,,76,11110,19
53,,2013,신규,21.07~23.07,2021,종로 동광모닝스카이,숭인동,"12,000",종로구,6,0,18,19.95,,,1421-1,11110,2
54,,2014,신규,21.06~22.06,2021,디세븐,숭인동,"12,000",종로구,6,0,18,18.07,,,313-12,11110,15
55,,2020,,21.07~23.07,2021,헤스티아,숭인동,"11,000",종로구,6,0,18,14.71,,,317-48,11110,2
56,,2020,신규,21.07~23.07,2021,블루카운티 숭인Ⅰ,숭인동,"23,000",종로구,6,0,19,27.18,,,217-16,11110,5
57,,2004,신규,21.07~22.07,2021,롯데캐슬 천지인,숭인동,"1,000",종로구,6,80,21,39.6,,,76,11110,15
58,,2013,신규,21.07~23.07,2021,종로유케이201,숭인동,"7,000",종로구,6,20,21,15.49,,,201-11,11110,3
59,,2016,,,2021,아이비씨 호텔 앤 오피스텔,숭인동,"1,000",종로구,6,60,22,21.62,,,1396,11110,13
60,,2013,신규,21.07~22.06,2021,종로 동광모닝스카이,숭인동,"1,000",종로구,6,53,24,19.95,,,1421-1,11110,7
61,,2013,신규,21.08~23.02,2021,버넷하임1,숭인동,"12,000",종로구,6,0,26,25.27,,,1421,11110,3
62,,2020,,21.07~23.07,2021,(317-29),숭인동,"19,500",종로구,6,0,27,18.76,,,317-29,11110,2
63,,2020,신규,21.08~23.08,2021,블루카운티 숭인Ⅰ,숭인동,"23,000",종로구,6,0,29,27.03,,,217-16,11110,6
64,,2004,신규,21.07~22.07,2021,롯데캐슬 천지인,숭인동,"1,000",종로구,6,75,29,39.6,,,76,11110,10
65,,2004,신규,21.06~22.06,2021,롯데캐슬 천지인,숭인동,"1,000",종로구,6,80,29,39.6,,,76,11110,18
66,,2016,신규,21.08~23.08,2021,아폴리움 오피스텔,숭인동,"12,500",종로구,6,0,30,16.31,,,201-7,11110,6
67,,2017,갱신,21.07~23.07,2021,경희궁자이,교북동,"25,000",종로구,6,0,24,27.62,"24,000",,126,11110,5
0,,1998,신규,21.08~22.08,2021,파크뷰타워,필운동,"1,000",종로구,7,50,30,21.85,,,285-5,11110,4
1,,2004,신규,21.07~22.07,2021,광화문시대,내수동,"1,000",종로구,7,85,1,34.9,,,74,11110,10
2,,2004,신규,21.07~22.07,2021,용비어천가,내수동,"1,000",종로구,7,80,3,33,,,75,11110,2
3,,2004,신규,21.09~23.09,2021,경희궁의 아침 2단지,내수동,"20,000",종로구,7,20,5,32.43,,,71,11110,16
4,,2004,갱신,21.08~23.08,2021,광화문시대,내수동,"6,000",종로구,7,67,5,34.9,"5,000",65,74,11110,3
5,,2004,신규,21.08~22.08,2021,광화문시대,내수동,"10,000",종로구,7,60,5,40.26,,,74,11110,5
6,,2004,신규,21.07~22.07,2021,광화문시대,내수동,"1,000",종로구,7,85,8,34.9,,,74,11110,11
7,,2004,신규,21.07~22.07,2021,경희궁의 아침 2단지,내수동,"1,000",종로구,7,80,8,28.9,,,71,11110,6
8,,2004,신규,21.08~23.08,2021,용비어천가,내수동,"25,000",종로구,7,0,8,37.56,,,75,11110,12
9,,2004,신규,21.08~22.08,2021,광화문시대,내수동,"12,000",종로구,7,30,10,30.08,,,74,11110,18
10,,2004,신규,21.07~22.07,2021,용비어천가,내수동,"1,000",종로구,7,85,10,37.56,,,75,11110,10
11,,2004,,21.08~23.02,2021,경희궁의 아침 2단지,내수동,"20,000",종로구,7,70,10,57.8,,,71,11110,10
12,,2004,,,2021,용비어천가,내수동,"25,500",종로구,7,0,10,30.36,,,75,11110,12
13,,2004,신규,21.07~22.07,2021,용비어천가,내수동,"1,000",종로구,7,75,12,30.36,,,75,11110,9
14,,2004,갱신,21.07~22.07,2021,용비어천가,내수동,"1,000",종로구,7,85,15,37.56,"1,000",85,75,11110,5
15,,2004,,,2021,경희궁의 아침 2단지,내수동,"1,000",종로구,7,60,16,32.43,,,71,11110,9
16,,2004,,,2021,용비어천가,내수동,"1,000",종로구,7,95,17,42.46,,,75,11110,5
17,,2004,신규,21.08~22.08,2021,광화문시대,내수동,"27,000",종로구,7,0,21,40.26,,,74,11110,18
18,,2004,신규,21.07~22.07,2021,용비어천가,내수동,"10,000",종로구,7,50,22,33,,,75,11110,12
19,,2004,신규,21.09~23.09,2021,경희궁의 아침 2단지,내수동,"20,000",종로구,7,20,26,32.43,,,71,11110,16
20,,2004,신규,21.09~22.09,2021,용비어천가,내수동,"23,000",종로구,7,0,26,30.36,,,75,11110,7
21,,2020,신규,21.08~23.08,2021,디팰리스,신문로2가,"100,000",종로구,7,0,3,79.14,,,171,11110,2
22,,2020,신규,21.08~22.08,2021,디팰리스,신문로2가,"2,000",종로구,7,190,22,40.15,,,171,11110,4
23,,2004,신규,21.07~22.07,2021,BIZ-WELL 종로 오피스텔,익선동,500,종로구,7,50,21,17.27,,,34,11110,5
24,,2004,신규,21.09~22.09,2021,BIZ-WELL 종로 오피스텔,익선동,"1,000",종로구,7,50,24,18.83,,,34,11110,8
25,,2005,,,2021,운현궁 에스케이 허브,경운동,"5,000",종로구,7,65,1,38.59,,,89-4,11110,7
26,,2005,신규,21.07~23.07,2021,운현궁 에스케이 허브,경운동,"1,000",종로구,7,100,2,41.12,,,89-4,11110,3
27,,2005,신규,21.08~22.08,2021,운현궁 에스케이 허브,경운동,"1,000",종로구,7,100,10,42.69,,,89-4,11110,9
28,,2003,신규,21.07~22.07,2021,코윈 팔레스뷰 오피스텔,원남동,"1,000",종로구,7,60,8,24.03,,,95,11110,2
29,,2019,,21.08~23.08,2021,로얄파크뷰,연지동,"16,000",종로구,7,0,12,18.06,,,238-5,11110,5
30,,2019,,21.08~23.08,2021,로얄파크뷰,연지동,"17,850",종로구,7,0,17,18.06,,,238-5,11110,8
31,,2015,신규,21.08~22.08,2021,아르젠종로,연지동,"1,000",종로구,7,52,26,15.89,,,163-3,11110,8
32,,2019,,21.08~22.08,2021,로얄파크뷰,연지동,"2,000",종로구,7,68,29,18.66,,,238-5,11110,6
33,,2003,신규,21.08~24.01,2021,반도 보라 아이비 타워,효제동,"1,000",종로구,7,70,10,30.94,,,45,11110,10
34,,2019,,,2021,케이디오피스텔,숭인동,"15,000",종로구,7,10,2,18.18,,,217-26,11110,5
35,,2005,신규,21.07~22.07,2021,동양파라빌,숭인동,"1,000",종로구,7,60,2,27.09,,,1388,11110,11
36,,2013,신규,21.08~22.08,2021,버넷하임1,숭인동,500,종로구,7,60,3,25.88,,,1421,11110,8
37,,2013,신규,21.07~22.07,2021,종로 아인스빌,숭인동,"1,000",종로구,7,50,3,17.88,,,1392-1,11110,8
38,,2013,신규,21.07~22.02,2021,종로 동광모닝스카이,숭인동,500,종로구,7,55,3,19.95,,,1421-1,11110,2
39,,2013,신규,21.07~22.07,2021,버넷하임1,숭인동,500,종로구,7,57,3,25.88,,,1421,11110,5
40,,2013,신규,21.08~22.08,2021,종로 동광모닝스카이,숭인동,"12,500",종로구,7,0,3,19.95,,,1421-1,11110,6
41,,2013,신규,21.07~22.07,2021,종로 아인스빌,숭인동,500,종로구,7,55,3,17.88,,,1392-1,11110,9
42,,2016,신규,21.07~22.07,2021,아이비씨 호텔 앤 오피스텔,숭인동,"1,000",종로구,7,60,3,21.36,,,1396,11110,14
43,,2014,신규,21.07~22.07,2021,숭인한양LEEPS,숭인동,"2,000",종로구,7,45,5,17.07,,,1421-2,11110,15
44,,2013,신규,21.07~22.07,2021,종로 아인스빌,숭인동,500,종로구,7,55,5,17.88,,,1392-1,11110,9
45,,2016,신규,21.07~22.07,2021,아이비씨 호텔 앤 오피스텔,숭인동,"1,000",종로구,7,60,5,21.36,,,1396,11110,13
46,,2020,신규,21.07~23.07,2021,블루카운티 숭인Ⅰ,숭인동,"23,000",종로구,7,0,5,27.18,,,217-16,11110,5
47,사용,2016,갱신,21.07~23.07,2021,아이비씨 호텔 앤 오피스텔,숭인동,"13,650",종로구,7,0,6,21.62,"13,000",,1396,11110,12
48,,2005,,21.08~22.07,2021,경일오피스텔,숭인동,"1,000",종로구,7,46,6,20.14,,,1367,11110,4
49,,2013,신규,21.07~23.07,2021,종로 아인스빌,숭인동,"12,600",종로구,7,0,6,17.88,,,1392-1,11110,2
50,,2005,신규,21.07~22.07,2021,경일오피스텔,숭인동,"3,000",종로구,7,40,7,22.42,,,1367,11110,12
51,,2014,,21.08~22.08,2021,디세븐,숭인동,500,종로구,7,45,7,15.46,,,313-12,11110,5
52,,2013,갱신,21.07~21.09,2021,종로 동광모닝스카이,숭인동,"12,000",종로구,7,0,8,19.95,"12,000",,1421-1,11110,4
53,,2005,신규,21.08~22.08,2021,동양파라빌,숭인동,500,종로구,7,60,8,27.09,,,1388,11110,9
54,,2016,갱신,21.08~23.08,2021,아이비씨 호텔 앤 오피스텔,숭인동,"13,125",종로구,7,0,9,21.59,"12,500",,1396,11110,14
55,,2005,신규,21.07~22.07,2021,엘리시앙오피스텔,숭인동,"1,000",종로구,7,55,9,34.38,,,200-33,11110,6
56,,2014,갱신,21.07~22.07,2021,디세븐,숭인동,500,종로구,7,42,9,13.44,500,40,313-12,11110,5
57,,2016,신규,21.07~22.07,2021,아이비씨 호텔 앤 오피스텔,숭인동,"1,000",종로구,7,60,10,21.45,,,1396,11110,16
58,,2020,신규,21.07~22.07,2021,헤스티아,숭인동,"1,000",종로구,7,45,10,13.12,,,317-48,11110,11
59,,2016,신규,21.08~22.08,2021,아이비씨 호텔 앤 오피스텔,숭인동,"1,000",종로구,7,60,12,21.36,,,1396,11110,7
60,,2019,,21.07~22.07,2021,케이디오피스텔,숭인동,"15,500",종로구,7,0,12,18.18,,,217-26,11110,5
61,,2016,신규,21.08~22.08,2021,아폴리움 오피스텔,숭인동,500,종로구,7,55,13,15.2,,,201-7,11110,10
62,,2016,신규,21.08~22.08,2021,아이비씨 호텔 앤 오피스텔,숭인동,"1,000",종로구,7,60,13,21.36,,,1396,11110,7
63,,2013,신규,21.09~23.09,2021,종로 동광모닝스카이,숭인동,"13,000",종로구,7,0,20,19.95,,,1421-1,11110,8
64,,2016,신규,21.08~22.08,2021,아폴리움 오피스텔,숭인동,"3,000",종로구,7,42,20,16.31,,,201-7,11110,4
65,,2016,,,2021,아이비씨 호텔 앤 오피스텔,숭인동,"1,000",종로구,7,60,21,21.36,,,1396,11110,8
66,,2020,,21.08~23.08,2021,블루카운티 숭인Ⅰ,숭인동,"22,000",종로구,7,0,21,26.97,,,217-16,11110,2
67,,2020,신규,21.08~23.08,2021,블루카운티 숭인Ⅰ,숭인동,"22,000",종로구,7,0,21,26.97,,,217-16,11110,2
68,,2005,신규,21.08~22.08,2021,경일오피스텔,숭인동,"3,000",종로구,7,35,22,18.82,,,1367,11110,12
69,,2016,신규,21.08~22.08,2021,아이비씨 호텔 앤 오피스텔,숭인동,"1,000",종로구,7,60,22,21.45,,,1396,11110,11
70,,2013,신규,21.08~23.08,2021,그레이스탑,숭인동,"8,000",종로구,7,15,23,23.01,,,178-94,11110,4
71,,2014,신규,21.08~23.08,2021,숭인한양LEEPS,숭인동,"13,800",종로구,7,0,26,17.07,,,1421-2,11110,14
72,,2020,,,2021,블루카운티 숭인Ⅰ,숭인동,"22,000",종로구,7,0,27,27.03,,,217-16,11110,2
73,,2020,신규,21.07~23.07,2021,블루카운티 숭인Ⅰ,숭인동,"23,000",종로구,7,0,27,27.18,,,217-16,11110,4
74,사용,2013,갱신,21.08~23.08,2021,종로 아인스빌,숭인동,"12,000",종로구,7,0,27,17.88,"12,000",,1392-1,11110,6
75,,2013,신규,21.08~23.08,2021,그레이스탑,숭인동,"8,000",종로구,7,15,27,23.01,,,178-94,11110,4
76,,2020,신규,21.08~23.08,2021,블루카운티 숭인Ⅰ,숭인동,"23,000",종로구,7,0,28,27.18,,,217-16,11110,4
77,,2005,신규,21.08~22.08,2021,동양파라빌,숭인동,"1,000",종로구,7,55,28,24.93,,,1388,11110,9
78,,2004,신규,21.08~22.08,2021,종로대우디오빌,숭인동,"1,000",종로구,7,65,28,29.65,,,310,11110,15
79,,2020,신규,21.08~23.08,2021,블루카운티 숭인Ⅰ,숭인동,"24,000",종로구,7,0,28,26.97,,,217-16,11110,4
80,,2005,,21.08~22.08,2021,경일오피스텔,숭인동,"2,000",종로구,7,38,29,18.82,,,1367,11110,5
81,,2004,신규,21.08~22.07,2021,종로대우디오빌,숭인동,500,종로구,7,65,29,29.65,,,310,11110,12
82,,2017,갱신,21.10~23.10,2021,블루빌,숭인동,"25,700",종로구,7,0,30,46.36,"24,500",,243,11110,3
83,,2013,,21.08~23.08,2021,그레이스탑,숭인동,"4,000",종로구,7,35,30,23.01,,,178-94,11110,5
84,,2014,신규,21.08~22.08,2021,디세븐,숭인동,500,종로구,7,48,31,15.04,,,313-12,11110,5
85,사용,2017,갱신,21.08~23.08,2021,경희궁자이,교북동,"24,150",종로구,7,0,1,25.91,"23,000",,126,11110,5
86,,2017,신규,21.07~22.07,2021,경희궁자이,교북동,"10,000",종로구,7,43,7,25.91,,,126,11110,4
87,사용,2017,갱신,21.07~22.07,2021,경희궁자이,교북동,"25,200",종로구,7,0,8,25.91,"24,000",,126,11110,5
88,,2017,신규,21.07~22.07,2021,경희궁자이,교북동,"2,000",종로구,7,80,9,25.91,,,126,11110,4
89,,2017,신규,21.08~23.08,2021,경희궁자이,교북동,"27,300",종로구,7,0,10,25.91,,,126,11110,2
90,사용,2017,갱신,21.08~23.08,2021,경희궁자이,교북동,"22,050",종로구,7,0,15,25.91,"21,000",,126,11110,2
91,,2017,신규,21.08~22.08,2021,경희궁자이,교북동,"20,000",종로구,7,35,30,25.91,,,126,11110,2
92,,2017,신규,21.08~22.09,2021,경희궁자이,교북동,"30,000",종로구,7,0,31,25.91,,,126,11110,4
0,,1998,신규,21.09~23.09,2021,파크뷰타워,필운동,700,종로구,8,60,16,23.24,,,285-5,11110,10
1,,2008,신규,21.08~22.08,2021,광화문 풍림스페이스본,사직동,"2,000",종로구,8,90,4,39.54,,,9,11110,5
2,,2008,신규,21.08~23.08,2021,광화문 풍림스페이스본,사직동,"31,000",종로구,8,0,24,39.54,,,9,11110,6
3,,2008,신규,21.08~23.08,2021,광화문 풍림스페이스본,사직동,"37,000",종로구,8,0,24,39.54,,,9,11110,6
4,,2004,신규,21.10~23.09,2021,경희궁의 아침 2단지,내수동,"47,000",종로구,8,0,4,57.8,,,71,11110,10
5,,2004,신규,21.09~22.09,2021,경희궁의 아침 3단지,내수동,"20,000",종로구,8,100,5,62.92,,,72,11110,10
6,,2004,신규,21.08~22.08,2021,용비어천가,내수동,"1,000",종로구,8,100,10,37.56,,,75,11110,17
7,,2004,신규,21.10~23.10,2021,경희궁의 아침 3단지,내수동,"10,000",종로구,8,55,11,37.5,,,72,11110,13
8,,2004,신규,21.08~22.08,2021,경희궁의 아침 4단지,내수동,"1,000",종로구,8,75,11,28.24,,,73,11110,14
9,,2004,신규,21.08~23.08,2021,경희궁의 아침 3단지,내수동,"26,000",종로구,8,0,25,37.5,,,72,11110,16
10,,2004,신규,21.09~22.09,2021,용비어천가,내수동,"5,000",종로구,8,75,30,37.56,,,75,11110,5
11,,2004,신규,21.09~22.09,2021,경희궁의 아침 4단지,내수동,"1,000",종로구,8,75,31,28.24,,,73,11110,14
12,,2020,신규,21.08~23.08,2021,디팰리스,신문로2가,"110,000",종로구,8,0,5,82.09,,,171,11110,7
13,,2020,신규,21.09~23.09,2021,디팰리스,신문로2가,"56,000",종로구,8,0,17,41.63,,,171,11110,2
14,,2020,신규,21.08~23.08,2021,디팰리스,신문로2가,"120,000",종로구,8,0,19,79.72,,,171,11110,4
15,,2020,신규,21.09~22.09,2021,디팰리스,신문로2가,"87,000",종로구,8,0,26,51.72,,,171,11110,7
16,,2019,,21.09~23.02,2021,리베르떼_연지,연지동,"19,000",종로구,8,0,7,23.2,,,222,11110,6
17,,2019,,,2021,로얄파크뷰,연지동,"17,850",종로구,8,0,14,18.66,,,238-5,11110,6
18,,2019,갱신,21.12~23.12,2021,로얄파크뷰,연지동,"26,500",종로구,8,0,16,37.12,"26,500",,238-5,11110,5
19,,2021,,,2021,대보 마로니에시티,연지동,60,종로구,8,36,27,21.41,,,231,11110,12
20,,2021,신규,21.08~23.12,2021,대보 마로니에시티,연지동,60,종로구,8,35,27,21.41,,,231,11110,8
21,사용,2019,갱신,21.09~23.09,2021,로얄파크뷰,연지동,"26,000",종로구,8,0,30,36.57,"26,000",,238-5,11110,2
22,,2021,신규,21.08~22.08,2021,(255-1),창신동,"3,000",종로구,8,60,6,17.8,,,255-1,11110,11
23,,2021,신규,21.08~23.08,2021,(255-1),창신동,"20,000",종로구,8,0,17,15.59,,,255-1,11110,7
24,,2021,신규,21.09~22.09,2021,(255-1),창신동,"1,000",종로구,8,70,19,15.59,,,255-1,11110,7
25,,2005,,,2021,경일오피스텔,숭인동,"1,000",종로구,8,48,2,20.14,,,1367,11110,10
26,,2016,신규,21.09~23.09,2021,아폴리움 오피스텔,숭인동,"13,500",종로구,8,0,3,16.31,,,201-7,11110,7
27,,2013,신규,21.08~23.08,2021,종로 동광모닝스카이,숭인동,"12,000",종로구,8,0,3,19.95,,,1421-1,11110,4
28,,2005,신규,21.08~23.08,2021,동양파라빌,숭인동,"12,000",종로구,8,0,3,24.93,,,1388,11110,7
29,,2020,,,2021,(317-29),숭인동,"3,850",종로구,8,13,3,22.38,,,317-29,11110,10
30,,2020,신규,21.08~23.08,2021,(317-29),숭인동,"25,000",종로구,8,0,4,24.47,,,317-29,11110,4
31,,2013,신규,21.08~22.08,2021,(1392),숭인동,500,종로구,8,55,5,19.84,,,1392,11110,7
32,,2004,갱신,21.08~23.08,2021,롯데캐슬 천지인,숭인동,"22,000",종로구,8,0,5,39.6,"21,000",,76,11110,7
33,,2019,신규,21.09~23.09,2021,케이디오피스텔,숭인동,"16,500",종로구,8,0,6,18.56,,,217-26,11110,2
34,,2019,신규,21.08~23.08,2021,케이디오피스텔,숭인동,"2,000",종로구,8,60,6,18.56,,,217-26,11110,6
35,,2020,신규,21.09~22.09,2021,헤스티아,숭인동,"1,000",종로구,8,52,8,15.47,,,317-48,11110,8
36,,2005,,21.08~22.08,2021,경일오피스텔,숭인동,"3,000",종로구,8,38,9,20.14,,,1367,11110,7
37,,2020,,,2021,(317-29),숭인동,"3,850",종로구,8,13,9,22.38,,,317-29,11110,5
38,,2016,신규,21.08~22.08,2021,아이비씨 호텔 앤 오피스텔,숭인동,500,종로구,8,70,10,21.62,,,1396,11110,7
39,,2016,신규,21.08~22.08,2021,아이비씨 호텔 앤 오피스텔,숭인동,"1,200",종로구,8,105,10,43.29,,,1396,11110,17
40,,2013,신규,21.08~22.08,2021,(1392),숭인동,"5,000",종로구,8,35,11,20.18,,,1392,11110,4
41,,2020,신규,21.08~23.08,2021,(317-29),숭인동,"25,000",종로구,8,0,12,24.47,,,317-29,11110,2
42,,2020,,21.08~23.08,2021,헤스티아,숭인동,"13,000",종로구,8,0,12,13.12,,,317-48,11110,15
43,,2016,신규,21.08~22.08,2021,아이비씨 호텔 앤 오피스텔,숭인동,"3,000",종로구,8,50,14,21.45,,,1396,11110,6
44,,2020,,,2021,블루카운티 숭인Ⅰ,숭인동,"23,000",종로구,8,0,14,27.03,,,217-16,11110,5
45,,2016,신규,21.08~22.08,2021,아이비씨 호텔 앤 오피스텔,숭인동,"3,000",종로구,8,50,14,21.45,,,1396,11110,7
46,,2016,신규,21.08~22.08,2021,아이비씨 호텔 앤 오피스텔,숭인동,"1,000",종로구,8,60,17,21.36,,,1396,11110,6
47,,2020,신규,21.09~22.09,2021,블루카운티 숭인Ⅰ,숭인동,"23,000",종로구,8,0,17,27.03,,,217-16,11110,5
48,,2004,신규,21.08~22.08,2021,종로대우디오빌,숭인동,"1,000",종로구,8,65,17,29.65,,,310,11110,15
49,,2016,신규,21.08~22.08,2021,아폴리움 오피스텔,숭인동,"1,000",종로구,8,53,18,15.2,,,201-7,11110,12
50,,2004,신규,21.09~23.09,2021,롯데캐슬 천지인,숭인동,"25,000",종로구,8,0,20,39.6,,,76,11110,15
51,,2016,신규,21.08~22.08,2021,아이비씨 호텔 앤 오피스텔,숭인동,"2,000",종로구,8,55,21,21.36,,,1396,11110,7
52,,2005,신규,21.09~22.09,2021,동양파라빌,숭인동,"1,000",종로구,8,50,21,24.93,,,1388,11110,9
53,,2020,신규,21.08~23.08,2021,블루카운티 숭인Ⅰ,숭인동,"23,000",종로구,8,0,23,27.03,,,217-16,11110,4
54,,2016,,,2021,아이비씨 호텔 앤 오피스텔,숭인동,"3,000",종로구,8,50,23,23.24,,,1396,11110,7
55,,2016,신규,21.09~22.09,2021,아폴리움 오피스텔,숭인동,"3,000",종로구,8,40,23,15.2,,,201-7,11110,4
56,,2016,신규,21.08~22.08,2021,아이비씨 호텔 앤 오피스텔,숭인동,"2,000",종로구,8,55,24,21.62,,,1396,11110,7
57,,2016,신규,21.08~22.08,2021,아이비씨 호텔 앤 오피스텔,숭인동,"3,000",종로구,8,50,25,21.45,,,1396,11110,6
58,,2005,신규,21.10~22.10,2021,동양파라빌,숭인동,"1,000",종로구,8,92,26,40.5,,,1388,11110,14
59,,2013,신규,21.09~22.09,2021,종로 아인스빌,숭인동,"1,000",종로구,8,50,26,17.88,,,1392-1,11110,9
60,,2004,신규,21.10~23.10,2021,롯데캐슬 천지인,숭인동,"24,000",종로구,8,0,26,39.6,,,76,11110,12
61,,2005,신규,21.09~22.09,2021,동양파라빌,숭인동,"1,000",종로구,8,60,27,27.09,,,1388,11110,2
62,,2016,,21.09~23.09,2021,아폴리움 오피스텔,숭인동,"14,500",종로구,8,0,28,16.31,,,201-7,11110,12
63,,2020,신규,21.09~23.09,2021,(317-29),숭인동,"20,000",종로구,8,0,30,19.96,,,317-29,11110,3
64,,2017,신규,22.02~23.02,2021,경희궁자이,교북동,"1,000",종로구,8,90,14,25.91,,,126,11110,5
65,,2002,신규,21.08~22.08,2021,타임730오피스텔,부암동,"13,000",종로구,8,0,16,34.06,,,129-8,11110,6
0,,2008,신규,21.11~23.11,2021,광화문 풍림스페이스본,사직동,"1,000",종로구,9,110,16,39.54,,,9,11110,9
1,,2004,신규,,2021,광화문시대,내수동,"22,000",종로구,9,0,1,33.3,,,74,11110,9
2,,2004,신규,21.11~22.10,2021,광화문시대,내수동,"1,000",종로구,9,90,3,40.26,,,74,11110,6
3,,2004,신규,21.09~23.09,2021,경희궁의 아침 2단지,내수동,"1,000",종로구,9,75,3,32.43,,,71,11110,5
4,,2004,신규,21.10~22.09,2021,경희궁의 아침 3단지,내수동,"25,000",종로구,9,0,4,37.5,,,72,11110,14
5,사용,2004,갱신,21.11~23.11,2021,용비어천가,내수동,"26,000",종로구,9,0,13,37.56,"25,000",,75,11110,7
6,,2004,신규,21.10~23.10,2021,경희궁의 아침 2단지,내수동,"15,000",종로구,9,40,23,28.9,,,71,11110,14
7,,2004,신규,21.09~22.09,2021,경희궁의 아침 2단지,내수동,"1,000",종로구,9,75,24,29.41,,,71,11110,12
8,,2004,신규,21.11~23.11,2021,경희궁의 아침 4단지,내수동,"26,000",종로구,9,0,29,41.74,,,73,11110,8
9,,2007,신규,21.10~22.10,2021,르메이에르종로타운1,종로1가,"1,000",종로구,9,80,10,34.59,,,24,11110,8
10,,2004,신규,21.09~22.09,2021,나스빌,낙원동,"1,000",종로구,9,60,10,28.69,,,212,11110,7
11,,2021,,,2021,대보 마로니에시티,연지동,60,종로구,9,32,7,19.69,,,231,11110,4
12,,2021,,,2021,대보 마로니에시티,연지동,60,종로구,9,32,7,19.69,,,231,11110,2
13,,2021,,,2021,대보 마로니에시티,연지동,60,종로구,9,39,7,25.07,,,231,11110,3
14,,2021,,,2021,대보 마로니에시티,연지동,60,종로구,9,33,7,19.69,,,231,11110,9
15,,2021,,,2021,대보 마로니에시티,연지동,60,종로구,9,32,7,19.69,,,231,11110,6
16,,2019,,,2021,로얄파크뷰,연지동,"28,300",종로구,9,0,15,37.12,,,238-5,11110,6
17,,2021,,,2021,대보 마로니에시티,연지동,"4,920",종로구,9,16,23,25.07,,,231,11110,8
18,,2021,신규,21.09~23.09,2021,(255-1),창신동,"19,500",종로구,9,0,11,15.59,,,255-1,11110,9
19,,2014,신규,21.09~22.08,2021,숭인한양LEEPS,숭인동,"1,000",종로구,9,50,1,17.07,,,1421-2,11110,15
20,,2005,신규,21.10~22.10,2021,동양파라빌,숭인동,"1,000",종로구,9,55,2,27.09,,,1388,11110,3
21,,2020,신규,21.10~23.10,2021,블루카운티 숭인Ⅰ,숭인동,"23,000",종로구,9,0,3,26.97,,,217-16,11110,3
22,,2020,신규,21.09~22.09,2021,블루카운티 숭인Ⅰ,숭인동,"3,000",종로구,9,80,4,29.88,,,217-16,11110,9
23,,2020,신규,21.09~23.09,2021,(317-29),숭인동,"2,500",종로구,9,50,4,17.17,,,317-29,11110,4
24,,2020,신규,21.09~23.09,2021,헤스티아,숭인동,"14,000",종로구,9,0,4,14.9,,,317-48,11110,10
25,,2013,신규,21.09~22.09,2021,(1392),숭인동,"5,000",종로구,9,32,5,20.18,,,1392,11110,4
26,,2004,신규,21.09~22.09,2021,롯데캐슬 천지인,숭인동,"1,000",종로구,9,80,6,39.6,,,76,11110,3
27,,2014,신규,21.10~23.09,2021,디세븐,숭인동,"12,500",종로구,9,0,6,16.04,,,313-12,11110,15
28,,2005,,,2021,경일오피스텔,숭인동,"2,000",종로구,9,38,7,18.82,,,1367,11110,8
29,,2020,신규,21.09~25.09,2021,헤스티아,숭인동,"5,000",종로구,9,35,7,15.47,,,317-48,11110,7
30,,2013,신규,21.09~22.09,2021,종로 동광모닝스카이,숭인동,500,종로구,9,52,8,19.95,,,1421-1,11110,2
31,,2016,신규,21.09~22.09,2021,아이비씨 호텔 앤 오피스텔,숭인동,"3,000",종로구,9,50,12,21.59,,,1396,11110,6
32,,2005,신규,21.09~22.09,2021,동양파라빌,숭인동,"2,000",종로구,9,50,14,27.09,,,1388,11110,4
33,,2020,,21.10~23.10,2021,(317-29),숭인동,"25,000",종로구,9,0,15,24.47,,,317-29,11110,3
34,,2019,,,2021,케이디오피스텔,숭인동,"2,000",종로구,9,55,18,18.18,,,217-26,11110,5
35,,2020,신규,21.10~23.10,2021,블루카운티 숭인Ⅰ,숭인동,"24,500",종로구,9,0,23,26.97,,,217-16,11110,7
36,,2004,신규,21.10~22.10,2021,롯데캐슬 천지인,숭인동,"1,000",종로구,9,80,24,39.6,,,76,11110,10
37,,2020,,21.09~22.09,2021,헤스티아,숭인동,"1,000",종로구,9,55,24,15.47,,,317-48,11110,13
38,,2004,신규,21.09~22.09,2021,종로대우디오빌,숭인동,"1,000",종로구,9,60,25,30.17,,,310,11110,6
39,,2013,신규,21.10~23.10,2021,그레이스탑,숭인동,"9,000",종로구,9,0,27,23.01,,,178-94,11110,3
40,,2005,신규,21.09~22.09,2021,경일오피스텔,숭인동,"2,000",종로구,9,48,27,23.04,,,1367,11110,14
41,,2005,신규,,2021,동양파라빌,숭인동,"1,000",종로구,9,50,30,24.93,,,1388,11110,12
42,사용,2017,갱신,21.10~22.10,2021,경희궁자이,교북동,"2,000",종로구,9,83,9,25.91,"2,000",79,126,11110,2
43,,2017,신규,21.09~23.09,2021,경희궁자이,교북동,"30,000",종로구,9,0,16,25.91,,,126,11110,2
0,사용,1998,갱신,21.10~23.10,2021,파크뷰타워,필운동,"13,650",종로구,10,0,20,21.85,"13,000",,285-5,11110,3
1,,2004,신규,21.10~22.10,2021,광화문시대,내수동,"7,000",종로구,10,70,5,40.26,,,74,11110,4
2,사용,2004,갱신,,2021,용비어천가,내수동,"1,000",종로구,10,90,5,37.12,"1,000",90,75,11110,8
3,,2004,신규,21.10~23.10,2021,경희궁의 아침 3단지,내수동,"23,000",종로구,10,0,7,37.5,,,72,11110,15
4,,2004,신규,21.11~22.11,2021,광화문시대,내수동,"20,000",종로구,10,0,9,31.75,,,74,11110,10
5,,2004,신규,21.12~23.12,2021,용비어천가,내수동,"1,000",종로구,10,79,12,30.76,,,75,11110,8
6,,2004,신규,21.10~22.05,2021,용비어천가,내수동,"1,500",종로구,10,160,18,45.89,,,75,11110,15
7,,2004,신규,21.10~22.10,2021,경희궁의 아침 2단지,내수동,"1,000",종로구,10,85,18,32.43,,,71,11110,15
8,,2004,신규,21.12~23.12,2021,용비어천가,내수동,"30,000",종로구,10,0,20,50.32,,,75,11110,10
9,사용,2004,갱신,21.10~23.10,2021,광화문시대,내수동,"24,150",종로구,10,0,25,34.9,"23,000",,74,11110,8
10,,2004,신규,21.10~22.10,2021,BIZ-WELL 종로 오피스텔,익선동,500,종로구,10,50,22,17.2,,,34,11110,8
11,사용,2020,갱신,21.11~22.11,2021,종로 하이뷰 디아트,관수동,"3,000",종로구,10,53,1,18.16,"3,000",50,98-1,11110,4
12,,2020,신규,21.11~23.11,2021,종로 하이뷰 디아트,관수동,"3,700",종로구,10,63,15,19.8,,,98-1,11110,6
13,,2021,신규,21.11~23.11,2021,루비온오피스텔,인의동,"19,000",종로구,10,0,11,18.2,,,28-26,11110,5
14,,2021,신규,21.11~22.11,2021,루비온오피스텔,인의동,"3,000",종로구,10,70,12,18.2,,,28-26,11110,14
15,,2021,신규,21.11~23.11,2021,루비온오피스텔,인의동,"19,000",종로구,10,0,18,18.2,,,28-26,11110,8
16,,2021,신규,21.11~23.11,2021,루비온오피스텔,인의동,"18,000",종로구,10,0,23,18.2,,,28-26,11110,4
17,,2021,신규,21.10~23.10,2021,루비온오피스텔,인의동,"18,000",종로구,10,0,26,18.2,,,28-26,11110,10
18,,2021,신규,21.10~22.10,2021,루비온오피스텔,인의동,"18,500",종로구,10,0,30,18.2,,,28-26,11110,6
19,,2015,신규,21.10~22.10,2021,아르젠종로,연지동,"1,000",종로구,10,60,22,15.83,,,163-3,11110,5
20,,2017,,21.10~22.10,2021,포레스트힐시티,효제동,"1,000",종로구,10,70,7,23.24,,,65-2,11110,6
21,,2019,,21.10~23.10,2021,BS타워,효제동,"20,000",종로구,10,0,14,19.83,,,193-1,11110,6
22,,2003,신규,21.10~23.10,2021,세레피아텔,연건동,"15,000",종로구,10,0,20,27.92,,,317,11110,7
23,,2013,신규,21.11~23.11,2021,버넷하임1,숭인동,"13,000",종로구,10,0,1,24.65,,,1421,11110,5
24,,2020,,,2021,블루카운티 숭인Ⅰ,숭인동,"23,000",종로구,10,0,2,27.18,,,217-16,11110,4
25,,2014,신규,21.11~23.11,2021,숭인한양LEEPS,숭인동,"11,860",종로구,10,0,5,17.07,,,1421-2,11110,16
26,,2005,신규,21.10~22.10,2021,동양파라빌,숭인동,500,종로구,10,60,5,27.09,,,1388,11110,7
27,,2020,신규,21.10~23.10,2021,우영빌딩,숭인동,"1,000",종로구,10,100,6,44.73,,,72-83,11110,5
28,,2016,신규,21.11~22.11,2021,아이비씨 호텔 앤 오피스텔,숭인동,"1,000",종로구,10,60,6,21.62,,,1396,11110,8
29,,2013,,,2021,그레이스탑,숭인동,"6,000",종로구,10,25,6,20.16,,,178-94,11110,4
30,,2014,신규,21.10~23.10,2021,삼전솔하임4차,숭인동,"11,000",종로구,10,0,6,19.17,,,318-2,11110,2
31,,2004,신규,21.10~22.10,2021,롯데캐슬 천지인,숭인동,"2,000",종로구,10,130,7,67.96,,,76,11110,9
32,,2005,신규,21.10~22.10,2021,경일오피스텔,숭인동,"3,000",종로구,10,35,8,18.82,,,1367,11110,11
33,,2005,신규,21.10~22.10,2021,동양파라빌,숭인동,"1,000",종로구,10,55,9,24.93,,,1388,11110,12
34,,2013,신규,21.10~23.10,2021,그레이스탑,숭인동,"8,000",종로구,10,15,9,23.01,,,178-94,11110,3
35,,2016,신규,21.10~22.10,2021,아이비씨 호텔 앤 오피스텔,숭인동,"1,000",종로구,10,60,9,21.36,,,1396,11110,9
36,,2020,신규,21.10~23.10,2021,헤스티아,숭인동,"3,000",종로구,10,40,11,15.47,,,317-48,11110,5
37,,2005,신규,21.11~22.11,2021,경일오피스텔,숭인동,"3,000",종로구,10,40,11,22.42,,,1367,11110,5
38,,2005,신규,21.11~22.11,2021,동양파라빌,숭인동,"1,000",종로구,10,60,11,27.09,,,1388,11110,11
39,,2004,,,2021,롯데캐슬 천지인,숭인동,"1,000",종로구,10,80,11,39.6,,,76,11110,12
40,,2013,신규,21.10~22.10,2021,(1392),숭인동,500,종로구,10,55,12,19.84,,,1392,11110,7
41,,2005,신규,21.11~22.11,2021,동양파라빌,숭인동,"1,000",종로구,10,60,13,27.09,,,1388,11110,4
42,,2005,신규,21.10~22.10,2021,동양파라빌,숭인동,"5,000",종로구,10,40,13,27.09,,,1388,11110,14
43,,2013,신규,21.10~22.10,2021,(1392),숭인동,500,종로구,10,55,13,20.18,,,1392,11110,5
44,,2005,신규,21.10~22.10,2021,엘리시앙오피스텔,숭인동,"2,000",종로구,10,35,15,20.64,,,200-33,11110,12
45,,2020,신규,21.11~22.10,2021,블루카운티 숭인Ⅰ,숭인동,"1,000",종로구,10,77,16,26.73,,,217-16,11110,7
46,,2004,신규,21.12~22.12,2021,종로대우디오빌,숭인동,"7,000",종로구,10,45,18,36.87,,,310,11110,8
47,,2020,신규,21.11~23.11,2021,(317-29),숭인동,"25,000",종로구,10,0,18,24.47,,,317-29,11110,2
48,,2021,신규,21.12~22.12,2021,숭인한성아펠시티,숭인동,"1,000",종로구,10,85,19,20.51,,,1368,11110,11
49,,2020,,,2021,(317-29),숭인동,"3,350",종로구,10,11,20,18.74,,,317-29,11110,9
50,,2004,신규,21.12~22.12,2021,종로대우디오빌,숭인동,500,종로구,10,65,20,28.89,,,310,11110,13
51,,2013,신규,21.11~22.11,2021,(1392),숭인동,"3,000",종로구,10,45,20,20.18,,,1392,11110,4
52,,2021,신규,21.11~23.11,2021,숭인한성아펠시티,숭인동,"5,000",종로구,10,70,20,22.28,,,1368,11110,12
53,,2021,신규,21.11~23.11,2021,숭인한성아펠시티,숭인동,"1,000",종로구,10,90,21,21.45,,,1368,11110,9
54,,2016,,,2021,아폴리움 오피스텔,숭인동,"13,500",종로구,10,0,22,15.2,,,201-7,11110,13
55,,2013,신규,21.11~22.11,2021,종로 아인스빌,숭인동,"1,000",종로구,10,50,26,17.88,,,1392-1,11110,9
56,,2013,신규,21.11~22.11,2021,종로 동광모닝스카이,숭인동,500,종로구,10,55,26,19.95,,,1421-1,11110,5
57,,2005,신규,21.11~22.11,2021,경일오피스텔,숭인동,"1,000",종로구,10,52,29,25.68,,,1367,11110,6
58,,2020,,,2021,블루카운티 숭인Ⅰ,숭인동,"4,000",종로구,10,100,29,37.88,,,217-16,11110,6
59,,2013,신규,21.11~22.11,2021,종로 아인스빌,숭인동,"3,000",종로구,10,42,30,17.88,,,1392-1,11110,6
60,,2004,신규,21.12~23.12,2021,종로대우디오빌,숭인동,"17,000",종로구,10,0,30,36.87,,,310,11110,14
61,,2005,신규,21.11~22.11,2021,동양파라빌,숭인동,"2,000",종로구,10,50,30,27.09,,,1388,11110,6
62,,2012,신규,21.10~22.10,2021,삼전솔하임2차,숭인동,"1,000",종로구,10,50,30,19.18,,,296-19,11110,2
63,,2013,갱신,21.12~23.12,2021,종로 아인스빌,숭인동,"12,000",종로구,10,0,30,17.88,"12,000",,1392-1,11110,7
64,사용,2017,갱신,21.11~22.11,2021,경희궁자이,교북동,"1,000",종로구,10,77,6,25.66,"1,000",74,126,11110,5
65,사용,2017,갱신,21.10~22.10,2021,경희궁자이,교북동,"1,000",종로구,10,88,19,25.91,"1,000",84,126,11110,5
66,,2017,신규,21.10~22.10,2021,경희궁자이,교북동,"1,000",종로구,10,84,20,27.62,,,126,11110,5
67,,2017,신규,21.12~22.12,2021,경희궁자이,교북동,"1,000",종로구,10,95,29,25.66,,,126,11110,4
68,,2005,신규,21.10~23.10,2021,세검정아트오피스텔,홍지동,"2,000",종로구,10,90,18,63.81,,,104-21,11110,4
0,,1998,신규,21.12~22.11,2021,파크뷰타워,필운동,"1,000",종로구,11,60,8,25.86,,,285-5,11110,6
1,,1998,신규,21.11~22.11,2021,파크뷰타워,필운동,700,종로구,11,50,9,23.24,,,285-5,11110,4
2,,1998,신규,21.12~22.12,2021,파크뷰타워,필운동,"1,000",종로구,11,55,13,21.85,,,285-5,11110,7
3,,2004,신규,21.12~23.12,2021,경희궁의 아침 3단지,내수동,"27,000",종로구,11,0,6,37.5,,,72,11110,12
4,,2004,신규,21.11~23.11,2021,경희궁의 아침 3단지,내수동,"25,000",종로구,11,0,10,37.5,,,72,11110,15
5,,2004,신규,22.01~24.01,2021,용비어천가,내수동,"26,000",종로구,11,0,10,41.34,,,75,11110,5
6,,2004,갱신,21.11~23.11,2021,경희궁의 아침 2단지,내수동,"34,100",종로구,11,0,15,46.84,"32,500",,71,11110,13
7,,2004,,,2021,용비어천가,내수동,"1,000",종로구,11,90,17,37.56,,,75,11110,4
8,,2004,신규,21.12~22.12,2021,용비어천가,내수동,"2,000",종로구,11,150,19,58.92,,,75,11110,3
9,,2004,신규,21.12~22.11,2021,경희궁의 아침 2단지,내수동,"1,000",종로구,11,70,20,25.51,,,71,11110,15
10,,2004,신규,21.12~22.12,2021,경희궁의 아침 2단지,내수동,"1,000",종로구,11,73,23,25.51,,,71,11110,11
11,,2004,갱신,21.12~22.06,2021,경희궁의 아침 2단지,내수동,"24,000",종로구,11,0,24,32.43,"23,000",,71,11110,8
12,,2004,신규,22.01~23.01,2021,용비어천가,내수동,"5,000",종로구,11,80,26,41.34,,,75,11110,6
13,,2004,신규,21.12~22.12,2021,경희궁의 아침 2단지,내수동,"10,000",종로구,11,50,26,28.9,,,71,11110,15
14,,2004,신규,21.12~22.12,2021,용비어천가,내수동,"1,000",종로구,11,80,27,30.36,,,75,11110,7
15,,2020,신규,21.12~22.12,2021,디팰리스,신문로2가,"30,000",종로구,11,100,3,41.66,,,171,11110,3
16,,2004,,,2021,두산위브파빌리온,수송동,"1,000",종로구,11,90,30,37.42,,,58,11110,3
17,,2007,신규,22.02~23.02,2021,르메이에르종로타운1,종로1가,"1,000",종로구,11,100,22,36.23,,,24,11110,18
18,,2005,갱신,21.11~22.11,2021,운현궁 에스케이 허브,경운동,"1,000",종로구,11,95,4,42.38,"1,000",95,89-4,11110,5
19,,2021,,,2021,루비온오피스텔,인의동,"1,000",종로구,11,80,8,18.2,,,28-26,11110,12
20,,2021,,,2021,루비온오피스텔,인의동,"3,000",종로구,11,70,8,18.2,,,28-26,11110,11
21,,2021,신규,21.11~22.11,2021,루비온오피스텔,인의동,"1,000",종로구,11,75,10,18.2,,,28-26,11110,8
22,,2021,신규,21.11~22.11,2021,루비온오피스텔,인의동,"3,000",종로구,11,70,13,18.2,,,28-26,11110,10
23,,2021,신규,21.11~22.11,2021,루비온오피스텔,인의동,"1,000",종로구,11,80,15,18.2,,,28-26,11110,14
24,,2021,,,2021,루비온오피스텔,인의동,"19,500",종로구,11,0,15,18.2,,,28-26,11110,14
25,,2021,신규,21.12~23.12,2021,루비온오피스텔,인의동,"22,000",종로구,11,0,21,18.2,,,28-26,11110,12
26,,2021,신규,21.12~22.12,2021,루비온오피스텔,인의동,"5,000",종로구,11,45,26,18.2,,,28-26,11110,11
27,,2021,,,2021,루비온오피스텔,인의동,"18,000",종로구,11,0,27,18.2,,,28-26,11110,2
28,,2021,신규,22.01~24.01,2021,루비온오피스텔,인의동,"18,000",종로구,11,0,28,18.2,,,28-26,11110,4
29,,2003,신규,21.12~24.02,2021,코윈 팔레스뷰 오피스텔,원남동,"22,000",종로구,11,0,19,32.8,,,95,11110,4
30,,2020,,,2021,센트럴시티대학로,효제동,"4,000",종로구,11,55,20,17.28,,,167,11110,7
31,,2020,,,2021,센트럴시티대학로,효제동,"3,500",종로구,11,50,27,17.28,,,167,11110,8
32,,2001,신규,22.01~24.01,2021,대보마로니에텔,연건동,100,종로구,11,65,20,26.52,,,206,11110,10
33,,2001,신규,22.01~24.01,2021,대보마로니에텔,연건동,100,종로구,11,65,20,26.52,,,206,11110,10
34,,2021,신규,21.12~22.10,2021,숭인한성아펠시티,숭인동,"5,000",종로구,11,77,1,22.28,,,1368,11110,14
35,,2021,신규,21.11~23.11,2021,숭인한성아펠시티,숭인동,"25,000",종로구,11,0,3,22.28,,,1368,11110,6
36,,2021,신규,21.11~22.11,2021,숭인한성아펠시티,숭인동,"1,000",종로구,11,85,3,22.28,,,1368,11110,16
37,,2004,신규,21.12~23.12,2021,종로대우디오빌,숭인동,"16,000",종로구,11,0,4,29.65,,,310,11110,4
38,,2021,신규,21.11~23.11,2021,숭인한성아펠시티,숭인동,"27,000",종로구,11,0,4,22.28,,,1368,11110,7
39,,2013,신규,21.11~22.11,2021,(1392),숭인동,"3,000",종로구,11,38,5,18.64,,,1392,11110,8
40,,2004,신규,21.12~22.12,2021,롯데캐슬 천지인,숭인동,"1,000",종로구,11,80,5,39.6,,,76,11110,14
41,,2004,신규,,2021,롯데캐슬 천지인,숭인동,"1,000",종로구,11,75,5,39.6,,,76,11110,16
42,,2004,신규,21.12~22.12,2021,롯데캐슬 천지인,숭인동,"1,000",종로구,11,80,5,39.6,,,76,11110,5
43,,2005,신규,21.11~22.11,2021,동양파라빌,숭인동,"1,000",종로구,11,60,6,27.09,,,1388,11110,12
44,,2004,신규,21.11~22.11,2021,롯데캐슬 천지인,숭인동,"1,000",종로구,11,75,6,39.6,,,76,11110,2
45,,2021,,,2021,숭인한성아펠시티,숭인동,"10,000",종로구,11,55,6,20.51,,,1368,11110,9
46,,2021,신규,21.12~23.11,2021,숭인한성아펠시티,숭인동,"27,000",종로구,11,0,6,20.51,,,1368,11110,11
47,,2005,신규,21.12~22.12,2021,동양파라빌,숭인동,"2,000",종로구,11,50,6,27.09,,,1388,11110,6
48,,2013,신규,21.12~22.12,2021,종로 동광모닝스카이,숭인동,"2,000",종로구,11,47,9,19.95,,,1421-1,11110,5
49,,2021,신규,21.12~23.12,2021,숭인한성아펠시티,숭인동,"23,000",종로구,11,14,9,22.28,,,1368,11110,9
50,,2013,신규,21.12~22.12,2021,(1392),숭인동,"12,000",종로구,11,0,10,20.18,,,1392,11110,3
51,,2004,신규,21.11~22.11,2021,종로대우디오빌,숭인동,"1,000",종로구,11,65,10,29.65,,,310,11110,4
52,,2021,신규,21.11~23.11,2021,숭인한성아펠시티,숭인동,"12,000",종로구,11,50,10,21.45,,,1368,11110,6
53,,2013,신규,21.12~23.12,2021,종로 아인스빌,숭인동,"3,000",종로구,11,40,11,17.88,,,1392-1,11110,5
54,사용,2017,갱신,21.11~23.11,2021,블루빌,숭인동,"24,000",종로구,11,0,13,44.74,"23,000",,243,11110,2
55,,2014,신규,21.12~22.12,2021,숭인한양LEEPS,숭인동,"1,000",종로구,11,50,13,17.07,,,1421-2,11110,17
56,,2020,신규,21.11~23.11,2021,블루카운티 숭인Ⅰ,숭인동,"23,000",종로구,11,0,13,27.18,,,217-16,11110,6
57,,2020,신규,21.12~23.12,2021,블루카운티 숭인Ⅰ,숭인동,"23,000",종로구,11,0,13,27.18,,,217-16,11110,3
58,,2021,신규,21.12~22.12,2021,숭인한성아펠시티,숭인동,"2,000",종로구,11,85,14,20.51,,,1368,11110,12
59,,2004,신규,21.11~22.11,2021,종로대우디오빌,숭인동,500,종로구,11,70,15,29.65,,,310,11110,11
60,,2013,신규,21.11~22.11,2021,(1392),숭인동,"1,000",종로구,11,49,17,18.64,,,1392,11110,8
61,,2021,신규,21.12~23.01,2021,숭인한성아펠시티,숭인동,"18,000",종로구,11,30,17,21.45,,,1368,11110,12
62,,2005,신규,21.12~22.12,2021,동양파라빌,숭인동,500,종로구,11,60,18,27.09,,,1388,11110,9
63,,2021,,,2021,숭인한성아펠시티,숭인동,"12,000",종로구,11,53,18,20.51,,,1368,11110,11
64,,2020,신규,21.12~22.12,2021,블루카운티 숭인Ⅰ,숭인동,"24,000",종로구,11,0,18,26.97,,,217-16,11110,3
65,,2013,신규,21.11~22.11,2021,종로 동광모닝스카이,숭인동,500,종로구,11,55,18,19.95,,,1421-1,11110,8
66,,2021,,,2021,숭인한성아펠시티,숭인동,"16,000",종로구,11,50,19,20.51,,,1368,11110,15
67,,2005,신규,21.12~22.12,2021,경일오피스텔,숭인동,"1,000",종로구,11,45,19,18.82,,,1367,11110,6
68,,2021,신규,21.12~23.12,2021,숭인한성아펠시티,숭인동,"24,000",종로구,11,0,20,21.45,,,1368,11110,12
69,,2021,,,2021,숭인한성아펠시티,숭인동,"25,000",종로구,11,0,20,22.28,,,1368,11110,4
70,,2005,신규,21.12~22.12,2021,동양파라빌,숭인동,500,종로구,11,58,22,24.93,,,1388,11110,3
71,,2020,신규,21.12~23.12,2021,헤스티아,숭인동,"12,000",종로구,11,0,22,13.12,,,317-48,11110,17
72,,2021,신규,21.12~23.03,2021,숭인한성아펠시티,숭인동,"20,000",종로구,11,27,22,21.45,,,1368,11110,17
73,,2021,신규,21.12~23.12,2021,숭인한성아펠시티,숭인동,"26,000",종로구,11,0,23,22.28,,,1368,11110,5
74,,2016,신규,21.12~23.12,2021,아폴리움 오피스텔,숭인동,"12,000",종로구,11,0,24,16.31,,,201-7,11110,9
75,,2021,신규,21.12~23.12,2021,숭인한성아펠시티,숭인동,"15,000",종로구,11,30,24,20.51,,,1368,11110,16
76,,2021,신규,21.12~24.12,2021,숭인한성아펠시티,숭인동,"16,000",종로구,11,35,24,21.45,,,1368,11110,13
77,,2004,신규,21.12~22.12,2021,종로대우디오빌,숭인동,"1,000",종로구,11,63,25,30.17,,,310,11110,15
78,,2004,신규,21.12~22.12,2021,종로대우디오빌,숭인동,"1,000",종로구,11,65,25,29.65,,,310,11110,15
79,,2014,신규,21.11~22.11,2021,삼전솔하임4차,숭인동,500,종로구,11,55,25,19.17,,,318-2,11110,2
80,,2021,신규,21.12~23.12,2021,숭인한성아펠시티,숭인동,"27,000",종로구,11,0,26,22.92,,,1368,11110,10
81,,2013,신규,22.01~23.01,2021,(1392),숭인동,500,종로구,11,55,26,20.18,,,1392,11110,5
82,,2021,신규,21.12~23.12,2021,숭인한성아펠시티,숭인동,"23,000",종로구,11,0,27,21.45,,,1368,11110,10
83,,2021,신규,21.12~23.12,2021,숭인한성아펠시티,숭인동,"10,000",종로구,11,60,27,21.45,,,1368,11110,6
84,,2005,신규,22.01~23.01,2021,동양파라빌,숭인동,"1,000",종로구,11,50,27,24.93,,,1388,11110,7
85,,2021,신규,21.12~23.12,2021,숭인한성아펠시티,숭인동,"25,000",종로구,11,0,29,22.92,,,1368,11110,5
86,,2003,,,2021,(317-35),숭인동,"4,500",종로구,11,0,29,13.86,,,317-35,11110,2
87,,2020,신규,21.12~22.12,2021,(317-29),숭인동,"1,000",종로구,11,70,29,19.96,,,317-29,11110,10
88,,2005,신규,21.12~22.12,2021,동양파라빌,숭인동,500,종로구,11,57,30,24.93,,,1388,11110,9
89,,2017,,,2021,경희궁자이,교북동,"24,150",종로구,11,0,6,25.91,,,126,11110,2
90,사용,2017,갱신,21.12~22.12,2021,경희궁자이,교북동,"1,000",종로구,11,93,30,25.91,"1,000",90,126,11110,5
91,,2002,,,2021,캐피탈오피스텔,부암동,"10,000",종로구,11,30,3,49.05,,,154-2,11110,5
92,,2002,신규,21.11~23.11,2021,캐피탈오피스텔,부암동,"10,000",종로구,11,50,3,49.05,,,154-2,11110,5
93,,2002,갱신,,2021,타임730오피스텔,부암동,"1,000",종로구,11,55,5,31.27,"1,000",50,129-8,11110,6
94,,2005,갱신,21.11~23.11,2021,세검정아트오피스텔,홍지동,"12,600",종로구,11,0,25,40.8,"12,000",,104-21,11110,4
0,,2008,신규,22.01~24.01,2021,광화문 풍림스페이스본,사직동,"1,000",종로구,12,110,1,39.54,,,9,11110,6
1,,2004,신규,21.12~22.12,2021,용비어천가,내수동,"1,000",종로구,12,95,1,37.56,,,75,11110,15
2,,2004,신규,22.02~23.02,2021,경희궁의 아침 2단지,내수동,"1,000",종로구,12,80,4,29.41,,,71,11110,15
3,,2004,신규,21.12~22.12,2021,경희궁의 아침 4단지,내수동,"1,000",종로구,12,75,6,28.24,,,73,11110,10
4,,2004,신규,22.01~23.01,2021,광화문시대,내수동,"1,000",종로구,12,85,6,31.75,,,74,11110,5
5,,2004,신규,22.01~23.01,2021,용비어천가,내수동,"1,000",종로구,12,90,7,37.56,,,75,11110,14
6,,2004,신규,21.12~22.12,2021,광화문시대,내수동,"9,000",종로구,12,55,7,32.01,,,74,11110,4
7,,2004,신규,22.01~23.01,2021,용비어천가,내수동,"1,000",종로구,12,90,8,37.56,,,75,11110,14
8,,2004,갱신,21.12~22.12,2021,경희궁의 아침 4단지,내수동,"1,000",종로구,12,105,8,41.74,"1,000",100,73,11110,12
9,,2004,신규,22.01~23.01,2021,광화문시대,내수동,"1,000",종로구,12,85,8,34.9,,,74,11110,9
10,사용,2004,갱신,21.12~23.12,2021,경희궁의 아침 2단지,내수동,"25,200",종로구,12,0,12,32.43,"24,000",,71,11110,11
11,,2004,신규,22.02~24.02,2021,용비어천가,내수동,"23,000",종로구,12,0,13,33,,,75,11110,13
12,,2004,신규,22.01~23.01,2021,경희궁의 아침 2단지,내수동,"1,000",종로구,12,85,13,32.43,,,71,11110,5
13,,2004,신규,22.02~23.02,2021,광화문시대,내수동,"23,000",종로구,12,0,22,32.01,,,74,11110,8
14,,2004,,,2021,경희궁의 아침 4단지,내수동,"10,000",종로구,12,0,23,28.24,,,73,11110,15
15,,2004,신규,21.12~22.12,2021,경희궁의 아침 4단지,내수동,"10,000",종로구,12,50,23,28.24,,,73,11110,15
16,,2004,신규,22.01~23.01,2021,용비어천가,내수동,"1,000",종로구,12,130,29,45.89,,,75,11110,9
17,,2020,신규,22.02~24.02,2021,디팰리스,신문로2가,"250,000",종로구,12,0,27,128.81,,,171,11110,8
18,,2004,신규,22.01~23.01,2021,두산위브파빌리온,수송동,"2,000",종로구,12,120,2,53.16,,,58,11110,8
19,,2008,신규,22.01~23.01,2021,종로1가 대성스카이렉스,견지동,"10,000",종로구,12,60,6,32.76,,,110,11110,7
20,,2005,,,2021,운현궁 에스케이 허브,경운동,"1,000",종로구,12,75,8,23.66,,,89-4,11110,8
21,,2004,신규,22.01~24.01,2021,나스빌,낙원동,"20,000",종로구,12,0,21,28.58,,,212,11110,5
22,,2020,신규,22.01~24.01,2021,종로 하이뷰 디아트,관수동,"1,000",종로구,12,74,4,18.16,,,98-1,11110,8
23,,2021,신규,21.12~22.12,2021,루비온오피스텔,인의동,"2,000",종로구,12,75,4,18.2,,,28-26,11110,7
24,,2021,신규,22.01~23.07,2021,루비온오피스텔,인의동,"19,000",종로구,12,0,10,18.2,,,28-26,11110,6
25,,2021,신규,22.01~24.01,2021,루비온오피스텔,인의동,"18,000",종로구,12,0,11,18.2,,,28-26,11110,3
26,,2021,신규,22.01~24.01,2021,루비온오피스텔,인의동,"21,000",종로구,12,0,11,18.2,,,28-26,11110,10
27,,2021,신규,21.12~23.12,2021,루비온오피스텔,인의동,"22,000",종로구,12,0,13,18.2,,,28-26,11110,11
28,,2021,,,2021,루비온오피스텔,인의동,"20,000",종로구,12,0,16,18.2,,,28-26,11110,12
29,,2021,신규,22.01~24.01,2021,루비온오피스텔,인의동,"20,000",종로구,12,0,18,18.2,,,28-26,11110,10
30,,2003,신규,22.01~24.01,2021,코윈 팔레스뷰 오피스텔,원남동,"1,000",종로구,12,60,21,24.03,,,95,11110,6
31,,2003,신규,22.02~24.02,2021,코윈 팔레스뷰 오피스텔,원남동,"14,700",종로구,12,0,21,21.01,,,95,11110,3
32,,2020,신규,21.12~22.12,2021,센트럴시티대학로,효제동,"1,000",종로구,12,67,4,17.28,,,167,11110,6
33,,2020,신규,21.12~22.12,2021,센트럴시티대학로,효제동,"1,000",종로구,12,70,4,17.57,,,167,11110,9
34,,2020,신규,22.01~23.01,2021,센트럴시티대학로,효제동,"2,000",종로구,12,60,16,17.28,,,167,11110,9
35,,2020,갱신,21.12~23.06,2021,센트럴시티대학로,효제동,"3,000",종로구,12,60,21,17.57,"3,500",45,167,11110,7
36,,2020,,,2021,센트럴시티대학로,효제동,"1,500",종로구,12,63,29,17.28,,,167,11110,2
37,,2020,신규,22.01~22.12,2021,센트럴시티대학로,효제동,"1,000",종로구,12,75,31,17.28,,,167,11110,11
38,,2003,신규,21.12~23.12,2021,세레피아텔,연건동,"10,000",종로구,12,0,27,27.92,,,317,11110,2
39,,2021,,,2021,(255-1),창신동,"27,500",종로구,12,0,16,19.37,,,255-1,11110,10
40,,2021,신규,21.12~23.12,2021,(255-1),창신동,"23,800",종로구,12,0,21,17.8,,,255-1,11110,6
41,,2021,신규,21.12~23.12,2021,숭인한성아펠시티,숭인동,"27,000",종로구,12,0,1,22.28,,,1368,11110,14
42,,2021,신규,21.12~22.12,2021,숭인한성아펠시티,숭인동,"1,000",종로구,12,85,2,21.45,,,1368,11110,4
43,,2005,신규,21.12~22.12,2021,경일오피스텔,숭인동,"1,000",종로구,12,48,2,20.14,,,1367,11110,3
44,,2013,신규,21.12~22.12,2021,(1392),숭인동,"5,000",종로구,12,35,3,20.18,,,1392,11110,4
45,,2013,갱신,21.12~23.12,2021,버넷하임1,숭인동,"13,000",종로구,12,0,3,24.77,"13,000",,1421,11110,5
46,,2005,신규,22.01~23.01,2021,동양파라빌,숭인동,"1,000",종로구,12,60,4,27.09,,,1388,11110,13
47,,2005,,,2021,경일오피스텔,숭인동,"3,000",종로구,12,35,4,18.82,,,1367,11110,7
48,사용,2013,갱신,22.01~24.01,2021,종로 동광모닝스카이,숭인동,"12,000",종로구,12,0,4,19.95,"12,000",,1421-1,11110,8
49,,2014,신규,21.12~22.12,2021,삼전솔하임4차,숭인동,500,종로구,12,55,6,19.17,,,318-2,11110,5
50,,,신규,21.12~23.12,2021,INSPIRE [케이디종합건설 (주)],숭인동,"13,300",종로구,12,0,6,12.57,,,298-9,11110,4
51,,2005,,22.01~23.01,2021,경일오피스텔,숭인동,"3,000",종로구,12,40,6,25.68,,,1367,11110,5
52,,2004,신규,22.01~24.01,2021,종로대우디오빌,숭인동,"16,500",종로구,12,0,7,29.65,,,310,11110,7
53,,2016,신규,22.01~24.01,2021,아폴리움 오피스텔,숭인동,"13,000",종로구,12,0,7,15.2,,,201-7,11110,6
54,,2005,신규,21.12~23.08,2021,엘리시앙오피스텔,숭인동,"1,000",종로구,12,55,8,30.36,,,200-33,11110,12
55,,2014,신규,22.01~23.01,2021,삼전솔하임4차,숭인동,"2,000",종로구,12,45,8,19.17,,,318-2,11110,3
56,,2014,신규,22.02~23.02,2021,삼전솔하임4차,숭인동,500,종로구,12,56,8,19.17,,,318-2,11110,2
57,,2021,,,2021,숭인한성아펠시티,숭인동,"27,000",종로구,12,0,9,22.28,,,1368,11110,10
58,,2020,신규,21.12~23.12,2021,블루카운티 숭인Ⅰ,숭인동,"23,000",종로구,12,0,9,26.73,,,217-16,11110,2
59,,2013,신규,21.12~23.12,2021,그레이스탑,숭인동,"1,000",종로구,12,50,10,20.16,,,178-94,11110,5
60,,2021,신규,21.12~23.12,2021,숭인한성아펠시티,숭인동,"24,000",종로구,12,0,10,21.45,,,1368,11110,9
61,,2016,신규,21.12~22.12,2021,아이비씨 호텔 앤 오피스텔,숭인동,"1,000",종로구,12,60,10,23.24,,,1396,11110,11
62,,2004,,,2021,롯데캐슬 천지인,숭인동,"22,000",종로구,12,0,11,39.6,,,76,11110,10
63,,2014,신규,21.12~22.12,2021,삼전솔하임4차,숭인동,"1,000",종로구,12,55,11,19.17,,,318-2,11110,5
64,,2005,신규,22.01~23.01,2021,동양파라빌,숭인동,"1,000",종로구,12,60,11,27.09,,,1388,11110,11
65,,2020,신규,21.12~23.12,2021,블루카운티 숭인Ⅰ,숭인동,"23,000",종로구,12,0,13,27.03,,,217-16,11110,4
66,,2005,신규,21.12~22.12,2021,엘리시앙오피스텔,숭인동,500,종로구,12,45,14,20.64,,,200-33,11110,6
67,,2020,,,2021,(317-29),숭인동,100,종로구,12,31,14,22.38,,,317-29,11110,6
68,,2014,신규,21.12~22.12,2021,숭인한양LEEPS,숭인동,"1,000",종로구,12,52,14,17.07,,,1421-2,11110,13
69,,2020,신규,22.01~24.01,2021,블루카운티 숭인Ⅰ,숭인동,"23,000",종로구,12,0,15,26.47,,,217-16,11110,2
70,,2020,신규,21.12~23.12,2021,블루카운티 숭인Ⅰ,숭인동,"23,000",종로구,12,0,15,27.18,,,217-16,11110,3
71,,2021,신규,22.01~24.01,2021,숭인한성아펠시티,숭인동,"25,000",종로구,12,0,15,20.51,,,1368,11110,14
72,,2021,신규,22.01~24.01,2021,숭인한성아펠시티,숭인동,"24,500",종로구,12,0,16,20.51,,,1368,11110,11
73,,2004,신규,22.02~23.02,2021,롯데캐슬 천지인,숭인동,"1,000",종로구,12,80,16,39.6,,,76,11110,19
74,,2020,신규,22.01~24.01,2021,(317-29),숭인동,"16,000",종로구,12,0,17,17.17,,,317-29,11110,5
75,,2016,신규,21.12~22.12,2021,아이비씨 호텔 앤 오피스텔,숭인동,"1,000",종로구,12,60,17,21.45,,,1396,11110,6
76,,2021,신규,22.01~24.01,2021,숭인한성아펠시티,숭인동,"24,000",종로구,12,0,17,22.28,,,1368,11110,6
77,,2020,신규,22.01~23.01,2021,(317-29),숭인동,"1,000",종로구,12,55,17,17.17,,,317-29,11110,7
78,,2005,신규,22.01~23.01,2021,동양파라빌,숭인동,"1,000",종로구,12,60,17,24.93,,,1388,11110,4
79,,2014,신규,22.01~24.01,2021,숭인한양LEEPS,숭인동,"13,800",종로구,12,0,17,17.07,,,1421-2,11110,17
80,,2019,신규,22.01~23.01,2021,케이디오피스텔,숭인동,"1,000",종로구,12,62,18,18.56,,,217-26,11110,3
81,,2021,신규,21.12~22.12,2021,숭인한성아펠시티,숭인동,"5,000",종로구,12,75,20,20.51,,,1368,11110,15
82,,2013,갱신,21.12~23.12,2021,종로 동광모닝스카이,숭인동,"9,300",종로구,12,5,20,19.95,"11,000",,1421-1,11110,2
83,,2022,,,2021,동대문 아이리스,숭인동,"16,900",종로구,12,0,20,19.67,,,317-58,11110,9
84,,2005,신규,22.01~23.01,2021,동양파라빌,숭인동,"1,000",종로구,12,60,20,27.09,,,1388,11110,14
85,,2021,신규,21.12~23.12,2021,숭인한성아펠시티,숭인동,"25,000",종로구,12,0,21,21.45,,,1368,11110,14
86,,2021,신규,22.01~24.01,2021,숭인한성아펠시티,숭인동,"22,500",종로구,12,0,21,20.51,,,1368,11110,3
87,,2021,신규,22.01~24.01,2021,숭인한성아펠시티,숭인동,"23,000",종로구,12,0,21,22.28,,,1368,11110,3
88,,2021,신규,22.01~24.01,2021,숭인한성아펠시티,숭인동,"26,000",종로구,12,0,21,21.45,,,1368,11110,16
89,,2021,신규,21.12~23.12,2021,숭인한성아펠시티,숭인동,"24,000",종로구,12,0,22,20.51,,,1368,11110,14
90,,2021,신규,22.01~24.01,2021,숭인한성아펠시티,숭인동,"22,000",종로구,12,0,22,20.51,,,1368,11110,15
91,,2013,신규,21.12~22.08,2021,종로 동광모닝스카이,숭인동,500,종로구,12,60,22,19.95,,,1421-1,11110,5
92,,2021,신규,22.01~24.01,2021,숭인한성아펠시티,숭인동,"25,000",종로구,12,0,22,21.45,,,1368,11110,8
93,,2016,신규,21.12~22.12,2021,아이비씨 호텔 앤 오피스텔,숭인동,"1,000",종로구,12,60,22,21.36,,,1396,11110,10
94,,2019,신규,22.01~23.01,2021,케이디오피스텔,숭인동,500,종로구,12,70,22,18.18,,,217-26,11110,6
95,,2020,신규,21.12~23.12,2021,블루카운티 숭인Ⅰ,숭인동,"23,000",종로구,12,0,23,27.03,,,217-16,11110,3
96,사용,2016,갱신,22.03~24.02,2021,아이비씨 호텔 앤 오피스텔,숭인동,"14,175",종로구,12,0,23,21.62,"13,500",,1396,11110,13
97,,2021,신규,22.01~24.01,2021,숭인한성아펠시티,숭인동,"25,000",종로구,12,0,23,21.45,,,1368,11110,16
98,,2013,,,2021,그레이스탑,숭인동,"5,000",종로구,12,30,27,20.16,,,178-94,11110,4
99,,2020,신규,22.01~23.01,2021,블루카운티 숭인Ⅰ,숭인동,"12,000",종로구,12,40,27,26.97,,,217-16,11110,8
100,,2013,신규,22.02~23.02,2021,종로 동광모닝스카이,숭인동,500,종로구,12,60,27,19.95,,,1421-1,11110,3
101,,2005,신규,22.01~23.01,2021,동양파라빌,숭인동,"2,000",종로구,12,48,29,24.93,,,1388,11110,5
102,,2005,신규,21.12~22.12,2021,경일오피스텔,숭인동,"3,000",종로구,12,50,29,27.49,,,1367,11110,6
103,,2021,신규,22.01~24.01,2021,숭인한성아펠시티,숭인동,"27,000",종로구,12,0,30,22.28,,,1368,11110,16
104,,2019,신규,22.02~23.02,2021,케이디오피스텔,숭인동,"2,000",종로구,12,58,30,18.56,,,217-26,11110,2
105,,2005,신규,22.01~23.01,2021,동양파라빌,숭인동,"7,000",종로구,12,30,31,27.09,,,1388,11110,4
106,,2017,신규,22.01~23.01,2021,경희궁자이,교북동,"3,000",종로구,12,90,19,25.91,,,126,11110,2
107,,2003,신규,21.12~23.12,2021,오피스텔 천지인,평창동,500,종로구,12,50,30,23.4,,,289-5,11110,3
108,,2002,신규,22.02~24.02,2021,타임730오피스텔,부암동,"2,000",종로구,12,50,7,31.27,,,129-8,11110,5
109,,2005,신규,21.12~23.12,2021,세검정아트오피스텔,홍지동,"20,000",종로구,12,0,3,63.81,,,104-21,11110,3
110,,2005,신규,22.01~24.01,2021,세검정아트오피스텔,홍지동,"15,000",종로구,12,0,26,48.45,,,104-21,11110,2
0,,1998,신규,22.01~24.01,2022,파크뷰타워,필운동,"14,000",종로구,1,0,4,25.65,,,285-5,11110,5
1,,1998,신규,22.02~24.02,2022,파크뷰타워,필운동,"12,000",종로구,1,0,21,24.3,,,285-5,11110,9
2,,2008,신규,22.02~23.02,2022,광화문 풍림스페이스본,사직동,"1,000",종로구,1,100,4,39.54,,,9,11110,10
3,,2008,신규,22.02~24.02,2022,광화문 풍림스페이스본,사직동,"36,500",종로구,1,0,18,39.54,,,9,11110,6
4,,2008,신규,22.03~23.03,2022,광화문 풍림스페이스본,사직동,"10,000",종로구,1,63,21,39.54,,,9,11110,5
5,,2004,신규,22.02~23.02,2022,용비어천가,내수동,"1,000",종로구,1,90,4,37.12,,,75,11110,11
6,사용,2004,갱신,22.02~24.01,2022,용비어천가,내수동,"6,000",종로구,1,70,6,37.56,"6,000",70,75,11110,4
7,,2004,신규,22.03~23.03,2022,용비어천가,내수동,"10,000",종로구,1,55,6,34.45,,,75,11110,14
8,,2004,신규,22.02~23.02,2022,광화문시대,내수동,"1,000",종로구,1,80,7,32.01,,,74,11110,11
9,,2004,신규,22.03~24.03,2022,용비어천가,내수동,"23,000",종로구,1,0,14,33,,,75,11110,5
10,,2004,신규,22.01~24.01,2022,광화문시대,내수동,"45,000",종로구,1,30,15,71.85,,,74,11110,16
11,,2004,신규,22.02~23.02,2022,용비어천가,내수동,"1,000",종로구,1,95,15,37.56,,,75,11110,14
12,,2004,신규,22.02~23.02,2022,광화문시대,내수동,"23,000",종로구,1,0,22,32.01,,,74,11110,2
13,,2004,갱신,22.03~23.03,2022,용비어천가,내수동,"26,000",종로구,1,0,25,34.45,"26,000",,75,11110,15
14,,2004,신규,22.02~24.02,2022,용비어천가,내수동,"22,000",종로구,1,0,26,30.36,,,75,11110,13
15,,2004,신규,22.03~23.03,2022,경희궁의 아침 2단지,내수동,"1,000",종로구,1,78,28,28.9,,,71,11110,2
16,,2020,신규,22.01~23.01,2022,디팰리스,신문로2가,"3,700",종로구,1,200,12,40.15,,,171,11110,4
17,,2020,신규,22.01~23.01,2022,디팰리스,신문로2가,"5,000",종로구,1,350,12,80.26,,,171,11110,4
18,사용,2020,갱신,22.02~23.02,2022,디팰리스,신문로2가,"5,000",종로구,1,336,20,53.75,"5,000",320,171,11110,7
19,,2004,신규,22.02~23.02,2022,두산위브파빌리온,수송동,"1,000",종로구,1,93,18,35.22,,,58,11110,3
20,사용,2005,갱신,22.04~24.04,2022,운현궁 에스케이 허브,경운동,"31,500",종로구,1,0,11,49.68,"30,000",,89-4,11110,13
21,,2004,신규,22.02~24.02,2022,나스빌,낙원동,"18,000",종로구,1,0,22,28.58,,,212,11110,5
22,,2020,갱신,22.03~23.03,2022,종로 하이뷰 디아트,관수동,"9,000",종로구,1,51,17,21.44,"8,000",50,98-1,11110,6
23,,2003,신규,22.02~24.02,2022,코윈 팔레스뷰 오피스텔,원남동,"2,000",종로구,1,53,4,24.03,,,95,11110,6
24,,2003,신규,22.02~23.02,2022,코윈 팔레스뷰 오피스텔,원남동,"3,000",종로구,1,50,8,24.03,,,95,11110,7
25,,2019,신규,22.02~24.02,2022,로얄파크뷰,연지동,"27,300",종로구,1,0,16,36.74,,,238-5,11110,4
26,,2015,,,2022,아르젠종로,연지동,"1,000",종로구,1,63,22,15.83,,,163-3,11110,9
27,,2020,,,2022,센트럴시티대학로,효제동,"1,000",종로구,1,70,4,17.57,,,167,11110,9
28,,2020,,,2022,센트럴시티대학로,효제동,"3,000",종로구,1,50,6,17.57,,,167,11110,6
29,,2020,신규,22.01~23.01,2022,센트럴시티대학로,효제동,"1,000",종로구,1,70,10,17.28,,,167,11110,9
30,,2020,갱신,22.01~23.01,2022,센트럴시티대학로,효제동,"2,000",종로구,1,65,12,17.28,"2,000",60,167,11110,2
31,,2017,,,2022,포레스트힐시티,효제동,"13,000",종로구,1,0,13,19.34,,,65-2,11110,3
32,,2003,신규,22.01~24.01,2022,반도 보라 아이비 타워,효제동,"1,000",종로구,1,70,18,31.31,,,45,11110,6
33,,2003,신규,22.02~24.02,2022,반도 보라 아이비 타워,효제동,"1,000",종로구,1,68,31,26.58,,,45,11110,4
34,사용,2001,갱신,,2022,대보마로니에텔,연건동,"1,000",종로구,1,65,19,26.52,"1,000",65,206,11110,7
35,,2021,신규,22.01~24.01,2022,(255-1),창신동,"24,300",종로구,1,0,7,16.01,,,255-1,11110,8
36,,2021,신규,22.02~24.02,2022,(255-1),창신동,"26,500",종로구,1,0,25,16.01,,,255-1,11110,8
37,,2002,,,2022,수석컴비즈텔,숭인동,"2,000",종로구,1,30,3,30.12,,,55-6,11110,5
38,,2021,신규,22.01~24.01,2022,숭인한성아펠시티,숭인동,"26,000",종로구,1,0,3,21.45,,,1368,11110,8
39,,2021,신규,22.01~24.01,2022,숭인한성아펠시티,숭인동,"23,500",종로구,1,0,3,20.51,,,1368,11110,9
40,,2016,신규,22.02~23.02,2022,아폴리움 오피스텔,숭인동,"1,000",종로구,1,55,3,15.2,,,201-7,11110,7
41,,2005,,,2022,경일오피스텔,숭인동,"3,000",종로구,1,43,4,25.68,,,1367,11110,6
42,,2005,신규,23.02~24.02,2022,경일오피스텔,숭인동,"2,000",종로구,1,45,4,22.97,,,1367,11110,8
43,,2013,신규,23.02~24.01,2022,종로 동광모닝스카이,숭인동,500,종로구,1,60,5,19.95,,,1421-1,11110,4
44,,2020,신규,22.01~24.01,2022,블루카운티 숭인Ⅰ,숭인동,"23,000",종로구,1,0,5,26.88,,,217-16,11110,4
45,,2005,신규,22.02~23.02,2022,동양파라빌,숭인동,"1,000",종로구,1,60,5,27.09,,,1388,11110,13
46,,2013,신규,22.02~24.02,2022,종로유케이201,숭인동,"9,500",종로구,1,0,6,15.24,,,201-11,11110,3
47,,2014,신규,22.01~23.01,2022,숭인한양LEEPS,숭인동,"1,000",종로구,1,53,6,17.07,,,1421-2,11110,13
48,,2020,신규,22.02~24.02,2022,블루카운티 숭인Ⅰ,숭인동,"23,000",종로구,1,0,6,26.88,,,217-16,11110,2
49,,2021,,,2022,숭인한성아펠시티,숭인동,"25,000",종로구,1,0,7,20.51,,,1368,11110,10
50,,2021,신규,22.02~24.02,2022,숭인한성아펠시티,숭인동,"27,000",종로구,1,0,7,22.28,,,1368,11110,10
51,,2005,신규,22.01~23.01,2022,엘리시앙오피스텔,숭인동,"1,000",종로구,1,55,7,34.38,,,200-33,11110,6
52,,2021,,,2022,숭인한성아펠시티,숭인동,"24,000",종로구,1,0,8,21.45,,,1368,11110,5
53,,2020,신규,22.01~23.01,2022,헤스티아,숭인동,500,종로구,1,55,8,15.47,,,317-48,11110,14
54,,2005,,,2022,경일오피스텔,숭인동,"3,000",종로구,1,43,8,23.37,,,1367,11110,14
55,,2021,신규,22.01~24.01,2022,숭인한성아펠시티,숭인동,"24,000",종로구,1,0,10,20.51,,,1368,11110,10
56,,2014,신규,22.02~23.02,2022,삼전솔하임4차,숭인동,"3,000",종로구,1,45,10,19.17,,,318-2,11110,8
57,,2016,신규,22.02~23.02,2022,아이비씨 호텔 앤 오피스텔,숭인동,"1,000",종로구,1,60,10,21.62,,,1396,11110,10
58,,2005,신규,22.02~23.02,2022,동양파라빌,숭인동,"1,000",종로구,1,100,10,40.5,,,1388,11110,14
59,,2021,신규,22.02~24.02,2022,숭인한성아펠시티,숭인동,"25,000",종로구,1,0,11,20.51,,,1368,11110,14
60,,2020,신규,22.02~24.02,2022,블루카운티 숭인Ⅰ,숭인동,"27,000",종로구,1,0,11,29.88,,,217-16,11110,8
61,,2020,신규,22.02~24.02,2022,헤스티아,숭인동,"13,000",종로구,1,0,11,14.9,,,317-48,11110,15
62,,2013,신규,22.02~23.02,2022,그레이스탑,숭인동,"3,000",종로구,1,40,11,23.01,,,178-94,11110,2
63,,2021,신규,22.02~24.02,2022,숭인한성아펠시티,숭인동,"26,000",종로구,1,0,12,21.45,,,1368,11110,8
64,,2005,신규,22.01~23.01,2022,동양파라빌,숭인동,"1,000",종로구,1,55,12,27.09,,,1388,11110,4
65,,2005,,,2022,엘리시앙오피스텔,숭인동,"15,000",종로구,1,0,13,28.38,,,200-33,11110,8
66,,2014,,,2022,삼전솔하임4차,숭인동,"11,000",종로구,1,0,13,19.17,,,318-2,11110,3
67,,2020,신규,22.02~24.02,2022,블루카운티 숭인Ⅰ,숭인동,"23,000",종로구,1,0,14,26.88,,,217-16,11110,3
68,,2016,신규,22.01~23.01,2022,아이비씨 호텔 앤 오피스텔,숭인동,"1,000",종로구,1,60,14,21.36,,,1396,11110,12
69,,2013,신규,22.02~23.02,2022,종로 동광모닝스카이,숭인동,"12,500",종로구,1,0,14,19.95,,,1421-1,11110,4
70,,2021,신규,22.02~23.02,2022,숭인한성아펠시티,숭인동,"26,000",종로구,1,0,15,22.28,,,1368,11110,4
71,,2005,신규,22.02~23.02,2022,동양파라빌,숭인동,"2,000",종로구,1,50,15,27.09,,,1388,11110,2
72,,2014,신규,22.01~23.01,2022,디세븐,숭인동,500,종로구,1,55,15,18.07,,,313-12,11110,11
73,,2002,,,2022,수석컴비즈텔,숭인동,"6,000",종로구,1,10,15,26.46,,,55-6,11110,7
74,,2021,신규,22.02~23.02,2022,숭인한성아펠시티,숭인동,"25,900",종로구,1,0,15,22.28,,,1368,11110,4
75,,2021,신규,22.02~24.02,2022,숭인한성아펠시티,숭인동,"25,000",종로구,1,0,15,20.51,,,1368,11110,8
76,,2019,,,2022,케이디오피스텔,숭인동,"16,500",종로구,1,0,17,18.56,,,217-26,11110,2
77,,2005,신규,22.01~23.01,2022,엘리시앙오피스텔,숭인동,"1,000",종로구,1,45,17,20.64,,,200-33,11110,9
78,,2004,신규,22.02~23.02,2022,종로대우디오빌,숭인동,"1,000",종로구,1,65,18,29.65,,,310,11110,11
79,,2004,신규,22.01~23.01,2022,종로대우디오빌,숭인동,"1,000",종로구,1,65,18,28.89,,,310,11110,5
80,,2005,,,2022,동양파라빌,숭인동,"1,000",종로구,1,53,18,24.93,,,1388,11110,3
81,,2004,신규,22.02~23.02,2022,종로대우디오빌,숭인동,"5,000",종로구,1,35,18,29.65,,,310,11110,4
82,,2004,신규,22.03~23.03,2022,롯데캐슬 천지인,숭인동,"3,000",종로구,1,65,18,39.6,,,76,11110,14
83,,2013,신규,22.02~24.02,2022,(1392),숭인동,"12,000",종로구,1,0,19,20.18,,,1392,11110,3
84,,2004,신규,22.02~23.02,2022,롯데캐슬 천지인,숭인동,"5,000",종로구,1,50,19,39.6,,,76,11110,5
85,,2005,신규,22.02~23.02,2022,동양파라빌,숭인동,"1,000",종로구,1,60,19,27.09,,,1388,11110,11
86,사용,2004,갱신,22.03~24.03,2022,롯데캐슬 천지인,숭인동,"23,100",종로구,1,0,20,39.6,"22,000",,76,11110,13
87,,2021,신규,22.02~24.02,2022,숭인한성아펠시티,숭인동,"24,000",종로구,1,0,20,22.92,,,1368,11110,14
88,,2020,신규,22.01~23.01,2022,블루카운티 숭인Ⅰ,숭인동,"2,000",종로구,1,110,21,37.88,,,217-16,11110,9
89,,2019,신규,22.02~23.02,2022,케이디오피스텔,숭인동,"1,000",종로구,1,65,21,18.18,,,217-26,11110,3
90,,2016,신규,22.02~24.02,2022,아폴리움 오피스텔,숭인동,"13,500",종로구,1,0,21,16.31,,,201-7,11110,4
91,,2020,,,2022,블루카운티 숭인Ⅰ,숭인동,"25,000",종로구,1,0,21,26.97,,,217-16,11110,9
92,,2022,신규,22.02~24.02,2022,동대문 아이리스,숭인동,"17,100",종로구,1,0,21,19.67,,,317-58,11110,9
93,,2021,,,2022,숭인한성아펠시티,숭인동,"24,600",종로구,1,0,22,20.51,,,1368,11110,7
94,,2021,신규,22.03~24.03,2022,숭인한성아펠시티,숭인동,"20,000",종로구,1,20,22,21.45,,,1368,11110,3
95,,2021,,22.02~24.02,2022,숭인한성아펠시티,숭인동,"25,000",종로구,1,0,22,20.51,,,1368,11110,7
96,,2020,신규,22.01~23.01,2022,블루카운티 숭인Ⅰ,숭인동,"5,000",종로구,1,65,23,26.63,,,217-16,11110,9
97,,2005,신규,22.03~23.03,2022,엘리시앙오피스텔,숭인동,"1,000",종로구,1,50,24,28.38,,,200-33,11110,10
98,,2021,신규,22.02~24.02,2022,숭인한성아펠시티,숭인동,"27,000",종로구,1,0,24,22.92,,,1368,11110,8
99,,2020,신규,22.02~24.02,2022,블루카운티 숭인Ⅰ,숭인동,"23,000",종로구,1,0,24,27.18,,,217-16,11110,5
100,,2013,,,2022,종로 아인스빌,숭인동,"12,000",종로구,1,0,24,17.88,,,1392-1,11110,5
101,,2013,신규,22.02~23.02,2022,종로 동광모닝스카이,숭인동,500,종로구,1,60,25,19.95,,,1421-1,11110,5
102,,2013,,,2022,그레이스탑,숭인동,"5,000",종로구,1,30,25,20.16,,,178-94,11110,5
103,,2021,신규,22.02~24.02,2022,숭인한성아펠시티,숭인동,"27,000",종로구,1,0,25,22.92,,,1368,11110,7
104,,2013,신규,22.01~24.01,2022,(1392),숭인동,"10,000",종로구,1,0,25,18.64,,,1392,11110,4
105,,2013,신규,22.02~24.02,2022,종로 중흥 S클래스,숭인동,"12,500",종로구,1,0,25,23.97,,,202-3,11110,2
106,,2004,신규,22.02~23.02,2022,롯데캐슬 천지인,숭인동,"1,000",종로구,1,80,26,39.6,,,76,11110,13
107,,2014,신규,22.01~23.01,2022,디세븐,숭인동,500,종로구,1,45,26,15.04,,,313-12,11110,14
108,,2005,신규,22.02~23.02,2022,동양파라빌,숭인동,500,종로구,1,60,26,24.93,,,1388,11110,8
109,,2005,,,2022,경일오피스텔,숭인동,"3,000",종로구,1,40,26,22.55,,,1367,11110,9
110,,2019,,,2022,케이디오피스텔,숭인동,"15,000",종로구,1,10,26,18.18,,,217-26,11110,5
111,,2020,신규,22.01~24.01,2022,(317-29),숭인동,"16,000",종로구,1,0,28,17.17,,,317-29,11110,5
112,사용,2016,갱신,22.03~24.02,2022,아이비씨 호텔 앤 오피스텔,숭인동,"14,175",종로구,1,0,28,21.36,"13,500",,1396,11110,9
113,,2016,,,2022,아폴리움 오피스텔,숭인동,"13,500",종로구,1,0,28,16.31,,,201-7,11110,10
114,,2021,신규,22.02~24.02,2022,숭인한성아펠시티,숭인동,"27,000",종로구,1,0,29,22.92,,,1368,11110,11
115,,2013,신규,22.02~23.02,2022,버넷하임1,숭인동,"1,000",종로구,1,55,29,24.77,,,1421,11110,8
116,,2017,갱신,22.01~23.01,2022,경희궁자이,교북동,"1,000",종로구,1,116,6,31.75,"1,000",116,126,11110,4
117,,2017,신규,22.03~24.03,2022,경희궁자이,교북동,"24,250",종로구,1,0,23,27.62,,,126,11110,2
118,,2003,신규,22.01~23.01,2022,오피스텔 천지인,평창동,500,종로구,1,50,5,23.01,,,289-5,11110,3
0,,1998,신규,22.02~23.02,2022,파크뷰타워,필운동,"10,000",종로구,2,10,3,23.24,,,285-5,11110,2
1,,2004,신규,22.03~24.03,2022,용비어천가,내수동,"23,500",종로구,2,0,8,33,,,75,11110,11
2,,2004,신규,22.02~23.02,2022,광화문시대,내수동,"15,000",종로구,2,55,12,38.88,,,74,11110,2
3,,2004,신규,22.02~23.02,2022,경희궁의 아침 2단지,내수동,500,종로구,2,85,21,25.51,,,71,11110,9
4,,2004,신규,22.04~24.04,2022,경희궁의 아침 2단지,내수동,"25,000",종로구,2,0,28,32.43,,,71,11110,13
5,,2020,신규,22.04~24.04,2022,디팰리스,신문로2가,"70,000",종로구,2,50,25,51.34,,,171,11110,8
6,,2004,신규,22.02~23.02,2022,두산위브파빌리온,수송동,"1,000",종로구,2,90,21,35.22,,,58,11110,6
7,,2004,신규,22.03~23.03,2022,BIZ-WELL 종로 오피스텔,익선동,"1,000",종로구,2,65,7,27.4,,,34,11110,7
8,,2021,신규,22.02~23.02,2022,루비온오피스텔,인의동,"1,000",종로구,2,75,25,18.2,,,28-26,11110,4
9,,2003,신규,22.02~23.02,2022,코윈 팔레스뷰 오피스텔,원남동,"1,000",종로구,2,60,3,21.01,,,95,11110,5
10,,2003,신규,22.02~23.02,2022,코윈 팔레스뷰 오피스텔,원남동,"1,000",종로구,2,80,19,32.8,,,95,11110,3
11,,2003,,,2022,코윈 팔레스뷰 오피스텔,원남동,"1,000",종로구,2,80,19,32.8,,,95,11110,3
12,,2003,신규,22.02~24.02,2022,반도 보라 아이비 타워,효제동,"1,000",종로구,2,72,10,30.7,,,45,11110,5
13,,2003,갱신,22.02~23.02,2022,반도 보라 아이비 타워,효제동,"1,000",종로구,2,71,14,32.27,"1,000",68,45,11110,3
14,,2019,신규,22.02~23.02,2022,BS타워,효제동,"1,000",종로구,2,75,17,19.83,,,193-1,11110,6
15,,2011,갱신,22.02~23.02,2022,CS타워,충신동,"15,000",종로구,2,0,11,29.56,"15,000",,62-2,11110,4
16,,2021,신규,22.02~23.02,2022,(255-1),창신동,"1,000",종로구,2,65,5,17.8,,,255-1,11110,8
17,,2021,신규,22.03~24.03,2022,(255-1),창신동,"24,300",종로구,2,0,25,15.59,,,255-1,11110,10
18,,2021,신규,22.03~24.03,2022,(255-1),창신동,"24,300",종로구,2,0,28,15.59,,,255-1,11110,10
19,,2013,신규,22.02~23.02,2022,버넷하임1,숭인동,500,종로구,2,60,4,25.27,,,1421,11110,6
20,,2005,신규,22.02~23.02,2022,동양파라빌,숭인동,"1,000",종로구,2,60,4,27.09,,,1388,11110,13
21,,2014,신규,22.02~24.02,2022,숭인한양LEEPS,숭인동,"11,000",종로구,2,0,5,17.07,,,1421-2,11110,12
22,,2022,신규,22.02~24.02,2022,동대문 아이리스,숭인동,"19,000",종로구,2,0,6,19.67,,,317-58,11110,3
23,,2022,신규,22.02~24.02,2022,동대문 아이리스,숭인동,"15,900",종로구,2,0,7,19.67,,,317-58,11110,3
24,,2014,,,2022,숭인한양LEEPS,숭인동,500,종로구,2,58,7,17.07,,,1421-2,11110,16
25,,2012,신규,22.03~23.03,2022,삼전솔하임2차,숭인동,"1,000",종로구,2,50,7,19.18,,,296-19,11110,3
26,,2005,신규,22.02~23.02,2022,동양파라빌,숭인동,"1,000",종로구,2,55,7,24.93,,,1388,11110,13
27,,2012,신규,22.03~23.03,2022,삼전솔하임2차,숭인동,500,종로구,2,55,7,21.12,,,296-19,11110,3
28,,2022,신규,22.02~24.02,2022,동대문 아이리스,숭인동,"16,600",종로구,2,0,7,19.67,,,317-58,11110,4
29,,2022,신규,22.03~24.03,2022,동대문 아이리스,숭인동,"17,000",종로구,2,0,7,19.67,,,317-58,11110,5
30,,2005,신규,22.02~24.02,2022,동양파라빌,숭인동,"12,500",종로구,2,0,8,24.93,,,1388,11110,5
31,,2020,신규,22.02~24.02,2022,블루카운티 숭인Ⅰ,숭인동,"25,000",종로구,2,0,8,26.97,,,217-16,11110,6
32,,2005,신규,22.02~23.02,2022,동양파라빌,숭인동,"1,000",종로구,2,60,9,27.09,,,1388,11110,6
33,,2020,신규,22.02~23.02,2022,블루카운티 숭인Ⅰ,숭인동,"3,000",종로구,2,75,9,26.88,,,217-16,11110,9
34,,2016,,,2022,아이비씨 호텔 앤 오피스텔,숭인동,"1,000",종로구,2,63,10,21.59,,,1396,11110,17
35,,2022,신규,22.02~24.02,2022,동대문 아이리스,숭인동,"16,800",종로구,2,0,10,19.67,,,317-58,11110,8
36,,2022,신규,22.02~24.02,2022,동대문 아이리스,숭인동,"19,500",종로구,2,0,10,19.67,,,317-58,11110,4
37,,2014,신규,22.02~24.02,2022,삼전솔하임4차,숭인동,"1,000",종로구,2,50,10,19.17,,,318-2,11110,5
38,,2022,신규,23.03~23.09,2022,한라 운종가,숭인동,"1,000",종로구,2,100,10,21.14,,,1425,11110,10
39,,2005,신규,22.03~23.03,2022,동양파라빌,숭인동,500,종로구,2,60,11,24.93,,,1388,11110,7
40,,2020,신규,22.03~23.03,2022,헤스티아,숭인동,"2,000",종로구,2,46,11,15.47,,,317-48,11110,8
41,,2005,신규,22.02~23.02,2022,동양파라빌,숭인동,"1,000",종로구,2,55,11,24.93,,,1388,11110,6
42,,2022,신규,22.02~24.02,2022,동대문 아이리스,숭인동,"17,300",종로구,2,0,11,19.67,,,317-58,11110,7
43,,2005,,,2022,경일오피스텔,숭인동,"3,000",종로구,2,38,12,20.14,,,1367,11110,8
44,,2016,신규,22.02~23.02,2022,아이비씨 호텔 앤 오피스텔,숭인동,"1,000",종로구,2,63,12,21.62,,,1396,11110,6
45,,2014,신규,22.03~23.03,2022,숭인한양LEEPS,숭인동,"1,000",종로구,2,50,12,17.07,,,1421-2,11110,15
46,,2021,신규,22.02~24.02,2022,숭인한성아펠시티,숭인동,"27,000",종로구,2,0,12,22.28,,,1368,11110,10
47,,2016,신규,22.02~23.02,2022,아이비씨 호텔 앤 오피스텔,숭인동,"1,000",종로구,2,63,14,21.36,,,1396,11110,10
48,,2020,갱신,22.02~23.02,2022,(317-29),숭인동,"1,000",종로구,2,75,14,19.96,"1,000",75,317-29,11110,8
49,,2004,신규,22.03~24.03,2022,롯데캐슬 천지인,숭인동,"26,500",종로구,2,0,14,63.85,,,76,11110,15
50,,2005,신규,22.03~23.03,2022,경일오피스텔,숭인동,"1,000",종로구,2,45,14,18.82,,,1367,11110,11
51,,2020,신규,22.02~24.02,2022,헤스티아,숭인동,"13,000",종로구,2,0,14,13.12,,,317-48,11110,15
52,,2013,,22.02~24.02,2022,버넷하임1,숭인동,500,종로구,2,58,15,24.77,,,1421,11110,11
53,,2005,신규,22.02~23.02,2022,동양파라빌,숭인동,"1,000",종로구,2,55,15,24.93,,,1388,11110,7
54,,2002,신규,22.02~23.02,2022,수석컴비즈텔,숭인동,"1,000",종로구,2,50,15,41.16,,,55-6,11110,7
55,,2004,신규,22.03~24.03,2022,롯데캐슬 천지인,숭인동,"2,000",종로구,2,70,15,39.6,,,76,11110,18
56,,2022,신규,22.02~24.02,2022,동대문 아이리스,숭인동,"17,300",종로구,2,0,17,19.67,,,317-58,11110,10
57,,2020,신규,22.03~23.03,2022,헤스티아,숭인동,500,종로구,2,60,17,15.47,,,317-48,11110,7
58,,2005,신규,22.03~23.03,2022,동양파라빌,숭인동,"1,000",종로구,2,60,17,27.09,,,1388,11110,12
59,,2021,신규,22.02~23.02,2022,숭인한성아펠시티,숭인동,"2,000",종로구,2,85,18,21.45,,,1368,11110,11
60,,2022,신규,22.02~24.02,2022,동대문 아이리스,숭인동,"27,700",종로구,2,0,18,25.34,,,317-58,11110,7
61,,2020,신규,22.02~23.02,2022,헤스티아,숭인동,500,종로구,2,52,19,13.12,,,317-48,11110,8
62,,2012,신규,22.02~23.02,2022,삼전솔하임2차,숭인동,"1,000",종로구,2,50,19,18.87,,,296-19,11110,3
63,,2005,,,2022,경일오피스텔,숭인동,"3,000",종로구,2,45,19,25.68,,,1367,11110,8
64,,2002,신규,22.03~24.03,2022,수석컴비즈텔,숭인동,500,종로구,2,50,21,30.12,,,55-6,11110,7
65,,2014,신규,22.02~23.02,2022,숭인한양LEEPS,숭인동,500,종로구,2,55,21,17.07,,,1421-2,11110,17
66,,2022,신규,22.02~24.02,2022,동대문 아이리스,숭인동,"5,000",종로구,2,110,21,29.37,,,317-58,11110,8
67,,2022,,,2022,동대문 아이리스,숭인동,"16,600",종로구,2,0,21,19.67,,,317-58,11110,4
68,,2019,신규,22.03~23.03,2022,케이디오피스텔,숭인동,"2,000",종로구,2,60,21,18.56,,,217-26,11110,3
69,,2005,신규,22.03~23.03,2022,동양파라빌,숭인동,500,종로구,2,60,22,24.93,,,1388,11110,6
70,,2022,신규,22.02~24.02,2022,동대문 아이리스,숭인동,"19,500",종로구,2,0,22,19.67,,,317-58,11110,5
71,사용,2013,갱신,22.03~24.03,2022,종로유케이201,숭인동,"10,500",종로구,2,0,22,15.24,"10,000",,201-11,11110,2
72,,2020,신규,22.03~24.03,2022,블루카운티 숭인Ⅰ,숭인동,"24,000",종로구,2,0,22,26.47,,,217-16,11110,8
73,,2005,신규,22.03~23.03,2022,동양파라빌,숭인동,"1,000",종로구,2,95,22,40.5,,,1388,11110,14
74,,2016,신규,22.02~23.02,2022,아이비씨 호텔 앤 오피스텔,숭인동,"1,000",종로구,2,63,23,21.36,,,1396,11110,9
75,,2020,신규,22.03~23.03,2022,(317-29),숭인동,"20,000",종로구,2,0,24,19.96,,,317-29,11110,6
76,,2021,,,2022,숭인한성아펠시티,숭인동,"27,000",종로구,2,0,24,21.45,,,1368,11110,15
77,,2022,신규,22.03~24.03,2022,동대문 아이리스,숭인동,"31,700",종로구,2,0,24,29.37,,,317-58,11110,5
78,,2004,신규,22.04~23.04,2022,롯데캐슬 천지인,숭인동,"1,000",종로구,2,80,24,39.6,,,76,11110,17
79,사용,2016,갱신,22.03~24.02,2022,아이비씨 호텔 앤 오피스텔,숭인동,"14,175",종로구,2,0,25,21.62,"13,500",,1396,11110,13
80,,2022,신규,22.03~24.03,2022,동대문 아이리스,숭인동,"17,000",종로구,2,0,25,19.67,,,317-58,11110,6
81,,2020,신규,22.03~24.03,2022,블루카운티 숭인Ⅰ,숭인동,"25,000",종로구,2,0,25,26.73,,,217-16,11110,8
82,,2022,신규,22.03~24.03,2022,동대문 아이리스,숭인동,"18,500",종로구,2,0,26,19.67,,,317-58,11110,2
83,,2022,신규,22.03~24.03,2022,동대문 아이리스,숭인동,"16,100",종로구,2,0,26,19.67,,,317-58,11110,2
84,,2013,,,2022,종로유케이201,숭인동,"10,500",종로구,2,0,26,15.15,,,201-11,11110,2
85,,2020,신규,22.03~24.03,2022,블루카운티 숭인Ⅰ,숭인동,"31,500",종로구,2,0,26,37.88,,,217-16,11110,3
86,,2004,신규,22.02~23.02,2022,롯데캐슬 천지인,숭인동,"24,000",종로구,2,0,26,39.6,,,76,11110,3
87,,2016,신규,22.03~23.02,2022,아이비씨 호텔 앤 오피스텔,숭인동,"1,000",종로구,2,60,28,21.62,,,1396,11110,13
88,,2016,갱신,22.03~23.02,2022,아이비씨 호텔 앤 오피스텔,숭인동,"1,000",종로구,2,63,28,21.36,"1,000",60,1396,11110,14
89,,2022,신규,,2022,동대문 아이리스,숭인동,"19,500",종로구,2,0,28,19.67,,,317-58,11110,4
90,,2022,신규,22.02~24.02,2022,동대문 아이리스,숭인동,"19,000",종로구,2,0,28,19.67,,,317-58,11110,3
91,,2017,신규,22.04~23.06,2022,경희궁자이,교북동,"41,000",종로구,2,0,18,31.75,,,126,11110,4
92,,2017,갱신,22.03~23.03,2022,경희궁자이,교북동,"30,000",종로구,2,0,21,25.91,"27,000",,126,11110,5
93,,2002,신규,22.02~24.02,2022,캐피탈오피스텔,부암동,"11,000",종로구,2,20,7,42.2,,,154-2,11110,2
94,,2002,신규,22.02~23.02,2022,타임730오피스텔,부암동,"1,000",종로구,2,55,16,31.27,,,129-8,11110,2
95,,2002,신규,22.03~24.03,2022,타임730오피스텔,부암동,"1,000",종로구,2,55,25,31.27,,,129-8,11110,3
96,,2005,,,2022,세검정아트오피스텔,홍지동,"1,000",종로구,2,60,22,46.8,,,104-21,11110,3
0,,1998,신규,22.05~24.05,2022,파크뷰타워,필운동,"14,000",종로구,3,0,11,21.85,,,285-5,11110,6
1,,2008,신규,22.03~24.03,2022,광화문 풍림스페이스본,사직동,"32,000",종로구,3,0,4,39.54,,,9,11110,5
2,,2008,신규,22.04~24.03,2022,광화문 풍림스페이스본,사직동,"30,000",종로구,3,0,15,39.54,,,9,11110,7
3,,2004,신규,22.04~24.04,2022,용비어천가,내수동,"23,000",종로구,3,0,5,34.45,,,75,11110,2
4,,2004,신규,22.04~24.04,2022,용비어천가,내수동,"23,000",종로구,3,0,7,33,,,75,11110,13
5,,2004,신규,22.04~23.04,2022,용비어천가,내수동,"1,000",종로구,3,100,7,37.56,,,75,11110,16
6,,2004,신규,22.04~23.04,2022,용비어천가,내수동,"1,000",종로구,3,89,10,37.56,,,75,11110,18
7,,2004,신규,22.04~23.04,2022,용비어천가,내수동,"1,000",종로구,3,95,12,41.38,,,75,11110,9
8,,2004,신규,22.03~24.03,2022,광화문시대,내수동,"15,000",종로구,3,25,12,32.01,,,74,11110,14
9,,2004,신규,22.04~23.04,2022,용비어천가,내수동,"1,000",종로구,3,95,16,37.56,,,75,11110,14
10,,2004,신규,,2022,경희궁의 아침 3단지,내수동,"1,000",종로구,3,85,17,37.5,,,72,11110,9
11,,2004,신규,22.05~24.05,2022,용비어천가,내수동,"20,000",종로구,3,40,19,33,,,75,11110,17
12,,2004,신규,22.04~23.04,2022,광화문시대,내수동,"1,000",종로구,3,85,21,34.9,,,74,11110,13
13,,2004,신규,22.04~23.04,2022,경희궁의 아침 2단지,내수동,"1,000",종로구,3,95,25,32.43,,,71,11110,14
14,,2004,신규,22.04~23.04,2022,광화문시대,내수동,"1,000",종로구,3,80,31,32.01,,,74,11110,11
15,,2004,신규,22.05~23.05,2022,용비어천가,내수동,"3,000",종로구,3,85,31,37.56,,,75,11110,5
16,,2020,신규,22.04~23.04,2022,디팰리스,신문로2가,"3,000",종로구,3,189,18,41.66,,,171,11110,2
17,,2020,신규,22.04~24.04,2022,디팰리스,신문로2가,"90,000",종로구,3,0,26,51.72,,,171,11110,6
18,,2004,신규,22.03~23.06,2022,두산위브파빌리온,수송동,"1,000",종로구,3,100,11,37.42,,,58,11110,7
19,,2005,신규,22.04~24.04,2022,운현궁 에스케이 허브,경운동,"22,500",종로구,3,0,30,34.15,,,89-4,11110,5
20,,2005,신규,22.04~23.04,2022,종로1번가,관철동,"1,000",종로구,3,70,3,24.64,,,155,11110,8
21,,2005,갱신,22.05~23.05,2022,종로1번가,관철동,"1,000",종로구,3,68,15,24.64,"1,000",65,155,11110,10
22,,2021,신규,22.03~24.03,2022,루비온오피스텔,인의동,"1,000",종로구,3,73,1,18.2,,,28-26,11110,3
23,,2021,신규,22.03~24.03,2022,루비온오피스텔,인의동,"1,000",종로구,3,73,7,18.2,,,28-26,11110,3
24,,2021,신규,22.04~24.03,2022,루비온오피스텔,인의동,"1,000",종로구,3,80,28,18.2,,,28-26,11110,2
25,,2021,신규,22.04~24.04,2022,루비온오피스텔,인의동,"19,000",종로구,3,0,28,18.2,,,28-26,11110,8
26,,2003,신규,22.03~24.03,2022,코윈 팔레스뷰 오피스텔,원남동,"1,000",종로구,3,70,5,24.03,,,95,11110,11
27,,2003,신규,22.03~23.03,2022,반도 보라 아이비 타워,효제동,"1,000",종로구,3,72,2,27.58,,,45,11110,11
28,,2017,신규,22.03~24.03,2022,포레스트힐시티,효제동,"1,000",종로구,3,70,3,23.24,,,65-2,11110,6
29,,2003,신규,22.03~24.03,2022,반도 보라 아이비 타워,효제동,"1,000",종로구,3,75,5,31.31,,,45,11110,7
30,,2020,신규,22.04~23.04,2022,센트럴시티대학로,효제동,"1,000",종로구,3,75,29,17.57,,,167,11110,11
31,,2021,,,2022,(255-1),창신동,"24,300",종로구,3,0,8,16.01,,,255-1,11110,10
32,,2021,신규,22.04~24.04,2022,(255-1),창신동,"25,000",종로구,3,0,19,17.8,,,255-1,11110,9
33,,2021,,,2022,(255-1),창신동,"24,300",종로구,3,0,22,16.01,,,255-1,11110,10
34,,2021,,,2022,(255-1),창신동,"24,500",종로구,3,0,31,15.59,,,255-1,11110,11
35,,2004,신규,22.03~23.09,2022,롯데캐슬 천지인,숭인동,"15,000",종로구,3,30,2,39.6,,,76,11110,12
36,,2016,갱신,22.03~23.03,2022,아이비씨 호텔 앤 오피스텔,숭인동,"1,000",종로구,3,63,2,21.36,"1,000",60,1396,11110,11
37,,2020,,,2022,블루카운티 숭인Ⅰ,숭인동,"23,000",종로구,3,0,2,26.88,,,217-16,11110,3
38,,2012,신규,22.04~24.03,2022,삼전솔하임2차,숭인동,"13,000",종로구,3,0,2,21.12,,,296-19,11110,3
39,,2013,신규,22.03~23.03,2022,종로 동광모닝스카이,숭인동,500,종로구,3,55,2,19.95,,,1421-1,11110,2
40,,2020,신규,22.03~24.03,2022,블루카운티 숭인Ⅰ,숭인동,"20,000",종로구,3,20,3,26.73,,,217-16,11110,9
41,,2016,신규,22.03~23.03,2022,아이비씨 호텔 앤 오피스텔,숭인동,"1,000",종로구,3,63,4,21.62,,,1396,11110,11
42,,2016,갱신,22.03~24.03,2022,아이비씨 호텔 앤 오피스텔,숭인동,"14,175",종로구,3,0,4,21.62,"12,500",,1396,11110,15
43,,2022,신규,22.03~24.03,2022,동대문 아이리스,숭인동,"17,000",종로구,3,0,4,19.67,,,317-58,11110,5
44,,2020,신규,22.03~24.03,2022,블루카운티 숭인Ⅰ,숭인동,"3,000",종로구,3,75,5,26.88,,,217-16,11110,9
45,사용,2016,갱신,22.04~23.04,2022,아이비씨 호텔 앤 오피스텔,숭인동,"14,175",종로구,3,0,7,21.36,"13,500",,1396,11110,10
46,,2016,신규,22.03~23.03,2022,아이비씨 호텔 앤 오피스텔,숭인동,"1,000",종로구,3,63,8,21.59,,,1396,11110,12
47,,2016,신규,22.04~24.04,2022,아폴리움 오피스텔,숭인동,"13,500",종로구,3,0,9,16.31,,,201-7,11110,6
48,,2017,,,2022,블루빌,숭인동,"25,200",종로구,3,0,10,46.36,,,243,11110,2
49,,2013,신규,22.03~23.03,2022,(1392),숭인동,"1,000",종로구,3,49,10,18.64,,,1392,11110,8
50,,2013,신규,22.04~24.04,2022,버넷하임1,숭인동,"13,200",종로구,3,0,10,24.65,,,1421,11110,2
51,,2014,신규,22.04~23.04,2022,삼전솔하임4차,숭인동,"2,000",종로구,3,50,10,19.17,,,318-2,11110,9
52,,2005,신규,22.04~23.04,2022,동양파라빌,숭인동,"3,500",종로구,3,40,11,24.93,,,1388,11110,9
53,,2016,신규,22.03~23.03,2022,아이비씨 호텔 앤 오피스텔,숭인동,"1,000",종로구,3,63,12,21.62,,,1396,11110,17
54,,2014,신규,22.03~23.03,2022,숭인한양LEEPS,숭인동,"3,000",종로구,3,40,12,17.07,,,1421-2,11110,14
55,,2016,신규,22.03~23.03,2022,아이비씨 호텔 앤 오피스텔,숭인동,"1,200",종로구,3,110,12,43.29,,,1396,11110,16
56,,2019,신규,22.03~23.03,2022,케이디오피스텔,숭인동,"2,000",종로구,3,58,12,18.18,,,217-26,11110,2
57,,2004,,,2022,롯데캐슬 천지인,숭인동,"15,000",종로구,3,20,16,39.6,,,76,11110,2
58,사용,2016,갱신,22.04~24.03,2022,아이비씨 호텔 앤 오피스텔,숭인동,"14,175",종로구,3,0,16,21.62,"13,500",,1396,11110,14
59,,2005,신규,22.04~23.04,2022,동양파라빌,숭인동,"1,000",종로구,3,110,16,54.81,,,1388,11110,8
60,,2014,신규,22.04~24.04,2022,디세븐,숭인동,"8,000",종로구,3,0,17,15.04,,,313-12,11110,4
61,,2005,신규,22.04~23.04,2022,동양파라빌,숭인동,"1,000",종로구,3,55,18,24.93,,,1388,11110,3
62,,2022,신규,22.03~24.03,2022,동대문 아이리스,숭인동,"17,000",종로구,3,0,18,19.67,,,317-58,11110,6
63,,2005,신규,22.03~23.03,2022,동양파라빌,숭인동,"1,000",종로구,3,60,19,27.09,,,1388,11110,9
64,,2016,신규,22.03~23.03,2022,아이비씨 호텔 앤 오피스텔,숭인동,"1,000",종로구,3,63,22,23.24,,,1396,11110,15
65,,2004,신규,22.04~23.03,2022,종로대우디오빌,숭인동,"1,000",종로구,3,63,22,29.65,,,310,11110,9
66,,2022,신규,22.04~24.04,2022,우평 원더라움 스투디오,숭인동,"1,000",종로구,3,95,24,24.68,,,313-17,11110,13
67,,2005,신규,22.04~23.04,2022,경일오피스텔,숭인동,"1,000",종로구,3,55,25,25.68,,,1367,11110,9
68,,2022,,,2022,우평 원더라움 스투디오,숭인동,"3,000",종로구,3,100,26,29.97,,,313-17,11110,8
69,,2013,신규,22.04~24.04,2022,버넷하임1,숭인동,"14,000",종로구,3,0,26,25.88,,,1421,11110,7
70,,2005,,,2022,경일오피스텔,숭인동,"3,000",종로구,3,45,26,25.68,,,1367,11110,3
71,,2016,신규,22.03~23.03,2022,아이비씨 호텔 앤 오피스텔,숭인동,"1,000",종로구,3,63,27,21.36,,,1396,11110,18
72,,2005,,,2022,경일오피스텔,숭인동,"2,500",종로구,3,34,28,18.82,,,1367,11110,4
73,,2004,신규,22.04~24.04,2022,종로대우디오빌,숭인동,"14,000",종로구,3,0,28,36.87,,,310,11110,11
74,,2013,신규,22.04~24.04,2022,(1392),숭인동,"5,000",종로구,3,35,30,20.18,,,1392,11110,9
75,,2002,신규,22.03~23.03,2022,캐피탈오피스텔,부암동,"1,000",종로구,3,45,16,24.53,,,154-2,11110,2
0,,2008,신규,22.05~23.05,2022,광화문 풍림스페이스본,사직동,"1,000",종로구,4,100,20,39.54,,,9,11110,3
1,사용,2008,갱신,22.05~23.05,2022,광화문 풍림스페이스본,사직동,"1,000",종로구,4,100,30,39.54,"1,000",100,9,11110,12
2,,2004,신규,22.05~23.05,2022,용비어천가,내수동,"1,000",종로구,4,90,1,37.56,,,75,11110,2
3,,2004,신규,22.05~24.05,2022,광화문시대,내수동,"10,000",종로구,4,55,9,34.9,,,74,11110,10
4,,2004,,,2022,경희궁의 아침 4단지,내수동,"1,000",종로구,4,80,13,28.24,,,73,11110,9
5,,2004,신규,22.05~24.05,2022,경희궁의 아침 3단지,내수동,"23,000",종로구,4,15,15,37.5,,,72,11110,9
6,,2004,신규,22.04~24.04,2022,용비어천가,내수동,"23,000",종로구,4,0,15,34.45,,,75,11110,2
7,,2004,신규,22.05~23.06,2022,경희궁의 아침 2단지,내수동,"5,000",종로구,4,150,16,57.8,,,71,11110,13
8,,2004,신규,22.05~23.05,2022,경희궁의 아침 2단지,내수동,"1,000",종로구,4,60,19,32.43,,,71,11110,3
9,,2004,갱신,22.05~23.05,2022,경희궁의 아침 3단지,내수동,"1,000",종로구,4,80,20,37.5,"1,000",75,72,11110,13
10,사용,2004,갱신,22.05~23.05,2022,용비어천가,내수동,"31,500",종로구,4,0,22,41.34,"30,000",,75,11110,17
11,,2004,신규,22.06~23.06,2022,경희궁의 아침 2단지,내수동,"2,000",종로구,4,160,23,57.8,,,71,11110,3
12,,2004,신규,22.05~23.05,2022,광화문시대,내수동,"13,000",종로구,4,40,25,32.01,,,74,11110,4
13,,2004,갱신,22.05~23.05,2022,경희궁의 아침 2단지,내수동,"1,000",종로구,4,75,27,28.9,"2,000",70,71,11110,9
14,,2004,신규,22.06~24.06,2022,광화문시대,내수동,"23,000",종로구,4,0,27,30.08,,,74,11110,16
15,,2004,신규,22.05~23.05,2022,경희궁의 아침 4단지,내수동,"1,000",종로구,4,80,29,28.24,,,73,11110,7
16,,2004,신규,22.06~24.06,2022,광화문시대,내수동,"28,000",종로구,4,0,29,40.26,,,74,11110,18
17,,2007,신규,22.06~23.06,2022,르메이에르종로타운1,종로1가,"21,000",종로구,4,0,25,45.41,,,24,11110,19
18,,2021,신규,22.05~24.05,2022,루비온오피스텔,인의동,"19,000",종로구,4,0,12,18.2,,,28-26,11110,2
19,사용,2003,갱신,22.06~24.05,2022,코윈 팔레스뷰 오피스텔,원남동,"16,800",종로구,4,0,4,21.01,"16,000",,95,11110,8
20,,2003,갱신,,2022,반도 보라 아이비 타워,효제동,"16,800",종로구,4,0,18,32.27,"16,000",,45,11110,7
21,,2020,신규,22.04~23.04,2022,종로 웰라이프,창신동,"19,950",종로구,4,0,18,24.94,,,302-1,11110,3
22,사용,2020,갱신,22.07~24.07,2022,종로 웰라이프,창신동,"21,000",종로구,4,0,23,26.89,"20,000",,302-1,11110,2
23,사용,2020,갱신,22.07~23.07,2022,종로 웰라이프,창신동,"19,950",종로구,4,0,29,26.1,"19,000",,302-1,11110,3
24,,2016,신규,22.04~23.04,2022,아이비씨 호텔 앤 오피스텔,숭인동,"1,000",종로구,4,63,1,21.36,,,1396,11110,13
25,사용,2020,갱신,22.05~24.05,2022,블루카운티 숭인Ⅰ,숭인동,"24,000",종로구,4,0,2,27.18,"23,000",,217-16,11110,9
26,,2013,,,2022,종로 동광모닝스카이,숭인동,"12,200",종로구,4,0,2,19.95,,,1421-1,11110,6
27,,2004,신규,22.04~24.04,2022,종로대우디오빌,숭인동,"1,000",종로구,4,65,2,28.89,,,310,11110,6
28,,2013,신규,22.04~23.04,2022,종로 동광모닝스카이,숭인동,500,종로구,4,55,4,19.95,,,1421-1,11110,2
29,,2005,,,2022,경일오피스텔,숭인동,"3,000",종로구,4,35,5,18.82,,,1367,11110,12
30,,2020,신규,22.04~23.04,2022,헤스티아,숭인동,"1,000",종로구,4,54,5,15.47,,,317-48,11110,10
31,,2022,신규,22.04~23.04,2022,우평 원더라움 스투디오,숭인동,"3,000",종로구,4,80,6,24.68,,,313-17,11110,13
32,,2016,,,2022,아이비씨 호텔 앤 오피스텔,숭인동,"1,000",종로구,4,63,7,21.36,,,1396,11110,13
33,,2002,,,2022,수석컴비즈텔,숭인동,"1,000",종로구,4,30,7,24.93,,,55-6,11110,6
34,,2005,,,2022,경일오피스텔,숭인동,"1,000",종로구,4,45,7,18.82,,,1367,11110,13
35,,2005,,,2022,경일오피스텔,숭인동,"1,000",종로구,4,45,8,18.82,,,1367,11110,9
36,,2016,신규,22.04~23.04,2022,아이비씨 호텔 앤 오피스텔,숭인동,"1,000",종로구,4,63,8,21.45,,,1396,11110,15
37,,2022,,,2022,우평 원더라움 스투디오,숭인동,"27,000",종로구,4,0,11,24.79,,,313-17,11110,11
38,,2005,,,2022,경일오피스텔,숭인동,"3,000",종로구,4,45,11,25.68,,,1367,11110,7
39,,2004,신규,22.04~23.04,2022,롯데캐슬 천지인,숭인동,"1,000",종로구,4,80,11,39.6,,,76,11110,12
40,,2004,신규,22.04~24.04,2022,종로대우디오빌,숭인동,"1,000",종로구,4,60,11,29.65,,,310,11110,4
41,,2004,신규,22.04~23.04,2022,종로대우디오빌,숭인동,"3,000",종로구,4,55,11,29.65,,,310,11110,11
42,,2005,갱신,22.04~24.04,2022,동양파라빌,숭인동,"10,000",종로구,4,23,12,27.09,"10,000",20,1388,11110,2
43,,2016,신규,22.04~23.04,2022,아이비씨 호텔 앤 오피스텔,숭인동,"1,000",종로구,4,63,12,21.45,,,1396,11110,14
44,사용,2013,갱신,22.05~23.05,2022,버넷하임1,숭인동,"13,500",종로구,4,0,12,24.77,"13,500",,1421,11110,2
45,,2016,신규,22.04~23.04,2022,아이비씨 호텔 앤 오피스텔,숭인동,"1,000",종로구,4,63,12,21.45,,,1396,11110,17
46,,2013,신규,22.05~23.05,2022,종로 아인스빌,숭인동,"12,500",종로구,4,0,12,17.88,,,1392-1,11110,6
47,,2022,신규,22.04~23.04,2022,우평 원더라움 스투디오,숭인동,"2,000",종로구,4,90,13,24.79,,,313-17,11110,13
48,,2004,신규,22.05~23.05,2022,종로대우디오빌,숭인동,"1,000",종로구,4,65,13,29.65,,,310,11110,10
49,,2016,신규,22.04~23.04,2022,아이비씨 호텔 앤 오피스텔,숭인동,"1,000",종로구,4,63,13,21.36,,,1396,11110,13
50,,2022,신규,22.05~23.05,2022,더 카르페디엠 종로 오피스텔,숭인동,"4,000",종로구,4,70,13,24.35,,,201-25,11110,4
51,,2019,신규,22.04~23.04,2022,케이디오피스텔,숭인동,500,종로구,4,60,14,18.56,,,217-26,11110,3
52,,2019,신규,22.04~23.04,2022,케이디오피스텔,숭인동,500,종로구,4,72,14,18.56,,,217-26,11110,3
53,,2019,신규,22.04~23.04,2022,케이디오피스텔,숭인동,300,종로구,4,65,14,18.56,,,217-26,11110,4
54,,2022,,,2022,우평 원더라움 스투디오,숭인동,"1,000",종로구,4,50,16,24.68,,,313-17,11110,14
55,,2022,,,2022,우평 원더라움 스투디오,숭인동,"36,000",종로구,4,0,16,29.97,,,313-17,11110,13
56,,2022,,,2022,우평 원더라움 스투디오,숭인동,"10,000",종로구,4,50,16,24.68,,,313-17,11110,14
57,,2005,,,2022,경일오피스텔,숭인동,"3,000",종로구,4,38,16,20.14,,,1367,11110,9
58,,2020,신규,22.05~23.05,2022,헤스티아,숭인동,"1,000",종로구,4,52,17,15.47,,,317-48,11110,4
59,,2022,신규,22.05~23.05,2022,우평 원더라움 스투디오,숭인동,"1,500",종로구,4,120,17,29.97,,,313-17,11110,12
60,,2016,신규,22.05~24.05,2022,아폴리움 오피스텔,숭인동,"13,000",종로구,4,0,18,16.31,,,201-7,11110,12
61,,2013,신규,22.05~24.05,2022,종로 중흥 S클래스,숭인동,"13,500",종로구,4,0,18,23.97,,,202-3,11110,4
62,,2022,신규,22.04~23.04,2022,우평 원더라움 스투디오,숭인동,"3,000",종로구,4,120,19,29.97,,,313-17,11110,5
63,,2016,,,2022,아이비씨 호텔 앤 오피스텔,숭인동,"14,175",종로구,4,0,20,21.62,,,1396,11110,11
64,,2004,신규,22.05~23.05,2022,롯데캐슬 천지인,숭인동,"1,000",종로구,4,80,20,39.6,,,76,11110,27
65,,2005,신규,22.04~23.04,2022,동양파라빌,숭인동,"1,000",종로구,4,55,20,24.93,,,1388,11110,10
66,사용,2016,갱신,22.05~24.04,2022,아이비씨 호텔 앤 오피스텔,숭인동,"14,175",종로구,4,0,21,21.45,"13,500",,1396,11110,15
67,,2005,,,2022,경일오피스텔,숭인동,"2,000",종로구,4,40,22,18.82,,,1367,11110,9
68,,2022,신규,22.04~23.04,2022,우평 원더라움 스투디오,숭인동,"1,000",종로구,4,95,23,24.79,,,313-17,11110,10
69,,2022,신규,22.06~24.06,2022,우평 원더라움 스투디오,숭인동,"28,000",종로구,4,0,23,24.79,,,313-17,11110,17
70,,2022,신규,22.05~24.05,2022,우평 원더라움 스투디오,숭인동,"27,000",종로구,4,0,24,24.68,,,313-17,11110,10
71,,2022,,,2022,우평 원더라움 스투디오,숭인동,"10,000",종로구,4,63,25,24.79,,,313-17,11110,14
72,,2013,신규,22.06~23.06,2022,종로 동광모닝스카이,숭인동,500,종로구,4,55,25,19.95,,,1421-1,11110,7
73,,2016,신규,22.04~23.04,2022,아이비씨 호텔 앤 오피스텔,숭인동,"1,000",종로구,4,63,25,21.45,,,1396,11110,8
74,,2022,신규,22.05~23.05,2022,우평 원더라움 스투디오,숭인동,"1,000",종로구,4,95,25,24.68,,,313-17,11110,4
75,,2022,,,2022,우평 원더라움 스투디오,숭인동,"9,800",종로구,4,63,25,24.79,,,313-17,11110,14
76,,2016,신규,22.05~23.05,2022,아이비씨 호텔 앤 오피스텔,숭인동,"1,000",종로구,4,63,26,21.36,,,1396,11110,8
77,,2020,신규,22.05~24.05,2022,헤스티아,숭인동,"13,000",종로구,4,0,26,14.9,,,317-48,11110,16
78,,2005,신규,22.06~23.06,2022,동양파라빌,숭인동,"1,000",종로구,4,55,26,24.93,,,1388,11110,8
79,,2016,신규,22.05~23.05,2022,아이비씨 호텔 앤 오피스텔,숭인동,"1,000",종로구,4,63,26,21.62,,,1396,11110,15
80,,2014,신규,22.05~23.05,2022,숭인한양LEEPS,숭인동,"1,000",종로구,4,55,26,17.07,,,1421-2,11110,13
81,,2022,신규,22.05~24.05,2022,우평 원더라움 스투디오,숭인동,"24,000",종로구,4,0,27,24.68,,,313-17,11110,11
82,,2002,신규,22.04~24.04,2022,수석컴비즈텔,숭인동,"2,000",종로구,4,40,27,24.93,,,55-6,11110,4
83,,2016,신규,22.05~23.05,2022,아이비씨 호텔 앤 오피스텔,숭인동,"1,000",종로구,4,63,27,21.45,,,1396,11110,17
84,,2016,신규,22.05~23.04,2022,아이비씨 호텔 앤 오피스텔,숭인동,"1,000",종로구,4,63,29,21.36,,,1396,11110,7
85,,2005,신규,22.05~24.05,2022,엘리시앙오피스텔,숭인동,"10,000",종로구,4,40,29,34.38,,,200-33,11110,8
86,,2022,신규,22.05~24.05,2022,우평 원더라움 스투디오,숭인동,"25,500",종로구,4,0,29,24.79,,,313-17,11110,7
87,,2022,신규,22.05~23.05,2022,우평 원더라움 스투디오,숭인동,"9,000",종로구,4,65,30,24.79,,,313-17,11110,13
88,,2016,신규,22.04~23.04,2022,아이비씨 호텔 앤 오피스텔,숭인동,"1,000",종로구,4,63,30,21.36,,,1396,11110,10
89,,2022,신규,22.05~23.05,2022,우평 원더라움 스투디오,숭인동,"3,000",종로구,4,80,30,24.68,,,313-17,11110,3
90,,2020,신규,22.06~24.06,2022,헤스티아,숭인동,"12,000",종로구,4,0,30,13.12,,,317-48,11110,17
91,,2004,신규,22.05~24.05,2022,종로대우디오빌,숭인동,"1,000",종로구,4,70,30,29.65,,,310,11110,6
92,,2013,신규,22.05~23.05,2022,종로 중흥 S클래스,숭인동,"1,000",종로구,4,55,30,22.44,,,202-3,11110,4
0,,2008,신규,22.06~23.06,2022,광화문 풍림스페이스본,사직동,"1,000",종로구,5,105,9,39.54,,,9,11110,3
1,,2008,신규,22.06~24.06,2022,광화문 풍림스페이스본,사직동,"1,000",종로구,5,110,21,39.54,,,9,11110,9
2,,2008,신규,22.06~23.06,2022,광화문 풍림스페이스본,사직동,"15,000",종로구,5,60,21,39.54,,,9,11110,6
3,,2008,신규,22.07~23.07,2022,광화문 풍림스페이스본,사직동,"2,000",종로구,5,106,31,39.54,,,9,11110,4
4,,2004,신규,22.06~24.06,2022,용비어천가,내수동,"25,000",종로구,5,0,2,37.56,,,75,11110,5
5,,2004,신규,22.06~23.06,2022,경희궁의 아침 2단지,내수동,"1,000",종로구,5,77,10,29.41,,,71,11110,8
6,,2004,신규,22.07~23.07,2022,광화문시대,내수동,"1,000",종로구,5,85,11,34.9,,,74,11110,13
7,,2004,신규,22.07~23.07,2022,경희궁의 아침 2단지,내수동,"1,000",종로구,5,79,13,28.9,,,71,11110,3
8,,2004,신규,22.06~23.06,2022,용비어천가,내수동,"24,000",종로구,5,0,13,30.36,,,75,11110,10
9,,2004,신규,22.05~23.05,2022,용비어천가,내수동,"23,000",종로구,5,0,16,34.45,,,75,11110,9
10,,2004,신규,22.05~23.02,2022,광화문시대,내수동,"15,000",종로구,5,55,19,38.88,,,74,11110,2
11,,2004,신규,22.07~24.07,2022,광화문시대,내수동,"27,000",종로구,5,0,23,40.26,,,74,11110,14
12,,2004,신규,22.06~23.06,2022,용비어천가,내수동,"1,000",종로구,5,80,23,30.36,,,75,11110,8
13,,2004,신규,22.06~23.06,2022,용비어천가,내수동,"1,000",종로구,5,80,23,30.36,,,75,11110,11
14,,2004,신규,22.09~23.09,2022,광화문시대,내수동,"4,000",종로구,5,75,25,34.9,,,74,11110,13
15,,2004,신규,22.07~23.07,2022,광화문시대,내수동,"7,000",종로구,5,55,25,31.75,,,74,11110,10
16,,2004,신규,22.05~23.05,2022,용비어천가,내수동,"26,000",종로구,5,0,28,33,,,75,11110,4
17,,2004,신규,22.06~23.06,2022,광화문시대,내수동,"5,000",종로구,5,70,28,32.97,,,74,11110,18
18,,2004,신규,22.07~23.07,2022,광화문시대,내수동,"1,000",종로구,5,92,30,32.97,,,74,11110,17
19,,2020,신규,22.06~24.06,2022,디팰리스,신문로2가,"255,000",종로구,5,0,27,128.81,,,171,11110,8
20,,2004,신규,22.05~23.05,2022,BIZ-WELL 종로 오피스텔,익선동,"1,000",종로구,5,53,7,17.2,,,34,11110,9
21,,2004,신규,22.06~23.06,2022,BIZ-WELL 종로 오피스텔,익선동,500,종로구,5,55,20,17.2,,,34,11110,4
22,,2005,신규,22.06~23.06,2022,운현궁 에스케이 허브,경운동,"2,000",종로구,5,200,3,41.94,,,89-4,11110,6
23,,2005,갱신,22.06~23.06,2022,운현궁 에스케이 허브,경운동,"18,000",종로구,5,0,23,23.66,"17,000",,89-4,11110,8
24,,2005,,,2022,운현궁 에스케이 허브,경운동,"18,000",종로구,5,0,23,23.66,,,89-4,11110,8
25,,2022,신규,22.05~24.05,2022,신일 해피트리앤,관수동,"25,000",종로구,5,0,7,19.34,,,4,11110,6
26,,2022,신규,22.06~24.07,2022,신일 해피트리앤,관수동,"23,500",종로구,5,0,10,19.49,,,4,11110,5
27,,2022,신규,22.05~24.05,2022,신일 해피트리앤,관수동,"25,000",종로구,5,0,16,19.34,,,4,11110,7
28,,2022,신규,22.05~24.05,2022,신일 해피트리앤,관수동,"1,000",종로구,5,80,19,19.34,,,4,11110,5
29,,2022,신규,22.05~24.05,2022,신일 해피트리앤,관수동,"6,000",종로구,5,60,28,19.34,,,4,11110,4
30,,2003,신규,22.07~24.07,2022,코윈 팔레스뷰 오피스텔,원남동,"17,000",종로구,5,0,26,24.03,,,95,11110,9
31,,2019,신규,22.06~24.06,2022,리베르떼_연지,연지동,"20,475",종로구,5,0,1,23.9,,,222,11110,8
32,,2020,신규,22.08~24.08,2022,종로 웰라이프,창신동,"18,900",종로구,5,0,17,24.94,,,302-1,11110,2
33,사용,2020,갱신,22.06~23.06,2022,종로 웰라이프,창신동,"19,950",종로구,5,0,30,25.09,"19,000",,302-1,11110,4
34,,2021,,,2022,숭인한성아펠시티,숭인동,"27,000",종로구,5,0,2,22.28,,,1368,11110,5
35,,2022,신규,22.05~24.05,2022,우평 원더라움 스투디오,숭인동,"25,000",종로구,5,0,2,24.68,,,313-17,11110,7
36,,2005,신규,,2022,동양파라빌,숭인동,500,종로구,5,60,2,27.09,,,1388,11110,9
37,,2003,신규,22.05~23.05,2022,(317-35),숭인동,200,종로구,5,40,2,11.34,,,317-35,11110,2
38,,2022,신규,22.05~23.05,2022,우평 원더라움 스투디오,숭인동,"2,000",종로구,5,90,3,24.79,,,313-17,11110,4
39,,2022,신규,22.05~24.05,2022,우평 원더라움 스투디오,숭인동,"25,000",종로구,5,0,4,24.79,,,313-17,11110,12
40,,2019,신규,22.05~23.05,2022,케이디오피스텔,숭인동,"3,000",종로구,5,52,4,18.56,,,217-26,11110,6
41,,2022,신규,22.05~23.05,2022,더 카르페디엠 종로 오피스텔,숭인동,"2,000",종로구,5,90,5,23.66,,,201-25,11110,15
42,,2022,신규,22.05~24.05,2022,더 카르페디엠 종로 오피스텔,숭인동,"10,000",종로구,5,55,6,24.21,,,201-25,11110,13
43,,2022,신규,22.05~24.05,2022,우평 원더라움 스투디오,숭인동,"26,000",종로구,5,0,6,24.68,,,313-17,11110,16
44,,2022,,,2022,우평 원더라움 스투디오,숭인동,"25,000",종로구,5,0,7,24.79,,,313-17,11110,11
45,,2014,신규,22.05~23.05,2022,숭인한양LEEPS,숭인동,"1,000",종로구,5,55,9,17.07,,,1421-2,11110,16
46,,2014,신규,22.06~23.06,2022,삼전솔하임4차,숭인동,"3,000",종로구,5,40,9,19.17,,,318-2,11110,6
47,,2005,신규,22.05~23.05,2022,동양파라빌,숭인동,"1,000",종로구,5,55,9,24.93,,,1388,11110,13
48,,2016,신규,22.05~23.05,2022,아이비씨 호텔 앤 오피스텔,숭인동,"1,000",종로구,5,63,10,21.62,,,1396,11110,9
49,,2005,신규,22.05~22.11,2022,엘리시앙오피스텔,숭인동,"1,000",종로구,5,80,10,57.75,,,200-33,11110,5
50,,2020,신규,22.06~23.06,2022,블루카운티 숭인Ⅰ,숭인동,"25,000",종로구,5,0,13,26.97,,,217-16,11110,3
51,,2022,신규,22.05~23.05,2022,우평 원더라움 스투디오,숭인동,"23,500",종로구,5,0,13,24.79,,,313-17,11110,3
52,,2020,신규,22.05~23.05,2022,헤스티아,숭인동,700,종로구,5,58,14,14.71,,,317-48,11110,11
53,,2005,신규,22.06~23.06,2022,동양파라빌,숭인동,500,종로구,5,55,14,24.93,,,1388,11110,2
54,,2020,신규,22.06~23.06,2022,블루카운티 숭인Ⅰ,숭인동,"2,000",종로구,5,80,14,26.88,,,217-16,11110,8
55,,2005,신규,22.05~24.05,2022,동양파라빌,숭인동,"1,000",종로구,5,60,14,27.09,,,1388,11110,7
56,,2022,,,2022,우평 원더라움 스투디오,숭인동,"23,000",종로구,5,0,14,24.79,,,313-17,11110,3
57,,2022,,,2022,우평 원더라움 스투디오,숭인동,"10,000",종로구,5,50,15,24.68,,,313-17,11110,9
58,,2013,신규,22.06~24.06,2022,종로 동광모닝스카이,숭인동,"13,000",종로구,5,0,15,19.95,,,1421-1,11110,6
59,,2004,신규,22.06~23.06,2022,롯데캐슬 천지인,숭인동,"1,000",종로구,5,80,17,39.6,,,76,11110,7
60,,2016,신규,22.06~23.06,2022,아이비씨 호텔 앤 오피스텔,숭인동,"1,000",종로구,5,63,18,21.59,,,1396,11110,13
61,,2013,신규,22.06~23.06,2022,(1392),숭인동,"5,000",종로구,5,34,19,20.18,,,1392,11110,4
62,,2016,신규,22.06~23.06,2022,아이비씨 호텔 앤 오피스텔,숭인동,"1,000",종로구,5,63,19,21.62,,,1396,11110,13
63,,2004,신규,22.05~23.05,2022,롯데캐슬 천지인,숭인동,"1,000",종로구,5,80,20,39.6,,,76,11110,8
64,,2017,신규,22.06~24.06,2022,블루빌,숭인동,"2,000",종로구,5,95,20,44.05,,,243,11110,3
65,,2005,신규,22.06~23.06,2022,동양파라빌,숭인동,"1,000",종로구,5,55,21,24.93,,,1388,11110,6
66,,2014,신규,22.06~24.06,2022,숭인한양LEEPS,숭인동,"2,500",종로구,5,45,21,17.07,,,1421-2,11110,12
67,,2022,신규,22.06~24.06,2022,우평 원더라움 스투디오,숭인동,"29,000",종로구,5,0,23,24.79,,,313-17,11110,18
68,,2022,신규,22.06~24.06,2022,우평 원더라움 스투디오,숭인동,"25,500",종로구,5,0,23,24.79,,,313-17,11110,11
69,,2022,신규,22.06~24.06,2022,우평 원더라움 스투디오,숭인동,"25,500",종로구,5,0,23,24.79,,,313-17,11110,6
70,,2016,신규,22.05~23.05,2022,아이비씨 호텔 앤 오피스텔,숭인동,"1,000",종로구,5,63,24,21.36,,,1396,11110,13
71,,2022,신규,22.06~23.06,2022,더 카르페디엠 종로 오피스텔,숭인동,"5,000",종로구,5,75,24,24.21,,,201-25,11110,16
72,,2005,신규,22.06~24.06,2022,동양파라빌,숭인동,"12,500",종로구,5,0,25,24.93,,,1388,11110,7
73,,2005,,,2022,경일오피스텔,숭인동,"1,000",종로구,5,50,26,22.42,,,1367,11110,12
74,,2005,신규,22.06~23.06,2022,동양파라빌,숭인동,"5,000",종로구,5,45,26,27.09,,,1388,11110,8
75,,2022,신규,22.06~24.06,2022,우평 원더라움 스투디오,숭인동,"28,000",종로구,5,0,27,24.79,,,313-17,11110,18
76,,2021,,,2022,숭인한성아펠시티,숭인동,"2,000",종로구,5,80,27,21.45,,,1368,11110,9
77,,2014,신규,22.06~23.06,2022,삼전솔하임4차,숭인동,500,종로구,5,60,28,19.17,,,318-2,11110,7
78,,2017,신규,22.07~24.07,2022,블루빌,숭인동,"27,000",종로구,5,0,28,44.05,,,243,11110,4
79,,2022,신규,22.06~23.06,2022,더 카르페디엠 종로 오피스텔,숭인동,"5,000",종로구,5,60,30,24.04,,,201-25,11110,2
80,,2013,신규,22.05~24.05,2022,그레이스탑,숭인동,"2,000",종로구,5,45,30,20.16,,,178-94,11110,3
81,,2013,신규,22.06~24.06,2022,종로유케이201,숭인동,"11,000",종로구,5,0,31,15.15,,,201-11,11110,4
82,,2017,신규,22.05~23.05,2022,경희궁자이,교북동,"1,000",종로구,5,100,9,25.91,,,126,11110,4
83,,2017,신규,22.06~23.06,2022,경희궁자이,교북동,"1,000",종로구,5,87,15,25.66,,,126,11110,2
84,,2005,신규,22.06~24.06,2022,세검정아트오피스텔,홍지동,"1,000",종로구,5,70,30,46.8,,,104-21,11110,1
0,,2008,신규,22.08~24.08,2022,광화문 풍림스페이스본,사직동,"3,000",종로구,6,100,7,39.54,,,9,11110,2
1,,2008,신규,22.07~23.07,2022,광화문 풍림스페이스본,사직동,"1,000",종로구,6,110,23,39.54,,,9,11110,11
2,,2004,,,2022,경희궁의 아침 2단지,내수동,"24,000",종로구,6,0,3,32.43,,,71,11110,8
3,,2004,신규,22.07~23.07,2022,광화문시대,내수동,"3,000",종로구,6,85,4,34.9,,,74,11110,12
4,,2004,신규,22.07~23.07,2022,경희궁의 아침 4단지,내수동,"22,000",종로구,6,0,4,28.24,,,73,11110,4
5,,2004,신규,22.07~23.07,2022,광화문시대,내수동,"11,000",종로구,6,55,5,38.88,,,74,11110,9
6,,2004,신규,22.06~23.06,2022,용비어천가,내수동,"27,000",종로구,6,0,7,45.98,,,75,11110,10
7,,2004,신규,22.06~24.06,2022,용비어천가,내수동,"1,000",종로구,6,100,8,37.56,,,75,11110,11
8,,2004,신규,22.07~23.07,2022,경희궁의 아침 2단지,내수동,"1,000",종로구,6,90,11,32.43,,,71,11110,15
9,,2004,신규,22.06~23.06,2022,용비어천가,내수동,"1,000",종로구,6,110,15,37.12,,,75,11110,15
10,,2004,신규,22.07~23.07,2022,용비어천가,내수동,"1,000",종로구,6,85,18,33,,,75,11110,10
11,,2004,신규,22.07~23.07,2022,용비어천가,내수동,"1,000",종로구,6,100,21,42.39,,,75,11110,7
12,,2004,신규,22.07~23.07,2022,광화문시대,내수동,"10,000",종로구,6,55,22,34.9,,,74,11110,9
13,,2004,신규,22.07~23.07,2022,광화문시대,내수동,"1,000",종로구,6,85,24,34.9,,,74,11110,13
14,,2004,신규,22.07~24.07,2022,광화문시대,내수동,"12,000",종로구,6,40,27,32.01,,,74,11110,9
15,,2004,신규,22.07~23.07,2022,용비어천가,내수동,"1,000",종로구,6,79,29,30.76,,,75,11110,8
16,사용,2020,갱신,22.09~24.09,2022,디팰리스,신문로2가,"66,000",종로구,6,0,11,53.75,"63,000",,171,11110,6
17,,2020,신규,22.09~23.09,2022,디팰리스,신문로2가,"30,000",종로구,6,215,23,53.75,,,171,11110,2
18,,2020,신규,22.08~23.08,2022,디팰리스,신문로2가,"2,000",종로구,6,199,25,40.15,,,171,11110,4
19,,2004,신규,22.06~23.06,2022,BIZ-WELL 종로 오피스텔,익선동,"1,000",종로구,6,65,25,23.14,,,34,11110,4
20,,2005,신규,22.07~24.07,2022,종로1번가,관철동,"2,000",종로구,6,63,6,24.64,,,155,11110,6
21,,2005,신규,22.06~23.06,2022,종로1번가,관철동,"1,000",종로구,6,70,8,23.98,,,155,11110,8
22,,2005,신규,22.07~24.07,2022,종로1번가,관철동,"1,000",종로구,6,68,9,18.68,,,155,11110,8
23,,2022,신규,22.06~23.06,2022,신일 해피트리앤,관수동,"8,000",종로구,6,50,6,19.34,,,4,11110,6
24,,2022,신규,22.06~23.06,2022,신일 해피트리앤,관수동,"1,000",종로구,6,85,9,19.34,,,4,11110,2
25,,2022,신규,22.06~24.06,2022,신일 해피트리앤,관수동,"25,500",종로구,6,0,18,19.34,,,4,11110,10
26,,2022,신규,22.07~23.07,2022,신일 해피트리앤,관수동,"1,000",종로구,6,95,30,19.34,,,4,11110,6
27,,2021,신규,22.06~24.09,2022,루비온오피스텔,인의동,100,종로구,6,32,20,18.2,,,28-26,11110,12
28,,2021,,,2022,루비온오피스텔,인의동,100,종로구,6,28,20,18.2,,,28-26,11110,3
29,,2021,신규,22.06~24.09,2022,루비온오피스텔,인의동,100,종로구,6,32,20,18.2,,,28-26,11110,8
30,,2021,,,2022,루비온오피스텔,인의동,"3,360",종로구,6,11,20,18.2,,,28-26,11110,6
31,,2021,,,2022,루비온오피스텔,인의동,"3,830",종로구,6,13,20,18.2,,,28-26,11110,9
32,,2021,,,2022,루비온오피스텔,인의동,100,종로구,6,31,20,18.2,,,28-26,11110,7
33,,2021,,,2022,루비온오피스텔,인의동,"3,460",종로구,6,11,20,18.2,,,28-26,11110,5
34,,2021,,,2022,루비온오피스텔,인의동,100,종로구,6,28,20,18.2,,,28-26,11110,6
35,,2003,신규,22.07~23.07,2022,코윈 팔레스뷰 오피스텔,원남동,"1,000",종로구,6,60,29,21.01,,,95,11110,5
36,,2022,신규,22.07~23.06,2022,더넥스트 종로,연지동,"3,000",종로구,6,60,17,18.66,,,56,11110,9
37,,2022,신규,22.07~23.07,2022,더넥스트 종로,연지동,"5,000",종로구,6,75,29,18.66,,,56,11110,6
38,사용,2020,갱신,22.06~23.06,2022,종로 웰라이프,창신동,"20,000",종로구,6,0,4,27.04,"20,000",,302-1,11110,4
39,,2020,신규,22.07~24.07,2022,종로 웰라이프,창신동,"19,950",종로구,6,0,15,24.94,,,302-1,11110,3
40,,2020,신규,22.07~24.07,2022,종로 웰라이프,창신동,"20,000",종로구,6,0,18,27.04,,,302-1,11110,3
41,,2021,신규,22.07~24.07,2022,(255-1),창신동,"27,000",종로구,6,0,20,20.53,,,255-1,11110,6
42,,2021,,22.07~24.07,2022,(255-1),창신동,"25,500",종로구,6,0,20,17.8,,,255-1,11110,10
43,사용,2020,갱신,22.07~24.07,2022,종로 웰라이프,창신동,"21,000",종로구,6,0,22,26.1,"20,000",,302-1,11110,4
44,,2020,,,2022,종로 웰라이프,창신동,"21,000",종로구,6,0,22,26.1,,,302-1,11110,4
45,,2021,신규,22.07~23.07,2022,(255-1),창신동,"3,000",종로구,6,58,29,16.01,,,255-1,11110,6
46,사용,2013,갱신,22.06~24.06,2022,버넷하임1,숭인동,"12,150",종로구,6,0,1,25.27,"11,700",,1421,11110,7
47,,2019,신규,22.06~24.06,2022,케이디오피스텔,숭인동,"3,000",종로구,6,60,1,18.56,,,217-26,11110,6
48,,2013,신규,23.02~25.02,2022,종로 아인스빌,숭인동,"12,500",종로구,6,0,3,17.88,,,1392-1,11110,4
49,,2013,신규,22.07~23.07,2022,종로 아인스빌,숭인동,"3,000",종로구,6,40,3,17.88,,,1392-1,11110,4
50,,2005,신규,22.07~23.06,2022,동양파라빌,숭인동,"1,000",종로구,6,60,3,27.09,,,1388,11110,7
51,,2022,신규,22.06~24.06,2022,우평 원더라움 스투디오,숭인동,"25,000",종로구,6,0,3,24.68,,,313-17,11110,18
52,,2014,신규,22.06~23.06,2022,숭인한양LEEPS,숭인동,500,종로구,6,55,3,17.07,,,1421-2,11110,14
53,,2022,신규,22.06~24.06,2022,우평 원더라움 스투디오,숭인동,"24,000",종로구,6,0,6,24.79,,,313-17,11110,5
54,,2005,신규,22.06~23.06,2022,동양파라빌,숭인동,"1,000",종로구,6,55,6,24.93,,,1388,11110,11
55,,2022,신규,22.06~23.06,2022,우평 원더라움 스투디오,숭인동,"2,000",종로구,6,90,7,24.79,,,313-17,11110,12
56,,2022,신규,22.06~24.06,2022,우평 원더라움 스투디오,숭인동,"25,000",종로구,6,0,7,24.79,,,313-17,11110,15
57,,2004,신규,22.06~23.06,2022,종로대우디오빌,숭인동,"1,000",종로구,6,65,7,29.65,,,310,11110,13
58,,2002,신규,22.06~24.06,2022,수석컴비즈텔,숭인동,"1,000",종로구,6,45,8,24.93,,,55-6,11110,4
59,,2022,신규,22.06~24.06,2022,우평 원더라움 스투디오,숭인동,"12,500",종로구,6,48,8,24.79,,,313-17,11110,5
60,,2013,신규,22.07~23.07,2022,종로 동광모닝스카이,숭인동,"2,000",종로구,6,50,9,19.95,,,1421-1,11110,5
61,사용,2016,갱신,22.06~24.06,2022,아이비씨 호텔 앤 오피스텔,숭인동,"14,175",종로구,6,0,9,21.62,"13,500",,1396,11110,12
62,,2012,,22.07~24.07,2022,삼전솔하임2차,숭인동,"11,025",종로구,6,0,10,18.87,,,296-19,11110,2
63,,2014,신규,22.07~23.07,2022,숭인한양LEEPS,숭인동,"1,000",종로구,6,53,10,17.07,,,1421-2,11110,15
64,,2022,신규,22.06~24.06,2022,우평 원더라움 스투디오,숭인동,"15,000",종로구,6,46,10,24.79,,,313-17,11110,15
65,,2022,,,2022,우평 원더라움 스투디오,숭인동,"24,000",종로구,6,0,11,24.79,,,313-17,11110,9
66,,2013,신규,22.06~23.06,2022,종로 중흥 S클래스,숭인동,500,종로구,6,55,11,22.44,,,202-3,11110,3
67,,2022,,,2022,우평 원더라움 스투디오,숭인동,"25,300",종로구,6,0,11,24.79,,,313-17,11110,17
68,,2005,,,2022,경일오피스텔,숭인동,"1,000",종로구,6,48,11,20.14,,,1367,11110,10
69,,2016,신규,22.07~23.07,2022,아이비씨 호텔 앤 오피스텔,숭인동,"1,000",종로구,6,63,13,21.62,,,1396,11110,17
70,,2013,신규,22.07~23.06,2022,종로 아인스빌,숭인동,"1,000",종로구,6,55,13,17.88,,,1392-1,11110,8
71,,2022,신규,22.07~24.07,2022,우평 원더라움 스투디오,숭인동,"24,000",종로구,6,0,14,24.79,,,313-17,11110,12
72,,2013,신규,22.07~24.07,2022,그레이스탑,숭인동,"2,000",종로구,6,45,14,20.16,,,178-94,11110,3
73,,2019,,,2022,케이디오피스텔,숭인동,"17,000",종로구,6,0,15,18.18,,,217-26,11110,3
74,,2014,신규,22.06~23.06,2022,디세븐,숭인동,500,종로구,6,42,15,15.04,,,313-12,11110,14
75,,2022,신규,22.06~24.06,2022,우평 원더라움 스투디오,숭인동,"24,500",종로구,6,0,15,24.79,,,313-17,11110,10
76,,2022,신규,22.07~24.07,2022,더 카르페디엠 종로 오피스텔,숭인동,"28,000",종로구,6,0,15,24.35,,,201-25,11110,12
77,,2022,신규,22.07~24.07,2022,우평 원더라움 스투디오,숭인동,"25,000",종로구,6,0,16,24.79,,,313-17,11110,15
78,,2013,갱신,22.06~24.06,2022,종로 아인스빌,숭인동,"12,900",종로구,6,0,16,17.88,"12,300",,1392-1,11110,2
79,,2005,신규,22.07~24.07,2022,동양파라빌,숭인동,"12,500",종로구,6,0,16,24.93,,,1388,11110,9
80,,2004,신규,22.06~23.06,2022,종로대우디오빌,숭인동,"1,000",종로구,6,70,16,29.65,,,310,11110,11
81,,2016,신규,22.06~23.06,2022,아이비씨 호텔 앤 오피스텔,숭인동,"1,000",종로구,6,63,17,21.36,,,1396,11110,6
82,,2005,,,2022,동양파라빌,숭인동,"1,000",종로구,6,60,17,27.09,,,1388,11110,4
83,,2016,신규,22.06~23.06,2022,아폴리움 오피스텔,숭인동,"2,000",종로구,6,45,18,15.2,,,201-7,11110,12
84,,2020,신규,22.08~24.08,2022,헤스티아,숭인동,"13,000",종로구,6,0,18,15.47,,,317-48,11110,9
85,,2020,신규,22.08~24.08,2022,헤스티아,숭인동,"14,100",종로구,6,0,18,15.47,,,317-48,11110,6
86,,2016,신규,22.07~23.07,2022,아이비씨 호텔 앤 오피스텔,숭인동,"1,000",종로구,6,63,18,21.59,,,1396,11110,15
87,,2014,신규,22.06~23.06,2022,디세븐,숭인동,500,종로구,6,47,20,15.46,,,313-12,11110,11
88,,2005,신규,22.07~23.07,2022,동양파라빌,숭인동,"1,000",종로구,6,60,20,27.09,,,1388,11110,10
89,,2004,신규,22.07~23.07,2022,롯데캐슬 천지인,숭인동,"1,000",종로구,6,75,20,39.6,,,76,11110,5
90,,2022,신규,22.06~24.06,2022,우평 원더라움 스투디오,숭인동,"24,800",종로구,6,0,21,24.68,,,313-17,11110,8
91,,2014,신규,22.07~23.07,2022,숭인한양LEEPS,숭인동,500,종로구,6,56,21,17.07,,,1421-2,11110,15
92,,2020,신규,22.07~24.06,2022,헤스티아,숭인동,"12,600",종로구,6,0,22,14.71,,,317-48,11110,5
93,,2014,신규,22.07~23.07,2022,삼전솔하임4차,숭인동,"4,000",종로구,6,35,23,19.17,,,318-2,11110,6
94,,2014,신규,22.07~23.07,2022,디세븐,숭인동,500,종로구,6,50,24,13.44,,,313-12,11110,5
95,,2022,신규,22.07~23.06,2022,더 카르페디엠 종로 오피스텔,숭인동,"10,000",종로구,6,60,25,24.35,,,201-25,11110,8
96,,2013,신규,22.08~24.08,2022,종로 아인스빌,숭인동,"14,700",종로구,6,0,25,17.88,,,1392-1,11110,7
97,,2022,신규,22.07~24.07,2022,우평 원더라움 스투디오,숭인동,"25,700",종로구,6,0,25,24.79,,,313-17,11110,10
98,,2013,신규,22.07~23.07,2022,종로 아인스빌,숭인동,"1,000",종로구,6,55,25,17.88,,,1392-1,11110,6
99,,2013,신규,22.07~23.07,2022,종로 아인스빌,숭인동,500,종로구,6,60,25,17.88,,,1392-1,11110,9
100,,2004,신규,22.07~23.07,2022,롯데캐슬 천지인,숭인동,"1,000",종로구,6,80,27,39.6,,,76,11110,3
101,사용,2020,갱신,22.08~24.08,2022,블루카운티 숭인Ⅰ,숭인동,"29,400",종로구,6,0,27,37.88,"28,000",,217-16,11110,8
102,,2016,신규,22.07~23.07,2022,아폴리움 오피스텔,숭인동,"3,000",종로구,6,45,27,15.2,,,201-7,11110,4
103,,2005,,,2022,엘리시앙오피스텔,숭인동,"1,000",종로구,6,42,29,20.64,,,200-33,11110,8
104,,2013,,22.07~24.07,2022,종로 아인스빌,숭인동,"13,000",종로구,6,0,30,17.88,,,1392-1,11110,4
105,,2017,신규,22.07~24.07,2022,경희궁자이,교북동,"1,000",종로구,6,115,22,31.75,,,126,11110,4
106,사용,2017,갱신,22.06~24.06,2022,경희궁자이,교북동,"23,100",종로구,6,0,25,25.91,"22,000",,126,11110,4
107,,2017,신규,22.08~23.08,2022,경희궁자이,교북동,"1,000",종로구,6,90,28,25.66,,,126,11110,2
108,,2017,신규,22.07~23.07,2022,경희궁자이,교북동,"30,000",종로구,6,0,30,25.91,,,126,11110,2
109,,2002,신규,22.07~23.06,2022,캐피탈오피스텔,부암동,"1,000",종로구,6,50,2,24.53,,,154-2,11110,2
0,,1998,신규,22.08~24.08,2022,파크뷰타워,필운동,"15,000",종로구,7,0,27,23.24,,,285-5,11110,7
1,사용,2008,갱신,22.07~24.07,2022,광화문 풍림스페이스본,사직동,"31,500",종로구,7,0,8,39.54,"30,000",,9,11110,2
2,,2004,신규,22.08~23.08,2022,용비어천가,내수동,"1,000",종로구,7,105,4,37.56,,,75,11110,14
3,,2004,신규,22.08~24.08,2022,경희궁의 아침 2단지,내수동,"1,000",종로구,7,90,5,32.43,,,71,11110,7
4,,2004,신규,22.08~23.08,2022,경희궁의 아침 2단지,내수동,"1,000",종로구,7,90,8,32.43,,,71,11110,12
5,,2004,신규,22.08~23.08,2022,용비어천가,내수동,"1,000",종로구,7,94,12,37.56,,,75,11110,9
6,,2004,신규,22.08~23.08,2022,용비어천가,내수동,"1,000",종로구,7,95,12,37.67,,,75,11110,3
7,,2004,신규,22.07~23.07,2022,광화문시대,내수동,"1,000",종로구,7,60,14,32.01,,,74,11110,11
8,,2004,신규,22.08~24.12,2022,경희궁의 아침 2단지,내수동,"2,000",종로구,7,145,16,51.02,,,71,11110,8
9,,2004,,,2022,용비어천가,내수동,"26,500",종로구,7,0,18,37.56,,,75,11110,10
10,,2004,신규,22.08~23.08,2022,용비어천가,내수동,"15,000",종로구,7,65,19,37.56,,,75,11110,15
11,,2004,신규,22.09~23.09,2022,경희궁의 아침 3단지,내수동,"15,000",종로구,7,140,19,62.92,,,72,11110,10
12,,2004,신규,22.08~24.08,2022,용비어천가,내수동,"1,000",종로구,7,89,21,37.56,,,75,11110,5
13,,2004,신규,22.08~23.08,2022,경희궁의 아침 4단지,내수동,"22,000",종로구,7,0,22,28.24,,,73,11110,9
14,,2004,신규,22.08~23.08,2022,경희궁의 아침 4단지,내수동,"1,000",종로구,7,80,22,28.24,,,73,11110,10
15,,2004,갱신,22.07~24.07,2022,광화문시대,내수동,"24,000",종로구,7,0,22,34.9,"23,000",,74,11110,6
16,,2004,신규,22.08~23.08,2022,광화문시대,내수동,"1,000",종로구,7,90,23,34.9,,,74,11110,14
17,,2004,신규,22.07~23.07,2022,광화문시대,내수동,"5,000",종로구,7,70,25,31.75,,,74,11110,4
18,,2004,신규,22.10~23.10,2022,경희궁의 아침 2단지,내수동,"1,500",종로구,7,145,25,51.02,,,71,11110,11
19,,2004,,,2022,용비어천가,내수동,"23,000",종로구,7,0,25,27.92,,,75,11110,17
20,,2004,신규,22.09~23.09,2022,용비어천가,내수동,"1,000",종로구,7,100,27,37.56,,,75,11110,16
21,,2004,신규,22.09~23.09,2022,광화문시대,내수동,"1,000",종로구,7,75,29,33.3,,,74,11110,10
22,,2004,신규,22.09~23.09,2022,용비어천가,내수동,"1,000",종로구,7,100,30,37.67,,,75,11110,9
23,,2004,신규,22.08~24.08,2022,경희궁의 아침 4단지,내수동,"29,000",종로구,7,0,30,41.74,,,73,11110,13
24,,2004,신규,22.07~23.07,2022,BIZ-WELL 종로 오피스텔,익선동,"3,000",종로구,7,35,21,17.2,,,34,11110,5
25,,2005,신규,22.07~23.07,2022,운현궁 에스케이 허브,경운동,"3,000",종로구,7,80,4,39.2,,,89-4,11110,5
26,,2005,신규,22.09~23.09,2022,운현궁 에스케이 허브,경운동,"10,000",종로구,7,60,16,35.36,,,89-4,11110,4
27,,2005,신규,22.08~23.08,2022,종로1번가,관철동,"1,000",종로구,7,65,20,23.86,,,155,11110,8
28,,2020,신규,22.07~23.07,2022,종로 하이뷰 디아트,관수동,"10,000",종로구,7,45,16,18.16,,,98-1,11110,9
29,,2022,신규,22.07~24.07,2022,신일 해피트리앤,관수동,"24,000",종로구,7,0,18,19.34,,,4,11110,10
30,,2020,갱신,22.11~23.11,2022,종로 하이뷰 디아트,관수동,"23,000",종로구,7,0,23,18.16,"22,000",,98-1,11110,9
31,사용,2020,갱신,22.10~23.03,2022,종로 하이뷰 디아트,관수동,"1,000",종로구,7,73,30,18.16,"1,000",70,98-1,11110,7
32,,2021,,,2022,루비온오피스텔,인의동,100,종로구,7,28,13,18.2,,,28-26,11110,4
33,,2021,,,2022,루비온오피스텔,인의동,100,종로구,7,28,13,18.2,,,28-26,11110,3
34,,2021,,,2022,루비온오피스텔,인의동,"3,930",종로구,7,13,18,18.2,,,28-26,11110,10
35,,2019,,,2022,주함해븐타워,연지동,60,종로구,7,32,13,18.52,,,193-2,11110,4
36,,2022,신규,22.07~23.07,2022,더넥스트 종로,연지동,"5,000",종로구,7,75,21,18.66,,,56,11110,6
37,,2022,신규,22.08~23.08,2022,더넥스트 종로,연지동,"1,000",종로구,7,85,21,18.66,,,56,11110,6
38,,2022,신규,22.08~24.08,2022,더넥스트 종로,연지동,"20,000",종로구,7,0,22,18.66,,,56,11110,5
39,,2022,,,2022,더넥스트 종로,연지동,"20,000",종로구,7,0,22,18.66,,,56,11110,5
40,,2022,신규,22.07~24.07,2022,더넥스트 종로,연지동,"12,000",종로구,7,40,23,18.66,,,56,11110,9
41,,2019,,,2022,로얄파크뷰,연지동,"2,000",종로구,7,70,25,18.66,,,238-5,11110,6
42,,2022,신규,22.08~24.08,2022,더넥스트 종로,연지동,"23,000",종로구,7,0,28,18.66,,,56,11110,10
43,,2020,신규,22.08~23.08,2022,센트럴시티대학로,효제동,"2,000",종로구,7,75,22,17.28,,,167,11110,11
44,,2001,신규,22.08~24.08,2022,대보마로니에텔,연건동,"1,000",종로구,7,75,28,26.52,,,206,11110,5
45,,2021,신규,,2022,(255-1),창신동,"27,000",종로구,7,0,5,20.53,,,255-1,11110,6
46,,2021,신규,22.08~23.08,2022,(255-1),창신동,"3,000",종로구,7,60,5,17.8,,,255-1,11110,11
47,,2021,,,2022,(255-1),창신동,"27,000",종로구,7,0,7,20.53,,,255-1,11110,7
48,,2021,,,2022,(255-1),창신동,"24,000",종로구,7,0,13,16.01,,,255-1,11110,6
49,사용,2020,갱신,22.09~24.09,2022,종로 웰라이프,창신동,"21,000",종로구,7,0,16,27.04,"20,000",,302-1,11110,2
50,,2021,신규,22.07~24.07,2022,(255-1),창신동,"27,000",종로구,7,0,28,20.53,,,255-1,11110,7
51,,2013,신규,22.07~24.07,2022,종로유케이201,숭인동,"9,000",종로구,7,0,1,15.49,,,201-11,11110,2
52,,2005,,,2022,경일오피스텔,숭인동,"2,000",종로구,7,40,2,18.82,,,1367,11110,5
53,,2020,신규,22.07~23.07,2022,블루카운티 숭인Ⅰ,숭인동,"1,000",종로구,7,85,2,26.63,,,217-16,11110,2
54,,2005,신규,22.08~23.08,2022,동양파라빌,숭인동,"2,000",종로구,7,55,2,27.09,,,1388,11110,12
55,,2013,신규,22.07~24.07,2022,(1392),숭인동,"12,000",종로구,7,0,2,18.64,,,1392,11110,3
56,,2022,신규,22.07~24.07,2022,한라 운종가,숭인동,"21,000",종로구,7,0,2,23.09,,,1425,11110,4
57,,2013,신규,22.08~24.08,2022,종로 아인스빌,숭인동,"14,700",종로구,7,0,3,17.88,,,1392-1,11110,8
58,,2013,신규,22.08~23.08,2022,(1392),숭인동,"4,000",종로구,7,37,4,19.84,,,1392,11110,5
59,,2022,신규,22.08~24.08,2022,한라 운종가,숭인동,"35,000",종로구,7,0,4,38.05,,,1425,11110,12
60,,2019,신규,22.08~24.08,2022,케이디오피스텔,숭인동,"17,000",종로구,7,0,4,18.56,,,217-26,11110,6
61,,2016,신규,22.07~23.07,2022,아폴리움 오피스텔,숭인동,"1,000",종로구,7,55,4,16.31,,,201-7,11110,10
62,,2016,신규,22.07~23.07,2022,아이비씨 호텔 앤 오피스텔,숭인동,"1,000",종로구,7,63,4,21.45,,,1396,11110,13
63,,2022,신규,22.08~24.08,2022,한라 운종가,숭인동,"43,500",종로구,7,0,5,43.95,,,1425,11110,15
64,,2013,,,2022,종로 동광모닝스카이,숭인동,500,종로구,7,60,5,19.95,,,1421-1,11110,7
65,,2016,신규,22.07~23.07,2022,아이비씨 호텔 앤 오피스텔,숭인동,"1,000",종로구,7,63,5,21.36,,,1396,11110,11
66,,2013,신규,22.07~24.07,2022,종로 동광모닝스카이,숭인동,"13,000",종로구,7,0,6,19.95,,,1421-1,11110,6
67,,2004,신규,22.07~23.07,2022,종로대우디오빌,숭인동,"1,000",종로구,7,65,6,28.89,,,310,11110,13
68,,2022,신규,22.08~23.08,2022,한라 운종가,숭인동,"2,000",종로구,7,150,6,43.95,,,1425,11110,3
69,,2005,신규,22.07~23.07,2022,경일오피스텔,숭인동,"2,000",종로구,7,43,7,20.14,,,1367,11110,3
70,사용,2016,갱신,22.08~24.08,2022,아이비씨 호텔 앤 오피스텔,숭인동,"27,300",종로구,7,0,7,45.43,"26,000",,1396,11110,20
71,,2014,신규,22.07~23.07,2022,삼전솔하임4차,숭인동,"3,000",종로구,7,41,7,19.17,,,318-2,11110,4
72,,2022,신규,22.07~23.07,2022,한라 운종가,숭인동,"3,000",종로구,7,75,7,21.53,,,1425,11110,12
73,,2016,갱신,,2022,아폴리움 오피스텔,숭인동,"13,500",종로구,7,0,8,16.31,"13,230",,201-7,11110,7
74,,2005,,,2022,경일오피스텔,숭인동,"1,000",종로구,7,55,9,25.68,,,1367,11110,12
75,,2013,신규,22.07~23.07,2022,종로 동광모닝스카이,숭인동,"11,000",종로구,7,0,9,19.95,,,1421-1,11110,4
76,,2022,신규,22.08~23.08,2022,우평 원더라움 스투디오,숭인동,"14,000",종로구,7,70,9,29.97,,,313-17,11110,15
77,,2020,신규,22.08~24.08,2022,헤스티아,숭인동,"13,100",종로구,7,0,9,13.12,,,317-48,11110,6
78,,2022,신규,22.07~23.07,2022,한라 운종가,숭인동,"2,000",종로구,7,150,9,41.48,,,1425,11110,4
79,,2022,신규,22.08~24.02,2022,더 카르페디엠 종로 오피스텔,숭인동,"26,000",종로구,7,0,10,24.21,,,201-25,11110,16
80,,2022,신규,22.07~24.07,2022,우평 원더라움 스투디오,숭인동,"25,000",종로구,7,0,10,24.68,,,313-17,11110,6
81,,2016,,,2022,아이비씨 호텔 앤 오피스텔,숭인동,"25,200",종로구,7,0,11,43.84,,,1396,11110,19
82,,2022,,,2022,한라 운종가,숭인동,"10,000",종로구,7,50,11,21.14,,,1425,11110,12
83,,2016,신규,22.08~23.08,2022,아이비씨 호텔 앤 오피스텔,숭인동,"1,000",종로구,7,63,11,21.62,,,1396,11110,13
84,,2022,신규,22.07~23.07,2022,한라 운종가,숭인동,"1,000",종로구,7,75,12,21.14,,,1425,11110,4
85,사용,2016,갱신,22.08~24.08,2022,아이비씨 호텔 앤 오피스텔,숭인동,"27,300",종로구,7,0,13,43.78,"26,000",,1396,11110,20
86,,2022,신규,22.08~24.08,2022,한라 운종가,숭인동,"20,000",종로구,7,0,13,21.53,,,1425,11110,12
87,,2013,신규,22.08~23.08,2022,종로 동광모닝스카이,숭인동,500,종로구,7,57,13,19.95,,,1421-1,11110,2
88,,2022,신규,22.07~23.07,2022,한라 운종가,숭인동,"1,000",종로구,7,85,13,21.14,,,1425,11110,9
89,,2022,신규,22.07~23.07,2022,한라 운종가,숭인동,"1,000",종로구,7,80,14,23.04,,,1425,11110,9
90,,2021,신규,22.08~24.08,2022,숭인한성아펠시티,숭인동,"15,000",종로구,7,40,14,20.51,,,1368,11110,16
91,,2022,신규,22.08~23.08,2022,한라 운종가,숭인동,"1,000",종로구,7,90,14,21.14,,,1425,11110,4
92,,2004,신규,22.07~23.07,2022,롯데캐슬 천지인,숭인동,"1,000",종로구,7,80,14,39.6,,,76,11110,7
93,,2022,신규,22.08~23.08,2022,한라 운종가,숭인동,"1,000",종로구,7,90,14,21.14,,,1425,11110,12
94,,2013,신규,22.07~23.07,2022,종로 중흥 S클래스,숭인동,"1,000",종로구,7,53,14,22.44,,,202-3,11110,2
95,,2022,신규,22.07~24.07,2022,한라 운종가,숭인동,"19,000",종로구,7,0,15,21.53,,,1425,11110,6
96,,2022,신규,22.08~24.08,2022,한라 운종가,숭인동,"20,000",종로구,7,0,15,21.14,,,1425,11110,4
97,,2022,신규,22.08~23.07,2022,더 카르페디엠 종로 오피스텔,숭인동,"20,000",종로구,7,0,15,24.21,,,201-25,11110,15
98,,2022,신규,22.07~24.07,2022,한라 운종가,숭인동,"10,000",종로구,7,60,16,21.14,,,1425,11110,6
99,,2022,신규,22.07~23.07,2022,한라 운종가,숭인동,"1,000",종로구,7,90,16,24.54,,,1425,11110,6
100,,2016,신규,22.07~23.07,2022,아이비씨 호텔 앤 오피스텔,숭인동,"1,000",종로구,7,63,16,21.45,,,1396,11110,9
101,,2022,신규,22.07~24.07,2022,한라 운종가,숭인동,"1,000",종로구,7,80,16,21.53,,,1425,11110,9
102,,2022,신규,22.08~24.08,2022,한라 운종가,숭인동,"20,000",종로구,7,0,18,21.14,,,1425,11110,16
103,,2022,신규,22.07~23.07,2022,한라 운종가,숭인동,"1,000",종로구,7,90,18,23.09,,,1425,11110,8
104,사용,2016,갱신,22.08~24.08,2022,아이비씨 호텔 앤 오피스텔,숭인동,"25,200",종로구,7,0,18,43.48,"24,000",,1396,11110,19
105,,2014,신규,22.07~23.07,2022,숭인한양LEEPS,숭인동,"1,000",종로구,7,55,18,17.07,,,1421-2,11110,14
106,,2022,신규,22.08~24.08,2022,한라 운종가,숭인동,"20,000",종로구,7,0,19,21.14,,,1425,11110,5
107,,2022,신규,22.08~23.08,2022,한라 운종가,숭인동,"1,000",종로구,7,90,19,21.14,,,1425,11110,5
108,,2022,신규,22.07~23.07,2022,한라 운종가,숭인동,"1,000",종로구,7,90,19,21.14,,,1425,11110,6
109,사용,2020,갱신,22.09~24.09,2022,헤스티아,숭인동,"2,000",종로구,7,42,19,13.12,"2,000",40,317-48,11110,9
110,,2022,,,2022,우평 원더라움 스투디오,숭인동,"24,000",종로구,7,0,19,24.79,,,313-17,11110,15
111,,2022,신규,22.07~23.07,2022,한라 운종가,숭인동,"1,000",종로구,7,90,19,22.55,,,1425,11110,7
112,,2022,신규,22.08~23.08,2022,한라 운종가,숭인동,"10,000",종로구,7,60,20,21.53,,,1425,11110,8
113,,2022,신규,22.08~24.08,2022,한라 운종가,숭인동,"20,000",종로구,7,0,20,21.14,,,1425,11110,5
114,,2022,신규,22.07~23.07,2022,더 카르페디엠 종로 오피스텔,숭인동,"3,000",종로구,7,85,20,24.35,,,201-25,11110,10
115,,2022,신규,22.08~24.08,2022,한라 운종가,숭인동,"19,000",종로구,7,0,20,21.14,,,1425,11110,9
116,,2005,신규,22.08~23.08,2022,경일오피스텔,숭인동,"1,000",종로구,7,50,20,22.55,,,1367,11110,8
117,,2020,갱신,22.08~24.08,2022,헤스티아,숭인동,"13,500",종로구,7,0,20,15.47,"13,500",,317-48,11110,11
118,,2022,신규,22.08~24.08,2022,더 카르페디엠 종로 오피스텔,숭인동,"24,500",종로구,7,0,20,24.35,,,201-25,11110,11
119,,2022,신규,22.08~24.08,2022,한라 운종가,숭인동,"20,000",종로구,7,0,21,21.14,,,1425,11110,9
120,,2005,,,2022,경일오피스텔,숭인동,"3,000",종로구,7,35,21,18.82,,,1367,11110,5
121,,2022,신규,22.08~24.08,2022,한라 운종가,숭인동,"22,000",종로구,7,0,21,19.65,,,1425,11110,21
122,,2022,신규,22.08~24.08,2022,한라 운종가,숭인동,"20,000",종로구,7,0,21,21.14,,,1425,11110,6
123,,2022,신규,22.08~24.08,2022,한라 운종가,숭인동,"1,000",종로구,7,80,21,19.65,,,1425,11110,6
124,,2022,신규,22.07~23.07,2022,한라 운종가,숭인동,"1,000",종로구,7,85,21,21.14,,,1425,11110,8
125,,2022,,,2022,더 카르페디엠 종로 오피스텔,숭인동,"21,000",종로구,7,0,21,24.21,,,201-25,11110,3
126,,2022,신규,22.08~23.08,2022,한라 운종가,숭인동,"15,000",종로구,7,40,21,21.14,,,1425,11110,14
127,,2022,신규,22.08~23.08,2022,한라 운종가,숭인동,"1,000",종로구,7,100,22,23.04,,,1425,11110,6
128,,2022,신규,22.08~23.08,2022,한라 운종가,숭인동,"1,000",종로구,7,95,22,21.53,,,1425,11110,13
129,,2005,신규,22.08~23.08,2022,동양파라빌,숭인동,"1,000",종로구,7,120,22,54.81,,,1388,11110,2
130,,2022,신규,22.07~23.07,2022,한라 운종가,숭인동,"17,000",종로구,7,25,22,21.14,,,1425,11110,11
131,,2022,,,2022,한라 운종가,숭인동,"22,000",종로구,7,0,22,22.75,,,1425,11110,14
132,,2022,,,2022,더 카르페디엠 종로 오피스텔,숭인동,"24,000",종로구,7,0,22,24.21,,,201-25,11110,12
133,,2022,신규,22.08~24.08,2022,한라 운종가,숭인동,"22,000",종로구,7,0,22,21.53,,,1425,11110,15
134,,2022,신규,22.07~24.07,2022,우평 원더라움 스투디오,숭인동,"26,500",종로구,7,0,22,24.79,,,313-17,11110,7
135,,2022,신규,22.08~23.08,2022,한라 운종가,숭인동,"15,000",종로구,7,45,23,21.14,,,1425,11110,9
136,,2022,신규,22.08~24.08,2022,한라 운종가,숭인동,"21,000",종로구,7,0,23,21.71,,,1425,11110,11
137,,2022,,,2022,더 카르페디엠 종로 오피스텔,숭인동,"23,000",종로구,7,0,23,23.66,,,201-25,11110,5
138,,2019,신규,22.08~23.08,2022,케이디오피스텔,숭인동,"2,000",종로구,7,60,23,18.18,,,217-26,11110,5
139,,2022,신규,22.07~23.07,2022,한라 운종가,숭인동,"3,000",종로구,7,75,23,21.14,,,1425,11110,6
140,,2022,신규,22.08~24.07,2022,한라 운종가,숭인동,"10,000",종로구,7,60,23,20.67,,,1425,11110,15
141,,2022,신규,22.08~23.08,2022,한라 운종가,숭인동,"1,000",종로구,7,100,23,21.71,,,1425,11110,10
142,,2022,신규,22.08~23.08,2022,한라 운종가,숭인동,"1,000",종로구,7,95,23,21.14,,,1425,11110,8
143,,2013,신규,22.09~23.09,2022,종로 중흥 S클래스,숭인동,"1,000",종로구,7,57,23,23.97,,,202-3,11110,4
144,,2022,신규,22.08~23.08,2022,한라 운종가,숭인동,"10,000",종로구,7,55,23,24.75,,,1425,11110,5
145,,2022,,,2022,한라 운종가,숭인동,"2,000",종로구,7,80,23,21.14,,,1425,11110,5
146,,2014,갱신,22.08~23.08,2022,디세븐,숭인동,500,종로구,7,47,23,15.46,500,45,313-12,11110,5
147,,2022,신규,22.07~24.07,2022,한라 운종가,숭인동,"21,000",종로구,7,0,25,21.53,,,1425,11110,16
148,,2022,,,2022,한라 운종가,숭인동,"20,000",종로구,7,0,25,21.14,,,1425,11110,4
149,,2022,신규,22.08~24.08,2022,더 카르페디엠 종로 오피스텔,숭인동,"22,000",종로구,7,0,25,24.21,,,201-25,11110,9
150,,2022,신규,22.08~24.08,2022,더 카르페디엠 종로 오피스텔,숭인동,"25,000",종로구,7,0,25,23.66,,,201-25,11110,13
151,,2022,신규,22.08~23.08,2022,한라 운종가,숭인동,"1,000",종로구,7,88,26,21.14,,,1425,11110,5
152,,2013,신규,22.09~23.09,2022,종로 아인스빌,숭인동,"4,000",종로구,7,35,26,17.88,,,1392-1,11110,4
153,,2022,신규,22.08~24.08,2022,우평 원더라움 스투디오,숭인동,"26,000",종로구,7,0,26,24.79,,,313-17,11110,9
154,사용,2016,갱신,22.08~24.08,2022,아이비씨 호텔 앤 오피스텔,숭인동,"27,300",종로구,7,0,26,43.84,"26,000",,1396,11110,20
155,,2020,,,2022,헤스티아,숭인동,"13,100",종로구,7,0,26,14.71,,,317-48,11110,17
156,,2022,신규,22.08~23.08,2022,한라 운종가,숭인동,"1,000",종로구,7,85,26,21.53,,,1425,11110,4
157,,2022,신규,22.08~24.08,2022,한라 운종가,숭인동,"20,000",종로구,7,0,26,21.14,,,1425,11110,11
158,,2022,신규,22.08~24.08,2022,한라 운종가,숭인동,"1,000",종로구,7,90,26,21.14,,,1425,11110,15
159,,2022,신규,22.08~24.08,2022,더 카르페디엠 종로 오피스텔,숭인동,"20,000",종로구,7,0,27,24.21,,,201-25,11110,7
160,,2020,신규,22.08~24.08,2022,헤스티아,숭인동,"14,100",종로구,7,0,27,15.47,,,317-48,11110,6
161,,2016,신규,22.08~23.08,2022,아이비씨 호텔 앤 오피스텔,숭인동,"1,000",종로구,7,63,27,21.59,,,1396,11110,13
162,,2022,,,2022,더 카르페디엠 종로 오피스텔,숭인동,"23,000",종로구,7,0,27,24.35,,,201-25,11110,5
163,,2004,신규,22.08~23.08,2022,롯데캐슬 천지인,숭인동,"1,000",종로구,7,80,27,39.6,,,76,11110,14
164,,2014,신규,22.09~23.09,2022,디세븐,숭인동,500,종로구,7,47,27,15.62,,,313-12,11110,13
165,,2022,신규,22.08~23.08,2022,한라 운종가,숭인동,"1,000",종로구,7,110,28,23.09,,,1425,11110,16
166,,2022,신규,22.08~24.08,2022,한라 운종가,숭인동,"19,000",종로구,7,0,28,19.65,,,1425,11110,14
167,,2020,갱신,22.10~24.10,2022,헤스티아,숭인동,"12,600",종로구,7,0,28,14.9,"12,000",,317-48,11110,8
168,,2016,신규,22.07~23.07,2022,아이비씨 호텔 앤 오피스텔,숭인동,"2,000",종로구,7,120,29,43.84,,,1396,11110,19
169,,2020,갱신,22.08~24.08,2022,헤스티아,숭인동,"13,125",종로구,7,0,30,15.47,"12,500",,317-48,11110,3
170,,2022,신규,22.08~24.08,2022,한라 운종가,숭인동,"20,000",종로구,7,40,30,36.49,,,1425,11110,13
171,,2022,신규,22.08~24.08,2022,더 카르페디엠 종로 오피스텔,숭인동,"5,000",종로구,7,75,30,24.21,,,201-25,11110,16
172,,2022,신규,22.08~24.08,2022,한라 운종가,숭인동,"21,500",종로구,7,0,30,23.04,,,1425,11110,6
173,,2022,신규,22.08~23.08,2022,한라 운종가,숭인동,"22,000",종로구,7,0,30,21.14,,,1425,11110,7
174,,2022,신규,22.08~23.08,2022,한라 운종가,숭인동,"5,000",종로구,7,130,30,36.49,,,1425,11110,11
175,,2022,,,2022,한라 운종가,숭인동,"10,000",종로구,7,50,30,21.14,,,1425,11110,9
176,,2022,신규,22.08~23.08,2022,한라 운종가,숭인동,"5,000",종로구,7,150,31,41.48,,,1425,11110,13
177,,2017,갱신,22.07~24.07,2022,경희궁자이,교북동,"32,500",종로구,7,0,11,25.91,"25,200",,126,11110,5
178,,2017,신규,22.07~23.07,2022,경희궁자이,교북동,"1,000",종로구,7,100,14,25.91,,,126,11110,5
179,,2017,갱신,22.08~24.08,2022,경희궁자이,교북동,"25,350",종로구,7,4,15,27.62,"25,350",,126,11110,4
0,,2008,,22.09~24.08,2022,광화문 풍림스페이스본,사직동,"5,000",종로구,8,94,1,39.54,,,9,11110,6
1,,2008,,,2022,광화문 풍림스페이스본,사직동,"30,000",종로구,8,0,29,39.54,,,9,11110,4
2,,2004,신규,22.08~24.08,2022,경희궁의 아침 2단지,내수동,"23,300",종로구,8,0,1,28.9,,,71,11110,5
3,,2004,신규,22.08~23.08,2022,용비어천가,내수동,"23,500",종로구,8,0,4,30.42,,,75,11110,5
4,,2004,신규,22.10~23.10,2022,용비어천가,내수동,"1,000",종로구,8,95,8,37.12,,,75,11110,8
5,,2004,신규,22.09~23.09,2022,용비어천가,내수동,"1,000",종로구,8,95,9,37.56,,,75,11110,14
6,,2004,신규,22.08~23.08,2022,용비어천가,내수동,"2,000",종로구,8,160,11,54.86,,,75,11110,10
7,,2004,신규,22.08~23.08,2022,용비어천가,내수동,"1,000",종로구,8,95,12,33,,,75,11110,7
8,,2004,신규,22.08~24.08,2022,용비어천가,내수동,"1,000",종로구,8,80,12,30.76,,,75,11110,14
9,,2004,신규,22.09~24.09,2022,광화문시대,내수동,"26,000",종로구,8,0,15,40.26,,,74,11110,11
10,,2004,,,2022,경희궁의 아침 3단지,내수동,"26,000",종로구,8,0,16,37.5,,,72,11110,5
11,,2004,신규,22.08~24.02,2022,광화문시대,내수동,"27,000",종로구,8,0,23,40.26,,,74,11110,9
12,,2004,신규,22.10~23.09,2022,광화문시대,내수동,"1,000",종로구,8,90,24,34.9,,,74,11110,14
13,사용,2004,갱신,22.09~24.09,2022,용비어천가,내수동,"26,000",종로구,8,0,25,42.39,"25,000",,75,11110,15
14,,2004,신규,22.09~24.09,2022,경희궁의 아침 2단지,내수동,"51,000",종로구,8,0,25,57.8,,,71,11110,16
15,,2004,신규,22.10~24.09,2022,광화문시대,내수동,"1,000",종로구,8,100,26,38.88,,,74,11110,11
16,,2004,신규,22.10~23.10,2022,경희궁의 아침 4단지,내수동,"4,000",종로구,8,90,29,41.74,,,73,11110,4
17,,2004,,,2022,용비어천가,내수동,"5,000",종로구,8,105,30,37.56,,,75,11110,14
18,,2020,신규,22.09~23.09,2022,디팰리스,신문로2가,"5,000",종로구,8,400,13,70.7,,,171,11110,2
19,,2004,신규,,2022,BIZ-WELL 종로 오피스텔,익선동,"1,000",종로구,8,58,29,23.27,,,34,11110,9
20,,2005,신규,22.10~23.10,2022,운현궁 에스케이 허브,경운동,"25,000",종로구,8,0,3,41.94,,,89-4,11110,5
21,,2005,갱신,,2022,운현궁 에스케이 허브,경운동,"1,000",종로구,8,85,16,30.28,"1,000",85,89-4,11110,6
22,,2005,신규,22.10~23.10,2022,운현궁 에스케이 허브,경운동,"8,000",종로구,8,40,31,35.36,,,89-4,11110,5
23,,2020,신규,22.10~24.10,2022,종로 하이뷰 디아트,관수동,"22,000",종로구,8,0,23,18.16,,,98-1,11110,6
24,,2020,신규,22.09~24.09,2022,종로 하이뷰 디아트,관수동,"21,500",종로구,8,0,24,18.16,,,98-1,11110,9
25,,2020,신규,22.08~23.08,2022,종로 하이뷰 디아트,관수동,"1,000",종로구,8,80,27,18.16,,,98-1,11110,9
26,,2020,신규,22.10~23.10,2022,종로 하이뷰 디아트,관수동,"1,800",종로구,8,71,31,18.16,,,98-1,11110,4
27,,2021,신규,22.09~23.09,2022,루비온오피스텔,인의동,"1,000",종로구,8,85,9,18.2,,,28-26,11110,10
28,,2021,신규,22.08~22.11,2022,루비온오피스텔,인의동,"3,000",종로구,8,70,17,18.2,,,28-26,11110,11
29,,2003,신규,22.09~23.09,2022,코윈 팔레스뷰 오피스텔,원남동,"2,000",종로구,8,65,1,24.03,,,95,11110,6
30,,2003,신규,22.08~24.08,2022,코윈 팔레스뷰 오피스텔,원남동,"20,000",종로구,8,0,1,24.03,,,95,11110,5
31,,2022,신규,22.08~23.08,2022,휴스턴오피스텔 창경궁 C,원남동,"3,000",종로구,8,145,23,36.62,,,66-6,11110,8
32,,2022,신규,22.09~24.09,2022,휴스턴오피스텔 창경궁 C,원남동,"18,000",종로구,8,25,25,21.99,,,66-6,11110,5
33,,2019,신규,22.08~24.08,2022,리베르떼_연지,연지동,"1,000",종로구,8,70,3,19.93,,,222,11110,2
34,,2022,신규,22.08~24.02,2022,더넥스트 종로,연지동,"18,000",종로구,8,0,6,18.66,,,56,11110,6
35,,2022,신규,22.08~24.08,2022,더넥스트 종로,연지동,"23,000",종로구,8,0,8,18.66,,,56,11110,10
36,,2022,신규,22.08~24.08,2022,더넥스트 종로,연지동,"23,000",종로구,8,0,8,18.66,,,56,11110,10
37,,2022,,,2022,더넥스트 종로,연지동,"20,000",종로구,8,0,9,18.66,,,56,11110,5
38,,2022,신규,22.09~24.09,2022,더넥스트 종로,연지동,"21,000",종로구,8,0,23,18.66,,,56,11110,5
39,,2022,신규,22.09~24.09,2022,더넥스트 종로,연지동,"23,000",종로구,8,0,24,18.66,,,56,11110,5
40,,2022,신규,22.08~24.08,2022,더넥스트 종로,연지동,"20,880",종로구,8,0,24,18.66,,,56,11110,2
41,,2022,,,2022,더넥스트 종로,연지동,"22,000",종로구,8,0,27,18.66,,,56,11110,2
42,,2022,신규,22.09~24.08,2022,더넥스트 종로,연지동,"22,000",종로구,8,0,27,18.66,,,56,11110,8
43,사용,2017,갱신,22.08~23.08,2022,포레스트힐시티,효제동,"1,000",종로구,8,79,1,28.86,"1,000",75,65-2,11110,3
44,,2001,신규,22.08~24.02,2022,대보마로니에텔,연건동,"1,000",종로구,8,75,6,26.52,,,206,11110,6
45,,2020,,,2022,종로 웰라이프,창신동,"17,000",종로구,8,0,18,24.2,,,302-1,11110,1
46,,2021,신규,22.09~24.09,2022,(255-1),창신동,"5,000",종로구,8,50,22,19.37,,,255-1,11110,8
47,,2016,신규,22.08~23.08,2022,아폴리움 오피스텔,숭인동,"1,500",종로구,8,52,1,16.31,,,201-7,11110,11
48,,2022,신규,22.08~24.08,2022,한라 운종가,숭인동,"10,000",종로구,8,50,1,21.14,,,1425,11110,11
49,,2022,신규,22.08~24.08,2022,한라 운종가,숭인동,"20,000",종로구,8,90,1,43.95,,,1425,11110,10
50,,2022,신규,22.08~24.08,2022,한라 운종가,숭인동,"20,000",종로구,8,0,1,23.09,,,1425,11110,9
51,사용,2016,갱신,22.10~24.10,2022,아이비씨 호텔 앤 오피스텔,숭인동,"14,175",종로구,8,0,2,21.45,"13,500",,1396,11110,10
52,,2022,신규,22.08~23.08,2022,한라 운종가,숭인동,"1,000",종로구,8,88,3,21.71,,,1425,11110,5
53,,2022,신규,22.08~23.08,2022,한라 운종가,숭인동,"1,000",종로구,8,95,3,21.14,,,1425,11110,16
54,,2022,신규,22.08~23.08,2022,한라 운종가,숭인동,"1,000",종로구,8,88,3,21.14,,,1425,11110,9
55,,2022,신규,22.08~23.08,2022,한라 운종가,숭인동,500,종로구,8,100,4,20.67,,,1425,11110,9
56,,2016,신규,22.08~23.08,2022,아이비씨 호텔 앤 오피스텔,숭인동,"1,000",종로구,8,63,4,21.36,,,1396,11110,7
57,,2013,신규,22.09~24.09,2022,버넷하임1,숭인동,"13,500",종로구,8,0,4,24.77,,,1421,11110,10
58,,2016,신규,22.08~23.08,2022,아이비씨 호텔 앤 오피스텔,숭인동,"2,000",종로구,8,120,4,43.84,,,1396,11110,19
59,,2005,신규,22.08~23.08,2022,동양파라빌,숭인동,"1,000",종로구,8,55,4,24.93,,,1388,11110,12
60,,2022,신규,22.08~24.08,2022,한라 운종가,숭인동,"21,000",종로구,8,0,4,22.55,,,1425,11110,13
61,,2022,신규,22.08~23.08,2022,한라 운종가,숭인동,"5,000",종로구,8,80,5,24.75,,,1425,11110,13
62,,2020,신규,22.09~23.09,2022,헤스티아,숭인동,"1,000",종로구,8,55,5,14.9,,,317-48,11110,7
63,,2022,신규,22.08~24.08,2022,한라 운종가,숭인동,"3,000",종로구,8,140,5,39.07,,,1425,11110,8
64,,2022,신규,22.08~24.08,2022,한라 운종가,숭인동,500,종로구,8,40,6,36.49,,,1425,11110,14
65,,2022,신규,22.08~24.08,2022,한라 운종가,숭인동,"21,000",종로구,8,0,6,21.53,,,1425,11110,9
66,,2022,신규,22.08~23.08,2022,한라 운종가,숭인동,"2,000",종로구,8,85,6,21.14,,,1425,11110,13
67,,2016,,,2022,아폴리움 오피스텔,숭인동,"13,800",종로구,8,6,6,16.31,,,201-7,11110,3
68,,2022,신규,22.08~23.08,2022,한라 운종가,숭인동,"10,000",종로구,8,50,6,19.65,,,1425,11110,8
69,,2022,신규,22.09~24.09,2022,한라 운종가,숭인동,"45,000",종로구,8,0,7,49.19,,,1425,11110,11
70,,2022,신규,22.08~24.08,2022,한라 운종가,숭인동,"20,000",종로구,8,0,8,21.71,,,1425,11110,10
71,,2022,신규,22.08~24.08,2022,한라 운종가,숭인동,"5,000",종로구,8,70,8,39.07,,,1425,11110,9
72,,2022,신규,22.08~23.08,2022,한라 운종가,숭인동,"1,000",종로구,8,100,8,21.14,,,1425,11110,4
73,,2022,신규,22.08~24.08,2022,한라 운종가,숭인동,"21,000",종로구,8,0,9,21.14,,,1425,11110,7
74,,2022,,,2022,한라 운종가,숭인동,"20,000",종로구,8,100,9,43.95,,,1425,11110,6
75,,2022,신규,22.09~23.09,2022,한라 운종가,숭인동,"5,000",종로구,8,80,9,21.53,,,1425,11110,7
76,,2022,신규,22.08~24.08,2022,한라 운종가,숭인동,"45,000",종로구,8,0,9,49.19,,,1425,11110,8
77,,2016,,,2022,아폴리움 오피스텔,숭인동,"13,500",종로구,8,0,10,16.31,,,201-7,11110,6
78,,2022,,,2022,동대문 아이리스,숭인동,"5,000",종로구,8,85,10,25.34,,,317-58,11110,6
79,,2013,,,2022,종로유케이201,숭인동,"13,800",종로구,8,0,10,15.24,,,201-11,11110,5
80,,2002,신규,22.09~24.09,2022,수석컴비즈텔,숭인동,"9,700",종로구,8,10,11,23.84,,,55-6,11110,6
81,,2022,신규,22.08~23.08,2022,한라 운종가,숭인동,"15,000",종로구,8,210,11,46.98,,,1425,11110,17
82,,2022,신규,22.09~24.09,2022,더 카르페디엠 종로 오피스텔,숭인동,"22,500",종로구,8,0,11,24.21,,,201-25,11110,11
83,,2014,신규,22.09~24.09,2022,디세븐,숭인동,"11,000",종로구,8,0,11,15.04,,,313-12,11110,7
84,,2022,신규,22.08~23.08,2022,한라 운종가,숭인동,"5,000",종로구,8,160,12,43.95,,,1425,11110,8
85,,2022,신규,22.08~24.08,2022,한라 운종가,숭인동,"23,000",종로구,8,0,12,23.09,,,1425,11110,18
86,,2005,신규,22.09~23.09,2022,엘리시앙오피스텔,숭인동,500,종로구,8,53,12,34.38,,,200-33,11110,5
87,,2022,신규,22.08~24.08,2022,한라 운종가,숭인동,"2,000",종로구,8,115,12,24.54,,,1425,11110,7
88,사용,2020,갱신,22.09~24.09,2022,헤스티아,숭인동,"14,300",종로구,8,0,13,15.28,"13,700",,317-48,11110,17
89,,2022,신규,22.09~24.09,2022,한라 운종가,숭인동,"20,000",종로구,8,0,13,21.71,,,1425,11110,9
90,,2004,신규,22.08~23.08,2022,롯데캐슬 천지인,숭인동,"1,000",종로구,8,85,13,39.6,,,76,11110,15
91,,2022,신규,22.08~23.08,2022,한라 운종가,숭인동,"10,000",종로구,8,45,15,21.14,,,1425,11110,14
92,,2022,신규,22.08~24.08,2022,한라 운종가,숭인동,"5,000",종로구,8,120,15,36.49,,,1425,11110,14
93,,2022,신규,22.09~24.09,2022,더 카르페디엠 종로 오피스텔,숭인동,"23,000",종로구,8,0,16,24.21,,,201-25,11110,16
94,,2022,신규,22.08~23.08,2022,한라 운종가,숭인동,"1,000",종로구,8,90,16,19.65,,,1425,11110,11
95,,2013,신규,22.09~24.09,2022,버넷하임1,숭인동,"16,500",종로구,8,0,16,34.49,,,1421,11110,2
96,,2020,신규,22.09~24.09,2022,헤스티아,숭인동,"13,100",종로구,8,0,16,14.9,,,317-48,11110,13
97,사용,2014,갱신,22.08~24.08,2022,삼전솔하임4차,숭인동,"11,300",종로구,8,0,16,19.17,"10,800",,318-2,11110,4
98,,2022,신규,22.09~24.09,2022,한라 운종가,숭인동,"22,000",종로구,8,0,16,21.71,,,1425,11110,18
99,사용,2020,갱신,22.08~24.08,2022,헤스티아,숭인동,"14,000",종로구,8,0,16,15.28,"13,500",,317-48,11110,11
100,,2016,신규,22.08~23.08,2022,아이비씨 호텔 앤 오피스텔,숭인동,"1,000",종로구,8,63,16,21.62,,,1396,11110,7
101,,2013,신규,22.09~24.09,2022,종로유케이201,숭인동,"10,400",종로구,8,0,17,15.46,,,201-11,11110,3
102,,2016,갱신,22.09~23.09,2022,아이비씨 호텔 앤 오피스텔,숭인동,"10,000",종로구,8,63,17,43.29,"10,000",60,1396,11110,20
103,,2022,신규,22.08~24.08,2022,한라 운종가,숭인동,"21,000",종로구,8,0,17,21.53,,,1425,11110,7
104,,2022,신규,22.09~24.09,2022,한라 운종가,숭인동,"20,000",종로구,8,0,17,21.14,,,1425,11110,6
105,,2016,신규,22.08~23.08,2022,아이비씨 호텔 앤 오피스텔,숭인동,"1,000",종로구,8,63,17,21.36,,,1396,11110,6
106,,2013,신규,22.09~23.09,2022,종로 중흥 S클래스,숭인동,"1,000",종로구,8,53,18,22.44,,,202-3,11110,2
107,,2022,,,2022,한라 운종가,숭인동,"43,000",종로구,8,0,18,40.08,,,1425,11110,20
108,,2013,신규,22.09~23.09,2022,종로 동광모닝스카이,숭인동,500,종로구,8,57,18,19.95,,,1421-1,11110,7
109,,2016,신규,22.08~23.08,2022,아이비씨 호텔 앤 오피스텔,숭인동,"1,000",종로구,8,63,18,21.36,,,1396,11110,13
110,,2014,신규,22.08~24.08,2022,삼전솔하임4차,숭인동,"3,000",종로구,8,45,18,19.17,,,318-2,11110,7
111,,2020,신규,22.08~23.08,2022,헤스티아,숭인동,"1,000",종로구,8,55,18,13.12,,,317-48,11110,11
112,,2022,신규,22.08~23.08,2022,한라 운종가,숭인동,"1,000",종로구,8,95,19,21.14,,,1425,11110,8
113,,2022,신규,22.08~23.08,2022,한라 운종가,숭인동,"5,000",종로구,8,90,19,24.75,,,1425,11110,11
114,,2005,신규,22.08~23.08,2022,동양파라빌,숭인동,"3,000",종로구,8,55,19,27.09,,,1388,11110,11
115,,2022,신규,22.08~23.08,2022,한라 운종가,숭인동,"1,000",종로구,8,95,19,21.71,,,1425,11110,16
116,,2022,신규,22.09~23.09,2022,한라 운종가,숭인동,"5,000",종로구,8,75,19,21.14,,,1425,11110,6
117,,2020,신규,22.08~23.08,2022,블루카운티 숭인Ⅰ,숭인동,"1,000",종로구,8,85,19,27.03,,,217-16,11110,8
118,,2022,신규,22.08~24.08,2022,더 카르페디엠 종로 오피스텔,숭인동,"22,500",종로구,8,0,19,24.21,,,201-25,11110,13
119,,2016,신규,22.08~23.08,2022,아이비씨 호텔 앤 오피스텔,숭인동,"1,000",종로구,8,63,20,21.45,,,1396,11110,12
120,,2013,신규,22.09~24.09,2022,종로 동광모닝스카이,숭인동,"11,000",종로구,8,0,20,19.95,,,1421-1,11110,2
121,,2022,신규,22.09~24.09,2022,한라 운종가,숭인동,"21,000",종로구,8,0,20,21.71,,,1425,11110,12
122,사용,2014,갱신,22.08~23.08,2022,디세븐,숭인동,500,종로구,8,50,20,15.04,500,48,313-12,11110,5
123,,2022,신규,22.09~24.09,2022,한라 운종가,숭인동,"20,000",종로구,8,0,20,20.67,,,1425,11110,12
124,,2020,신규,22.09~23.09,2022,헤스티아,숭인동,"1,000",종로구,8,54,20,15.47,,,317-48,11110,8
125,,2022,신규,22.09~24.09,2022,우평 원더라움 스투디오,숭인동,"27,200",종로구,8,0,20,24.68,,,313-17,11110,14
126,,2022,신규,22.08~23.10,2022,한라 운종가,숭인동,"10,000",종로구,8,50,21,21.14,,,1425,11110,8
127,,2016,신규,22.08~23.08,2022,아이비씨 호텔 앤 오피스텔,숭인동,"1,000",종로구,8,63,22,21.36,,,1396,11110,11
128,,2022,신규,22.08~24.08,2022,한라 운종가,숭인동,"20,000",종로구,8,0,22,21.14,,,1425,11110,13
129,,2002,신규,22.09~23.08,2022,수석컴비즈텔,숭인동,"2,000",종로구,8,40,23,24.93,,,55-6,11110,5
130,,2022,신규,22.09~23.09,2022,한라 운종가,숭인동,"10,000",종로구,8,200,23,43.92,,,1425,11110,19
131,,2022,,,2022,한라 운종가,숭인동,"42,000",종로구,8,0,23,40.08,,,1425,11110,21
132,,2020,신규,22.10~23.10,2022,헤스티아,숭인동,500,종로구,8,54,23,14.71,,,317-48,11110,7
133,,2022,신규,22.09~23.09,2022,한라 운종가,숭인동,"18,000",종로구,8,0,23,22.55,,,1425,11110,10
134,,2016,신규,22.08~23.08,2022,아이비씨 호텔 앤 오피스텔,숭인동,"1,000",종로구,8,63,24,21.36,,,1396,11110,13
135,,2022,신규,22.08~24.08,2022,한라 운종가,숭인동,"10,000",종로구,8,50,24,21.53,,,1425,11110,10
136,,2014,신규,22.09~23.09,2022,디세븐,숭인동,500,종로구,8,58,24,18.07,,,313-12,11110,12
137,,2014,신규,22.09~24.09,2022,삼전솔하임4차,숭인동,"9,000",종로구,8,10,24,19.17,,,318-2,11110,2
138,,2022,신규,22.08~23.08,2022,한라 운종가,숭인동,"1,000",종로구,8,88,25,21.14,,,1425,11110,4
139,,2022,신규,22.09~24.09,2022,한라 운종가,숭인동,"20,000",종로구,8,40,25,36.49,,,1425,11110,7
140,,2022,신규,22.09~24.09,2022,한라 운종가,숭인동,"19,000",종로구,8,0,25,21.71,,,1425,11110,4
141,사용,2020,갱신,22.09~24.09,2022,헤스티아,숭인동,"13,650",종로구,8,0,25,15.47,"13,000",,317-48,11110,3
142,,2022,신규,22.09~23.09,2022,한라 운종가,숭인동,"20,000",종로구,8,80,25,41.48,,,1425,11110,10
143,,2022,신규,22.08~24.08,2022,한라 운종가,숭인동,"20,000",종로구,8,0,25,21.71,,,1425,11110,6
144,,2022,신규,22.09~24.09,2022,한라 운종가,숭인동,"20,000",종로구,8,0,26,23.04,,,1425,11110,10
145,,2022,신규,22.09~23.08,2022,한라 운종가,숭인동,"5,000",종로구,8,65,26,20.67,,,1425,11110,16
146,,2014,신규,22.09~23.09,2022,숭인한양LEEPS,숭인동,"1,000",종로구,8,55,26,17.07,,,1421-2,11110,15
147,,2022,신규,,2022,한라 운종가,숭인동,"1,000",종로구,8,100,26,19.65,,,1425,11110,16
148,,2019,신규,22.09~24.09,2022,케이디오피스텔,숭인동,"17,000",종로구,8,0,26,18.56,,,217-26,11110,5
149,,2022,,,2022,한라 운종가,숭인동,"5,000",종로구,8,70,27,21.53,,,1425,11110,17
150,,2013,신규,22.09~24.09,2022,버넷하임1,숭인동,"14,500",종로구,8,0,27,25.27,,,1421,11110,11
151,,2020,신규,22.09~23.09,2022,블루카운티 숭인Ⅰ,숭인동,"23,000",종로구,8,0,27,27.03,,,217-16,11110,5
152,,2005,,,2022,동양파라빌,숭인동,"6,000",종로구,8,30,27,24.93,,,1388,11110,5
153,,2016,신규,22.08~23.08,2022,아이비씨 호텔 앤 오피스텔,숭인동,"1,000",종로구,8,63,27,21.59,,,1396,11110,14
154,,2022,신규,22.08~23.08,2022,한라 운종가,숭인동,"10,000",종로구,8,50,27,21.53,,,1425,11110,10
155,,2022,신규,22.08~23.08,2022,한라 운종가,숭인동,"1,000",종로구,8,103,29,21.14,,,1425,11110,5
156,,2022,신규,22.09~24.09,2022,한라 운종가,숭인동,"21,000",종로구,8,0,29,21.71,,,1425,11110,15
157,,2022,신규,22.10~24.10,2022,한라 운종가,숭인동,"38,000",종로구,8,0,29,41.48,,,1425,11110,5
158,,2005,신규,22.09~23.09,2022,동양파라빌,숭인동,"1,000",종로구,8,60,29,27.09,,,1388,11110,2
159,,2004,신규,22.09~23.09,2022,롯데캐슬 천지인,숭인동,"1,000",종로구,8,85,29,39.6,,,76,11110,8
160,,2016,,,2022,아이비씨 호텔 앤 오피스텔,숭인동,"3,000",종로구,8,53,30,21.59,,,1396,11110,6
161,,2022,,,2022,한라 운종가,숭인동,"42,000",종로구,8,0,30,40.08,,,1425,11110,18
162,,2022,신규,22.09~23.09,2022,한라 운종가,숭인동,"1,000",종로구,8,95,31,21.14,,,1425,11110,3
163,,2016,신규,22.09~23.08,2022,아이비씨 호텔 앤 오피스텔,숭인동,"1,000",종로구,8,63,31,21.45,,,1396,11110,7
164,,2017,갱신,22.08~24.08,2022,경희궁자이,교북동,"30,000",종로구,8,0,2,25.91,"30,000",,126,11110,4
165,,2017,신규,22.08~24.08,2022,경희궁자이,교북동,"15,000",종로구,8,45,16,25.66,,,126,11110,2
166,,2017,갱신,22.08~23.08,2022,경희궁자이,교북동,"1,000",종로구,8,86,18,25.91,"1,000",82,126,11110,4
0,,2008,신규,22.09~23.09,2022,광화문 풍림스페이스본,사직동,"28,600",종로구,9,0,5,39.54,,,9,11110,3
1,,2008,신규,22.11~24.11,2022,광화문 풍림스페이스본,사직동,"34,000",종로구,9,0,17,39.54,,,9,11110,7
2,사용,2008,갱신,22.11~24.11,2022,광화문 풍림스페이스본,사직동,"32,500",종로구,9,0,26,39.54,"31,000",,9,11110,10
3,,2008,신규,22.09~24.09,2022,광화문 풍림스페이스본,사직동,"31,000",종로구,9,0,26,39.54,,,9,11110,11
4,,2004,신규,22.11~23.11,2022,용비어천가,내수동,"28,000",종로구,9,0,3,37.56,,,75,11110,17
5,,2004,신규,22.09~24.02,2022,용비어천가,내수동,"27,000",종로구,9,0,13,37.56,,,75,11110,8
6,,2004,신규,22.09~23.09,2022,경희궁의 아침 2단지,내수동,"21,000",종로구,9,0,15,25.51,,,71,11110,8
7,,2004,신규,22.10~24.10,2022,용비어천가,내수동,"22,000",종로구,9,0,26,28.19,,,75,11110,2
8,사용,2004,갱신,22.09~23.09,2022,BIZ-WELL 종로 오피스텔,익선동,500,종로구,9,63,8,18.89,500,60,34,11110,12
9,,2004,신규,22.09~23.09,2022,BIZ-WELL 종로 오피스텔,익선동,500,종로구,9,55,15,17.2,,,34,11110,8
10,,2005,,,2022,운현궁 에스케이 허브,경운동,"23,000",종로구,9,0,1,41.34,,,89-4,11110,8
11,,2005,신규,22.09~23.06,2022,운현궁 에스케이 허브,경운동,"1,000",종로구,9,85,28,30.28,,,89-4,11110,6
12,,2004,신규,22.09~23.09,2022,나스빌,낙원동,"1,000",종로구,9,63,17,28.69,,,212,11110,6
13,,2020,신규,22.09~24.09,2022,종로 하이뷰 디아트,관수동,"1,000",종로구,9,80,2,18.16,,,98-1,11110,4
14,,2020,신규,22.10~24.10,2022,종로 하이뷰 디아트,관수동,"19,500",종로구,9,0,14,18.16,,,98-1,11110,5
15,,2020,갱신,22.11~23.02,2022,종로 하이뷰 디아트,관수동,"22,575",종로구,9,0,17,18.16,"21,500",,98-1,11110,7
16,사용,2020,갱신,22.10~24.10,2022,종로 하이뷰 디아트,관수동,"23,100",종로구,9,0,19,18.16,"22,000",,98-1,11110,10
17,,2020,,22.11~23.11,2022,종로 하이뷰 디아트,관수동,"19,950",종로구,9,0,20,18.16,,,98-1,11110,6
18,,2020,갱신,22.11~23.11,2022,종로 하이뷰 디아트,관수동,"3,000",종로구,9,70,23,18.16,"3,000",53,98-1,11110,4
19,,2020,신규,22.10~24.10,2022,종로 하이뷰 디아트,관수동,"10,000",종로구,9,50,25,21.44,,,98-1,11110,8
20,,2020,신규,22.11~24.11,2022,종로 하이뷰 디아트,관수동,"22,800",종로구,9,0,27,19.8,,,98-1,11110,8
21,사용,2020,갱신,22.10~24.10,2022,종로 하이뷰 디아트,관수동,"22,000",종로구,9,0,27,18.16,"21,000",,98-1,11110,8
22,사용,2020,갱신,22.11~23.11,2022,종로 하이뷰 디아트,관수동,"18,900",종로구,9,0,28,18.16,"18,000",,98-1,11110,3
23,,2021,신규,22.10~24.10,2022,루비온오피스텔,인의동,"20,000",종로구,9,0,13,18.2,,,28-26,11110,2
24,,2021,신규,22.09~23.09,2022,루비온오피스텔,인의동,"1,000",종로구,9,85,17,18.2,,,28-26,11110,12
25,,2022,신규,22.09~23.08,2022,휴스턴오피스텔 창경궁 C,원남동,"1,000",종로구,9,95,1,21.99,,,66-6,11110,6
26,,2022,신규,22.09~23.09,2022,휴스턴오피스텔 창경궁 C,원남동,"1,000",종로구,9,80,6,21.11,,,66-6,11110,4
27,,2022,신규,22.09~23.09,2022,휴스턴오피스텔 창경궁 C,원남동,"1,000",종로구,9,100,24,21.99,,,66-6,11110,9
28,,2003,,,2022,코윈 팔레스뷰 오피스텔,원남동,"5,000",종로구,9,30,27,21.01,,,95,11110,3
29,,2022,,,2022,더넥스트 종로,연지동,"24,000",종로구,9,0,24,18.66,,,56,11110,9
30,,2001,신규,22.10~24.10,2022,대보마로니에텔,연건동,"1,000",종로구,9,60,29,26.52,,,206,11110,7
31,,2020,신규,22.09~24.09,2022,종로 웰라이프,창신동,"19,000",종로구,9,0,3,25.09,,,302-1,11110,2
32,사용,2020,갱신,22.09~24.09,2022,종로 웰라이프,창신동,"17,000",종로구,9,0,16,24.2,"17,000",,302-1,11110,1
33,,2022,신규,22.09~24.08,2022,한라 운종가,숭인동,"20,000",종로구,9,0,1,22.55,,,1425,11110,6
34,,2016,신규,22.09~23.08,2022,아이비씨 호텔 앤 오피스텔,숭인동,"1,000",종로구,9,63,1,21.45,,,1396,11110,14
35,,2005,신규,22.09~23.09,2022,동양파라빌,숭인동,"1,000",종로구,9,55,1,24.93,,,1388,11110,11
36,,2016,신규,22.10~23.09,2022,아이비씨 호텔 앤 오피스텔,숭인동,"1,000",종로구,9,63,1,21.45,,,1396,11110,14
37,,2013,신규,22.09~23.09,2022,(1392),숭인동,"1,000",종로구,9,58,2,20.18,,,1392,11110,6
38,,2022,신규,22.09~24.09,2022,한라 운종가,숭인동,"40,000",종로구,9,0,2,43.95,,,1425,11110,14
39,,2014,갱신,22.09~24.09,2022,삼전솔하임4차,숭인동,"10,000",종로구,9,0,2,19.17,"10,000",,318-2,11110,6
40,사용,2020,갱신,22.10~24.10,2022,헤스티아,숭인동,"12,600",종로구,9,0,2,13.12,"12,000",,317-48,11110,6
41,,2022,,,2022,더 카르페디엠 종로 오피스텔,숭인동,"26,000",종로구,9,0,2,24.35,,,201-25,11110,9
42,,2022,,,2022,더 카르페디엠 종로 오피스텔,숭인동,"20,000",종로구,9,20,3,24.09,,,201-25,11110,10
43,사용,2020,갱신,22.10~24.10,2022,헤스티아,숭인동,"14,300",종로구,9,0,3,15.28,"13,800",,317-48,11110,16
44,,2022,신규,22.09~24.09,2022,한라 운종가,숭인동,"20,000",종로구,9,0,3,21.14,,,1425,11110,5
45,,2022,신규,22.09~23.09,2022,한라 운종가,숭인동,"1,000",종로구,9,100,3,21.14,,,1425,11110,13
46,,2020,갱신,22.09~23.09,2022,헤스티아,숭인동,"1,000",종로구,9,55,3,15.47,"1,000",55,317-48,11110,13
47,,2005,신규,22.10~23.10,2022,동양파라빌,숭인동,"1,000",종로구,9,55,5,24.93,,,1388,11110,13
48,,2014,신규,22.09~24.09,2022,삼전솔하임4차,숭인동,"1,000",종로구,9,55,5,19.17,,,318-2,11110,6
49,,2013,신규,22.09~23.09,2022,종로 동광모닝스카이,숭인동,"1,000",종로구,9,55,6,19.95,,,1421-1,11110,8
50,,2022,신규,22.10~24.10,2022,한라 운종가,숭인동,"42,000",종로구,9,0,6,46.81,,,1425,11110,20
51,,2016,신규,,2022,아이비씨 호텔 앤 오피스텔,숭인동,"1,000",종로구,9,63,6,21.36,,,1396,11110,10
52,,2013,신규,22.10~23.10,2022,종로 동광모닝스카이,숭인동,500,종로구,9,58,6,19.95,,,1421-1,11110,5
53,,2022,신규,22.09~23.09,2022,한라 운종가,숭인동,"5,000",종로구,9,80,6,21.53,,,1425,11110,21
54,,2022,신규,22.09~24.09,2022,한라 운종가,숭인동,"22,000",종로구,9,0,6,24.54,,,1425,11110,10
55,,2022,신규,22.09~24.09,2022,더 카르페디엠 종로 오피스텔,숭인동,"23,000",종로구,9,0,6,24.21,,,201-25,11110,15
56,,2020,신규,22.09~23.09,2022,헤스티아,숭인동,"3,000",종로구,9,37,6,13.12,,,317-48,11110,11
57,,2022,,,2022,한라 운종가,숭인동,"20,000",종로구,9,0,7,21.53,,,1425,11110,5
58,,2022,신규,22.09~24.09,2022,한라 운종가,숭인동,"30,000",종로구,9,0,7,41.48,,,1425,11110,7
59,,2022,,,2022,더 카르페디엠 종로 오피스텔,숭인동,"23,000",종로구,9,0,8,24.35,,,201-25,11110,6
60,,2022,신규,22.09~23.09,2022,한라 운종가,숭인동,"1,000",종로구,9,95,8,21.71,,,1425,11110,12
61,,2005,신규,23.01~24.01,2022,경일오피스텔,숭인동,"1,000",종로구,9,50,8,22.97,,,1367,11110,12
62,,2013,,,2022,종로유케이201,숭인동,"4,000",종로구,9,25,8,15.25,,,201-11,11110,2
63,,2022,신규,22.09~24.09,2022,한라 운종가,숭인동,"22,500",종로구,9,0,8,24.54,,,1425,11110,9
64,,2022,신규,22.09~23.09,2022,한라 운종가,숭인동,"20,000",종로구,9,20,8,22.75,,,1425,11110,8
65,,2022,신규,22.09~23.09,2022,한라 운종가,숭인동,"1,000",종로구,9,100,8,21.14,,,1425,11110,14
66,,2022,,,2022,한라 운종가,숭인동,"12,000",종로구,9,45,8,21.53,,,1425,11110,13
67,,2019,신규,22.10~24.10,2022,케이디오피스텔,숭인동,"2,000",종로구,9,70,13,18.56,,,217-26,11110,6
68,,2013,신규,22.09~24.09,2022,종로 동광모닝스카이,숭인동,"12,000",종로구,9,0,13,19.95,,,1421-1,11110,2
69,,2020,신규,22.10~24.10,2022,우영빌딩,숭인동,"25,000",종로구,9,0,13,45.6,,,72-83,11110,6
70,,2022,신규,22.09~24.09,2022,한라 운종가,숭인동,"20,000",종로구,9,0,14,21.71,,,1425,11110,5
71,사용,2020,갱신,22.09~24.09,2022,헤스티아,숭인동,"12,500",종로구,9,0,14,14.71,"12,000",,317-48,11110,13
72,,2005,,,2022,동양파라빌,숭인동,"6,000",종로구,9,30,14,24.93,,,1388,11110,6
73,,2022,신규,22.09~24.09,2022,한라 운종가,숭인동,"10,000",종로구,9,55,14,21.53,,,1425,11110,12
74,,2014,,,2022,디세븐,숭인동,500,종로구,9,45,15,14.78,,,313-12,11110,14
75,,2005,신규,22.10~23.10,2022,동양파라빌,숭인동,"1,000",종로구,9,60,15,27.09,,,1388,11110,6
76,,2022,신규,22.10~24.10,2022,한라 운종가,숭인동,"34,000",종로구,9,0,15,39.07,,,1425,11110,11
77,,2022,신규,22.09~24.09,2022,더 카르페디엠 종로 오피스텔,숭인동,"25,000",종로구,9,0,16,24.35,,,201-25,11110,7
78,,2013,신규,22.10~24.10,2022,버넷하임1,숭인동,"14,000",종로구,9,0,16,25.27,,,1421,11110,8
79,,2020,신규,22.10~24.10,2022,헤스티아,숭인동,"10,000",종로구,9,11,17,14.9,,,317-48,11110,4
80,사용,2020,갱신,22.09~24.09,2022,헤스티아,숭인동,"13,650",종로구,9,0,17,14.9,"13,000",,317-48,11110,17
81,,2016,신규,22.09~23.09,2022,아이비씨 호텔 앤 오피스텔,숭인동,"1,000",종로구,9,63,17,21.36,,,1396,11110,15
82,,2004,신규,22.10~24.10,2022,롯데캐슬 천지인,숭인동,"26,500",종로구,9,0,19,39.6,,,76,11110,10
83,,2022,신규,22.10~24.10,2022,한라 운종가,숭인동,"20,000",종로구,9,0,19,21.14,,,1425,11110,11
84,,2022,신규,22.09~24.09,2022,한라 운종가,숭인동,"20,000",종로구,9,0,19,21.53,,,1425,11110,13
85,,2014,신규,22.10~24.10,2022,삼전솔하임4차,숭인동,"13,000",종로구,9,0,19,19.17,,,318-2,11110,7
86,,2022,신규,22.10~24.10,2022,한라 운종가,숭인동,"13,000",종로구,9,45,19,20.67,,,1425,11110,13
87,사용,2016,갱신,22.11~24.11,2022,아이비씨 호텔 앤 오피스텔,숭인동,"14,175",종로구,9,0,20,21.45,"13,500",,1396,11110,8
88,,2022,신규,22.09~24.09,2022,더 카르페디엠 종로 오피스텔,숭인동,"22,800",종로구,9,0,20,24.21,,,201-25,11110,9
89,,2005,신규,22.09~23.09,2022,동양파라빌,숭인동,"1,000",종로구,9,60,20,27.09,,,1388,11110,10
90,,2014,신규,22.09~23.09,2022,삼전솔하임4차,숭인동,"1,000",종로구,9,55,21,19.17,,,318-2,11110,4
91,,2005,,,2022,경일오피스텔,숭인동,"3,000",종로구,9,35,21,18.82,,,1367,11110,10
92,,2020,,,2022,헤스티아,숭인동,"12,500",종로구,9,0,21,13.12,,,317-48,11110,2
93,,2020,,,2022,헤스티아,숭인동,"14,280",종로구,9,0,21,15.47,,,317-48,11110,5
94,,2013,신규,22.10~24.10,2022,종로 동광모닝스카이,숭인동,"13,000",종로구,9,0,23,19.95,,,1421-1,11110,2
95,,2022,신규,22.09~24.09,2022,한라 운종가,숭인동,"10,000",종로구,9,55,23,21.14,,,1425,11110,5
96,,2022,신규,22.10~23.10,2022,한라 운종가,숭인동,"5,000",종로구,9,130,23,36.49,,,1425,11110,10
97,,2020,신규,22.11~23.11,2022,헤스티아,숭인동,500,종로구,9,61,24,14.71,,,317-48,11110,15
98,,2016,신규,22.10~23.09,2022,아이비씨 호텔 앤 오피스텔,숭인동,"1,000",종로구,9,63,26,21.36,,,1396,11110,15
99,,2022,신규,22.10~24.10,2022,한라 운종가,숭인동,"20,000",종로구,9,0,27,21.14,,,1425,11110,7
100,,2022,신규,22.10~23.10,2022,한라 운종가,숭인동,"5,000",종로구,9,80,27,21.14,,,1425,11110,9
101,,2005,신규,22.10~24.10,2022,동양파라빌,숭인동,"2,000",종로구,9,58,27,27.09,,,1388,11110,13
102,,2020,신규,22.10~23.09,2022,(317-29),숭인동,"1,000",종로구,9,100,28,24.47,,,317-29,11110,7
103,,2013,신규,22.09~24.09,2022,버넷하임1,숭인동,"14,500",종로구,9,0,29,25.27,,,1421,11110,11
104,,2017,갱신,22.10~23.10,2022,경희궁자이,교북동,"2,000",종로구,9,87,19,25.91,"2,000",83,126,11110,2
105,,2017,신규,22.11~23.11,2022,경희궁자이,교북동,"1,000",종로구,9,95,22,25.66,,,126,11110,5
0,,2008,신규,22.11~23.11,2022,광화문 풍림스페이스본,사직동,"3,000",종로구,10,120,21,39.54,,,9,11110,8
1,,2008,신규,22.11~23.11,2022,광화문 풍림스페이스본,사직동,"1,000",종로구,10,115,24,39.54,,,9,11110,9
2,,2008,신규,22.11~24.11,2022,광화문 풍림스페이스본,사직동,"29,700",종로구,10,0,29,39.54,,,9,11110,6
3,,2004,신규,22.11~23.11,2022,용비어천가,내수동,"1,000",종로구,10,100,10,37.56,,,75,11110,6
4,,2004,갱신,,2022,광화문시대,내수동,"30,000",종로구,10,60,12,56.56,"30,000",60,74,11110,13
5,,2004,신규,22.10~23.10,2022,용비어천가,내수동,"1,000",종로구,10,85,15,30.76,,,75,11110,4
6,,2004,신규,22.11~23.11,2022,경희궁의 아침 3단지,내수동,"1,000",종로구,10,95,29,37.5,,,72,11110,2
7,,2008,갱신,22.11~24.11,2022,종로1가 대성스카이렉스,견지동,"23,000",종로구,10,0,18,40.45,"23,000",,110,11110,9
8,,2004,신규,22.10~23.10,2022,BIZ-WELL 종로 오피스텔,익선동,500,종로구,10,60,4,18.89,,,34,11110,6
9,,2004,신규,22.11~23.11,2022,BIZ-WELL 종로 오피스텔,익선동,500,종로구,10,55,7,17.2,,,34,11110,6
10,,2005,신규,22.10~24.10,2022,운현궁 에스케이 허브,경운동,"23,000",종로구,10,0,3,41.07,,,89-4,11110,6
11,,2020,신규,22.11~23.11,2022,종로 하이뷰 디아트,관수동,"1,000",종로구,10,63,7,18.16,,,98-1,11110,4
12,,2020,갱신,22.10~24.10,2022,종로 하이뷰 디아트,관수동,"4,500",종로구,10,65,14,18.16,"1,000",80,98-1,11110,7
13,,2022,신규,22.10~24.10,2022,신일 해피트리앤,관수동,"1,000",종로구,10,80,17,19.34,,,4,11110,5
14,,2020,신규,22.10~23.10,2022,종로 하이뷰 디아트,관수동,"1,000",종로구,10,80,21,18.16,,,98-1,11110,6
15,,2020,신규,22.11~24.11,2022,종로 하이뷰 디아트,관수동,"21,000",종로구,10,0,22,18.16,,,98-1,11110,8
16,,2020,신규,22.12~24.12,2022,종로 하이뷰 디아트,관수동,"23,000",종로구,10,0,24,21.44,,,98-1,11110,5
17,,2020,갱신,22.10~24.10,2022,종로 하이뷰 디아트,관수동,"21,000",종로구,10,0,24,18.16,"20,000",,98-1,11110,7
18,,2020,신규,22.11~23.11,2022,종로 하이뷰 디아트,관수동,"8,000",종로구,10,53,31,18.16,,,98-1,11110,6
19,,2021,신규,22.11~23.11,2022,루비온오피스텔,인의동,"3,000",종로구,10,74,14,18.2,,,28-26,11110,14
20,,2021,신규,22.10~23.10,2022,루비온오피스텔,인의동,"1,000",종로구,10,88,15,18.2,,,28-26,11110,14
21,,2021,신규,22.12~24.12,2022,루비온오피스텔,인의동,"20,500",종로구,10,0,16,18.2,,,28-26,11110,6
22,,2021,신규,22.11~23.11,2022,루비온오피스텔,인의동,"3,000",종로구,10,80,27,18.2,,,28-26,11110,10
23,,2022,신규,22.10~23.10,2022,휴스턴오피스텔 창경궁 C,원남동,"23,000",종로구,10,0,17,21.99,,,66-6,11110,5
24,,2022,신규,22.11~24.11,2022,휴스턴오피스텔 창경궁 C,원남동,"23,000",종로구,10,0,24,21.99,,,66-6,11110,8
25,,2022,,,2022,더넥스트 종로,연지동,"21,000",종로구,10,0,8,18.66,,,56,11110,2
26,,2022,,,2022,더넥스트 종로,연지동,"21,000",종로구,10,0,8,18.66,,,56,11110,2
27,,2019,갱신,23.02~24.07,2022,로얄파크뷰,연지동,"27,500",종로구,10,0,27,36.57,"27,500",,238-5,11110,8
28,사용,2003,갱신,22.11~24.11,2022,반도 보라 아이비 타워,효제동,"4,000",종로구,10,38,1,27.58,"4,000",35,45,11110,5
29,,2022,,,2022,한라 운종가,숭인동,"10,000",종로구,10,55,1,21.53,,,1425,11110,12
30,,2020,신규,22.11~24.11,2022,헤스티아,숭인동,"14,490",종로구,10,0,1,15.28,,,317-48,11110,6
31,,2016,신규,22.10~23.10,2022,아폴리움 오피스텔,숭인동,"13,200",종로구,10,0,1,16.31,,,201-7,11110,3
32,사용,2020,갱신,22.10~24.10,2022,헤스티아,숭인동,"14,490",종로구,10,0,3,15.47,"13,800",,317-48,11110,12
33,,2004,신규,22.10~24.10,2022,종로대우디오빌,숭인동,"16,700",종로구,10,0,5,29.65,,,310,11110,14
34,,2013,신규,,2022,버넷하임1,숭인동,"14,500",종로구,10,0,5,25.27,,,1421,11110,11
35,,2005,신규,22.10~23.10,2022,동양파라빌,숭인동,"1,000",종로구,10,60,5,27.09,,,1388,11110,5
36,,2005,,,2022,경일오피스텔,숭인동,"3,000",종로구,10,40,6,22.42,,,1367,11110,5
37,,2013,신규,22.10~24.10,2022,종로 동광모닝스카이,숭인동,"12,500",종로구,10,0,6,19.95,,,1421-1,11110,4
38,,2013,신규,22.11~24.11,2022,종로 중흥 S클래스,숭인동,"12,000",종로구,10,6,7,22.44,,,202-3,11110,3
39,,2022,신규,22.12~24.12,2022,한라 운종가,숭인동,"20,000",종로구,10,90,7,41.48,,,1425,11110,8
40,,2022,,,2022,한라 운종가,숭인동,"10,000",종로구,10,50,8,21.14,,,1425,11110,7
41,,2005,신규,22.10~23.10,2022,동양파라빌,숭인동,"2,000",종로구,10,50,8,24.93,,,1388,11110,12
42,,2022,신규,22.10~24.10,2022,한라 운종가,숭인동,"19,000",종로구,10,0,8,21.53,,,1425,11110,15
43,,2013,신규,22.11~23.10,2022,종로 중흥 S클래스,숭인동,"1,000",종로구,10,55,9,23.97,,,202-3,11110,3
44,,2013,신규,22.11~24.11,2022,버넷하임1,숭인동,"13,500",종로구,10,0,10,25.88,,,1421,11110,10
45,,2013,신규,22.10~24.10,2022,(1392),숭인동,"1,000",종로구,10,55,11,20.18,,,1392,11110,7
46,,2022,신규,22.11~23.11,2022,한라 운종가,숭인동,"20,000",종로구,10,75,11,36.49,,,1425,11110,9
47,,2021,신규,22.10~23.10,2022,숭인한성아펠시티,숭인동,"1,000",종로구,10,95,12,21.45,,,1368,11110,14
48,,2013,신규,22.11~24.11,2022,(1392),숭인동,"12,500",종로구,10,0,12,18.64,,,1392,11110,5
49,,2005,신규,22.11~24.11,2022,동양파라빌,숭인동,"5,000",종로구,10,39,13,27.09,,,1388,11110,14
50,,2022,신규,22.11~24.11,2022,한라 운종가,숭인동,"20,000",종로구,10,0,14,21.53,,,1425,11110,14
51,,2005,신규,22.10~23.10,2022,경일오피스텔,숭인동,"1,000",종로구,10,50,14,22.55,,,1367,11110,10
52,,2005,갱신,22.11~23.11,2022,경일오피스텔,숭인동,"2,000",종로구,10,45,14,22.55,"2,000",40,1367,11110,11
53,,2016,신규,22.10~23.10,2022,아이비씨 호텔 앤 오피스텔,숭인동,"1,000",종로구,10,63,15,21.36,,,1396,11110,17
54,,2022,신규,22.11~23.11,2022,한라 운종가,숭인동,"5,000",종로구,10,80,15,21.53,,,1425,11110,4
55,사용,2016,갱신,22.11~24.11,2022,아이비씨 호텔 앤 오피스텔,숭인동,"14,175",종로구,10,0,17,21.45,"13,500",,1396,11110,10
56,,2013,신규,22.11~23.10,2022,종로 동광모닝스카이,숭인동,500,종로구,10,60,17,19.95,,,1421-1,11110,5
57,,2021,신규,22.11~23.10,2022,숭인한성아펠시티,숭인동,"1,000",종로구,10,94,17,22.28,,,1368,11110,7
58,,2022,신규,22.11~24.11,2022,한라 운종가,숭인동,"20,000",종로구,10,0,17,22.75,,,1425,11110,12
59,,2013,신규,22.11~23.11,2022,(1392),숭인동,"12,200",종로구,10,0,18,20.18,,,1392,11110,3
60,,2013,,,2022,종로유케이201,숭인동,"3,000",종로구,10,35,18,15.25,,,201-11,11110,5
61,,2022,신규,22.11~24.11,2022,한라 운종가,숭인동,"20,000",종로구,10,0,19,21.53,,,1425,11110,9
62,,2005,신규,22.11~23.11,2022,동양파라빌,숭인동,"1,000",종로구,10,60,20,27.09,,,1388,11110,2
63,,2013,신규,22.11~24.11,2022,종로 아인스빌,숭인동,"2,000",종로구,10,48,20,17.88,,,1392-1,11110,6
64,,2016,신규,22.11~23.11,2022,아폴리움 오피스텔,숭인동,"1,000",종로구,10,55,21,16.31,,,201-7,11110,11
65,,2014,신규,22.11~24.11,2022,숭인한양LEEPS,숭인동,"12,500",종로구,10,0,21,17.07,,,1421-2,11110,16
66,사용,2020,갱신,22.11~24.11,2022,블루카운티 숭인Ⅰ,숭인동,"23,000",종로구,10,0,22,26.73,"22,000",,217-16,11110,5
67,,2013,신규,22.12~23.12,2022,(1392),숭인동,500,종로구,10,60,24,20.18,,,1392,11110,7
68,,2005,갱신,22.11~23.11,2022,경일오피스텔,숭인동,"3,000",종로구,10,35,24,20.14,"3,000",34,1367,11110,12
69,,2021,신규,22.10~24.10,2022,숭인한성아펠시티,숭인동,"1,000",종로구,10,100,24,20.51,,,1368,11110,16
70,,2013,,,2022,종로유케이201,숭인동,"12,000",종로구,10,0,25,15.46,,,201-11,11110,4
71,,2022,,,2022,한라 운종가,숭인동,"15,000",종로구,10,30,25,20.67,,,1425,11110,12
72,,2014,,,2022,삼전솔하임4차,숭인동,"12,500",종로구,10,0,26,19.17,,,318-2,11110,8
73,,2022,신규,22.11~24.11,2022,한라 운종가,숭인동,"19,000",종로구,10,0,26,21.14,,,1425,11110,7
74,,2022,신규,22.11~24.11,2022,한라 운종가,숭인동,"21,500",종로구,10,0,26,21.53,,,1425,11110,14
75,,2005,신규,22.11~23.11,2022,동양파라빌,숭인동,"1,000",종로구,10,60,26,27.09,,,1388,11110,11
76,,2022,신규,22.11~24.11,2022,한라 운종가,숭인동,"20,000",종로구,10,0,27,21.53,,,1425,11110,11
77,,2005,,,2022,엘리시앙오피스텔,숭인동,"1,000",종로구,10,83,27,57.75,,,200-33,11110,5
78,,2022,신규,22.11~24.11,2022,한라 운종가,숭인동,"18,500",종로구,10,0,27,21.14,,,1425,11110,13
79,,2013,신규,22.10~23.08,2022,종로 아인스빌,숭인동,"11,000",종로구,10,5,28,17.88,,,1392-1,11110,6
80,,2022,신규,22.11~24.11,2022,한라 운종가,숭인동,"19,500",종로구,10,0,29,21.71,,,1425,11110,11
81,,2017,갱신,22.10~23.10,2022,경희궁자이,교북동,"1,000",종로구,10,93,7,25.91,"1,000",88,126,11110,5
82,,2017,신규,22.10~24.10,2022,경희궁자이,교북동,"1,000",종로구,10,100,21,25.91,,,126,11110,4
83,사용,2017,갱신,22.12~23.12,2022,경희궁자이,교북동,"1,000",종로구,10,99,21,25.66,"1,000",95,126,11110,4
0,,1998,신규,22.12~23.12,2022,파크뷰타워,필운동,"1,000",종로구,11,55,2,21.85,,,285-5,11110,7
1,,2004,신규,22.11~23.11,2022,광화문시대,내수동,"1,000",종로구,11,93,8,35.71,,,74,11110,3
2,,2004,신규,22.12~23.12,2022,용비어천가,내수동,"1,000",종로구,11,100,11,37.56,,,75,11110,16
3,,2004,신규,23.01~24.01,2022,경희궁의 아침 2단지,내수동,"24,000",종로구,11,0,13,32.43,,,71,11110,8
4,,2004,신규,23.01~24.01,2022,광화문시대,내수동,"1,000",종로구,11,90,15,32.97,,,74,11110,17
5,,2004,신규,23.01~25.01,2022,경희궁의 아침 3단지,내수동,"26,000",종로구,11,0,15,37.5,,,72,11110,5
6,,2020,신규,23.01~25.01,2022,디팰리스,신문로2가,"70,000",종로구,11,30,4,53.75,,,171,11110,5
7,,2007,신규,22.12~24.12,2022,르메이에르종로타운1,종로1가,"29,000",종로구,11,0,22,43.43,,,24,11110,10
8,,2008,신규,22.12~24.12,2022,종로1가 대성스카이렉스,견지동,"10,000",종로구,11,60,9,32.76,,,110,11110,7
9,,2008,신규,22.12~24.12,2022,종로1가 대성스카이렉스,견지동,"25,000",종로구,11,0,18,40.45,,,110,11110,12
10,,2004,신규,22.12~23.12,2022,BIZ-WELL 종로 오피스텔,익선동,"1,000",종로구,11,60,9,23.14,,,34,11110,4
11,,2004,신규,23.01~24.01,2022,BIZ-WELL 종로 오피스텔,익선동,"12,000",종로구,11,0,10,23.14,,,34,11110,6
12,,2005,신규,22.12~23.12,2022,운현궁 에스케이 허브,경운동,"3,000",종로구,11,80,4,39.2,,,89-4,11110,5
13,,2005,신규,23.01~24.01,2022,운현궁 에스케이 허브,경운동,"22,000",종로구,11,0,18,42.22,,,89-4,11110,14
14,사용,2020,갱신,22.12~23.12,2022,종로 하이뷰 디아트,관수동,"1,000",종로구,11,74,15,18.16,"1,000",70,98-1,11110,5
15,,2020,신규,22.11~23.11,2022,종로 하이뷰 디아트,관수동,"5,000",종로구,11,65,17,18.16,,,98-1,11110,6
16,,2020,신규,22.12~24.12,2022,종로 하이뷰 디아트,관수동,"23,000",종로구,11,0,21,21.44,,,98-1,11110,9
17,,2020,신규,22.11~24.11,2022,종로 하이뷰 디아트,관수동,"21,000",종로구,11,0,26,18.16,,,98-1,11110,8
18,,2020,신규,22.12~23.12,2022,종로 하이뷰 디아트,관수동,"1,000",종로구,11,82,29,18.16,,,98-1,11110,6
19,,2021,신규,22.11~24.11,2022,루비온오피스텔,인의동,"20,000",종로구,11,0,4,18.2,,,28-26,11110,8
20,,2021,갱신,22.12~23.11,2022,루비온오피스텔,인의동,"3,000",종로구,11,74,25,18.2,"3,000",70,28-26,11110,11
21,,2022,신규,22.12~24.02,2022,휴스턴오피스텔 창경궁 C,원남동,"23,000",종로구,11,0,23,21.99,,,66-6,11110,7
22,,2019,신규,22.11~24.11,2022,로얄파크뷰,연지동,"5,000",종로구,11,89,5,36.57,,,238-5,11110,7
23,,2019,신규,22.12~24.12,2022,리베르떼_연지,연지동,"10,000",종로구,11,50,5,23.9,,,222,11110,7
24,,2019,,,2022,로얄파크뷰,연지동,"5,000",종로구,11,89,5,36.57,,,238-5,11110,7
25,사용,2019,갱신,23.01~25.01,2022,리베르떼_연지,연지동,"16,500",종로구,11,0,26,19.93,"16,500",,222,11110,3
26,,2019,,,2022,로얄파크뷰,연지동,"10,000",종로구,11,70,27,36.74,,,238-5,11110,3
27,,2022,,,2022,더넥스트 종로,연지동,"20,000",종로구,11,0,29,18.66,,,56,11110,5
28,,2022,신규,22.11~23.11,2022,종로5가역 하이뷰더광장,종로5가,"1,000",종로구,11,100,8,18.97,,,138-4,11110,9
29,,2022,신규,22.11~23.11,2022,종로5가역 하이뷰더광장,종로5가,"1,000",종로구,11,100,23,18.97,,,138-4,11110,8
30,,2016,신규,22.11~23.11,2022,아이비씨 호텔 앤 오피스텔,숭인동,"1,000",종로구,11,63,1,21.45,,,1396,11110,12
31,,2016,신규,22.11~23.11,2022,아이비씨 호텔 앤 오피스텔,숭인동,"1,000",종로구,11,58,2,21.59,,,1396,11110,12
32,,2013,신규,22.11~24.11,2022,(1392),숭인동,"12,000",종로구,11,0,2,19.84,,,1392,11110,9
33,,2014,신규,22.12~23.11,2022,디세븐,숭인동,500,종로구,11,49,2,16.04,,,313-12,11110,13
34,,2016,신규,22.11~24.11,2022,아폴리움 오피스텔,숭인동,"13,600",종로구,11,0,2,16.31,,,201-7,11110,5
35,,2020,신규,23.01~25.01,2022,헤스티아,숭인동,"12,600",종로구,11,0,2,13.12,,,317-48,11110,16
36,,2013,신규,22.11~24.11,2022,(1392),숭인동,"11,000",종로구,11,0,2,19.84,,,1392,11110,9
37,,2013,신규,22.11~23.11,2022,종로 아인스빌,숭인동,"1,500",종로구,11,50,2,17.88,,,1392-1,11110,5
38,,2013,신규,22.12~24.12,2022,종로 동광모닝스카이,숭인동,"12,000",종로구,11,0,3,19.95,,,1421-1,11110,4
39,,2013,신규,22.11~23.11,2022,종로 중흥 S클래스,숭인동,500,종로구,11,60,3,22.44,,,202-3,11110,4
40,,2022,,,2022,한라 운종가,숭인동,"19,000",종로구,11,0,3,21.14,,,1425,11110,10
41,,2022,,,2022,한라 운종가,숭인동,"33,000",종로구,11,0,3,44.81,,,1425,11110,20
42,사용,2005,갱신,22.12~23.12,2022,경일오피스텔,숭인동,"3,000",종로구,11,70,3,37.01,"2,000",73,1367,11110,12
43,,2013,신규,22.12~24.12,2022,종로 동광모닝스카이,숭인동,"10,000",종로구,11,4,4,19.95,,,1421-1,11110,7
44,,2022,,,2022,더 카르페디엠 종로 오피스텔,숭인동,"23,000",종로구,11,0,4,24.35,,,201-25,11110,5
45,,2013,신규,22.11~24.11,2022,(1392),숭인동,"12,500",종로구,11,0,4,18.64,,,1392,11110,5
46,,2013,신규,22.12~24.12,2022,(1392),숭인동,"12,000",종로구,11,0,5,18.64,,,1392,11110,9
47,,2005,신규,22.12~23.12,2022,경일오피스텔,숭인동,"3,000",종로구,11,38,5,20.14,,,1367,11110,13
48,,2005,신규,22.12~23.12,2022,경일오피스텔,숭인동,"1,000",종로구,11,48,5,20.14,,,1367,11110,13
49,사용,2005,갱신,22.12~23.12,2022,경일오피스텔,숭인동,"2,500",종로구,11,49,7,27.49,"2,500",47,1367,11110,14
50,,2022,신규,22.11~24.11,2022,한라 운종가,숭인동,"19,000",종로구,11,0,7,21.14,,,1425,11110,13
51,,2022,신규,22.12~24.12,2022,한라 운종가,숭인동,"20,000",종로구,11,0,7,19.65,,,1425,11110,13
52,,2022,신규,22.11~24.11,2022,한라 운종가,숭인동,"18,000",종로구,11,0,7,21.14,,,1425,11110,8
53,사용,2014,갱신,23.01~24.04,2022,디세븐,숭인동,500,종로구,11,54,8,18.07,500,51,313-12,11110,13
54,,2005,,,2022,동양파라빌,숭인동,"5,000",종로구,11,30,8,24.93,,,1388,11110,10
55,,2013,갱신,22.12~24.12,2022,(1392),숭인동,"10,000",종로구,11,5,8,20.18,"10,700",,1392,11110,5
56,,2013,신규,22.12~23.12,2022,종로 동광모닝스카이,숭인동,"1,000",종로구,11,55,9,19.95,,,1421-1,11110,8
57,사용,2004,갱신,22.11~24.11,2022,롯데캐슬 천지인,숭인동,"26,000",종로구,11,0,9,67.96,"26,000",,76,11110,13
58,,2017,신규,22.12~24.12,2022,블루빌,숭인동,"25,000",종로구,11,0,10,44.74,,,243,11110,3
59,,2022,신규,22.11~24.11,2022,한라 운종가,숭인동,"20,000",종로구,11,0,10,21.14,,,1425,11110,10
60,,2014,신규,22.12~24.12,2022,삼전솔하임4차,숭인동,"11,000",종로구,11,0,11,19.17,,,318-2,11110,8
61,,2022,신규,22.11~24.11,2022,한라 운종가,숭인동,"18,500",종로구,11,0,11,21.14,,,1425,11110,6
62,사용,2016,갱신,22.11~24.11,2022,아이비씨 호텔 앤 오피스텔,숭인동,"14,175",종로구,11,0,11,21.45,"13,500",,1396,11110,17
63,,2004,신규,22.11~23.11,2022,롯데캐슬 천지인,숭인동,"5,000",종로구,11,70,11,39.6,,,76,11110,13
64,,2022,신규,22.11~24.11,2022,한라 운종가,숭인동,"18,000",종로구,11,0,12,21.14,,,1425,11110,5
65,,2013,신규,22.11~23.11,2022,(1392),숭인동,"5,000",종로구,11,35,12,19.84,,,1392,11110,3
66,,2005,신규,22.12~23.12,2022,동양파라빌,숭인동,"1,000",종로구,11,55,12,24.93,,,1388,11110,5
67,사용,2005,갱신,22.12~23.12,2022,경일오피스텔,숭인동,"2,000",종로구,11,39,13,18.82,"2,000",38,1367,11110,12
68,,2020,신규,22.11~24.11,2022,(317-29),숭인동,"16,000",종로구,11,0,14,17.17,,,317-29,11110,6
69,,2022,신규,22.11~23.11,2022,한라 운종가,숭인동,"20,500",종로구,11,0,15,19.65,,,1425,11110,15
70,,2014,신규,22.11~23.11,2022,삼전솔하임4차,숭인동,500,종로구,11,60,15,19.17,,,318-2,11110,8
71,,2005,신규,22.11~23.11,2022,경일오피스텔,숭인동,"1,000",종로구,11,50,15,22.55,,,1367,11110,14
72,,2022,신규,22.11~23.11,2022,한라 운종가,숭인동,"1,000",종로구,11,100,15,21.14,,,1425,11110,8
73,,2005,신규,22.12~23.12,2022,동양파라빌,숭인동,"1,000",종로구,11,60,15,27.09,,,1388,11110,8
74,,2005,신규,22.12~23.12,2022,동양파라빌,숭인동,"1,000",종로구,11,60,15,27.09,,,1388,11110,11
75,,2005,신규,23.01~23.12,2022,동양파라빌,숭인동,"1,000",종로구,11,55,15,24.93,,,1388,11110,12
76,,2022,신규,22.12~24.12,2022,한라 운종가,숭인동,"19,000",종로구,11,0,16,21.14,,,1425,11110,3
77,,2005,신규,22.12~23.12,2022,경일오피스텔,숭인동,"1,000",종로구,11,45,16,18.82,,,1367,11110,4
78,,2013,신규,22.11~23.11,2022,버넷하임1,숭인동,500,종로구,11,60,17,25.27,,,1421,11110,4
79,,2022,,,2022,한라 운종가,숭인동,"5,000",종로구,11,140,17,36.49,,,1425,11110,7
80,,2022,신규,22.11~23.07,2022,한라 운종가,숭인동,500,종로구,11,165,17,36.49,,,1425,11110,7
81,,2005,신규,22.12~23.12,2022,동양파라빌,숭인동,"1,000",종로구,11,55,18,24.93,,,1388,11110,7
82,,2020,신규,22.12~24.12,2022,헤스티아,숭인동,"13,120",종로구,11,0,19,15.47,,,317-48,11110,3
83,,2020,신규,22.11~23.11,2022,블루카운티 숭인Ⅰ,숭인동,"1,000",종로구,11,85,19,26.73,,,217-16,11110,7
84,,2021,신규,22.12~24.12,2022,숭인한성아펠시티,숭인동,"17,500",종로구,11,21,19,21.45,,,1368,11110,4
85,,2019,신규,23.02~25.01,2022,케이디오피스텔,숭인동,"2,000",종로구,11,65,22,18.56,,,217-26,11110,2
86,,2013,신규,22.12~23.12,2022,종로 동광모닝스카이,숭인동,"2,000",종로구,11,50,22,19.95,,,1421-1,11110,5
87,,2020,신규,22.12~24.12,2022,블루카운티 숭인Ⅰ,숭인동,"20,000",종로구,11,0,22,26.73,,,217-16,11110,4
88,,2005,신규,23.01~24.01,2022,동양파라빌,숭인동,500,종로구,11,65,23,27.09,,,1388,11110,11
89,,2016,신규,22.11~23.11,2022,아이비씨 호텔 앤 오피스텔,숭인동,"1,000",종로구,11,63,24,21.45,,,1396,11110,14
90,,2013,신규,22.12~24.12,2022,그레이스탑,숭인동,"1,000",종로구,11,65,24,22.13,,,178-94,11110,5
91,,2016,신규,22.12~23.11,2022,아이비씨 호텔 앤 오피스텔,숭인동,"1,000",종로구,11,63,29,21.62,,,1396,11110,6
92,,2022,신규,22.12~23.12,2022,한라 운종가,숭인동,"1,000",종로구,11,95,29,23.09,,,1425,11110,8
93,,2019,신규,22.12~23.12,2022,케이디오피스텔,숭인동,"2,000",종로구,11,63,29,18.56,,,217-26,11110,3
94,,2014,신규,22.12~23.12,2022,삼전솔하임4차,숭인동,500,종로구,11,53,30,19.17,,,318-2,11110,3
95,,2017,갱신,22.11~24.11,2022,경희궁자이,교북동,"14,000",종로구,11,32,12,25.91,"15,000",24,126,11110,2
96,,2017,신규,22.12~24.12,2022,경희궁자이,교북동,"29,000",종로구,11,0,19,25.91,,,126,11110,5
0,,1998,신규,23.01~25.01,2022,파크뷰타워,필운동,"20,000",종로구,12,0,1,34.2,,,285-5,11110,7
1,사용,2004,갱신,22.12~24.12,2022,경희궁의 아침 3단지,내수동,"26,000",종로구,12,0,1,37.5,"26,000",,72,11110,6
2,,2004,신규,23.01~24.01,2022,경희궁의 아침 2단지,내수동,"1,000",종로구,12,77,3,25.51,,,71,11110,15
3,,2004,갱신,23.01~23.12,2022,광화문시대,내수동,"9,000",종로구,12,60,3,32.01,"9,000",55,74,11110,4
4,,2004,신규,22.12~24.12,2022,광화문시대,내수동,"11,000",종로구,12,54,5,34.9,,,74,11110,15
5,,2004,신규,23.01~24.01,2022,광화문시대,내수동,"1,000",종로구,12,90,10,34.9,,,74,11110,9
6,,2004,신규,23.01~24.01,2022,광화문시대,내수동,"1,000",종로구,12,90,10,34.9,,,74,11110,10
7,,2004,신규,23.01~24.01,2022,광화문시대,내수동,"23,000",종로구,12,0,14,33.3,,,74,11110,9
8,,2004,신규,,2022,용비어천가,내수동,300,종로구,12,150,21,50.32,,,75,11110,16
9,,2004,신규,23.02~25.02,2022,두산위브파빌리온,수송동,"22,000",종로구,12,0,23,35.22,,,58,11110,10
10,,2007,신규,23.02~24.02,2022,르메이에르종로타운1,종로1가,"5,000",종로구,12,75,19,36.23,,,24,11110,6
11,,2004,신규,22.12~23.12,2022,BIZ-WELL 종로 오피스텔,익선동,"1,000",종로구,12,65,16,23.14,,,34,11110,4
12,,2005,신규,23.01~25.01,2022,운현궁 에스케이 허브,경운동,"26,000",종로구,12,0,11,42.38,,,89-4,11110,3
13,,2004,신규,23.01~25.01,2022,나스빌,낙원동,"18,000",종로구,12,0,30,28.69,,,212,11110,3
14,,2019,신규,23.01~24.01,2022,드래곤팰리스,돈의동,"1,000",종로구,12,80,29,21.13,,,41-1,11110,3
15,,2020,신규,23.01~24.01,2022,종로 하이뷰 디아트,관수동,"4,762",종로구,12,65,3,18.16,,,98-1,11110,10
16,,2020,갱신,,2022,종로 하이뷰 디아트,관수동,"21,000",종로구,12,0,16,18.16,"20,000",,98-1,11110,10
17,,2020,갱신,23.01~24.01,2022,종로 하이뷰 디아트,관수동,"1,000",종로구,12,73,17,18.16,"1,000",70,98-1,11110,8
18,,2020,신규,22.12~24.12,2022,종로 하이뷰 디아트,관수동,"19,000",종로구,12,0,22,18.16,,,98-1,11110,4
19,사용,2020,갱신,23.01~24.01,2022,종로 하이뷰 디아트,관수동,"1,000",종로구,12,70,23,18.16,"1,000",66,98-1,11110,3
20,,2021,신규,23.01~24.01,2022,루비온오피스텔,인의동,"1,000",종로구,12,80,12,18.2,,,28-26,11110,13
21,,2003,신규,23.02~24.02,2022,코윈 팔레스뷰 오피스텔,원남동,"1,000",종로구,12,65,23,24.03,,,95,11110,10
22,,2003,신규,23.02~25.01,2022,코윈 팔레스뷰 오피스텔,원남동,"2,000",종로구,12,85,31,32.8,,,95,11110,8
23,,2019,신규,23.02~25.02,2022,리베르떼_연지,연지동,"20,000",종로구,12,0,24,23.9,,,222,11110,4
24,,2020,갱신,22.12~23.12,2022,센트럴시티대학로,효제동,"3,500",종로구,12,51,3,17.57,"3,500",48,167,11110,4
25,,2017,신규,23.02~25.02,2022,포레스트힐시티,효제동,"20,000",종로구,12,0,6,28.86,,,65-2,11110,5
26,,2017,신규,23.02~24.02,2022,포레스트힐시티,효제동,"1,000",종로구,12,66,9,19.34,,,65-2,11110,5
27,,2020,신규,22.12~23.12,2022,센트럴시티대학로,효제동,"1,000",종로구,12,65,9,17.28,,,167,11110,6
28,,2020,신규,22.12~24.12,2022,센트럴시티대학로,효제동,"1,000",종로구,12,70,22,17.28,,,167,11110,5
29,,2020,,,2022,센트럴시티대학로,효제동,"2,000",종로구,12,63,26,17.28,,,167,11110,9
30,,2022,신규,22.12~24.12,2022,종로5가역 하이뷰더광장,종로5가,"10,000",종로구,12,50,1,18.97,,,138-4,11110,12
31,,2022,,,2022,종로5가역 하이뷰더광장,종로5가,"10,000",종로구,12,55,10,18.97,,,138-4,11110,8
32,,2022,신규,23.02~25.02,2022,종로5가역 하이뷰더광장,종로5가,"3,000",종로구,12,90,15,18.97,,,138-4,11110,14
33,,2022,,,2022,종로5가역 하이뷰더광장,종로5가,"1,000",종로구,12,100,16,18.97,,,138-4,11110,9
34,,2022,신규,22.12~24.12,2022,종로5가역 하이뷰더광장,종로5가,"10,000",종로구,12,55,17,18.97,,,138-4,11110,11
35,,2022,,,2022,종로5가역 하이뷰더광장,종로5가,"1,000",종로구,12,92,29,18.97,,,138-4,11110,9
36,,2022,신규,23.01~24.01,2022,종로5가역 하이뷰더광장,종로5가,"1,000",종로구,12,100,29,18.97,,,138-4,11110,13
37,,2003,신규,22.12~23.12,2022,세레피아텔,연건동,"5,000",종로구,12,60,19,22.63,,,317,11110,4
38,,2001,신규,23.02~25.02,2022,대보마로니에텔,연건동,"14,000",종로구,12,20,30,26.52,,,206,11110,9
39,,2011,신규,23.01~25.01,2022,CS타워,충신동,"13,000",종로구,12,0,19,29.82,,,62-2,11110,4
40,,2016,신규,22.12~23.11,2022,아이비씨 호텔 앤 오피스텔,숭인동,"1,000",종로구,12,63,1,21.45,,,1396,11110,15
41,사용,2016,갱신,23.02~24.01,2022,아이비씨 호텔 앤 오피스텔,숭인동,"1,200",종로구,12,110,1,43.29,"1,200",105,1396,11110,16
42,,2022,신규,22.12~24.12,2022,한라 운종가,숭인동,"27,000",종로구,12,0,2,36.49,,,1425,11110,11
43,,2005,신규,23.02~25.02,2022,동양파라빌,숭인동,"3,000",종로구,12,45,2,24.93,,,1388,11110,13
44,,2016,신규,23.02~24.02,2022,아이비씨 호텔 앤 오피스텔,숭인동,"1,000",종로구,12,63,3,21.36,,,1396,11110,10
45,,2022,신규,22.12~23.12,2022,한라 운종가,숭인동,"1,000",종로구,12,160,4,36.49,,,1425,11110,12
46,,2005,신규,23.01~24.04,2022,경일오피스텔,숭인동,"1,000",종로구,12,60,5,27.49,,,1367,11110,6
47,,2005,신규,23.01~24.01,2022,경일오피스텔,숭인동,"1,000",종로구,12,45,5,18.82,,,1367,11110,13
48,,2005,신규,23.01~24.01,2022,동양파라빌,숭인동,"1,000",종로구,12,60,5,27.09,,,1388,11110,9
49,,2014,신규,23.01~24.01,2022,삼전솔하임4차,숭인동,500,종로구,12,57,5,19.17,,,318-2,11110,4
50,,2014,신규,23.01~24.01,2022,디세븐,숭인동,500,종로구,12,57,5,18.07,,,313-12,11110,5
51,,2005,신규,23.02~24.01,2022,경일오피스텔,숭인동,"3,000",종로구,12,40,6,22.42,,,1367,11110,10
52,,2020,신규,22.12~23.12,2022,헤스티아,숭인동,"1,000",종로구,12,54,6,15.47,,,317-48,11110,10
53,,2005,신규,22.12~23.12,2022,동양파라빌,숭인동,"1,000",종로구,12,55,6,24.93,,,1388,11110,8
54,,2013,신규,23.01~24.01,2022,버넷하임1,숭인동,500,종로구,12,58,7,25.88,,,1421,11110,5
55,,2005,신규,22.12~23.12,2022,동양파라빌,숭인동,"1,000",종로구,12,55,8,24.93,,,1388,11110,4
56,,2020,신규,23.02~25.02,2022,블루카운티 숭인Ⅰ,숭인동,"22,500",종로구,12,0,8,27.18,,,217-16,11110,4
57,,2013,신규,22.12~24.12,2022,(1392),숭인동,"12,000",종로구,12,0,8,20.18,,,1392,11110,8
58,,2020,신규,23.01~25.01,2022,헤스티아,숭인동,"12,600",종로구,12,0,8,13.12,,,317-48,11110,7
59,,2005,신규,22.12~23.12,2022,경일오피스텔,숭인동,"1,000",종로구,12,50,9,22.42,,,1367,11110,13
60,,2013,신규,22.12~24.12,2022,(1392),숭인동,"12,000",종로구,12,0,9,20.18,,,1392,11110,3
61,사용,2016,갱신,22.12~23.12,2022,아이비씨 호텔 앤 오피스텔,숭인동,"1,000",종로구,12,63,9,21.62,"1,000",60,1396,11110,11
62,,2022,신규,22.12~23.12,2022,한라 운종가,숭인동,"2,000",종로구,12,150,9,43.95,,,1425,11110,3
63,사용,2020,갱신,22.12~24.12,2022,(317-29),숭인동,"20,000",종로구,12,0,9,24.47,"20,000",,317-29,11110,6
64,,2022,,,2022,한라 운종가,숭인동,"32,000",종로구,12,0,9,36.49,,,1425,11110,13
65,,2022,신규,23.01~25.01,2022,한라 운종가,숭인동,"35,000",종로구,12,0,10,45.28,,,1425,11110,21
66,,2021,신규,23.01~24.01,2022,숭인한성아펠시티,숭인동,"2,000",종로구,12,90,10,20.51,,,1368,11110,12
67,,2021,갱신,22.12~23.12,2022,숭인한성아펠시티,숭인동,"12,000",종로구,12,55,10,20.51,"12,000",53,1368,11110,11
68,,2022,신규,23.01~25.01,2022,더 카르페디엠 종로 오피스텔,숭인동,"24,000",종로구,12,0,10,24.21,,,201-25,11110,16
69,,2021,갱신,22.12~23.12,2022,숭인한성아펠시티,숭인동,"5,250",종로구,12,79,10,21.45,"5,000",75,1368,11110,14
70,,2005,갱신,23.01~24.01,2022,경일오피스텔,숭인동,"3,000",종로구,12,42,11,25.68,"3,000",40,1367,11110,5
71,,2002,신규,22.12~24.12,2022,수석컴비즈텔,숭인동,"1,000",종로구,12,40,12,23.84,,,55-6,11110,4
72,,2005,신규,23.01~24.01,2022,경일오피스텔,숭인동,"3,000",종로구,12,45,12,25.68,,,1367,11110,4
73,,2005,,,2022,경일오피스텔,숭인동,"1,000",종로구,12,48,12,20.14,,,1367,11110,9
74,,2016,신규,22.12~23.12,2022,아이비씨 호텔 앤 오피스텔,숭인동,"1,000",종로구,12,63,13,21.62,,,1396,11110,17
75,,2005,신규,23.01~24.01,2022,경일오피스텔,숭인동,"3,000",종로구,12,35,14,18.82,,,1367,11110,4
76,,2005,신규,23.01~24.01,2022,동양파라빌,숭인동,500,종로구,12,65,14,24.93,,,1388,11110,4
77,,2005,신규,22.12~23.12,2022,동양파라빌,숭인동,500,종로구,12,60,14,24.93,,,1388,11110,4
78,,2005,신규,22.12~23.12,2022,동양파라빌,숭인동,"5,000",종로구,12,40,16,27.09,,,1388,11110,11
79,,2022,신규,23.01~25.01,2022,동대문 아이리스,숭인동,"15,000",종로구,12,55,16,25.34,,,317-58,11110,4
80,,2013,신규,22.12~24.12,2022,그레이스탑,숭인동,"5,000",종로구,12,45,16,20.16,,,178-94,11110,5
81,,2013,신규,23.02~25.02,2022,(1392),숭인동,"12,000",종로구,12,0,17,18.64,,,1392,11110,8
82,,2013,신규,22.12~23.12,2022,종로 동광모닝스카이,숭인동,500,종로구,12,55,17,19.95,,,1421-1,11110,8
83,,2005,신규,23.01~25.01,2022,동양파라빌,숭인동,"5,000",종로구,12,40,17,27.09,,,1388,11110,3
84,,2022,신규,23.01~24.01,2022,한라 운종가,숭인동,"1,000",종로구,12,80,17,21.14,,,1425,11110,3
85,,2013,신규,23.01~24.01,2022,종로 동광모닝스카이,숭인동,500,종로구,12,60,19,19.95,,,1421-1,11110,8
86,,2016,신규,23.02~25.02,2022,아폴리움 오피스텔,숭인동,"13,000",종로구,12,0,20,15.2,,,201-7,11110,6
87,,2004,신규,22.12~23.12,2022,종로대우디오빌,숭인동,"1,000",종로구,12,70,20,29.65,,,310,11110,15
88,,2016,신규,22.12~23.12,2022,아이비씨 호텔 앤 오피스텔,숭인동,"1,000",종로구,12,63,21,21.36,,,1396,11110,13
89,,2014,신규,23.02~24.02,2022,디세븐,숭인동,500,종로구,12,55,21,15.46,,,313-12,11110,9
90,,2013,신규,23.02~24.02,2022,종로 아인스빌,숭인동,500,종로구,12,60,21,17.88,,,1392-1,11110,7
91,,2014,신규,23.01~24.01,2022,숭인한양LEEPS,숭인동,500,종로구,12,55,21,17.07,,,1421-2,11110,17
92,,2016,신규,23.01~25.01,2022,아폴리움 오피스텔,숭인동,"16,500",종로구,12,0,22,15.2,,,201-7,11110,8
93,,2020,신규,23.01~24.01,2022,(317-29),숭인동,"1,000",종로구,12,75,23,19.96,,,317-29,11110,8
94,,2016,신규,23.02~25.01,2022,아폴리움 오피스텔,숭인동,"13,500",종로구,12,0,23,16.31,,,201-7,11110,6
95,,2016,신규,23.02~24.02,2022,아폴리움 오피스텔,숭인동,500,종로구,12,60,23,15.2,,,201-7,11110,10
96,,2005,신규,23.02~24.02,2022,동양파라빌,숭인동,"4,000",종로구,12,43,26,27.09,,,1388,11110,6
97,,2016,신규,22.12~23.12,2022,아이비씨 호텔 앤 오피스텔,숭인동,"1,000",종로구,12,63,27,21.36,,,1396,11110,18
98,,2022,신규,22.12~23.12,2022,한라 운종가,숭인동,"6,000",종로구,12,65,27,23.09,,,1425,11110,15
99,,2022,신규,23.02~25.02,2022,더 카르페디엠 종로 오피스텔,숭인동,"24,000",종로구,12,0,27,23.66,,,201-25,11110,12
100,,2021,신규,23.02~24.02,2022,숭인한성아펠시티,숭인동,"2,000",종로구,12,90,28,21.45,,,1368,11110,11
101,,2005,신규,23.01~24.01,2022,경일오피스텔,숭인동,"1,000",종로구,12,80,28,37.01,,,1367,11110,9
102,,2016,신규,22.12~23.12,2022,아이비씨 호텔 앤 오피스텔,숭인동,"1,000",종로구,12,63,28,21.36,,,1396,11110,15
103,,2020,신규,22.12~23.12,2022,블루카운티 숭인Ⅰ,숭인동,"20,000",종로구,12,20,28,26.47,,,217-16,11110,4
104,,2004,신규,23.02~25.02,2022,롯데캐슬 천지인,숭인동,"23,000",종로구,12,0,28,39.6,,,76,11110,5
105,,2013,신규,23.01~24.01,2022,(1392),숭인동,500,종로구,12,50,29,18.64,,,1392,11110,7
106,,2005,신규,23.01~24.01,2022,동양파라빌,숭인동,"1,000",종로구,12,63,31,27.09,,,1388,11110,13
107,,2017,신규,23.01~24.01,2022,경희궁자이,교북동,"1,000",종로구,12,100,13,25.91,,,126,11110,5
108,,2017,갱신,23.02~24.02,2022,경희궁자이,교북동,"28,660",종로구,12,0,17,25.66,"27,300",,126,11110,2
109,,2017,갱신,22.12~23.12,2022,경희궁자이,교북동,"1,000",종로구,12,96,22,25.91,"1,000",93,126,11110,5
