,갱신요구권사용,건축년도,계약구분,계약기간,년,단지,법정동,보증금,시군구,월,월세,일,전용면적,종전계약보증금,종전계약월세,지번,지역코드,층
0,,2003,,,2016,정건벨라지오오피스텔,을지로5가,"2,000",중구,1,50,4,29.45,,,20-1,11140,8
1,,2003,,,2016,정건벨라지오오피스텔,을지로5가,"3,000",중구,1,30,6,21.94,,,20-1,11140,13
2,,2014,,,2016,코발트팰리스,오장동,"1,000",중구,1,65,12,20.36,,,90-24,11140,12
3,,2013,,,2016,엘크루 메트로시티,충무로3가,"25,000",중구,1,0,9,36.53,,,49,11140,8
4,,2003,,,2016,(340-123),신당동,"12,000",중구,1,0,5,22.4,,,340-123,11140,3
5,,2004,,,2016,JK오피스텔,신당동,"8,500",중구,1,0,6,22.13,,,353-22,11140,5
6,,2015,,,2016,승리빌딩,신당동,"4,000",중구,1,45,12,21.09,,,309-45,11140,6
7,,2015,,,2016,승리빌딩,신당동,"1,000",중구,1,60,16,18.78,,,309-45,11140,4
8,,2015,,,2016,승리빌딩,신당동,"6,000",중구,1,35,16,21.09,,,309-45,11140,4
9,,2003,,,2016,(340-123),신당동,"12,000",중구,1,0,27,20.89,,,340-123,11140,3
10,,2006,,,2016,(340-73),신당동,"15,000",중구,1,0,28,35.6,,,340-73,11140,8
11,,2013,,,2016,(91),흥인동,500,중구,1,60,5,20.09,,,91,11140,10
12,,2014,,,2016,청계천 두산위브더제니스,흥인동,"26,000",중구,1,0,7,39.33,,,13-1,11140,26
13,,2014,,,2016,청계천 두산위브더제니스,흥인동,"2,000",중구,1,130,12,46.23,,,13-1,11140,9
14,,2014,,,2016,청계천 두산위브더제니스,흥인동,"5,000",중구,1,100,14,46.74,,,13-1,11140,11
15,,2014,,,2016,청계천 두산위브더제니스,흥인동,"2,000",중구,1,110,15,34.61,,,13-1,11140,18
16,,2013,,,2016,(91),흥인동,"3,000",중구,1,45,16,20.09,,,91,11140,9
17,,2013,,,2016,(91),흥인동,"1,000",중구,1,55,16,20.2,,,91,11140,8
18,,2013,,,2016,(91),흥인동,"1,000",중구,1,60,16,20.98,,,91,11140,13
19,,2014,,,2016,동대문 와이즈 캐슬,흥인동,"2,000",중구,1,60,28,19.92,,,119,11140,4
20,,2004,,,2016,신당역올리브2,황학동,500,중구,1,60,4,26.47,,,2484,11140,12
21,,2014,,,2016,DUO302,황학동,"5,000",중구,1,70,6,22.52,,,819,11140,19
22,,2004,,,2016,올리브1,황학동,"3,000",중구,1,45,6,25.05,,,808,11140,13
23,,2014,,,2016,DUO302,황학동,"1,000",중구,1,65,6,22.52,,,819,11140,6
24,,2004,,,2016,신당역올리브2,황학동,"3,000",중구,1,40,7,23.82,,,2484,11140,14
25,,2013,,,2016,한양 I-Class,황학동,"1,000",중구,1,55,10,19.05,,,787,11140,2
26,,2015,,,2016,(1546),황학동,"19,000",중구,1,0,11,40.07,,,1546,11140,2
27,,2015,,,2016,(1546),황학동,"19,500",중구,1,0,11,40.07,,,1546,11140,4
28,,2013,,,2016,한양 I-Class,황학동,"1,000",중구,1,55,12,19.05,,,787,11140,2
29,,2015,,,2016,(1546),황학동,"19,500",중구,1,0,13,39.57,,,1546,11140,2
30,,2015,,,2016,골드캐슬Ⅰ,황학동,"19,000",중구,1,0,13,40.61,,,1725,11140,3
31,,2004,,,2016,신당역올리브2,황학동,"1,000",중구,1,55,14,23.82,,,2484,11140,10
32,,2013,,,2016,한양 I-Class,황학동,"2,000",중구,1,50,15,19.05,,,787,11140,8
33,,2015,,,2016,(1546),황학동,"19,500",중구,1,0,15,40.74,,,1546,11140,3
34,,2013,,,2016,한양 I-Class,황학동,"12,000",중구,1,0,15,19.05,,,787,11140,9
35,,2015,,,2016,(1546),황학동,"20,000",중구,1,0,15,40.74,,,1546,11140,2
36,,2013,,,2016,한양 I-Class,황학동,"17,000",중구,1,0,19,29.64,,,787,11140,7
37,,2004,,,2016,올리브1,황학동,"1,000",중구,1,55,20,25.05,,,808,11140,5
38,,2013,,,2016,한양 I-Class,황학동,"3,000",중구,1,45,22,19.05,,,787,11140,9
39,,2013,,,2016,한양 I-Class,황학동,"4,000",중구,1,40,22,19.05,,,787,11140,10
40,,2014,,,2016,DUO302,황학동,"3,000",중구,1,50,23,22.52,,,819,11140,18
41,,2013,,,2016,한양 I-Class,황학동,"2,000",중구,1,50,23,19.05,,,787,11140,7
42,,2013,,,2016,한양 I-Class,황학동,"3,000",중구,1,45,25,19.05,,,787,11140,12
43,,2013,,,2016,한양 I-Class,황학동,"12,000",중구,1,0,26,19.05,,,787,11140,4
44,,2013,,,2016,한양 I-Class,황학동,"2,000",중구,1,50,27,19.05,,,787,11140,3
45,,2015,,,2016,골드캐슬Ⅰ,황학동,"2,000",중구,1,90,28,40.61,,,1725,11140,2
46,,2006,,,2016,브라운스톤서울,중림동,"2,000",중구,1,220,13,107.96,,,355,11140,16
47,,2005,,,2016,서울역 디오빌,만리동1가,"23,000",중구,1,30,8,56.17,,,62-7,11140,9
48,,2005,,,2016,서울역 디오빌,만리동1가,"23,000",중구,1,30,29,56.17,,,62-7,11140,9
49,,2004,,,2016,KCC 파크타운,만리동2가,"5,000",중구,1,80,11,66.47,,,11-1,11140,4
50,,2004,,,2016,KCC 파크타운,만리동2가,"8,000",중구,1,40,22,32.02,,,11-1,11140,6
51,,2004,,,2016,KCC 파크타운,만리동2가,"30,000",중구,1,0,22,66.47,,,11-1,11140,8
0,,2009,,,2016,아도라타워,장충동2가,"3,000",중구,2,50,22,34.34,,,173-2,11140,6
1,,1999,,,2016,광희동금호트윈 오피스텔,광희동1가,500,중구,2,55,1,29.88,,,89-1,11140,7
2,,2005,,,2016,성진오피스텔,광희동2가,"6,000",중구,2,15,29,22.8,,,194-1,11140,5
3,,2013,,,2016,엘크루 메트로시티,충무로3가,"1,000",중구,2,110,23,37.77,,,49,11140,11
4,,2015,,,2016,승리빌딩,신당동,"5,000",중구,2,40,2,18.73,,,309-45,11140,7
5,,2016,,,2016,신당역솔하임,신당동,"13,500",중구,2,0,5,18.8,,,140-23,11140,10
6,,2014,,,2016,신당아르브,신당동,"1,000",중구,2,65,11,21.31,,,160-5,11140,16
7,,2016,,,2016,신당역솔하임,신당동,"1,000",중구,2,70,12,18.8,,,140-23,11140,8
8,,2006,,,2016,(340-73),신당동,"14,000",중구,2,0,13,33.23,,,340-73,11140,8
9,,2015,,,2016,승리빌딩,신당동,"10,000",중구,2,0,13,17.52,,,309-45,11140,5
10,,2004,,,2016,JK오피스텔,신당동,"3,000",중구,2,45,15,22.75,,,353-22,11140,2
11,,2016,,,2016,신당역솔하임,신당동,"5,000",중구,2,50,16,18.8,,,140-23,11140,10
12,,2016,,,2016,신당역솔하임,신당동,"2,000",중구,2,80,19,26.72,,,140-23,11140,8
13,,2016,,,2016,신당역솔하임,신당동,"14,000",중구,2,0,19,18.6,,,140-23,11140,3
14,,2014,,,2016,신당아르브,신당동,"3,000",중구,2,55,21,21.31,,,160-5,11140,17
15,,2016,,,2016,신당역솔하임,신당동,"13,000",중구,2,0,21,18.8,,,140-23,11140,3
16,,2016,,,2016,신당역솔하임,신당동,"3,000",중구,2,60,22,18.8,,,140-23,11140,4
17,,2004,,,2016,JK오피스텔,신당동,"6,000",중구,2,20,22,22.75,,,353-22,11140,5
18,,2003,,,2016,(340-123),신당동,"12,000",중구,2,0,22,22.08,,,340-123,11140,2
19,,2006,,,2016,(340-73),신당동,"5,000",중구,2,50,23,35.6,,,340-73,11140,7
20,,2006,,,2016,(340-73),신당동,"15,000",중구,2,0,23,41.7,,,340-73,11140,7
21,,2004,,,2016,JK오피스텔,신당동,"8,500",중구,2,0,24,22.75,,,353-22,11140,3
22,,2014,,,2016,신당아르브,신당동,"15,000",중구,2,0,25,21.31,,,160-5,11140,11
23,,2016,,,2016,신당역솔하임,신당동,"15,000",중구,2,0,25,20.69,,,140-23,11140,11
24,,2016,,,2016,신당역솔하임,신당동,"1,000",중구,2,65,26,18.8,,,140-23,11140,3
25,,2015,,,2016,남산더힐B동,신당동,"22,000",중구,2,0,26,34.71,,,420-23,11140,7
26,,2016,,,2016,신당역솔하임,신당동,"1,000",중구,2,65,27,18.8,,,140-23,11140,9
27,,2014,,,2016,동대문 와이즈 캐슬,흥인동,"1,000",중구,2,60,3,19.92,,,119,11140,4
28,,2014,,,2016,청계천 두산위브더제니스,흥인동,"8,000",중구,2,125,5,59.91,,,13-1,11140,10
29,,2014,,,2016,청계천 두산위브더제니스,흥인동,"4,000",중구,2,120,12,46.23,,,13-1,11140,13
30,,2013,,,2016,(91),흥인동,"5,000",중구,2,40,15,22.18,,,91,11140,12
31,,2014,,,2016,청계천 두산위브더제니스,흥인동,"2,000",중구,2,125,15,46.74,,,13-1,11140,12
32,,2014,,,2016,청계천 두산위브더제니스,흥인동,"2,000",중구,2,125,16,46.74,,,13-1,11140,4
33,,2014,,,2016,청계천 두산위브더제니스,흥인동,"3,000",중구,2,120,22,46.74,,,13-1,11140,12
34,,2014,,,2016,아미인,황학동,"3,000",중구,2,33,2,18.41,,,836,11140,4
35,,2014,,,2016,아미인,황학동,"3,000",중구,2,43,2,18.41,,,836,11140,4
36,,2013,,,2016,한양 I-Class,황학동,"1,000",중구,2,55,2,19.05,,,787,11140,8
37,,2013,,,2016,한양 I-Class,황학동,"1,000",중구,2,60,2,19.05,,,787,11140,12
38,,2013,,,2016,한양 I-Class,황학동,"12,000",중구,2,0,4,19.05,,,787,11140,12
39,,2013,,,2016,한양 I-Class,황학동,"12,000",중구,2,0,9,19.05,,,787,11140,4
40,,2013,,,2016,한양 I-Class,황학동,"3,000",중구,2,40,9,19.05,,,787,11140,12
41,,2015,,,2016,골드캐슬Ⅰ,황학동,"10,500",중구,2,0,10,17.71,,,1725,11140,4
42,,2004,,,2016,신당역올리브2,황학동,"1,000",중구,2,55,10,23.82,,,2484,11140,10
43,,2014,,,2016,다올노블리움A동,황학동,"22,500",중구,2,0,10,44.8,,,1744,11140,2
44,,2014,,,2016,아미인,황학동,"12,500",중구,2,0,11,18.23,,,836,11140,5
45,,2003,,,2016,중앙시티빌,황학동,"11,000",중구,2,0,12,31.04,,,805,11140,10
46,,2014,,,2016,아미인,황학동,"10,000",중구,2,15,12,18.41,,,836,11140,4
47,,2013,,,2016,한양 I-Class,황학동,"3,000",중구,2,45,13,19.05,,,787,11140,9
48,,2014,,,2016,DUO302,황학동,"3,500",중구,2,50,15,22.52,,,819,11140,13
49,,2014,,,2016,아미인,황학동,"12,500",중구,2,0,15,18.23,,,836,11140,5
50,,2015,,,2016,골드캐슬Ⅰ,황학동,"20,500",중구,2,0,15,40.61,,,1725,11140,4
51,,2014,,,2016,아미인,황학동,"12,000",중구,2,0,16,18.23,,,836,11140,3
52,,2014,,,2016,DUO302,황학동,500,중구,2,70,16,23.06,,,819,11140,14
53,,2014,,,2016,블루카운티Ⅱ,황학동,500,중구,2,57,16,22.81,,,1628,11140,4
54,,2014,,,2016,아미인,황학동,"1,000",중구,2,55,17,18.62,,,836,11140,2
55,,2004,,,2016,신당역올리브2,황학동,"3,000",중구,2,45,20,26.47,,,2484,11140,6
56,,2010,,,2016,황학동 코아루,황학동,"22,000",중구,2,0,24,48.1,,,882,11140,5
57,,2014,,,2016,블루카운티Ⅱ,황학동,"24,000",중구,2,0,26,49.43,,,1628,11140,6
58,,2014,,,2016,DUO302,황학동,"1,000",중구,2,70,27,22.52,,,819,11140,16
59,,2014,,,2016,DUO302,황학동,"3,000",중구,2,55,27,22.52,,,819,11140,19
60,,2013,,,2016,한양 I-Class,황학동,"1,000",중구,2,60,27,19.05,,,787,11140,11
61,,2014,,,2016,아미인,황학동,"4,000",중구,2,35,28,18.62,,,836,11140,5
62,,2006,,,2016,브라운스톤서울,중림동,"34,000",중구,2,0,24,62.82,,,355,11140,4
63,,2005,,,2016,서울역 디오빌,만리동1가,"27,000",중구,2,0,20,56.17,,,62-7,11140,9
64,,2005,,,2016,서울역 디오빌,만리동1가,"27,000",중구,2,0,20,56.17,,,62-7,11140,9
65,,2004,,,2016,KCC 파크타운,만리동2가,"18,000",중구,2,50,4,66.47,,,11-1,11140,6
66,,2004,,,2016,KCC 파크타운,만리동2가,"30,000",중구,2,0,13,66.47,,,11-1,11140,2
67,,2004,,,2016,KCC 파크타운,만리동2가,"5,000",중구,2,55,18,32.02,,,11-1,11140,10
0,,2014,,,2016,코발트팰리스,오장동,"23,000",중구,3,0,2,39.35,,,90-24,11140,14
1,,2013,,,2016,엘크루 메트로시티,충무로3가,"1,000",중구,3,90,2,26.78,,,49,11140,12
2,,2014,,,2016,신당아르브,신당동,"1,000",중구,3,70,1,21.31,,,160-5,11140,17
3,,2004,,,2016,JK오피스텔,신당동,"4,000",중구,3,40,5,22.75,,,353-22,11140,2
4,,2005,,,2016,남산정은스카이,신당동,"3,000",중구,3,80,5,33.05,,,366-126,11140,4
5,,2016,,,2016,신당역솔하임,신당동,"3,000",중구,3,60,6,18.8,,,140-23,11140,7
6,,2016,,,2016,신당역솔하임,신당동,"5,000",중구,3,52,6,18.8,,,140-23,11140,4
7,,2016,,,2016,신당역솔하임,신당동,"13,500",중구,3,0,9,18.8,,,140-23,11140,5
8,,2016,,,2016,신당역솔하임,신당동,"13,500",중구,3,0,10,18.8,,,140-23,11140,5
9,,2016,,,2016,신당역솔하임,신당동,"14,500",중구,3,0,11,18.8,,,140-23,11140,8
10,,2016,,,2016,신당역솔하임,신당동,"11,000",중구,3,0,11,18.6,,,140-23,11140,12
11,,2016,,,2016,신당역솔하임,신당동,"13,000",중구,3,0,15,18.8,,,140-23,11140,7
12,,2016,,,2016,신당역솔하임,신당동,"5,000",중구,3,70,17,26.72,,,140-23,11140,7
13,,2014,,,2016,신당아르브,신당동,"2,000",중구,3,55,17,21.31,,,160-5,11140,12
14,,2016,,,2016,신당역솔하임,신당동,"1,000",중구,3,65,18,18.8,,,140-23,11140,9
15,,2016,,,2016,신당역솔하임,신당동,"1,000",중구,3,70,24,18.8,,,140-23,11140,12
16,,2016,,,2016,신당역솔하임,신당동,"4,000",중구,3,55,25,18.8,,,140-23,11140,13
17,,2016,,,2016,신당역솔하임,신당동,"1,000",중구,3,75,26,20.69,,,140-23,11140,5
18,,2016,,,2016,신당역솔하임,신당동,"14,000",중구,3,0,26,18.8,,,140-23,11140,6
19,,2015,,,2016,승리빌딩,신당동,"3,000",중구,3,40,30,14.68,,,309-45,11140,7
20,,2014,,,2016,청계천 두산위브더제니스,흥인동,"1,000",중구,3,130,9,46.74,,,13-1,11140,5
21,,2014,,,2016,청계천 두산위브더제니스,흥인동,"5,000",중구,3,100,12,46.74,,,13-1,11140,14
22,,2014,,,2016,청계천 두산위브더제니스,흥인동,"5,000",중구,3,100,16,46.74,,,13-1,11140,3
23,,2014,,,2016,청계천 두산위브더제니스,흥인동,"5,000",중구,3,100,18,46.74,,,13-1,11140,6
24,,2013,,,2016,(91),흥인동,"6,500",중구,3,35,25,21.88,,,91,11140,15
25,,2014,,,2016,청계천 두산위브더제니스,흥인동,"10,000",중구,3,60,27,46.74,,,13-1,11140,22
26,,2014,,,2016,청계천 두산위브더제니스,흥인동,"5,000",중구,3,140,29,54.53,,,13-1,11140,18
27,,2014,,,2016,아미인,황학동,"13,000",중구,3,0,1,18.23,,,836,11140,6
28,,2014,,,2016,블루카운티Ⅱ,황학동,"12,000",중구,3,0,1,22.81,,,1628,11140,7
29,,2014,,,2016,DUO302,황학동,"5,000",중구,3,40,1,22.52,,,819,11140,4
30,,2014,,,2016,블루카운티Ⅱ,황학동,"24,000",중구,3,0,1,49.43,,,1628,11140,7
31,,2014,,,2016,다올 노블리움 B동,황학동,"22,000",중구,3,0,4,46.2,,,1744-1,11140,2
32,,2014,,,2016,DUO302,황학동,"14,000",중구,3,0,5,22.52,,,819,11140,3
33,,2014,,,2016,DUO302,황학동,"1,000",중구,3,66,5,22.52,,,819,11140,2
34,,2015,,,2016,골드캐슬Ⅰ,황학동,"2,000",중구,3,95,5,40.61,,,1725,11140,6
35,,2014,,,2016,DUO302,황학동,"4,000",중구,3,50,5,22.52,,,819,11140,11
36,,2014,,,2016,DUO302,황학동,"3,000",중구,3,55,5,22.52,,,819,11140,19
37,,2013,,,2016,한양 I-Class,황학동,"10,000",중구,3,0,7,19.05,,,787,11140,6
38,,2010,,,2016,황학동 코아루,황학동,"22,500",중구,3,0,11,41.68,,,882,11140,7
39,,2004,,,2016,올리브1,황학동,"7,000",중구,3,20,19,25.05,,,808,11140,6
40,,2014,,,2016,아미인,황학동,"12,800",중구,3,0,23,18.62,,,836,11140,3
41,,2004,,,2016,올리브1,황학동,500,중구,3,60,26,25.05,,,808,11140,6
42,,2013,,,2016,한양 I-Class,황학동,"2,000",중구,3,50,26,19.05,,,787,11140,4
43,,2014,,,2016,아미인,황학동,"13,000",중구,3,0,26,18.23,,,836,11140,5
44,,2014,,,2016,DUO302,황학동,"14,000",중구,3,0,26,23.06,,,819,11140,4
45,,2014,,,2016,아미인,황학동,"12,800",중구,3,0,30,18.62,,,836,11140,2
46,,2004,,,2016,KCC 파크타운,만리동2가,"6,000",중구,3,90,8,66.47,,,11-1,11140,14
0,,2014,,,2016,코발트팰리스,오장동,"10,000",중구,4,5,1,20.36,,,90-24,11140,10
1,,2014,,,2016,코발트팰리스,오장동,"12,000",중구,4,0,8,20.36,,,90-24,11140,12
2,,2014,,,2016,코발트팰리스,오장동,"12,000",중구,4,0,11,20.36,,,90-24,11140,12
3,,2003,,,2016,(340-123),신당동,"12,000",중구,4,0,1,22.4,,,340-123,11140,2
4,,2016,,,2016,신당역솔하임,신당동,"4,000",중구,4,50,1,18.8,,,140-23,11140,2
5,,2015,,,2016,장충아이빌2,신당동,"22,000",중구,4,0,2,29.96,,,420-16,11140,6
6,,2016,,,2016,신당역솔하임,신당동,"1,000",중구,4,70,2,26.72,,,140-23,11140,6
7,,2016,,,2016,신당역솔하임,신당동,"1,000",중구,4,75,11,20.69,,,140-23,11140,12
8,,2016,,,2016,신당역솔하임,신당동,"1,000",중구,4,70,18,18.8,,,140-23,11140,13
9,,2014,,,2016,신당아르브,신당동,500,중구,4,70,20,21.31,,,160-5,11140,15
10,,2014,,,2016,신당아르브,신당동,"5,000",중구,4,45,21,21.31,,,160-5,11140,15
11,,2014,,,2016,청계천 두산위브더제니스,흥인동,"2,000",중구,4,125,3,46.74,,,13-1,11140,18
12,,2014,,,2016,청계천 두산위브더제니스,흥인동,"4,000",중구,4,75,5,35.77,,,13-1,11140,23
13,,2014,,,2016,청계천 두산위브더제니스,흥인동,"2,000",중구,4,130,18,46.74,,,13-1,11140,6
14,,2014,,,2016,동대문 와이즈 캐슬,흥인동,"13,500",중구,4,0,25,21.35,,,119,11140,4
15,,2014,,,2016,청계천 두산위브더제니스,흥인동,"1,000",중구,4,105,27,34.61,,,13-1,11140,4
16,,2014,,,2016,아미인,황학동,"12,800",중구,4,0,1,18.62,,,836,11140,3
17,,2014,,,2016,DUO302,황학동,"2,000",중구,4,60,1,22.52,,,819,11140,16
18,,2014,,,2016,DUO302,황학동,"2,000",중구,4,60,3,23.06,,,819,11140,4
19,,2004,,,2016,신당역올리브2,황학동,"1,000",중구,4,55,4,23.82,,,2484,11140,12
20,,2004,,,2016,올리브1,황학동,"11,000",중구,4,0,4,25.05,,,808,11140,7
21,,2013,,,2016,한양 I-Class,황학동,"1,000",중구,4,60,4,19.05,,,787,11140,4
22,,2014,,,2016,DUO302,황학동,"13,500",중구,4,0,4,22.52,,,819,11140,5
23,,2014,,,2016,DUO302,황학동,"2,000",중구,4,60,5,22.52,,,819,11140,5
24,,2013,,,2016,한양 I-Class,황학동,"2,000",중구,4,50,5,19.05,,,787,11140,8
25,,2014,,,2016,아미인,황학동,"12,500",중구,4,0,6,18.23,,,836,11140,3
26,,2014,,,2016,DUO302,황학동,"14,000",중구,4,0,6,22.52,,,819,11140,4
27,,2013,,,2016,블루카운티,황학동,"3,000",중구,4,85,7,41.87,,,1519,11140,4
28,,2003,,,2016,중앙시티빌,황학동,"2,000",중구,4,50,12,24.5,,,805,11140,6
29,,2013,,,2016,한양 I-Class,황학동,500,중구,4,60,18,19.05,,,787,11140,6
30,,2014,,,2016,DUO302,황학동,"2,000",중구,4,60,18,22.52,,,819,11140,10
31,,2014,,,2016,DUO302,황학동,"15,000",중구,4,0,18,22.52,,,819,11140,15
32,,2014,,,2016,DUO302,황학동,"3,000",중구,4,55,21,22.52,,,819,11140,14
33,,2013,,,2016,한양 I-Class,황학동,"3,000",중구,4,45,21,19.05,,,787,11140,8
34,,2014,,,2016,아미인,황학동,"13,000",중구,4,0,22,18.62,,,836,11140,7
35,,2014,,,2016,아미인,황학동,"13,000",중구,4,0,26,18.23,,,836,11140,3
36,,2004,,,2016,올리브1,황학동,"11,000",중구,4,0,29,25.05,,,808,11140,7
37,,2003,,,2016,바비엥-1,의주로1가,"40,000",중구,4,0,30,83.05,,,32-2,11140,12
38,,2006,,,2016,브라운스톤서울,중림동,"35,000",중구,4,0,18,68.04,,,355,11140,10
39,,2004,,,2016,KCC 파크타운,만리동2가,"29,000",중구,4,0,4,66.47,,,11-1,11140,6
40,,2004,,,2016,KCC 파크타운,만리동2가,"30,000",중구,4,0,9,66.47,,,11-1,11140,9
41,,2004,,,2016,KCC 파크타운,만리동2가,"5,000",중구,4,100,12,66.47,,,11-1,11140,13
42,,2004,,,2016,KCC 파크타운,만리동2가,"27,000",중구,4,0,23,66.47,,,11-1,11140,4
43,,2004,,,2016,KCC 파크타운,만리동2가,"29,000",중구,4,0,25,66.47,,,11-1,11140,7
0,,2005,,,2016,성진오피스텔,광희동2가,"7,000",중구,5,0,25,22.8,,,194-1,11140,4
1,,2003,,,2016,정건벨라지오오피스텔,을지로5가,500,중구,5,55,27,21.94,,,20-1,11140,9
2,,2014,,,2016,코발트팰리스,오장동,"12,000",중구,5,0,9,20.36,,,90-24,11140,11
3,,2013,,,2016,엘크루 메트로시티,충무로3가,"5,000",중구,5,80,20,28.94,,,49,11140,19
4,,2004,,,2016,JK오피스텔,신당동,"7,000",중구,5,10,31,22.75,,,353-22,11140,3
5,,2016,,,2016,리마크빌 동대문,흥인동,"1,000",중구,5,72,20,24.65,,,86,11140,8
6,,2014,,,2016,아미인,황학동,"12,800",중구,5,0,2,18.41,,,836,11140,2
7,,2013,,,2016,한양 I-Class,황학동,"17,000",중구,5,0,3,29.64,,,787,11140,3
8,,2014,,,2016,DUO302,황학동,"8,000",중구,5,30,4,22.52,,,819,11140,14
9,,2004,,,2016,신당역올리브2,황학동,"2,000",중구,5,50,6,23.82,,,2484,11140,7
10,,2014,,,2016,DUO302,황학동,500,중구,5,70,7,22.52,,,819,11140,14
11,,2015,,,2016,골드캐슬Ⅰ,황학동,"3,000",중구,5,85,10,40.87,,,1725,11140,2
12,,2014,,,2016,아미인,황학동,"12,800",중구,5,0,12,18.23,,,836,11140,2
13,,2014,,,2016,DUO302,황학동,"1,000",중구,5,70,13,22.52,,,819,11140,12
14,,2014,,,2016,DUO302,황학동,"10,000",중구,5,0,14,22.52,,,819,11140,8
15,,2014,,,2016,다올 노블리움 B동,황학동,"5,000",중구,5,80,18,48.31,,,1744-1,11140,7
16,,2014,,,2016,아미인,황학동,"12,800",중구,5,0,18,18.62,,,836,11140,2
17,,2003,,,2016,중앙시티빌,황학동,"2,000",중구,5,60,20,31.04,,,805,11140,7
18,,2014,,,2016,블루카운티Ⅱ,황학동,"24,000",중구,5,0,21,48.22,,,1628,11140,4
19,,2001,,,2016,골든빌,황학동,"1,500",중구,5,40,23,33.27,,,1752,11140,4
20,,2004,,,2016,신당역올리브2,황학동,"1,000",중구,5,55,26,23.82,,,2484,11140,9
21,,2014,,,2016,DUO302,황학동,"3,000",중구,5,50,26,22.52,,,819,11140,6
22,,2014,,,2016,블루카운티Ⅱ,황학동,"23,500",중구,5,0,26,48.22,,,1628,11140,5
23,,2014,,,2016,DUO302,황학동,"1,000",중구,5,65,28,22.52,,,819,11140,18
24,,2003,,,2016,바비엥-1,의주로1가,"50,000",중구,5,0,23,126.59,,,32-2,11140,15
25,,2004,,,2016,KCC 파크타운,만리동2가,"30,000",중구,5,0,2,66.47,,,11-1,11140,6
26,,2004,,,2016,KCC 파크타운,만리동2가,"24,000",중구,5,0,24,66.47,,,11-1,11140,15
27,,2004,,,2016,KCC 파크타운,만리동2가,"30,000",중구,5,0,28,66.47,,,11-1,11140,14
0,,2008,,,2016,명동아르누보센텀,을지로2가,"13,000",중구,6,60,27,41.2,,,199-40,11140,9
1,,2016,,,2016,충무로엘크루메트로시티2,충무로5가,"22,000",중구,6,0,6,41.41,,,36-2,11140,3
2,,2016,,,2016,충무로엘크루메트로시티2,충무로5가,"16,000",중구,6,0,8,23.03,,,36-2,11140,11
3,,2016,,,2016,충무로엘크루메트로시티2,충무로5가,"2,500",중구,6,58,9,23.03,,,36-2,11140,3
4,,2016,,,2016,충무로엘크루메트로시티2,충무로5가,"16,500",중구,6,0,13,23.03,,,36-2,11140,19
5,,2016,,,2016,충무로엘크루메트로시티2,충무로5가,"16,000",중구,6,0,13,23.03,,,36-2,11140,7
6,,2016,,,2016,충무로엘크루메트로시티2,충무로5가,"16,000",중구,6,0,13,23.03,,,36-2,11140,20
7,,2016,,,2016,충무로엘크루메트로시티2,충무로5가,"16,500",중구,6,0,15,23.03,,,36-2,11140,19
8,,2016,,,2016,충무로엘크루메트로시티2,충무로5가,"16,000",중구,6,0,16,23.03,,,36-2,11140,18
9,,2016,,,2016,충무로엘크루메트로시티2,충무로5가,"25,000",중구,6,0,17,37.07,,,36-2,11140,20
10,,2016,,,2016,충무로엘크루메트로시티2,충무로5가,"1,000",중구,6,60,17,23.03,,,36-2,11140,5
11,,2016,,,2016,충무로엘크루메트로시티2,충무로5가,"1,000",중구,6,60,19,23.03,,,36-2,11140,5
12,,2016,,,2016,충무로엘크루메트로시티2,충무로5가,"16,000",중구,6,0,19,23.03,,,36-2,11140,17
13,,2016,,,2016,충무로엘크루메트로시티2,충무로5가,"15,000",중구,6,0,20,23.03,,,36-2,11140,6
14,,2016,,,2016,충무로엘크루메트로시티2,충무로5가,"16,000",중구,6,0,20,23.03,,,36-2,11140,12
15,,2016,,,2016,충무로엘크루메트로시티2,충무로5가,"3,000",중구,6,50,21,23.03,,,36-2,11140,4
16,,2016,,,2016,충무로엘크루메트로시티2,충무로5가,"16,500",중구,6,0,23,23.03,,,36-2,11140,18
17,,2016,,,2016,충무로엘크루메트로시티2,충무로5가,"16,000",중구,6,0,24,23.03,,,36-2,11140,12
18,,2016,,,2016,충무로엘크루메트로시티2,충무로5가,"6,000",중구,6,45,25,23.03,,,36-2,11140,14
19,,2016,,,2016,충무로엘크루메트로시티2,충무로5가,"1,000",중구,6,60,27,23.03,,,36-2,11140,10
20,,2016,,,2016,충무로엘크루메트로시티2,충무로5가,"16,500",중구,6,0,29,23.03,,,36-2,11140,18
21,,2016,,,2016,충무로엘크루메트로시티2,충무로5가,"16,500",중구,6,0,30,23.03,,,36-2,11140,17
22,,2016,,,2016,충무로엘크루메트로시티2,충무로5가,"17,000",중구,6,0,30,23.03,,,36-2,11140,6
23,,2004,,,2016,삼성골드캐슬,을지로5가,500,중구,6,70,10,20.18,,,273-2,11140,5
24,,2014,,,2016,신당아르브,신당동,"3,000",중구,6,55,1,21.31,,,160-5,11140,12
25,,2014,,,2016,신당아르브,신당동,"1,000",중구,6,65,1,21.31,,,160-5,11140,17
26,,2005,,,2016,남산정은스카이,신당동,"12,000",중구,6,15,4,33.05,,,366-126,11140,5
27,,2004,,,2016,JK오피스텔,신당동,"6,000",중구,6,20,8,22.75,,,353-22,11140,4
28,,2014,,,2016,신당아르브,신당동,"14,000",중구,6,0,12,21.31,,,160-5,11140,13
29,,2015,,,2016,장충아이빌2,신당동,"22,000",중구,6,0,14,29.96,,,420-16,11140,6
30,,2003,,,2016,(340-123),신당동,"12,000",중구,6,0,30,19.52,,,340-123,11140,5
31,,2014,,,2016,신당아르브,신당동,"1,000",중구,6,65,30,21.31,,,160-5,11140,11
32,,2014,,,2016,청계천 두산위브더제니스,흥인동,"23,000",중구,6,0,3,35.77,,,13-1,11140,22
33,,2016,,,2016,리마크빌 동대문,흥인동,"2,000",중구,6,127,10,49.46,,,86,11140,18
34,,2016,,,2016,리마크빌 동대문,흥인동,"1,000",중구,6,82,11,30.3,,,86,11140,6
35,,2016,,,2016,리마크빌 동대문,흥인동,"2,000",중구,6,127,17,50.54,,,86,11140,21
36,,2016,,,2016,리마크빌 동대문,흥인동,"1,500",중구,6,100,24,39.69,,,86,11140,7
37,,2014,,,2016,DUO302,황학동,"1,000",중구,6,65,1,23.06,,,819,11140,3
38,,2014,,,2016,블루카운티Ⅱ,황학동,"24,500",중구,6,0,2,48.42,,,1628,11140,5
39,,2014,,,2016,블루카운티Ⅱ,황학동,"24,000",중구,6,0,3,48.22,,,1628,11140,6
40,,2014,,,2016,DUO302,황학동,"1,000",중구,6,70,6,23.06,,,819,11140,4
41,,2013,,,2016,한양 I-Class,황학동,"2,000",중구,6,50,9,19.05,,,787,11140,11
42,,2014,,,2016,블루카운티Ⅱ,황학동,"23,000",중구,6,0,10,48.42,,,1628,11140,9
43,,2013,,,2016,한양 I-Class,황학동,"1,000",중구,6,55,13,19.05,,,787,11140,5
44,,2001,,,2016,골든빌,황학동,"3,000",중구,6,45,13,33.27,,,1752,11140,3
45,,2013,,,2016,한양 I-Class,황학동,"10,000",중구,6,0,15,19.05,,,787,11140,2
46,,2004,,,2016,신당역올리브2,황학동,"7,000",중구,6,30,17,23.82,,,2484,11140,3
47,,2014,,,2016,DUO302,황학동,"2,000",중구,6,60,17,22.52,,,819,11140,12
48,,2014,,,2016,다올 노블리움 B동,황학동,"21,000",중구,6,0,18,46.2,,,1744-1,11140,4
49,,2014,,,2016,블루카운티Ⅱ,황학동,"12,000",중구,6,0,18,22.81,,,1628,11140,5
50,,2014,,,2016,블루카운티Ⅱ,황학동,"12,000",중구,6,0,18,22.81,,,1628,11140,6
51,,2004,,,2016,올리브1,황학동,"1,000",중구,6,55,21,25.05,,,808,11140,12
52,,2013,,,2016,한양 I-Class,황학동,"12,000",중구,6,0,22,19.05,,,787,11140,4
53,,2013,,,2016,한양 I-Class,황학동,"12,000",중구,6,0,23,19.05,,,787,11140,4
54,,2014,,,2016,블루카운티Ⅱ,황학동,"24,000",중구,6,0,28,48.42,,,1628,11140,3
55,,2004,,,2016,올리브1,황학동,"11,000",중구,6,0,30,25.05,,,808,11140,14
56,,2006,,,2016,브라운스톤서울,중림동,"12,000",중구,6,90,30,68.04,,,355,11140,18
57,,2004,,,2016,KCC 파크타운,만리동2가,"31,000",중구,6,0,10,66.47,,,11-1,11140,13
58,,2004,,,2016,KCC 파크타운,만리동2가,"17,000",중구,6,0,11,32.02,,,11-1,11140,7
59,,2004,,,2016,KCC 파크타운,만리동2가,"18,000",중구,6,50,13,66.47,,,11-1,11140,6
0,,2016,,,2016,충무로엘크루메트로시티2,충무로5가,500,중구,7,65,1,23.03,,,36-2,11140,6
1,,2016,,,2016,충무로엘크루메트로시티2,충무로5가,"25,000",중구,7,0,2,41.41,,,36-2,11140,14
2,,2016,,,2016,충무로엘크루메트로시티2,충무로5가,"17,000",중구,7,0,2,23.03,,,36-2,11140,19
3,,2016,,,2016,충무로엘크루메트로시티2,충무로5가,"16,000",중구,7,0,2,23.03,,,36-2,11140,11
4,,2016,,,2016,충무로엘크루메트로시티2,충무로5가,"1,000",중구,7,60,3,23.03,,,36-2,11140,2
5,,2016,,,2016,충무로엘크루메트로시티2,충무로5가,"16,500",중구,7,0,3,23.03,,,36-2,11140,17
6,,2016,,,2016,충무로엘크루메트로시티2,충무로5가,"16,500",중구,7,0,3,23.03,,,36-2,11140,16
7,,2016,,,2016,충무로엘크루메트로시티2,충무로5가,"3,000",중구,7,55,7,23.03,,,36-2,11140,12
8,,2016,,,2016,충무로엘크루메트로시티2,충무로5가,"16,500",중구,7,0,9,23.03,,,36-2,11140,18
9,,2016,,,2016,충무로엘크루메트로시티2,충무로5가,"3,000",중구,7,50,10,23.03,,,36-2,11140,2
10,,2016,,,2016,충무로엘크루메트로시티2,충무로5가,"17,000",중구,7,0,10,23.03,,,36-2,11140,18
11,,2016,,,2016,충무로엘크루메트로시티2,충무로5가,"3,000",중구,7,55,10,23.03,,,36-2,11140,19
12,,2016,,,2016,충무로엘크루메트로시티2,충무로5가,"3,000",중구,7,55,11,23.03,,,36-2,11140,12
13,,2016,,,2016,충무로엘크루메트로시티2,충무로5가,"24,000",중구,7,0,11,37.07,,,36-2,11140,2
14,,2016,,,2016,충무로엘크루메트로시티2,충무로5가,"4,000",중구,7,50,13,23.03,,,36-2,11140,4
15,,2016,,,2016,충무로엘크루메트로시티2,충무로5가,"17,000",중구,7,0,14,23.03,,,36-2,11140,14
16,,2016,,,2016,충무로엘크루메트로시티2,충무로5가,500,중구,7,70,15,23.03,,,36-2,11140,10
17,,2016,,,2016,충무로엘크루메트로시티2,충무로5가,"5,000",중구,7,45,16,23.03,,,36-2,11140,9
18,,2016,,,2016,충무로엘크루메트로시티2,충무로5가,"5,000",중구,7,45,17,23.03,,,36-2,11140,15
19,,2016,,,2016,충무로엘크루메트로시티2,충무로5가,"3,000",중구,7,55,23,23.03,,,36-2,11140,13
20,,2016,,,2016,충무로엘크루메트로시티2,충무로5가,"1,000",중구,7,65,23,23.03,,,36-2,11140,12
21,,2016,,,2016,충무로엘크루메트로시티2,충무로5가,"4,000",중구,7,50,25,23.03,,,36-2,11140,19
22,,2016,,,2016,충무로엘크루메트로시티2,충무로5가,"1,000",중구,7,65,25,23.03,,,36-2,11140,10
23,,2016,,,2016,충무로엘크루메트로시티2,충무로5가,"3,000",중구,7,55,28,23.03,,,36-2,11140,17
24,,2016,,,2016,충무로엘크루메트로시티2,충무로5가,"1,000",중구,7,65,29,23.03,,,36-2,11140,14
25,,2016,,,2016,충무로엘크루메트로시티2,충무로5가,"16,500",중구,7,0,30,23.03,,,36-2,11140,17
26,,2004,,,2016,타임캐슬 오피스텔,을지로6가,500,중구,7,75,13,23.27,,,23,11140,6
27,,2004,,,2016,신당동 오피스텔,신당동,"5,000",중구,7,0,13,13.84,,,294-64,11140,5
28,,2004,,,2016,JK오피스텔,신당동,"8,500",중구,7,0,18,25.91,,,353-22,11140,3
29,,2005,,,2016,남산정은스카이,신당동,"17,000",중구,7,0,20,33.05,,,366-126,11140,3
30,,2014,,,2016,신당아르브,신당동,"1,000",중구,7,60,20,21.31,,,160-5,11140,17
31,,2014,,,2016,신당아르브,신당동,"1,000",중구,7,65,25,21.31,,,160-5,11140,16
32,,2004,,,2016,JK오피스텔,신당동,"9,000",중구,7,0,25,22.75,,,353-22,11140,5
33,,2004,,,2016,JK오피스텔,신당동,"4,000",중구,7,40,27,22.13,,,353-22,11140,4
34,,2016,,,2016,리마크빌 동대문,흥인동,"1,000",중구,7,77,13,25.24,,,86,11140,19
35,,2014,,,2016,청계천 두산위브더제니스,흥인동,"2,000",중구,7,120,14,40.89,,,13-1,11140,12
36,,2014,,,2016,청계천 두산위브더제니스,흥인동,"85,000",중구,7,0,25,46.74,,,13-1,11140,24
37,,2013,,,2016,(91),흥인동,"1,000",중구,7,60,26,20.98,,,91,11140,8
38,,2014,,,2016,청계천 두산위브더제니스,흥인동,"30,000",중구,7,0,26,46.74,,,13-1,11140,10
39,,2004,,,2016,올리브1,황학동,"1,000",중구,7,55,1,25.05,,,808,11140,8
40,,2013,,,2016,한양 I-Class,황학동,"10,000",중구,7,0,4,19.05,,,787,11140,8
41,,2014,,,2016,아미인,황학동,"12,000",중구,7,0,5,18.41,,,836,11140,3
42,,2013,,,2016,한양 I-Class,황학동,"17,000",중구,7,0,8,29.64,,,787,11140,2
43,,2013,,,2016,한양 I-Class,황학동,"12,000",중구,7,0,8,19.05,,,787,11140,10
44,,2004,,,2016,올리브1,황학동,"3,000",중구,7,33,14,23.73,,,808,11140,13
45,,2014,,,2016,DUO302,황학동,"3,000",중구,7,55,20,22.52,,,819,11140,7
46,,2013,,,2016,한양 I-Class,황학동,"12,000",중구,7,0,20,19.05,,,787,11140,4
47,,2013,,,2016,한양 I-Class,황학동,"1,000",중구,7,60,27,19.05,,,787,11140,10
48,,2014,,,2016,아미인,황학동,"12,800",중구,7,0,27,18.41,,,836,11140,2
49,,2013,,,2016,한양 I-Class,황학동,"17,000",중구,7,0,28,29.64,,,787,11140,8
50,,2014,,,2016,DUO302,황학동,"4,000",중구,7,50,29,23.06,,,819,11140,10
51,,2013,,,2016,한양 I-Class,황학동,"3,000",중구,7,50,30,19.05,,,787,11140,11
52,,2004,,,2016,올리브1,황학동,"5,000",중구,7,35,30,25.05,,,808,11140,9
53,,2013,,,2016,한양 I-Class,황학동,"1,000",중구,7,60,30,19.05,,,787,11140,8
54,,2015,,,2016,골드캐슬Ⅰ,황학동,"1,000",중구,7,95,31,40.04,,,1725,11140,4
55,,2006,,,2016,브라운스톤서울,중림동,"35,000",중구,7,0,25,68.04,,,355,11140,16
56,,2005,,,2016,서울역 디오빌,만리동1가,"28,000",중구,7,0,23,56.17,,,62-7,11140,2
57,,2004,,,2016,KCC 파크타운,만리동2가,"2,000",중구,7,70,27,32.02,,,11-1,11140,10
0,,2016,,,2016,충무로엘크루메트로시티2,충무로5가,"3,000",중구,8,57,2,23.03,,,36-2,11140,5
1,,2016,,,2016,충무로엘크루메트로시티2,충무로5가,"2,000",중구,8,60,3,23.03,,,36-2,11140,5
2,,2016,,,2016,충무로엘크루메트로시티2,충무로5가,"5,000",중구,8,45,3,23.03,,,36-2,11140,11
3,,2016,,,2016,충무로엘크루메트로시티2,충무로5가,"2,000",중구,8,120,5,41.41,,,36-2,11140,10
4,,2016,,,2016,충무로엘크루메트로시티2,충무로5가,"17,500",중구,8,0,5,23.03,,,36-2,11140,17
5,,2016,,,2016,충무로엘크루메트로시티2,충무로5가,"5,000",중구,8,50,7,23.03,,,36-2,11140,19
6,,2016,,,2016,충무로엘크루메트로시티2,충무로5가,"3,000",중구,8,57,8,23.03,,,36-2,11140,9
7,,2016,,,2016,충무로엘크루메트로시티2,충무로5가,"2,000",중구,8,60,8,23.03,,,36-2,11140,2
8,,2016,,,2016,충무로엘크루메트로시티2,충무로5가,"1,000",중구,8,65,10,23.03,,,36-2,11140,8
9,,2016,,,2016,충무로엘크루메트로시티2,충무로5가,"18,500",중구,8,0,16,23.03,,,36-2,11140,9
10,,2016,,,2016,충무로엘크루메트로시티2,충무로5가,"1,000",중구,8,68,20,23.03,,,36-2,11140,13
11,,2016,,,2016,충무로엘크루메트로시티2,충무로5가,"1,000",중구,8,65,20,23.03,,,36-2,11140,4
12,,2016,,,2016,충무로엘크루메트로시티2,충무로5가,"3,000",중구,8,55,20,23.03,,,36-2,11140,4
13,,2016,,,2016,충무로엘크루메트로시티2,충무로5가,"18,000",중구,8,0,21,23.03,,,36-2,11140,15
14,,2016,,,2016,충무로엘크루메트로시티2,충무로5가,"1,000",중구,8,65,25,23.03,,,36-2,11140,7
15,,2016,,,2016,충무로엘크루메트로시티2,충무로5가,"5,000",중구,8,50,31,23.03,,,36-2,11140,9
16,,2015,,,2016,장충아이빌2,신당동,"22,000",중구,8,0,2,29.96,,,420-16,11140,5
17,,2004,,,2016,JK오피스텔,신당동,"5,000",중구,8,30,2,22.75,,,353-22,11140,5
18,,2014,,,2016,신당아르브,신당동,"14,500",중구,8,0,4,21.31,,,160-5,11140,13
19,,2004,,,2016,신당동 오피스텔,신당동,"6,000",중구,8,0,5,13.84,,,294-64,11140,6
20,,2005,,,2016,남산정은스카이,신당동,"13,000",중구,8,0,9,38.26,,,366-126,11140,3
21,,2016,,,2016,신당역솔하임,신당동,"13,500",중구,8,0,17,18.8,,,140-23,11140,10
22,,2003,,,2016,(340-123),신당동,"13,000",중구,8,0,22,22.4,,,340-123,11140,4
23,,2014,,,2016,신당아르브,신당동,"5,000",중구,8,50,24,21.31,,,160-5,11140,13
24,,2004,,,2016,신당동 오피스텔,신당동,350,중구,8,40,25,14.06,,,294-64,11140,5
25,,2004,,,2016,신당동 오피스텔,신당동,500,중구,8,37,25,13.84,,,294-64,11140,5
26,,2003,,,2016,(340-123),신당동,"13,000",중구,8,0,27,22.4,,,340-123,11140,2
27,,2014,,,2016,신당아르브,신당동,"14,000",중구,8,0,29,21.31,,,160-5,11140,8
28,,2004,,,2016,JK오피스텔,신당동,"7,000",중구,8,20,29,25.41,,,353-22,11140,3
29,,2016,,,2016,리마크빌 동대문,흥인동,"1,000",중구,8,84,6,24.96,,,86,11140,9
30,,2016,,,2016,리마크빌 동대문,흥인동,"1,000",중구,8,75,17,24.65,,,86,11140,14
31,,2014,,,2016,청계천 두산위브더제니스,흥인동,"30,000",중구,8,0,18,46.74,,,13-1,11140,10
32,,2014,,,2016,청계천 두산위브더제니스,흥인동,"26,000",중구,8,0,19,39.33,,,13-1,11140,27
33,,2014,,,2016,청계천 두산위브더제니스,흥인동,"73,000",중구,8,0,24,46.74,,,13-1,11140,9
34,,2014,,,2016,청계천 두산위브더제니스,흥인동,"5,000",중구,8,280,24,46.74,,,13-1,11140,3
35,,2013,,,2016,(91),흥인동,"1,000",중구,8,60,31,20.09,,,91,11140,8
36,,2015,,,2016,골드캐슬Ⅰ,황학동,"10,000",중구,8,0,1,17.71,,,1725,11140,5
37,,2013,,,2016,한양 I-Class,황학동,"4,000",중구,8,30,3,19.05,,,787,11140,5
38,,2014,,,2016,아미인,황학동,"5,000",중구,8,40,6,24.15,,,836,11140,7
39,,1999,,,2016,(505),황학동,"5,300",중구,8,10,9,25.78,,,505,11140,6
40,,2014,,,2016,아미인,황학동,"12,000",중구,8,0,16,18.41,,,836,11140,7
41,,2004,,,2016,신당역올리브2,황학동,"18,000",중구,8,0,18,50.29,,,2484,11140,10
42,,2013,,,2016,블루카운티,황학동,"20,000",중구,8,0,19,42.84,,,1519,11140,6
43,,2013,,,2016,한양 I-Class,황학동,"12,000",중구,8,0,23,19.05,,,787,11140,9
44,,2013,,,2016,한양 I-Class,황학동,"11,000",중구,8,0,26,19.05,,,787,11140,9
45,,2004,,,2016,KCC 파크타운,만리동2가,"32,000",중구,8,0,6,66.47,,,11-1,11140,8
46,,2004,,,2016,KCC 파크타운,만리동2가,"30,000",중구,8,0,22,66.47,,,11-1,11140,5
0,,2016,,,2016,충무로엘크루메트로시티2,충무로5가,"1,000",중구,9,68,1,23.03,,,36-2,11140,18
1,,2016,,,2016,충무로엘크루메트로시티2,충무로5가,"3,000",중구,9,60,2,23.03,,,36-2,11140,9
2,,2016,,,2016,충무로엘크루메트로시티2,충무로5가,"1,000",중구,9,67,4,23.03,,,36-2,11140,6
3,,2016,,,2016,충무로엘크루메트로시티2,충무로5가,"1,000",중구,9,68,6,23.03,,,36-2,11140,18
4,,2016,,,2016,충무로엘크루메트로시티2,충무로5가,"26,000",중구,9,0,10,37.07,,,36-2,11140,15
5,,2016,,,2016,충무로엘크루메트로시티2,충무로5가,"1,000",중구,9,65,13,23.03,,,36-2,11140,2
6,,2016,,,2016,충무로엘크루메트로시티2,충무로5가,"2,000",중구,9,65,17,23.03,,,36-2,11140,5
7,,2016,,,2016,충무로엘크루메트로시티2,충무로5가,"2,000",중구,9,65,20,23.03,,,36-2,11140,14
8,,2016,,,2016,충무로엘크루메트로시티2,충무로5가,"1,000",중구,9,65,20,23.03,,,36-2,11140,15
9,,2016,,,2016,충무로엘크루메트로시티2,충무로5가,"1,000",중구,9,70,22,23.03,,,36-2,11140,10
10,,2016,,,2016,충무로엘크루메트로시티2,충무로5가,"1,000",중구,9,70,23,23.03,,,36-2,11140,12
11,,2016,,,2016,충무로엘크루메트로시티2,충무로5가,"1,000",중구,9,68,23,23.03,,,36-2,11140,13
12,,2016,,,2016,충무로엘크루메트로시티2,충무로5가,"1,000",중구,9,70,24,23.03,,,36-2,11140,9
13,,2016,,,2016,충무로엘크루메트로시티2,충무로5가,"1,000",중구,9,70,28,23.03,,,36-2,11140,11
14,,2003,,,2016,정건벨라지오오피스텔,을지로5가,"7,000",중구,9,15,20,21.94,,,20-1,11140,7
15,,2005,,,2016,대성을지로오피스텔,을지로5가,"11,000",중구,9,0,29,25.49,,,77-2,11140,12
16,,2004,,,2016,신당동 오피스텔,신당동,200,중구,9,37,5,13.78,,,294-64,11140,6
17,,2003,,,2016,(340-123),신당동,"13,000",중구,9,0,5,22.4,,,340-123,11140,4
18,,2014,,,2016,신당아르브,신당동,"15,000",중구,9,0,9,21.31,,,160-5,11140,13
19,,2014,,,2016,신당아르브,신당동,"13,800",중구,9,0,10,21.31,,,160-5,11140,9
20,,2004,,,2016,JK오피스텔,신당동,"4,500",중구,9,35,13,24.3,,,353-22,11140,5
21,,2014,,,2016,신당아르브,신당동,"14,500",중구,9,0,20,21.31,,,160-5,11140,9
22,,2014,,,2016,신당아르브,신당동,"12,500",중구,9,10,21,21.31,,,160-5,11140,9
23,,2016,,,2016,신당역솔하임,신당동,"3,000",중구,9,60,24,18.8,,,140-23,11140,4
24,,2014,,,2016,신당아르브,신당동,"3,000",중구,9,50,24,21.31,,,160-5,11140,10
25,,2014,,,2016,신당아르브,신당동,"15,500",중구,9,0,28,21.31,,,160-5,11140,17
26,,2016,,,2016,리마크빌 동대문,흥인동,"1,000",중구,9,72,6,24.65,,,86,11140,5
27,,2014,,,2016,청계천 두산위브더제니스,흥인동,"32,000",중구,9,0,26,52.66,,,13-1,11140,17
28,,2016,,,2016,리마크빌 동대문,흥인동,"2,000",중구,9,145,29,57.17,,,86,11140,18
29,,2013,,,2016,한양 I-Class,황학동,"12,000",중구,9,0,1,19.05,,,787,11140,7
30,,2016,,,2016,신당블루카운티,황학동,"28,000",중구,9,0,5,44.66,,,846,11140,10
31,,2014,,,2016,다올노블리움A동,황학동,"3,000",중구,9,90,9,44.8,,,1744,11140,6
32,,2015,,,2016,하늘드리움,황학동,"25,000",중구,9,0,12,51.99,,,656,11140,6
33,,2014,,,2016,아미인,황학동,"13,000",중구,9,0,21,18.23,,,836,11140,6
34,,2014,,,2016,다올 노블리움 B동,황학동,"26,000",중구,9,0,22,56.15,,,1744-1,11140,6
35,,2013,,,2016,한양 I-Class,황학동,"11,000",중구,9,0,25,19.05,,,787,11140,5
36,,2004,,,2016,신당역올리브2,황학동,"2,000",중구,9,90,30,50.29,,,2484,11140,11
37,,2016,,,2016,덕수궁롯데캐슬,순화동,"23,000",중구,9,0,20,36.15,,,217,11140,2
38,,2016,,,2016,덕수궁롯데캐슬,순화동,"8,000",중구,9,70,25,41.14,,,217,11140,7
39,,2016,,,2016,덕수궁롯데캐슬,순화동,"26,000",중구,9,0,28,36.15,,,217,11140,11
40,,2016,,,2016,덕수궁롯데캐슬,순화동,"24,000",중구,9,0,28,32.35,,,217,11140,4
41,,2016,,,2016,덕수궁롯데캐슬,순화동,"24,000",중구,9,0,30,32.35,,,217,11140,5
42,,2006,,,2016,브라운스톤서울,중림동,"32,000",중구,9,25,8,62.82,,,355,11140,34
43,,2005,,,2016,서울역 디오빌,만리동1가,"26,000",중구,9,0,23,56.17,,,62-7,11140,5
44,,2004,,,2016,KCC 파크타운,만리동2가,"5,000",중구,9,55,2,32.02,,,11-1,11140,10
45,,2004,,,2016,KCC 파크타운,만리동2가,"32,000",중구,9,0,9,66.47,,,11-1,11140,15
0,,2016,,,2016,충무로엘크루메트로시티2,충무로5가,"1,000",중구,10,70,6,23.03,,,36-2,11140,12
1,,2016,,,2016,충무로엘크루메트로시티2,충무로5가,"1,000",중구,10,65,6,23.03,,,36-2,11140,2
2,,2016,,,2016,충무로엘크루메트로시티2,충무로5가,"1,000",중구,10,70,13,23.03,,,36-2,11140,8
3,,2016,,,2016,충무로엘크루메트로시티2,충무로5가,"1,000",중구,10,68,30,23.03,,,36-2,11140,6
4,,2013,,,2016,엘크루 메트로시티,충무로3가,"20,000",중구,10,0,10,28.94,,,49,11140,19
5,,2013,,,2016,엘크루 메트로시티,충무로3가,"20,000",중구,10,0,13,26.65,,,49,11140,13
6,,2014,,,2016,신당아르브,신당동,"15,500",중구,10,0,7,21.31,,,160-5,11140,15
7,,2004,,,2016,JK오피스텔,신당동,"9,000",중구,10,0,11,22.75,,,353-22,11140,2
8,,2014,,,2016,신당아르브,신당동,"13,000",중구,10,0,11,21.31,,,160-5,11140,12
9,,2014,,,2016,신당아르브,신당동,"15,500",중구,10,0,19,21.31,,,160-5,11140,13
10,,2003,,,2016,(340-123),신당동,"12,000",중구,10,0,19,22.4,,,340-123,11140,3
11,,2014,,,2016,신당아르브,신당동,"1,000",중구,10,65,25,21.31,,,160-5,11140,9
12,,2014,,,2016,청계천 두산위브더제니스,흥인동,"22,000",중구,10,0,8,40.89,,,13-1,11140,8
13,,2014,,,2016,청계천 두산위브더제니스,흥인동,"22,000",중구,10,0,8,40.89,,,13-1,11140,8
14,,2014,,,2016,청계천 두산위브더제니스,흥인동,"1,000",중구,10,135,14,46.23,,,13-1,11140,14
15,,2016,,,2016,리마크빌 동대문,흥인동,"1,000",중구,10,84,14,24.96,,,86,11140,13
16,,2016,,,2016,리마크빌 동대문,흥인동,"1,000",중구,10,84,17,24.96,,,86,11140,13
17,,2016,,,2016,리마크빌 동대문,흥인동,"1,000",중구,10,75,17,24.25,,,86,11140,3
18,,2013,,,2016,(91),흥인동,"6,500",중구,10,40,22,24.35,,,91,11140,12
19,,2016,,,2016,리마크빌 동대문,흥인동,"3,000",중구,10,64,24,26.68,,,86,11140,19
20,,2016,,,2016,리마크빌 동대문,흥인동,"1,000",중구,10,87,28,24.96,,,86,11140,16
21,,2014,,,2016,청계천 두산위브더제니스,흥인동,"1,000",중구,10,115,29,39.33,,,13-1,11140,26
22,,2014,,,2016,아미인,황학동,"12,500",중구,10,0,1,18.23,,,836,11140,4
23,,2016,,,2016,하늘드리움2차,황학동,"4,000",중구,10,85,3,38.31,,,876,11140,3
24,,2003,,,2016,중앙시티빌,황학동,"1,000",중구,10,55,4,25,,,805,11140,13
25,,2014,,,2016,다올 노블리움 B동,황학동,"1,000",중구,10,55,8,22.44,,,1744-1,11140,4
26,,2013,,,2016,한양 I-Class,황학동,"2,000",중구,10,50,8,19.05,,,787,11140,8
27,,2013,,,2016,한양 I-Class,황학동,"17,000",중구,10,0,14,29.64,,,787,11140,5
28,,2004,,,2016,올리브1,황학동,500,중구,10,60,15,25.05,,,808,11140,14
29,,2014,,,2016,아미인,황학동,"13,000",중구,10,0,15,18.62,,,836,11140,6
30,,2004,,,2016,신당역올리브2,황학동,"1,000",중구,10,55,15,23.82,,,2484,11140,8
31,,2015,,,2016,(1542),황학동,"5,000",중구,10,70,17,36.49,,,1542,11140,6
32,,2014,,,2016,다올노블리움A동,황학동,"22,000",중구,10,0,18,44.8,,,1744,11140,6
33,,2014,,,2016,블루카운티Ⅱ,황학동,"25,000",중구,10,0,19,48.22,,,1628,11140,8
34,,2016,,,2016,하늘드리움2차,황학동,"22,000",중구,10,0,19,38.31,,,876,11140,6
35,,2013,,,2016,한양 I-Class,황학동,"2,000",중구,10,50,22,19.05,,,787,11140,5
36,,2016,,,2016,하늘드리움2차,황학동,"22,000",중구,10,0,24,38.32,,,876,11140,6
37,,2014,,,2016,DUO302,황학동,"7,000",중구,10,35,25,22.52,,,819,11140,13
38,,2013,,,2016,한양 I-Class,황학동,"12,000",중구,10,0,28,19.05,,,787,11140,3
39,,2013,,,2016,한양 I-Class,황학동,"17,000",중구,10,0,28,29.64,,,787,11140,6
40,,2016,,,2016,덕수궁롯데캐슬,순화동,"27,500",중구,10,0,5,36.15,,,217,11140,9
41,,2016,,,2016,덕수궁롯데캐슬,순화동,"1,000",중구,10,100,7,41.14,,,217,11140,5
42,,2016,,,2016,덕수궁롯데캐슬,순화동,"1,000",중구,10,110,11,41.14,,,217,11140,3
43,,2016,,,2016,덕수궁롯데캐슬,순화동,"26,500",중구,10,0,13,36.15,,,217,11140,11
44,,2016,,,2016,덕수궁롯데캐슬,순화동,"26,500",중구,10,0,15,38.79,,,217,11140,5
45,,2016,,,2016,덕수궁롯데캐슬,순화동,"1,000",중구,10,90,15,36.15,,,217,11140,9
46,,2016,,,2016,덕수궁롯데캐슬,순화동,"2,000",중구,10,100,16,41.14,,,217,11140,6
47,,2016,,,2016,덕수궁롯데캐슬,순화동,"26,000",중구,10,0,17,36.15,,,217,11140,9
48,,2016,,,2016,덕수궁롯데캐슬,순화동,"25,000",중구,10,0,18,41.14,,,217,11140,6
49,,2016,,,2016,덕수궁롯데캐슬,순화동,"30,000",중구,10,0,21,41.14,,,217,11140,5
50,,2016,,,2016,덕수궁롯데캐슬,순화동,"1,000",중구,10,80,22,32.35,,,217,11140,2
51,,2016,,,2016,덕수궁롯데캐슬,순화동,"10,000",중구,10,50,27,36.15,,,217,11140,11
52,,2016,,,2016,덕수궁롯데캐슬,순화동,"28,000",중구,10,0,29,38.79,,,217,11140,11
53,,2006,,,2016,브라운스톤서울,중림동,"55,000",중구,10,0,19,107.96,,,355,11140,12
54,,2004,,,2016,KCC 파크타운,만리동2가,"18,000",중구,10,0,5,32.02,,,11-1,11140,14
55,,2004,,,2016,KCC 파크타운,만리동2가,"31,000",중구,10,0,8,66.47,,,11-1,11140,7
56,,2004,,,2016,KCC 파크타운,만리동2가,"32,000",중구,10,0,28,66.47,,,11-1,11140,8
0,,2016,,,2016,충무로엘크루메트로시티2,충무로5가,"1,000",중구,11,70,24,23.03,,,36-2,11140,16
1,,1999,,,2016,광희동금호트윈 오피스텔,광희동1가,500,중구,11,50,25,29.88,,,89-1,11140,11
2,,2003,,,2016,(340-123),신당동,"10,000",중구,11,0,10,22.4,,,340-123,11140,3
3,,2015,,,2016,(420-9),신당동,"20,000",중구,11,0,11,45.86,,,420-9,11140,3
4,,2014,,,2016,신당아르브,신당동,"14,000",중구,11,0,12,21.31,,,160-5,11140,8
5,,2015,,,2016,(420-1),신당동,"19,000",중구,11,0,21,32.51,,,420-1,11140,5
6,,2005,,,2016,남산정은스카이,신당동,"12,000",중구,11,0,27,29.93,,,366-126,11140,1
7,,2013,,,2016,(91),흥인동,"13,000",중구,11,0,4,21.88,,,91,11140,12
8,,2016,,,2016,리마크빌 동대문,흥인동,"1,000",중구,11,72,5,24.65,,,86,11140,7
9,,2014,,,2016,동대문 와이즈 캐슬,흥인동,"12,000",중구,11,10,28,21.35,,,119,11140,2
10,,2013,,,2016,(91),흥인동,"3,500",중구,11,50,28,24.35,,,91,11140,6
11,,2013,,,2016,(91),흥인동,"10,500",중구,11,0,29,20.2,,,91,11140,10
12,,2014,,,2016,동대문 와이즈 캐슬,흥인동,"1,000",중구,11,50,30,19.92,,,119,11140,4
13,,2014,,,2016,DUO302,황학동,"9,000",중구,11,25,3,22.52,,,819,11140,3
14,,2016,,,2016,하늘드리움2차,황학동,"22,000",중구,11,0,4,38.32,,,876,11140,6
15,,2013,,,2016,한양 I-Class,황학동,"2,000",중구,11,48,5,19.05,,,787,11140,2
16,,2014,,,2016,DUO302,황학동,500,중구,11,70,5,22.52,,,819,11140,7
17,,2016,,,2016,하늘드리움2차,황학동,"22,000",중구,11,0,7,38.31,,,876,11140,5
18,,2013,,,2016,한양 I-Class,황학동,"10,000",중구,11,0,9,19.05,,,787,11140,3
19,,1999,,,2016,(505),황학동,"5,000",중구,11,17,10,28.86,,,505,11140,6
20,,2016,,,2016,하늘드리움2차,황학동,"2,000",중구,11,95,11,38.32,,,876,11140,5
21,,2014,,,2016,블루카운티Ⅱ,황학동,"24,000",중구,11,0,11,48.22,,,1628,11140,3
22,,2013,,,2016,한양 I-Class,황학동,"10,000",중구,11,0,15,19.05,,,787,11140,2
23,,2016,,,2016,하늘드리움2차,황학동,"23,000",중구,11,0,16,38.32,,,876,11140,2
24,,2013,,,2016,한양 I-Class,황학동,"2,000",중구,11,50,21,19.05,,,787,11140,11
25,,2013,,,2016,한양 I-Class,황학동,"1,000",중구,11,60,24,19.05,,,787,11140,12
26,,2014,,,2016,블루카운티Ⅱ,황학동,"24,000",중구,11,0,25,48.42,,,1628,11140,8
27,,2013,,,2016,한양 I-Class,황학동,"12,000",중구,11,0,25,19.05,,,787,11140,3
28,,2014,,,2016,다올노블리움A동,황학동,"23,000",중구,11,0,27,44.8,,,1744,11140,3
29,,2014,,,2016,다올 노블리움 B동,황학동,"2,000",중구,11,120,28,56.15,,,1744-1,11140,3
30,,2014,,,2016,DUO302,황학동,"15,000",중구,11,0,28,22.52,,,819,11140,11
31,,2013,,,2016,한양 I-Class,황학동,"2,000",중구,11,50,29,19.05,,,787,11140,2
32,,2016,,,2016,덕수궁롯데캐슬,순화동,"24,000",중구,11,0,2,32.35,,,217,11140,9
33,,2016,,,2016,덕수궁롯데캐슬,순화동,"5,000",중구,11,85,3,41.14,,,217,11140,4
34,,2016,,,2016,덕수궁롯데캐슬,순화동,"18,000",중구,11,35,4,41.14,,,217,11140,3
35,,2016,,,2016,덕수궁롯데캐슬,순화동,"1,000",중구,11,100,7,41.14,,,217,11140,5
36,,2016,,,2016,덕수궁롯데캐슬,순화동,"26,000",중구,11,0,8,36.15,,,217,11140,10
37,,2016,,,2016,덕수궁롯데캐슬,순화동,"26,000",중구,11,0,8,36.15,,,217,11140,10
38,,2016,,,2016,덕수궁롯데캐슬,순화동,"26,000",중구,11,0,8,38.79,,,217,11140,10
39,,2016,,,2016,덕수궁롯데캐슬,순화동,"30,000",중구,11,0,9,41.14,,,217,11140,4
40,,2016,,,2016,덕수궁롯데캐슬,순화동,"1,000",중구,11,80,11,32.35,,,217,11140,12
41,,2016,,,2016,덕수궁롯데캐슬,순화동,"10,000",중구,11,60,12,38.79,,,217,11140,9
42,,2016,,,2016,덕수궁롯데캐슬,순화동,"10,000",중구,11,65,16,36.15,,,217,11140,12
43,,2016,,,2016,덕수궁롯데캐슬,순화동,"25,500",중구,11,0,17,36.15,,,217,11140,11
44,,2016,,,2016,덕수궁롯데캐슬,순화동,"10,000",중구,11,55,19,41.14,,,217,11140,5
45,,2016,,,2016,덕수궁롯데캐슬,순화동,"1,000",중구,11,105,21,41.14,,,217,11140,6
46,,2016,,,2016,덕수궁롯데캐슬,순화동,"10,000",중구,11,70,21,41.14,,,217,11140,6
47,,2016,,,2016,덕수궁롯데캐슬,순화동,"1,000",중구,11,120,21,41.14,,,217,11140,3
48,,2016,,,2016,덕수궁롯데캐슬,순화동,"1,000",중구,11,90,23,36.15,,,217,11140,9
49,,2016,,,2016,덕수궁롯데캐슬,순화동,"3,000",중구,11,90,25,36.15,,,217,11140,12
50,,2005,,,2016,바비엥-2,의주로1가,"23,000",중구,11,0,2,40.22,,,25-10,11140,5
51,,2004,,,2016,KCC 파크타운,만리동2가,"33,000",중구,11,0,26,66.47,,,11-1,11140,14
0,,1999,,,2016,광희동금호트윈 오피스텔,광희동1가,500,중구,12,50,18,22.14,,,89-1,11140,13
1,,2004,,,2016,JK오피스텔,신당동,"4,000",중구,12,40,3,22.75,,,353-22,11140,2
2,,2014,,,2016,신당아르브,신당동,"6,000",중구,12,40,5,21.31,,,160-5,11140,14
3,,2004,,,2016,JK오피스텔,신당동,"9,000",중구,12,0,9,24.3,,,353-22,11140,2
4,,2016,,,2016,신당역솔하임,신당동,"1,000",중구,12,75,13,20.69,,,140-23,11140,10
5,,2003,,,2016,(340-123),신당동,"13,000",중구,12,0,15,22.08,,,340-123,11140,2
6,,2014,,,2016,신당아르브,신당동,"14,000",중구,12,0,15,21.31,,,160-5,11140,12
7,,2014,,,2016,신당아르브,신당동,"1,000",중구,12,65,23,21.31,,,160-5,11140,10
8,,2015,,,2016,남산더힐B동,신당동,"1,000",중구,12,55,27,20.55,,,420-23,11140,7
9,,2004,,,2016,신당동 오피스텔,신당동,500,중구,12,40,29,13.84,,,294-64,11140,6
10,,2014,,,2016,청계천 두산위브더제니스,흥인동,"38,000",중구,12,0,5,59.91,,,13-1,11140,9
11,,2014,,,2016,청계천 두산위브더제니스,흥인동,"27,000",중구,12,0,13,46.74,,,13-1,11140,8
12,,2013,,,2016,(91),흥인동,"1,000",중구,12,60,16,20.98,,,91,11140,6
13,,2016,,,2016,동대문솔하임,흥인동,"1,000",중구,12,120,16,28.88,,,8,11140,3
14,,2004,,,2016,올리브1,황학동,"1,000",중구,12,55,1,25.05,,,808,11140,12
15,,2016,,,2016,하늘드리움2차,황학동,"23,000",중구,12,0,2,38.32,,,876,11140,2
16,,2004,,,2016,올리브1,황학동,500,중구,12,60,3,25.05,,,808,11140,10
17,,2014,,,2016,다올노블리움A동,황학동,"24,000",중구,12,0,3,44.8,,,1744,11140,5
18,,2013,,,2016,한양 I-Class,황학동,"3,000",중구,12,45,3,19.05,,,787,11140,12
19,,2013,,,2016,한양 I-Class,황학동,"1,000",중구,12,55,5,19.05,,,787,11140,7
20,,2004,,,2016,올리브1,황학동,"1,000",중구,12,55,6,25.05,,,808,11140,7
21,,2015,,,2016,(1542),황학동,"23,000",중구,12,0,6,52.1,,,1542,11140,3
22,,2016,,,2016,신당블루카운티,황학동,"21,000",중구,12,0,6,28.58,,,846,11140,10
23,,2016,,,2016,하늘드리움2차,황학동,"22,000",중구,12,0,7,38.32,,,876,11140,6
24,,2015,,,2016,골드캐슬Ⅱ,황학동,"11,000",중구,12,40,9,37.05,,,1758,11140,5
25,,2014,,,2016,아미인,황학동,"15,000",중구,12,0,9,24.15,,,836,11140,5
26,,2013,,,2016,한양 I-Class,황학동,"2,000",중구,12,50,12,19.05,,,787,11140,12
27,,2014,,,2016,아미인,황학동,"12,800",중구,12,0,13,18.41,,,836,11140,2
28,,2013,,,2016,한양 I-Class,황학동,"10,000",중구,12,0,16,19.05,,,787,11140,4
29,,2013,,,2016,한양 I-Class,황학동,"3,000",중구,12,45,17,19.05,,,787,11140,9
30,,2013,,,2016,한양 I-Class,황학동,"17,000",중구,12,0,19,29.64,,,787,11140,10
31,,2013,,,2016,한양 I-Class,황학동,"3,000",중구,12,45,20,19.05,,,787,11140,12
32,,2003,,,2016,중앙시티빌,황학동,"11,000",중구,12,0,24,31.04,,,805,11140,10
33,,2016,,,2016,신당블루카운티,황학동,"2,000",중구,12,100,27,44.66,,,846,11140,7
34,,2014,,,2016,아미인,황학동,"13,000",중구,12,0,31,18.23,,,836,11140,2
35,,2016,,,2016,덕수궁롯데캐슬,순화동,"8,000",중구,12,60,8,32.35,,,217,11140,2
36,,2016,,,2016,덕수궁롯데캐슬,순화동,"25,000",중구,12,20,10,41.14,,,217,11140,3
37,,2016,,,2016,덕수궁롯데캐슬,순화동,"1,000",중구,12,80,13,32.35,,,217,11140,12
38,,2016,,,2016,덕수궁롯데캐슬,순화동,"1,000",중구,12,90,20,36.15,,,217,11140,11
39,,2016,,,2016,덕수궁롯데캐슬,순화동,"27,000",중구,12,0,21,36.15,,,217,11140,12
40,,2016,,,2016,덕수궁롯데캐슬,순화동,"1,000",중구,12,95,27,36.15,,,217,11140,11
41,,2016,,,2016,덕수궁롯데캐슬,순화동,"1,000",중구,12,95,27,36.15,,,217,11140,8
42,,2006,,,2016,브라운스톤서울,중림동,"37,000",중구,12,0,20,62.82,,,355,11140,5
43,,2006,,,2016,브라운스톤서울,중림동,"37,000",중구,12,0,28,62.82,,,355,11140,5
0,,2016,,,2017,충무로엘크루메트로시티2,충무로5가,"3,000",중구,1,50,7,23.03,,,36-2,11140,4
1,,2016,,,2017,충무로엘크루메트로시티2,충무로5가,"1,000",중구,1,70,20,23.03,,,36-2,11140,5
2,,2016,,,2017,충무로엘크루메트로시티2,충무로5가,"2,000",중구,1,125,31,41.41,,,36-2,11140,16
3,,2005,,,2017,대성을지로오피스텔,을지로5가,"1,000",중구,1,65,24,28.04,,,77-2,11140,7
4,,2014,,,2017,코발트팰리스,오장동,"12,000",중구,1,0,3,20.36,,,90-24,11140,11
5,,2013,,,2017,엘크루 메트로시티,충무로3가,500,중구,1,95,2,26.65,,,49,11140,16
6,,2013,,,2017,엘크루 메트로시티,충무로3가,"22,000",중구,1,0,9,28.94,,,49,11140,16
7,,2004,,,2017,신당동 오피스텔,신당동,500,중구,1,30,3,13.84,,,294-64,11140,4
8,,2003,,,2017,(340-123),신당동,"10,000",중구,1,25,4,18.6,,,340-123,11140,5
9,,2015,,,2017,승리빌딩,신당동,"3,000",중구,1,50,6,18.73,,,309-45,11140,7
10,,2003,,,2017,(340-123),신당동,"13,000",중구,1,0,7,22.4,,,340-123,11140,2
11,,2015,,,2017,승리빌딩,신당동,"2,000",중구,1,55,10,17.52,,,309-45,11140,7
12,,2016,,,2017,신당역솔하임,신당동,"3,000",중구,1,80,17,26.72,,,140-23,11140,6
13,,2014,,,2017,신당아르브,신당동,"3,000",중구,1,55,21,21.31,,,160-5,11140,11
14,,2014,,,2017,신당아르브,신당동,"5,000",중구,1,50,21,21.31,,,160-5,11140,14
15,,2014,,,2017,동대문 와이즈 캐슬,흥인동,"15,000",중구,1,0,2,19.92,,,119,11140,3
16,,2014,,,2017,동대문 와이즈 캐슬,흥인동,"1,000",중구,1,65,4,19.92,,,119,11140,4
17,,2014,,,2017,청계천 두산위브더제니스,흥인동,"24,000",중구,1,0,5,35.77,,,13-1,11140,22
18,,2014,,,2017,청계천 두산위브더제니스,흥인동,"27,000",중구,1,0,5,46.74,,,13-1,11140,18
19,,2014,,,2017,청계천 두산위브더제니스,흥인동,"29,000",중구,1,0,7,46.74,,,13-1,11140,15
20,,2014,,,2017,청계천 두산위브더제니스,흥인동,"27,000",중구,1,0,7,46.74,,,13-1,11140,27
21,,2016,,,2017,리마크빌 동대문,흥인동,"1,000",중구,1,80,9,24.96,,,86,11140,6
22,,2016,,,2017,동대문솔하임,흥인동,"1,000",중구,1,95,10,29.83,,,8,11140,6
23,,2014,,,2017,청계천 두산위브더제니스,흥인동,"26,500",중구,1,0,12,39.33,,,13-1,11140,26
24,,2016,,,2017,동대문솔하임,흥인동,"1,000",중구,1,85,17,25,,,8,11140,6
25,,2016,,,2017,동대문솔하임,흥인동,"6,000",중구,1,55,19,25,,,8,11140,11
26,,2014,,,2017,청계천 두산위브더제니스,흥인동,"26,000",중구,1,0,20,46.74,,,13-1,11140,11
27,,2016,,,2017,동대문솔하임,흥인동,"3,000",중구,1,70,24,24.29,,,8,11140,4
28,,2014,,,2017,청계천 두산위브더제니스,흥인동,"28,000",중구,1,0,26,46.74,,,13-1,11140,15
29,,2016,,,2017,리마크빌 동대문,흥인동,"1,000",중구,1,77,26,24.65,,,86,11140,19
30,,2003,,,2017,중앙시티빌,황학동,"1,000",중구,1,55,3,24.99,,,805,11140,8
31,,2004,,,2017,신당역올리브2,황학동,"2,000",중구,1,50,3,23.82,,,2484,11140,9
32,,2010,,,2017,황학동 코아루,황학동,"5,000",중구,1,90,4,48.73,,,882,11140,9
33,,2014,,,2017,DUO302,황학동,"1,000",중구,1,65,6,22.52,,,819,11140,9
34,,2004,,,2017,신당역올리브2,황학동,"1,000",중구,1,55,6,23.82,,,2484,11140,12
35,,2013,,,2017,한양 I-Class,황학동,"18,000",중구,1,0,6,29.64,,,787,11140,11
36,,2013,,,2017,한양 I-Class,황학동,"12,000",중구,1,0,7,19.05,,,787,11140,6
37,,2013,,,2017,한양 I-Class,황학동,"3,000",중구,1,45,7,19.05,,,787,11140,8
38,,2013,,,2017,한양 I-Class,황학동,"3,000",중구,1,45,10,19.05,,,787,11140,11
39,,2013,,,2017,한양 I-Class,황학동,"12,000",중구,1,0,11,19.05,,,787,11140,4
40,,2016,,,2017,신당블루카운티,황학동,"28,000",중구,1,0,14,44.66,,,846,11140,8
41,,2016,,,2017,해비치,황학동,"14,000",중구,1,0,16,24.8,,,1834,11140,2
42,,2013,,,2017,한양 I-Class,황학동,"12,000",중구,1,0,16,19.05,,,787,11140,4
43,,2004,,,2017,올리브1,황학동,"2,000",중구,1,50,17,25.05,,,808,11140,14
44,,2013,,,2017,한양 I-Class,황학동,"3,000",중구,1,45,17,19.05,,,787,11140,12
45,,2001,,,2017,골든빌,황학동,500,중구,1,45,17,23.52,,,1752,11140,8
46,,2015,,,2017,(1546),황학동,"21,000",중구,1,0,21,40.07,,,1546,11140,4
47,,2003,,,2017,중앙시티빌,황학동,"10,000",중구,1,0,24,31.04,,,805,11140,5
48,,2014,,,2017,아미인,황학동,"13,000",중구,1,0,25,18.62,,,836,11140,2
49,,2013,,,2017,한양 I-Class,황학동,"12,000",중구,1,0,26,19.05,,,787,11140,4
50,,2013,,,2017,한양 I-Class,황학동,"12,000",중구,1,0,26,19.05,,,787,11140,7
51,,2015,,,2017,골드캐슬Ⅰ,황학동,"1,000",중구,1,95,31,40.04,,,1725,11140,6
52,,2013,,,2017,한양 I-Class,황학동,"1,000",중구,1,60,31,19.05,,,787,11140,11
53,,2016,,,2017,덕수궁롯데캐슬,순화동,"5,000",중구,1,90,3,41.14,,,217,11140,6
54,,2016,,,2017,덕수궁롯데캐슬,순화동,"1,000",중구,1,100,9,36.15,,,217,11140,9
55,,2016,,,2017,덕수궁롯데캐슬,순화동,"30,000",중구,1,0,14,41.14,,,217,11140,10
56,,2005,,,2017,서울역 디오빌,만리동1가,"30,000",중구,1,0,18,56.17,,,62-7,11140,5
57,,2005,,,2017,서울역 디오빌,만리동1가,"16,000",중구,1,0,20,27.7,,,62-7,11140,2
58,,2004,,,2017,KCC 파크타운,만리동2가,"35,000",중구,1,0,1,66.47,,,11-1,11140,14
59,,2004,,,2017,KCC 파크타운,만리동2가,"34,000",중구,1,0,7,66.47,,,11-1,11140,14
60,,2004,,,2017,KCC 파크타운,만리동2가,"33,000",중구,1,0,14,66.47,,,11-1,11140,5
0,,2016,,,2017,충무로엘크루메트로시티2,충무로5가,"1,000",중구,2,70,7,23.03,,,36-2,11140,12
1,,2016,,,2017,충무로엘크루메트로시티2,충무로5가,"3,000",중구,2,60,24,23.03,,,36-2,11140,4
2,,2004,,,2017,타임캐슬 오피스텔,을지로6가,"11,000",중구,2,0,24,23.27,,,23,11140,5
3,,2014,,,2017,신당아르브,신당동,"1,000",중구,2,65,1,21.31,,,160-5,11140,8
4,,2016,,,2017,신당역솔하임,신당동,"1,000",중구,2,70,1,18.8,,,140-23,11140,4
5,,2015,,,2017,승리빌딩,신당동,"2,000",중구,2,45,3,17.52,,,309-45,11140,4
6,,2014,,,2017,신당아르브,신당동,"3,000",중구,2,50,3,21.31,,,160-5,11140,10
7,,2004,,,2017,JK오피스텔,신당동,"9,000",중구,2,0,4,22.13,,,353-22,11140,4
8,,2006,,,2017,(340-73),신당동,"15,000",중구,2,0,9,41.7,,,340-73,11140,7
9,,2004,,,2017,JK오피스텔,신당동,"9,000",중구,2,0,16,25.91,,,353-22,11140,5
10,,2014,,,2017,신당아르브,신당동,"3,000",중구,2,55,16,21.31,,,160-5,11140,10
11,,2004,,,2017,JK오피스텔,신당동,"7,000",중구,2,20,18,25.41,,,353-22,11140,3
12,,2004,,,2017,JK오피스텔,신당동,"4,000",중구,2,40,18,22.75,,,353-22,11140,3
13,,2004,,,2017,신당동 오피스텔,신당동,500,중구,2,30,18,13.78,,,294-64,11140,4
14,,2006,,,2017,(340-73),신당동,"15,000",중구,2,0,20,33.23,,,340-73,11140,7
15,,2014,,,2017,동대문 와이즈 캐슬,흥인동,"5,000",중구,2,40,10,21.35,,,119,11140,6
16,,2013,,,2017,(91),흥인동,"2,000",중구,2,50,17,20.98,,,91,11140,12
17,,2016,,,2017,동대문솔하임,흥인동,"1,000",중구,2,80,17,24.67,,,8,11140,7
18,,2013,,,2017,(91),흥인동,"13,500",중구,2,0,21,21.88,,,91,11140,8
19,,2014,,,2017,DUO302,황학동,"1,000",중구,2,65,2,22.52,,,819,11140,6
20,,2014,,,2017,DUO302,황학동,"1,000",중구,2,65,4,22.52,,,819,11140,12
21,,2013,,,2017,한양 I-Class,황학동,"2,000",중구,2,53,4,19.05,,,787,11140,9
22,,2004,,,2017,올리브1,황학동,"1,000",중구,2,55,4,25.05,,,808,11140,12
23,,2014,,,2017,DUO302,황학동,"3,000",중구,2,55,4,22.52,,,819,11140,18
24,,2014,,,2017,DUO302,황학동,"5,000",중구,2,45,5,23.06,,,819,11140,13
25,,2013,,,2017,한양 I-Class,황학동,"12,000",중구,2,0,7,19.05,,,787,11140,5
26,,2015,,,2017,(1542),황학동,"12,000",중구,2,50,8,44.04,,,1542,11140,3
27,,2015,,,2017,골드캐슬Ⅰ,황학동,"7,000",중구,2,60,11,40.61,,,1725,11140,2
28,,2014,,,2017,다올 노블리움 B동,황학동,"10,000",중구,2,60,11,56.15,,,1744-1,11140,4
29,,2004,,,2017,신당역올리브2,황학동,"1,000",중구,2,55,14,23.82,,,2484,11140,11
30,,2015,,,2017,골드캐슬Ⅱ,황학동,"2,000",중구,2,90,17,37.05,,,1758,11140,4
31,,2004,,,2017,신당역올리브2,황학동,"1,000",중구,2,70,18,23.82,,,2484,11140,15
32,,2016,,,2017,신당블루카운티,황학동,"28,000",중구,2,0,18,44.66,,,846,11140,9
33,,2014,,,2017,아미인,황학동,"13,000",중구,2,0,18,18.23,,,836,11140,5
34,,2013,,,2017,한양 I-Class,황학동,"10,000",중구,2,0,20,19.05,,,787,11140,6
35,,2015,,,2017,골드캐슬Ⅰ,황학동,"21,000",중구,2,0,21,40.87,,,1725,11140,4
36,,2013,,,2017,한양 I-Class,황학동,"1,000",중구,2,55,21,19.05,,,787,11140,2
37,,2013,,,2017,한양 I-Class,황학동,"3,000",중구,2,45,24,19.05,,,787,11140,8
38,,2014,,,2017,DUO302,황학동,"1,000",중구,2,65,25,22.52,,,819,11140,15
39,,2004,,,2017,올리브1,황학동,"5,000",중구,2,35,25,25.05,,,808,11140,9
40,,2014,,,2017,DUO302,황학동,"3,000",중구,2,55,26,22.52,,,819,11140,9
41,,2014,,,2017,DUO302,황학동,"3,000",중구,2,55,27,22.52,,,819,11140,19
42,,2014,,,2017,DUO302,황학동,"3,000",중구,2,55,27,22.52,,,819,11140,19
43,,2016,,,2017,덕수궁롯데캐슬,순화동,"28,000",중구,2,0,8,38.79,,,217,11140,12
44,,2016,,,2017,덕수궁롯데캐슬,순화동,"1,000",중구,2,80,11,32.35,,,217,11140,2
45,,2016,,,2017,덕수궁롯데캐슬,순화동,"1,000",중구,2,120,15,41.14,,,217,11140,10
46,,2016,,,2017,덕수궁롯데캐슬,순화동,"5,000",중구,2,95,25,41.14,,,217,11140,5
47,,2005,,,2017,바비엥-2,의주로1가,"22,000",중구,2,0,20,29.48,,,25-10,11140,7
48,,2006,,,2017,브라운스톤서울,중림동,"13,000",중구,2,0,6,30.99,,,355,11140,6
49,,2006,,,2017,브라운스톤서울,중림동,"2,000",중구,2,130,10,62.82,,,355,11140,26
50,,2006,,,2017,브라운스톤서울,중림동,"37,000",중구,2,0,14,62.82,,,355,11140,37
51,,2006,,,2017,브라운스톤서울,중림동,"2,000",중구,2,220,21,107.96,,,355,11140,16
52,,2005,,,2017,서울역 디오빌,만리동1가,"30,000",중구,2,0,18,56.17,,,62-7,11140,9
53,,2004,,,2017,KCC 파크타운,만리동2가,"35,000",중구,2,0,6,66.47,,,11-1,11140,14
54,,2004,,,2017,KCC 파크타운,만리동2가,"30,000",중구,2,0,6,66.47,,,11-1,11140,1
0,,2016,,,2017,충무로엘크루메트로시티2,충무로5가,"28,000",중구,3,0,13,37.07,,,36-2,11140,20
1,,2016,,,2017,충무로엘크루메트로시티2,충무로5가,"1,000",중구,3,65,17,23.03,,,36-2,11140,2
2,,2005,,,2017,성진오피스텔,광희동2가,"7,000",중구,3,15,18,22.8,,,194-1,11140,5
3,,2014,,,2017,코발트팰리스,오장동,"13,000",중구,3,0,3,20.36,,,90-24,11140,12
4,,2014,,,2017,코발트팰리스,오장동,"21,000",중구,3,0,7,39.35,,,90-24,11140,13
5,,2014,,,2017,신당아르브,신당동,"4,000",중구,3,43,1,21.31,,,160-5,11140,10
6,,2016,,,2017,신당역솔하임,신당동,"2,000",중구,3,65,6,20.69,,,140-23,11140,3
7,,2016,,,2017,신당역솔하임,신당동,"1,000",중구,3,70,11,18.6,,,140-23,11140,6
8,,2003,,,2017,(340-123),신당동,"13,000",중구,3,0,13,19.52,,,340-123,11140,5
9,,2003,,,2017,(340-123),신당동,"13,000",중구,3,0,13,20.89,,,340-123,11140,3
10,,2006,,,2017,(340-73),신당동,"15,000",중구,3,0,16,35.6,,,340-73,11140,7
11,,2016,,,2017,신당역솔하임,신당동,"1,000",중구,3,70,29,18.6,,,140-23,11140,11
12,,2003,,,2017,(340-123),신당동,"13,000",중구,3,0,29,19.52,,,340-123,11140,5
13,,2004,,,2017,JK오피스텔,신당동,"9,000",중구,3,0,29,25.41,,,353-22,11140,2
14,,2014,,,2017,신당아르브,신당동,"8,000",중구,3,35,31,21.31,,,160-5,11140,12
15,,2016,,,2017,동대문솔하임,흥인동,"5,000",중구,3,63,4,25,,,8,11140,4
16,,2014,,,2017,동대문 와이즈 캐슬,흥인동,"13,000",중구,3,0,21,19.92,,,119,11140,7
17,,2013,,,2017,(91),흥인동,"2,000",중구,3,55,27,21.88,,,91,11140,10
18,,2013,,,2017,한양 I-Class,황학동,"1,000",중구,3,60,2,19.05,,,787,11140,11
19,,2014,,,2017,DUO302,황학동,"1,000",중구,3,65,7,22.52,,,819,11140,10
20,,2016,,,2017,해비치,황학동,"2,000",중구,3,100,8,37.09,,,1834,11140,5
21,,2015,,,2017,(1542),황학동,"3,000",중구,3,90,10,44.04,,,1542,11140,5
22,,2014,,,2017,DUO302,황학동,"15,000",중구,3,0,11,23.06,,,819,11140,4
23,,2013,,,2017,한양 I-Class,황학동,"3,000",중구,3,45,11,19.05,,,787,11140,7
24,,2004,,,2017,신당역올리브2,황학동,"2,000",중구,3,50,13,23.82,,,2484,11140,9
25,,2014,,,2017,DUO302,황학동,"3,000",중구,3,55,14,22.52,,,819,11140,12
26,,2013,,,2017,한양 I-Class,황학동,"1,000",중구,3,55,14,19.05,,,787,11140,11
27,,2013,,,2017,한양 I-Class,황학동,"1,000",중구,3,60,15,19.05,,,787,11140,7
28,,2017,,,2017,(2022),황학동,"3,000",중구,3,35,16,19.58,,,2022,11140,8
29,,2004,,,2017,신당역올리브2,황학동,500,중구,3,70,16,23.82,,,2484,11140,3
30,,2017,,,2017,(2022),황학동,"4,000",중구,3,30,17,19.58,,,2022,11140,5
31,,2013,,,2017,한양 I-Class,황학동,"12,000",중구,3,0,17,19.05,,,787,11140,6
32,,2014,,,2017,아미인,황학동,"13,000",중구,3,0,18,18.23,,,836,11140,2
33,,2013,,,2017,한양 I-Class,황학동,"12,000",중구,3,0,18,19.05,,,787,11140,6
34,,2017,,,2017,(1079),황학동,"27,000",중구,3,0,19,42.19,,,1079,11140,7
35,,2013,,,2017,한양 I-Class,황학동,"3,000",중구,3,50,21,19.05,,,787,11140,11
36,,2004,,,2017,올리브1,황학동,"12,000",중구,3,0,23,25.05,,,808,11140,5
37,,2016,,,2017,신당블루카운티,황학동,"20,000",중구,3,0,25,28.58,,,846,11140,2
38,,2014,,,2017,DUO302,황학동,"5,000",중구,3,45,26,22.52,,,819,11140,9
39,,2014,,,2017,DUO302,황학동,"1,000",중구,3,65,27,22.52,,,819,11140,6
40,,2014,,,2017,DUO302,황학동,"2,000",중구,3,60,27,22.52,,,819,11140,8
41,,2014,,,2017,DUO302,황학동,"1,000",중구,3,65,29,23.06,,,819,11140,3
42,,2015,,,2017,(1542),황학동,"2,000",중구,3,90,29,45.5,,,1542,11140,3
43,,2014,,,2017,DUO302,황학동,"1,000",중구,3,65,31,23.06,,,819,11140,3
44,,2016,,,2017,덕수궁롯데캐슬,순화동,"1,000",중구,3,120,9,41.14,,,217,11140,7
45,,2016,,,2017,덕수궁롯데캐슬,순화동,"1,000",중구,3,100,10,36.15,,,217,11140,2
46,,2005,,,2017,서울역 디오빌,만리동1가,"31,000",중구,3,0,1,56.17,,,62-7,11140,6
47,,2004,,,2017,KCC 파크타운,만리동2가,"35,000",중구,3,0,11,66.47,,,11-1,11140,9
48,,2004,,,2017,KCC 파크타운,만리동2가,"35,000",중구,3,0,25,66.47,,,11-1,11140,7
49,,2004,,,2017,KCC 파크타운,만리동2가,"25,000",중구,3,35,27,66.47,,,11-1,11140,8
0,,2016,,,2017,충무로엘크루메트로시티2,충무로5가,"1,000",중구,4,65,3,23.03,,,36-2,11140,2
1,,2016,,,2017,충무로엘크루메트로시티2,충무로5가,"1,000",중구,4,70,13,23.03,,,36-2,11140,14
2,,2005,,,2017,성진오피스텔,광희동2가,"5,000",중구,4,20,28,22.8,,,194-1,11140,3
3,,2014,,,2017,코발트팰리스,오장동,"13,000",중구,4,0,28,20.36,,,90-24,11140,11
4,,2014,,,2017,코발트팰리스,오장동,"13,000",중구,4,0,30,20.36,,,90-24,11140,10
5,,2013,,,2017,엘크루 메트로시티,충무로3가,"1,000",중구,4,100,8,28.1,,,49,11140,15
6,,2013,,,2017,엘크루 메트로시티,충무로3가,"1,000",중구,4,100,14,29.46,,,49,11140,19
7,,2013,,,2017,엘크루 메트로시티,충무로3가,"1,000",중구,4,90,14,26.78,,,49,11140,12
8,,2015,,,2017,(420-9),신당동,"22,000",중구,4,0,3,45.47,,,420-9,11140,3
9,,2015,,,2017,(420-9),신당동,"20,000",중구,4,0,3,45.86,,,420-9,11140,3
10,,2006,,,2017,(340-73),신당동,"15,000",중구,4,0,17,35.6,,,340-73,11140,7
11,,2014,,,2017,신당아르브,신당동,"3,000",중구,4,50,17,21.31,,,160-5,11140,16
12,,2014,,,2017,신당아르브,신당동,"1,000",중구,4,65,22,21.31,,,160-5,11140,12
13,,2014,,,2017,동대문 와이즈 캐슬,흥인동,"2,000",중구,4,55,3,19.92,,,119,11140,6
14,,2014,,,2017,청계천 두산위브더제니스,흥인동,"1,000",중구,4,110,5,46.74,,,13-1,11140,14
15,,2014,,,2017,동대문 와이즈 캐슬,흥인동,"5,000",중구,4,45,13,19.92,,,119,11140,2
16,,2014,,,2017,동대문 와이즈 캐슬,흥인동,"1,000",중구,4,60,13,19.92,,,119,11140,3
17,,2014,,,2017,동대문 와이즈 캐슬,흥인동,"2,000",중구,4,57,14,19.92,,,119,11140,4
18,,2016,,,2017,리마크빌 동대문,흥인동,"1,000",중구,4,75,19,24.25,,,86,11140,3
19,,2014,,,2017,청계천 두산위브더제니스,흥인동,"67,000",중구,4,0,20,46.74,,,13-1,11140,22
20,,2014,,,2017,청계천 두산위브더제니스,흥인동,"2,000",중구,4,125,21,46.74,,,13-1,11140,12
21,,2014,,,2017,청계천 두산위브더제니스,흥인동,"2,000",중구,4,80,22,35.77,,,13-1,11140,21
22,,2014,,,2017,청계천 두산위브더제니스,흥인동,"27,500",중구,4,0,27,40.89,,,13-1,11140,14
23,,2014,,,2017,DUO302,황학동,"5,000",중구,4,45,1,23.06,,,819,11140,10
24,,2013,,,2017,한양 I-Class,황학동,"4,000",중구,4,38,1,19.05,,,787,11140,5
25,,2013,,,2017,한양 I-Class,황학동,"1,000",중구,4,55,3,19.05,,,787,11140,11
26,,2016,,,2017,신당블루카운티,황학동,"28,000",중구,4,0,4,44.66,,,846,11140,6
27,,2004,,,2017,신당역올리브2,황학동,"11,000",중구,4,0,5,23.82,,,2484,11140,6
28,,2013,,,2017,한양 I-Class,황학동,"2,000",중구,4,50,10,19.05,,,787,11140,12
29,,2017,,,2017,(2022),황학동,"2,000",중구,4,90,10,42.53,,,2022,11140,5
30,,2014,,,2017,블루카운티Ⅱ,황학동,"25,000",중구,4,0,13,48.22,,,1628,11140,8
31,,2013,,,2017,블루카운티,황학동,"3,000",중구,4,70,14,41.87,,,1519,11140,6
32,,2017,,,2017,(2022),황학동,"8,000",중구,4,65,19,46.68,,,2022,11140,6
33,,2014,,,2017,DUO302,황학동,"2,000",중구,4,60,22,23.06,,,819,11140,16
34,,2014,,,2017,DUO302,황학동,"5,000",중구,4,45,24,22.52,,,819,11140,9
35,,2017,,,2017,(2022),황학동,"25,000",중구,4,0,25,46.68,,,2022,11140,10
36,,2015,,,2017,골드캐슬Ⅰ,황학동,"20,000",중구,4,0,25,40.61,,,1725,11140,6
37,,2014,,,2017,DUO302,황학동,"1,500",중구,4,62,26,22.52,,,819,11140,14
38,,2017,,,2017,(1079),황학동,"24,000",중구,4,0,28,42.19,,,1079,11140,5
39,,2016,,,2017,덕수궁롯데캐슬,순화동,"28,000",중구,4,0,8,36.15,,,217,11140,3
40,,2016,,,2017,덕수궁롯데캐슬,순화동,"1,000",중구,4,100,26,36.15,,,217,11140,12
41,,2006,,,2017,브라운스톤서울,중림동,"38,000",중구,4,0,25,68.04,,,355,11140,25
42,,2006,,,2017,브라운스톤서울,중림동,"10,000",중구,4,100,26,62.82,,,355,11140,28
43,,2005,,,2017,서울역 디오빌,만리동1가,"18,000",중구,4,35,20,56.17,,,62-7,11140,6
44,,2005,,,2017,서울역 디오빌,만리동1가,"31,000",중구,4,0,25,56.17,,,62-7,11140,4
45,,2005,,,2017,서울역 디오빌,만리동1가,"4,000",중구,4,110,30,56.17,,,62-7,11140,2
0,,2016,,,2017,충무로엘크루메트로시티2,충무로5가,"1,000",중구,5,65,11,23.03,,,36-2,11140,5
1,,2016,,,2017,충무로엘크루메트로시티2,충무로5가,"1,000",중구,5,70,12,23.03,,,36-2,11140,19
2,,2016,,,2017,충무로엘크루메트로시티2,충무로5가,"17,500",중구,5,0,19,23.03,,,36-2,11140,18
3,,2016,,,2017,충무로엘크루메트로시티2,충무로5가,"1,000",중구,5,68,22,23.03,,,36-2,11140,4
4,,2005,,,2017,성진오피스텔,광희동2가,"5,000",중구,5,20,4,22.8,,,194-1,11140,3
5,,2005,,,2017,성진오피스텔,광희동2가,"6,000",중구,5,25,28,22.8,,,194-1,11140,8
6,,2003,,,2017,정건벨라지오오피스텔,을지로5가,500,중구,5,55,24,21.94,,,20-1,11140,12
7,,2014,,,2017,코발트팰리스,오장동,"12,000",중구,5,0,9,20.36,,,90-24,11140,11
8,,2013,,,2017,엘크루 메트로시티,충무로3가,"1,500",중구,5,113,4,31.59,,,49,11140,18
9,,2013,,,2017,엘크루 메트로시티,충무로3가,"1,000",중구,5,90,11,26.78,,,49,11140,8
10,,2003,,,2017,(340-123),신당동,"13,000",중구,5,0,23,22.4,,,340-123,11140,2
11,,2014,,,2017,신당아르브,신당동,"5,000",중구,5,45,27,21.31,,,160-5,11140,12
12,,2004,,,2017,JK오피스텔,신당동,"9,000",중구,5,0,30,25.41,,,353-22,11140,4
13,,2014,,,2017,동대문 와이즈 캐슬,흥인동,"1,000",중구,5,65,9,19.92,,,119,11140,4
14,,2013,,,2017,(91),흥인동,"1,000",중구,5,60,10,21.88,,,91,11140,7
15,,2016,,,2017,리마크빌 동대문,흥인동,"1,500",중구,5,107,10,27.47,,,86,11140,17
16,,2014,,,2017,동대문 와이즈 캐슬,흥인동,500,중구,5,65,15,19.92,,,119,11140,5
17,,2016,,,2017,리마크빌 동대문,흥인동,"1,500",중구,5,93,17,35.16,,,86,11140,9
18,,2014,,,2017,청계천 두산위브더제니스,흥인동,"29,000",중구,5,0,20,46.74,,,13-1,11140,14
19,,2014,,,2017,청계천 두산위브더제니스,흥인동,"5,000",중구,5,70,22,35.77,,,13-1,11140,26
20,,2014,,,2017,청계천 두산위브더제니스,흥인동,"28,000",중구,5,0,22,46.74,,,13-1,11140,6
21,,2016,,,2017,리마크빌 동대문,흥인동,"1,500",중구,5,105,25,39.69,,,86,11140,15
22,,2014,,,2017,동대문 와이즈 캐슬,흥인동,"13,500",중구,5,0,30,19.92,,,119,11140,4
23,,2014,,,2017,청계천 두산위브더제니스,흥인동,"24,000",중구,5,0,31,33.48,,,13-1,11140,29
24,,2013,,,2017,한양 I-Class,황학동,"12,000",중구,5,0,1,19.05,,,787,11140,9
25,,2014,,,2017,블루카운티Ⅱ,황학동,"13,000",중구,5,0,1,22.81,,,1628,11140,8
26,,,,,2017,밸류 에스엘,황학동,"5,000",중구,5,75,2,43.56,,,1496,11140,2
27,,2014,,,2017,DUO302,황학동,"3,000",중구,5,55,7,22.52,,,819,11140,14
28,,2017,,,2017,(2022),황학동,"23,000",중구,5,0,8,42.53,,,2022,11140,11
29,,2004,,,2017,신당역올리브2,황학동,"1,000",중구,5,55,8,26.47,,,2484,11140,5
30,,2014,,,2017,블루카운티Ⅱ,황학동,"24,000",중구,5,0,8,49.43,,,1628,11140,9
31,,2013,,,2017,한양 I-Class,황학동,"3,000",중구,5,45,11,19.05,,,787,11140,11
32,,2014,,,2017,DUO302,황학동,"15,000",중구,5,0,12,23.06,,,819,11140,15
33,,2004,,,2017,신당역올리브2,황학동,500,중구,5,60,12,23.82,,,2484,11140,7
34,,2013,,,2017,한양 I-Class,황학동,"12,000",중구,5,0,13,19.05,,,787,11140,5
35,,2014,,,2017,DUO302,황학동,"14,000",중구,5,0,15,22.52,,,819,11140,5
36,,2004,,,2017,올리브1,황학동,"5,000",중구,5,30,16,25.05,,,808,11140,12
37,,2017,,,2017,(1079),황학동,"6,000",중구,5,60,18,29.16,,,1079,11140,4
38,,2017,,,2017,(1079),황학동,"2,000",중구,5,110,18,49.99,,,1079,11140,3
39,,2017,,,2017,(2022),황학동,"24,000",중구,5,0,18,46.68,,,2022,11140,11
40,,2013,,,2017,한양 I-Class,황학동,"10,000",중구,5,0,19,19.05,,,787,11140,4
41,,2014,,,2017,아미인,황학동,"3,000",중구,5,40,19,18.62,,,836,11140,6
42,,2017,,,2017,(2022),황학동,"25,000",중구,5,0,22,46.68,,,2022,11140,9
43,,2017,,,2017,(2022),황학동,"1,000",중구,5,90,23,42.53,,,2022,11140,4
44,,2013,,,2017,한양 I-Class,황학동,"2,000",중구,5,50,24,19.05,,,787,11140,11
45,,2004,,,2017,올리브1,황학동,500,중구,5,60,25,25.05,,,808,11140,7
46,,2014,,,2017,DUO302,황학동,"1,000",중구,5,65,27,23.06,,,819,11140,4
47,,2017,,,2017,(2022),황학동,"21,500",중구,5,0,27,42.53,,,2022,11140,8
48,,2015,,,2017,골드캐슬Ⅰ,황학동,"19,950",중구,5,0,30,40.04,,,1725,11140,2
49,,2013,,,2017,한양 I-Class,황학동,"10,000",중구,5,0,31,19.05,,,787,11140,3
50,,2006,,,2017,브라운스톤서울,중림동,"52,000",중구,5,0,27,113.2,,,355,11140,34
51,,2005,,,2017,서울역 디오빌,만리동1가,"5,000",중구,5,90,9,56.17,,,62-7,11140,7
52,,2005,,,2017,서울역 디오빌,만리동1가,"1,000",중구,5,65,10,27.74,,,62-7,11140,4
53,,2005,,,2017,서울역 디오빌,만리동1가,"29,000",중구,5,0,15,56.17,,,62-7,11140,8
54,,2004,,,2017,KCC 파크타운,만리동2가,"33,000",중구,5,0,8,66.47,,,11-1,11140,5
55,,2004,,,2017,KCC 파크타운,만리동2가,"33,000",중구,5,0,16,66.47,,,11-1,11140,15
56,,2004,,,2017,KCC 파크타운,만리동2가,"10,000",중구,5,80,27,66.47,,,11-1,11140,13
0,,2016,,,2017,충무로엘크루메트로시티2,충무로5가,"7,000",중구,6,45,3,23.03,,,36-2,11140,14
1,,2016,,,2017,충무로엘크루메트로시티2,충무로5가,"16,000",중구,6,0,7,23.03,,,36-2,11140,6
2,,2016,,,2017,충무로엘크루메트로시티2,충무로5가,"1,000",중구,6,70,7,23.03,,,36-2,11140,8
3,,2016,,,2017,충무로엘크루메트로시티2,충무로5가,"3,000",중구,6,60,17,23.03,,,36-2,11140,12
4,,2016,,,2017,충무로엘크루메트로시티2,충무로5가,"1,000",중구,6,70,24,23.03,,,36-2,11140,9
5,,2016,,,2017,충무로엘크루메트로시티2,충무로5가,"3,000",중구,6,60,26,23.03,,,36-2,11140,9
6,,2013,,,2017,엘크루 메트로시티,충무로3가,"20,000",중구,6,0,23,28.94,,,49,11140,16
7,,2004,,,2017,JK오피스텔,신당동,"5,000",중구,6,30,3,22.75,,,353-22,11140,5
8,,2004,,,2017,JK오피스텔,신당동,"6,000",중구,6,20,4,22.75,,,353-22,11140,3
9,,2014,,,2017,신당아르브,신당동,"1,000",중구,6,65,5,21.31,,,160-5,11140,12
10,,2004,,,2017,JK오피스텔,신당동,"9,000",중구,6,0,7,22.75,,,353-22,11140,2
11,,2014,,,2017,신당아르브,신당동,"14,000",중구,6,0,8,21.31,,,160-5,11140,8
12,,2004,,,2017,JK오피스텔,신당동,"5,000",중구,6,30,13,24.3,,,353-22,11140,3
13,,2004,,,2017,JK오피스텔,신당동,"9,000",중구,6,0,20,22.75,,,353-22,11140,2
14,,2014,,,2017,신당아르브,신당동,"1,000",중구,6,65,20,21.31,,,160-5,11140,16
15,,2014,,,2017,신당아르브,신당동,"1,000",중구,6,65,30,21.31,,,160-5,11140,17
16,,2014,,,2017,동대문 와이즈 캐슬,흥인동,"13,500",중구,6,0,1,19.92,,,119,11140,3
17,,2016,,,2017,리마크빌 동대문,흥인동,"1,000",중구,6,75,20,24.65,,,86,11140,12
18,,2014,,,2017,동대문 와이즈 캐슬,흥인동,"4,000",중구,6,45,20,19.92,,,119,11140,2
19,,2014,,,2017,동대문 와이즈 캐슬,흥인동,"13,500",중구,6,0,24,19.92,,,119,11140,4
20,,2013,,,2017,한양 I-Class,황학동,"10,000",중구,6,0,2,19.05,,,787,11140,10
21,,2014,,,2017,다올 노블리움 B동,황학동,"2,000",중구,6,120,2,56.15,,,1744-1,11140,3
22,,2004,,,2017,신당역올리브2,황학동,500,중구,6,60,3,23.82,,,2484,11140,11
23,,,,,2017,밸류 에스엘,황학동,"2,000",중구,6,100,6,43.56,,,1496,11140,6
24,,2003,,,2017,중앙시티빌,황학동,"13,000",중구,6,0,6,31.04,,,805,11140,4
25,,2017,,,2017,(2022),황학동,"24,000",중구,6,0,8,46.68,,,2022,11140,8
26,,2013,,,2017,한양 I-Class,황학동,"11,500",중구,6,0,9,19.05,,,787,11140,9
27,,2013,,,2017,한양 I-Class,황학동,"12,000",중구,6,0,9,19.05,,,787,11140,9
28,,2017,,,2017,(1079),황학동,"3,000",중구,6,110,10,45.56,,,1079,11140,8
29,,2017,,,2017,(2022),황학동,"24,000",중구,6,0,12,46.68,,,2022,11140,4
30,,2010,,,2017,황학동 코아루,황학동,"1,500",중구,6,85,12,48.73,,,882,11140,11
31,,,,,2017,밸류 에스엘,황학동,"23,000",중구,6,0,14,43.56,,,1496,11140,3
32,,2004,,,2017,신당역올리브2,황학동,"14,000",중구,6,0,16,23.82,,,2484,11140,4
33,,2013,,,2017,한양 I-Class,황학동,"12,000",중구,6,0,16,19.05,,,787,11140,3
34,,2015,,,2017,골드캐슬Ⅰ,황학동,"20,000",중구,6,0,16,40.87,,,1725,11140,6
35,,2004,,,2017,올리브1,황학동,500,중구,6,60,17,25.05,,,808,11140,12
36,,2017,,,2017,(1079),황학동,"25,000",중구,6,0,20,42.19,,,1079,11140,4
37,,2013,,,2017,한양 I-Class,황학동,"3,000",중구,6,50,21,19.05,,,787,11140,7
38,,2014,,,2017,DUO302,황학동,"1,000",중구,6,65,23,22.52,,,819,11140,4
39,,,,,2017,밸류 에스엘,황학동,"22,000",중구,6,0,23,42.7,,,1496,11140,2
40,,2013,,,2017,한양 I-Class,황학동,"2,000",중구,6,50,24,19.05,,,787,11140,8
41,,2017,,,2017,(2022),황학동,"15,000",중구,6,30,26,41.75,,,2022,11140,6
42,,2013,,,2017,한양 I-Class,황학동,"17,000",중구,6,0,26,29.64,,,787,11140,8
43,,,,,2017,밸류 에스엘,황학동,"1,000",중구,6,100,27,41.51,,,1496,11140,5
44,,2014,,,2017,DUO302,황학동,"1,000",중구,6,65,27,22.52,,,819,11140,16
45,,2013,,,2017,한양 I-Class,황학동,"17,000",중구,6,0,29,29.64,,,787,11140,4
46,,2016,,,2017,덕수궁롯데캐슬,순화동,"2,000",중구,6,110,2,41.14,,,217,11140,8
47,,2016,,,2017,덕수궁롯데캐슬,순화동,"1,000",중구,6,87,22,36.15,,,217,11140,2
48,,2016,,,2017,덕수궁롯데캐슬,순화동,"26,000",중구,6,0,30,36.15,,,217,11140,11
49,,2005,,,2017,바비엥-2,의주로1가,"20,000",중구,6,120,9,80.31,,,25-10,11140,10
50,,2006,,,2017,브라운스톤서울,중림동,"21,000",중구,6,0,14,30.99,,,355,11140,4
51,,2006,,,2017,브라운스톤서울,중림동,"21,000",중구,6,0,28,30.99,,,355,11140,5
52,,2004,,,2017,KCC 파크타운,만리동2가,"33,500",중구,6,0,13,66.47,,,11-1,11140,2
0,,2016,,,2017,충무로엘크루메트로시티2,충무로5가,"1,000",중구,7,70,8,23.03,,,36-2,11140,5
1,,2016,,,2017,충무로엘크루메트로시티2,충무로5가,"1,000",중구,7,70,11,23.03,,,36-2,11140,7
2,,2016,,,2017,충무로엘크루메트로시티2,충무로5가,"1,000",중구,7,70,12,23.03,,,36-2,11140,20
3,,2016,,,2017,충무로엘크루메트로시티2,충무로5가,"1,000",중구,7,70,26,23.03,,,36-2,11140,17
4,,2003,,,2017,스타빌딩,필동1가,"13,500",중구,7,0,4,26.44,,,22-2,11140,10
5,,1999,,,2017,광희동금호트윈 오피스텔,광희동1가,500,중구,7,40,12,19.8,,,89-1,11140,4
6,,2005,,,2017,성진오피스텔,광희동2가,"6,000",중구,7,0,15,22.8,,,194-1,11140,8
7,,2005,,,2017,성진오피스텔,광희동2가,"6,000",중구,7,10,27,22.8,,,194-1,11140,8
8,,2005,,,2017,성진오피스텔,광희동2가,"6,000",중구,7,10,28,22.8,,,194-1,11140,4
9,,2014,,,2017,코발트팰리스,오장동,"13,000",중구,7,0,27,20.36,,,90-24,11140,12
10,,2013,,,2017,엘크루 메트로시티,충무로3가,"22,000",중구,7,0,21,29.78,,,49,11140,8
11,,2014,,,2017,신당아르브,신당동,"1,000",중구,7,65,4,21.31,,,160-5,11140,11
12,,2016,,,2017,신당역솔하임,신당동,"3,000",중구,7,65,6,18.8,,,140-23,11140,7
13,,2014,,,2017,신당아르브,신당동,"8,000",중구,7,30,8,21.31,,,160-5,11140,17
14,,2014,,,2017,신당아르브,신당동,"4,000",중구,7,40,10,21.31,,,160-5,11140,16
15,,2015,,,2017,남산더힐A동,신당동,"3,000",중구,7,80,13,34.71,,,420-17,11140,7
16,,2016,,,2017,신당역솔하임,신당동,"1,000",중구,7,75,13,20.69,,,140-23,11140,8
17,,2014,,,2017,신당아르브,신당동,"3,000",중구,7,55,15,21.31,,,160-5,11140,11
18,,2015,,,2017,남산더힐A동,신당동,"22,000",중구,7,0,17,36.7,,,420-17,11140,7
19,,2014,,,2017,신당아르브,신당동,"1,000",중구,7,65,25,21.31,,,160-5,11140,11
20,,2005,,,2017,남산정은스카이,신당동,"17,000",중구,7,0,27,29.93,,,366-126,11140,2
21,,2016,,,2017,동대문솔하임,흥인동,"20,000",중구,7,0,6,25,,,8,11140,11
22,,2016,,,2017,리마크빌 동대문,흥인동,"1,000",중구,7,83,8,28.28,,,86,11140,12
23,,2014,,,2017,청계천 두산위브더제니스,흥인동,"3,000",중구,7,80,11,32.97,,,13-1,11140,29
24,,2014,,,2017,청계천 두산위브더제니스,흥인동,"1,000",중구,7,115,13,40.89,,,13-1,11140,3
25,,2014,,,2017,청계천 두산위브더제니스,흥인동,"2,000",중구,7,120,14,46.74,,,13-1,11140,8
26,,2014,,,2017,청계천 두산위브더제니스,흥인동,"22,000",중구,7,0,19,34.61,,,13-1,11140,7
27,,2014,,,2017,청계천 두산위브더제니스,흥인동,"10,000",중구,7,300,22,46.74,,,13-1,11140,20
28,,2016,,,2017,리마크빌 동대문,흥인동,"1,000",중구,7,87,25,30.3,,,86,11140,10
29,,2014,,,2017,청계천 두산위브더제니스,흥인동,"1,000",중구,7,120,29,40.89,,,13-1,11140,16
30,,2014,,,2017,청계천 두산위브더제니스,흥인동,"10,000",중구,7,70,31,46.74,,,13-1,11140,5
31,,,,,2017,밸류 에스엘,황학동,"21,500",중구,7,0,1,41.51,,,1496,11140,2
32,,2013,,,2017,한양 I-Class,황학동,"1,000",중구,7,55,1,19.05,,,787,11140,2
33,,2004,,,2017,올리브1,황학동,"1,000",중구,7,55,1,25.05,,,808,11140,8
34,,,,,2017,밸류 에스엘,황학동,"23,000",중구,7,0,4,42.7,,,1496,11140,3
35,,2004,,,2017,신당역올리브2,황학동,"2,000",중구,7,50,4,23.82,,,2484,11140,8
36,,2013,,,2017,한양 I-Class,황학동,"1,000",중구,7,60,5,19.05,,,787,11140,12
37,,2014,,,2017,DUO302,황학동,"1,000",중구,7,63,5,22.52,,,819,11140,4
38,,2017,,,2017,주건축물제1동,황학동,"2,000",중구,7,100,6,41.58,,,1452,11140,4
39,,2017,,,2017,주건축물제1동,황학동,"24,000",중구,7,0,6,41.58,,,1452,11140,12
40,,2017,,,2017,주건축물제1동,황학동,"24,000",중구,7,0,11,41.58,,,1452,11140,10
41,,2014,,,2017,DUO302,황학동,"5,000",중구,7,45,15,22.52,,,819,11140,11
42,,2004,,,2017,신당역올리브2,황학동,"2,000",중구,7,65,15,26.47,,,2484,11140,3
43,,2004,,,2017,신당역올리브2,황학동,"1,000",중구,7,50,15,23.82,,,2484,11140,14
44,,2013,,,2017,한양 I-Class,황학동,"2,000",중구,7,50,15,19.05,,,787,11140,12
45,,2017,,,2017,(2022),황학동,"15,000",중구,7,40,19,42.53,,,2022,11140,9
46,,2014,,,2017,DUO302,황학동,"1,000",중구,7,65,22,23.06,,,819,11140,8
47,,2014,,,2017,DUO302,황학동,"15,000",중구,7,0,22,23.06,,,819,11140,7
48,,2003,,,2017,중앙시티빌,황학동,"3,000",중구,7,43,22,25.5,,,805,11140,8
49,,2017,,,2017,(2022),황학동,"3,000",중구,7,90,23,41.75,,,2022,11140,5
50,,2014,,,2017,DUO302,황학동,"3,000",중구,7,60,25,23.06,,,819,11140,17
51,,2017,,,2017,(2022),황학동,"23,000",중구,7,0,25,42.53,,,2022,11140,10
52,,2017,,,2017,주건축물제1동,황학동,"24,000",중구,7,0,26,41.58,,,1452,11140,9
53,,2017,,,2017,주건축물제1동,황학동,"24,000",중구,7,0,26,41.58,,,1452,11140,3
54,,2017,,,2017,주건축물제1동,황학동,"24,000",중구,7,0,26,41.58,,,1452,11140,7
55,,2014,,,2017,DUO302,황학동,"1,000",중구,7,65,28,22.52,,,819,11140,3
56,,2004,,,2017,신당역올리브2,황학동,"1,000",중구,7,70,31,23.82,,,2484,11140,15
57,,2017,,,2017,주건축물제1동,황학동,"33,000",중구,7,0,31,59.01,,,1452,11140,8
58,,2016,,,2017,덕수궁롯데캐슬,순화동,"1,000",중구,7,95,5,36.15,,,217,11140,11
59,,2016,,,2017,덕수궁롯데캐슬,순화동,"1,000",중구,7,100,6,38.79,,,217,11140,2
60,,2016,,,2017,덕수궁롯데캐슬,순화동,"2,000",중구,7,100,22,41.14,,,217,11140,5
61,,2006,,,2017,브라운스톤서울,중림동,"35,000",중구,7,0,3,62.82,,,355,11140,6
62,,2006,,,2017,브라운스톤서울,중림동,"34,000",중구,7,0,10,62.82,,,355,11140,6
63,,2006,,,2017,브라운스톤서울,중림동,"20,000",중구,7,0,21,30.99,,,355,11140,4
64,,2005,,,2017,서울역 디오빌,만리동1가,"14,000",중구,7,15,24,27.74,,,62-7,11140,3
65,,2004,,,2017,KCC 파크타운,만리동2가,"15,000",중구,7,55,4,66.47,,,11-1,11140,13
66,,2004,,,2017,KCC 파크타운,만리동2가,"7,000",중구,7,100,9,66.47,,,11-1,11140,2
0,,2016,,,2017,충무로엘크루메트로시티2,충무로5가,"1,000",중구,8,70,4,23.03,,,36-2,11140,6
1,,2016,,,2017,충무로엘크루메트로시티2,충무로5가,"17,500",중구,8,0,7,23.03,,,36-2,11140,17
2,,2016,,,2017,충무로엘크루메트로시티2,충무로5가,"1,000",중구,8,70,12,23.03,,,36-2,11140,19
3,,2016,,,2017,충무로엘크루메트로시티2,충무로5가,"18,000",중구,8,0,14,23.03,,,36-2,11140,15
4,,2016,,,2017,충무로엘크루메트로시티2,충무로5가,"1,000",중구,8,68,24,23.03,,,36-2,11140,3
5,,2016,,,2017,충무로엘크루메트로시티2,충무로5가,"17,500",중구,8,0,24,23.03,,,36-2,11140,19
6,,2016,,,2017,충무로엘크루메트로시티2,충무로5가,"2,000",중구,8,63,24,23.03,,,36-2,11140,5
7,,2005,,,2017,충무로 현대 프레스타워,충무로5가,"13,000",중구,8,0,25,26.25,,,22-5,11140,11
8,,2016,,,2017,충무로엘크루메트로시티2,충무로5가,"3,000",중구,8,60,29,23.03,,,36-2,11140,9
9,,2004,,,2017,삼성골드캐슬,을지로5가,"3,000",중구,8,37,3,22.74,,,273-2,11140,5
10,,2014,,,2017,코발트팰리스,오장동,"13,000",중구,8,0,5,20.36,,,90-24,11140,12
11,,2014,,,2017,코발트팰리스,오장동,"13,000",중구,8,0,7,20.36,,,90-24,11140,12
12,,2014,,,2017,코발트팰리스,오장동,"13,000",중구,8,0,10,20.36,,,90-24,11140,12
13,,2014,,,2017,신당아르브,신당동,"1,000",중구,8,60,1,21.31,,,160-5,11140,17
14,,2003,,,2017,(340-123),신당동,"13,000",중구,8,0,1,22.4,,,340-123,11140,4
15,,2004,,,2017,JK오피스텔,신당동,"4,500",중구,8,45,26,22.75,,,353-22,11140,4
16,,2006,,,2017,(340-73),신당동,"15,000",중구,8,0,29,41.7,,,340-73,11140,7
17,,2016,,,2017,리마크빌 동대문,흥인동,"1,000",중구,8,81,7,24.96,,,86,11140,8
18,,2016,,,2017,리마크빌 동대문,흥인동,"1,000",중구,8,85,10,30.26,,,86,11140,5
19,,2016,,,2017,리마크빌 동대문,흥인동,"1,000",중구,8,77,11,26.68,,,86,11140,15
20,,2013,,,2017,(91),흥인동,"1,000",중구,8,65,19,22.33,,,91,11140,11
21,,2013,,,2017,(91),흥인동,"2,000",중구,8,45,19,20.98,,,91,11140,4
22,,2014,,,2017,블루카운티Ⅱ,황학동,"2,000",중구,8,105,2,48.42,,,1628,11140,7
23,,2004,,,2017,올리브1,황학동,"1,000",중구,8,65,3,23.73,,,808,11140,2
24,,2017,,,2017,주건축물제1동,황학동,"33,000",중구,8,0,4,59.01,,,1452,11140,7
25,,2013,,,2017,한양 I-Class,황학동,"12,000",중구,8,0,4,19.05,,,787,11140,11
26,,2017,,,2017,주건축물제1동,황학동,"33,000",중구,8,0,4,59.01,,,1452,11140,9
27,,2014,,,2017,DUO302,황학동,"2,000",중구,8,60,4,22.52,,,819,11140,13
28,,2017,,,2017,주건축물제1동,황학동,"33,000",중구,8,0,5,59.01,,,1452,11140,10
29,,2017,,,2017,(2022),황학동,"22,000",중구,8,0,8,42.53,,,2022,11140,7
30,,,,,2017,주건축물제1동,황학동,"1,000",중구,8,75,8,23.61,,,19,11140,9
31,,2013,,,2017,한양 I-Class,황학동,"2,000",중구,8,50,9,19.05,,,787,11140,2
32,,2013,,,2017,한양 I-Class,황학동,"2,000",중구,8,50,9,19.05,,,787,11140,5
33,,2015,,,2017,골드캐슬Ⅰ,황학동,"21,000",중구,8,0,10,40.87,,,1725,11140,3
34,,2017,,,2017,주건축물제1동,황학동,"24,000",중구,8,0,12,41.58,,,1452,11140,5
35,,2014,,,2017,다올노블리움A동,황학동,"22,000",중구,8,0,15,44.8,,,1744,11140,7
36,,2017,,,2017,(1079),황학동,"27,000",중구,8,0,15,45.56,,,1079,11140,5
37,,2014,,,2017,DUO302,황학동,"3,000",중구,8,55,18,22.52,,,819,11140,12
38,,2017,,,2017,주건축물제1동,황학동,"32,000",중구,8,0,21,57.81,,,1452,11140,11
39,,2014,,,2017,아미인,황학동,"14,000",중구,8,0,25,18.62,,,836,11140,5
40,,2015,,,2017,골드캐슬Ⅰ,황학동,"20,000",중구,8,0,26,40.04,,,1725,11140,3
41,,2014,,,2017,DUO302,황학동,"2,000",중구,8,60,28,22.52,,,819,11140,10
42,,2013,,,2017,한양 I-Class,황학동,"5,000",중구,8,35,29,19.05,,,787,11140,10
43,,2013,,,2017,한양 I-Class,황학동,"10,000",중구,8,0,29,19.05,,,787,11140,3
44,,2017,,,2017,더큐브,황학동,"22,000",중구,8,0,29,33.75,,,893,11140,4
45,,,,,2017,밸류 에스엘,황학동,"2,000",중구,8,100,30,43.56,,,1496,11140,5
46,,2017,,,2017,주건축물제1동,황학동,"24,000",중구,8,0,31,41.58,,,1452,11140,11
47,,2016,,,2017,덕수궁롯데캐슬,순화동,"31,000",중구,8,0,2,41.14,,,217,11140,4
48,,2016,,,2017,덕수궁롯데캐슬,순화동,"15,000",중구,8,50,14,36.15,,,217,11140,12
49,,2003,,,2017,바비엥-1,의주로1가,"40,000",중구,8,0,23,126.59,,,32-2,11140,4
50,,2006,,,2017,브라운스톤서울,중림동,"10,000",중구,8,90,1,62.82,,,355,11140,4
51,,2006,,,2017,브라운스톤서울,중림동,"10,000",중구,8,110,19,62.82,,,355,11140,6
52,,2004,,,2017,KCC 파크타운,만리동2가,"1,000",중구,8,75,4,32.02,,,11-1,11140,15
53,,2004,,,2017,KCC 파크타운,만리동2가,"17,000",중구,8,0,31,32.02,,,11-1,11140,7
0,,2016,,,2017,충무로엘크루메트로시티2,충무로5가,"1,000",중구,9,70,16,23.03,,,36-2,11140,7
1,,2016,,,2017,충무로엘크루메트로시티2,충무로5가,"3,000",중구,9,60,23,23.03,,,36-2,11140,12
2,,2016,,,2017,충무로엘크루메트로시티2,충무로5가,"1,000",중구,9,70,25,23.03,,,36-2,11140,9
3,,2015,,,2017,남산더힐B동,신당동,"15,000",중구,9,35,5,34.71,,,420-23,11140,6
4,,2015,,,2017,남산더힐B동,신당동,"23,000",중구,9,0,6,36.7,,,420-23,11140,7
5,,2015,,,2017,장충아이빌2,신당동,"22,000",중구,9,0,7,29.96,,,420-16,11140,5
6,,2004,,,2017,JK오피스텔,신당동,"3,000",중구,9,45,9,22.75,,,353-22,11140,2
7,,2014,,,2017,신당아르브,신당동,"15,500",중구,9,0,9,21.31,,,160-5,11140,11
8,,2014,,,2017,신당아르브,신당동,"16,000",중구,9,0,11,21.31,,,160-5,11140,17
9,,2004,,,2017,JK오피스텔,신당동,"3,800",중구,9,37,13,22.75,,,353-22,11140,5
10,,2005,,,2017,남산정은스카이,신당동,"1,000",중구,9,80,14,29.93,,,366-126,11140,1
11,,2014,,,2017,신당아르브,신당동,"4,000",중구,9,50,15,21.31,,,160-5,11140,11
12,,2015,,,2017,승리빌딩,신당동,"4,000",중구,9,45,22,21.09,,,309-45,11140,6
13,,2015,,,2017,남산더힐A동,신당동,"21,000",중구,9,0,22,36.97,,,420-17,11140,7
14,,2006,,,2017,(340-73),신당동,"15,000",중구,9,0,28,36.92,,,340-73,11140,7
15,,2014,,,2017,신당아르브,신당동,"15,500",중구,9,0,29,21.31,,,160-5,11140,9
16,,2016,,,2017,신당역솔하임,신당동,"1,000",중구,9,70,29,18.8,,,140-23,11140,12
17,,2014,,,2017,동대문 와이즈 캐슬,흥인동,"14,000",중구,9,0,9,19.92,,,119,11140,2
18,,2016,,,2017,리마크빌 동대문,흥인동,"1,000",중구,9,75,12,24.65,,,86,11140,13
19,,2016,,,2017,리마크빌 동대문,흥인동,"1,000",중구,9,88,12,24.96,,,86,11140,19
20,,2014,,,2017,청계천 두산위브더제니스,흥인동,"5,000",중구,9,300,14,46.74,,,13-1,11140,7
21,,2014,,,2017,동대문 와이즈 캐슬,흥인동,"14,000",중구,9,0,18,19.92,,,119,11140,4
22,,2016,,,2017,리마크빌 동대문,흥인동,"1,000",중구,9,83,26,28.62,,,86,11140,14
23,,2003,,,2017,중앙시티빌,황학동,"1,000",중구,9,55,1,24.99,,,805,11140,8
24,,2017,,,2017,주건축물제1동,황학동,"33,000",중구,9,0,5,59.01,,,1452,11140,6
25,,2014,,,2017,아미인,황학동,"13,000",중구,9,0,6,18.62,,,836,11140,2
26,,2014,,,2017,DUO302,황학동,"5,000",중구,9,45,7,22.52,,,819,11140,10
27,,2017,,,2017,(1079),황학동,"25,000",중구,9,0,7,46.03,,,1079,11140,3
28,,,,,2017,밸류 에스엘,황학동,"24,000",중구,9,0,8,42.7,,,1496,11140,4
29,,2015,,,2017,골드캐슬Ⅰ,황학동,"21,000",중구,9,0,8,40.87,,,1725,11140,4
30,,2013,,,2017,한양 I-Class,황학동,"12,000",중구,9,0,11,19.05,,,787,11140,9
31,,2013,,,2017,한양 I-Class,황학동,"11,500",중구,9,0,13,19.05,,,787,11140,6
32,,,,,2017,밸류 에스엘,황학동,"22,000",중구,9,0,14,41.51,,,1496,11140,4
33,,2017,,,2017,주건축물제1동,황학동,"23,000",중구,9,0,18,41.58,,,1452,11140,2
34,,2015,,,2017,골드캐슬Ⅰ,황학동,"21,000",중구,9,0,19,40.61,,,1725,11140,5
35,,2001,,,2017,골든빌,황학동,"1,000",중구,9,55,21,33.27,,,1752,11140,5
36,,,,,2017,밸류 에스엘,황학동,"23,000",중구,9,0,23,41.51,,,1496,11140,3
37,,2017,,,2017,주건축물제1동,황학동,"31,500",중구,9,0,23,57.81,,,1452,11140,5
38,,2014,,,2017,DUO302,황학동,"1,000",중구,9,65,26,22.52,,,819,11140,10
39,,2014,,,2017,DUO302,황학동,"1,000",중구,9,65,26,22.52,,,819,11140,15
40,,2017,,,2017,(1079),황학동,"26,500",중구,9,0,27,46.03,,,1079,11140,4
41,,2017,,,2017,주건축물제1동,황학동,"2,000",중구,9,100,27,41.58,,,1452,11140,6
42,,2013,,,2017,한양 I-Class,황학동,500,중구,9,65,29,19.05,,,787,11140,12
43,,2016,,,2017,덕수궁롯데캐슬,순화동,"3,000",중구,9,80,20,32.35,,,217,11140,4
44,,2006,,,2017,브라운스톤서울,중림동,"38,000",중구,9,0,26,68.04,,,355,11140,30
45,,2005,,,2017,서울역 디오빌,만리동1가,"7,000",중구,9,20,9,27.7,,,62-7,11140,8
46,,2004,,,2017,KCC 파크타운,만리동2가,"30,000",중구,9,0,3,66.47,,,11-1,11140,1
47,,2004,,,2017,KCC 파크타운,만리동2가,"17,000",중구,9,0,23,32.02,,,11-1,11140,2
48,,2004,,,2017,KCC 파크타운,만리동2가,"33,000",중구,9,0,27,66.47,,,11-1,11140,6
49,,2004,,,2017,KCC 파크타운,만리동2가,"33,000",중구,9,0,30,66.47,,,11-1,11140,3
0,,2013,,,2017,엘크루 메트로시티,충무로3가,"25,000",중구,10,0,20,36.46,,,49,11140,11
1,,2014,,,2017,신당아르브,신당동,"5,000",중구,10,45,9,21.31,,,160-5,11140,12
2,,2014,,,2017,신당아르브,신당동,"15,000",중구,10,0,20,21.31,,,160-5,11140,15
3,,2014,,,2017,신당아르브,신당동,"15,500",중구,10,0,20,21.31,,,160-5,11140,15
4,,2004,,,2017,JK오피스텔,신당동,"9,000",중구,10,0,24,22.75,,,353-22,11140,3
5,,2014,,,2017,신당아르브,신당동,"15,500",중구,10,0,27,21.31,,,160-5,11140,15
6,,2014,,,2017,청계천 두산위브더제니스,흥인동,"1,000",중구,10,100,14,34.61,,,13-1,11140,16
7,,2016,,,2017,리마크빌 동대문,흥인동,"1,000",중구,10,75,30,24.65,,,86,11140,13
8,,2014,,,2017,DUO302,황학동,"2,000",중구,10,60,7,22.52,,,819,11140,5
9,,2013,,,2017,한양 I-Class,황학동,"12,000",중구,10,0,7,19.05,,,787,11140,8
10,,2017,,,2017,(2022),황학동,"22,500",중구,10,0,9,41.75,,,2022,11140,9
11,,2017,,,2017,(2022),황학동,"22,500",중구,10,0,9,41.75,,,2022,11140,10
12,,2013,,,2017,한양 I-Class,황학동,"13,000",중구,10,0,9,19.05,,,787,11140,5
13,,2004,,,2017,신당역올리브2,황학동,100,중구,10,60,10,23.82,,,2484,11140,13
14,,2017,,,2017,(1079),황학동,"28,500",중구,10,0,10,49.99,,,1079,11140,5
15,,2003,,,2017,중앙시티빌,황학동,"1,000",중구,10,55,11,24.5,,,805,11140,14
16,,2017,,,2017,(1079),황학동,"27,000",중구,10,0,14,45.56,,,1079,11140,3
17,,2016,,,2017,신당블루카운티,황학동,"20,000",중구,10,0,14,28.58,,,846,11140,2
18,,2014,,,2017,DUO302,황학동,"5,000",중구,10,48,14,22.52,,,819,11140,13
19,,2015,,,2017,골드캐슬Ⅰ,황학동,"21,000",중구,10,0,15,40.04,,,1725,11140,5
20,,2017,,,2017,(1079),황학동,"29,000",중구,10,0,17,49.99,,,1079,11140,4
21,,2017,,,2017,주건축물제1동,황학동,"24,000",중구,10,0,18,41.58,,,1452,11140,7
22,,,,,2017,주건축물제1동,황학동,"25,000",중구,10,0,20,41.41,,,19,11140,9
23,,2004,,,2017,신당역올리브2,황학동,"1,000",중구,10,55,22,23.82,,,2484,11140,8
24,,2013,,,2017,한양 I-Class,황학동,"13,000",중구,10,0,23,19.05,,,787,11140,6
25,,2015,,,2017,골드캐슬Ⅰ,황학동,"20,000",중구,10,0,24,40.61,,,1725,11140,6
26,,2014,,,2017,DUO302,황학동,"1,000",중구,10,65,25,23.06,,,819,11140,14
27,,2013,,,2017,한양 I-Class,황학동,"13,000",중구,10,0,25,19.05,,,787,11140,6
28,,2004,,,2017,신당역올리브2,황학동,"15,000",중구,10,0,28,23.82,,,2484,11140,4
29,,2013,,,2017,한양 I-Class,황학동,"12,500",중구,10,0,28,19.05,,,787,11140,6
30,,,,,2017,주건축물제1동,황학동,"24,500",중구,10,0,30,41.41,,,19,11140,7
31,,2004,,,2017,올리브1,황학동,"6,000",중구,10,30,30,23.73,,,808,11140,7
32,,2013,,,2017,한양 I-Class,황학동,"12,000",중구,10,0,31,19.05,,,787,11140,5
33,,2016,,,2017,덕수궁롯데캐슬,순화동,"10,000",중구,10,50,3,36.15,,,217,11140,11
34,,2005,,,2017,바비엥-2,의주로1가,"20,000",중구,10,0,14,29.23,,,25-10,11140,4
35,,2005,,,2017,바비엥-2,의주로1가,"23,000",중구,10,0,14,40.22,,,25-10,11140,5
36,,2005,,,2017,바비엥-2,의주로1가,"40,000",중구,10,0,30,80.31,,,25-10,11140,10
37,,2005,,,2017,서울역 디오빌,만리동1가,"1,000",중구,10,65,23,27.7,,,62-7,11140,4
38,,2004,,,2017,KCC 파크타운,만리동2가,"5,000",중구,10,100,11,66.47,,,11-1,11140,9
39,,2004,,,2017,KCC 파크타운,만리동2가,"10,000",중구,10,80,19,66.47,,,11-1,11140,8
40,,2004,,,2017,KCC 파크타운,만리동2가,"30,000",중구,10,0,19,66.47,,,11-1,11140,1
41,,2004,,,2017,KCC 파크타운,만리동2가,"36,000",중구,10,0,28,66.47,,,11-1,11140,11
0,,2004,,,2017,삼성골드캐슬,을지로5가,"2,000",중구,11,50,1,24.92,,,273-2,11140,6
1,,2014,,,2017,코발트팰리스,오장동,"13,000",중구,11,0,16,20.36,,,90-24,11140,14
2,,2013,,,2017,엘크루 메트로시티,충무로3가,"22,000",중구,11,0,24,28.1,,,49,11140,17
3,,2015,,,2017,남산더힐A동,신당동,"22,000",중구,11,0,3,36.97,,,420-17,11140,6
4,,2003,,,2017,(340-123),신당동,"13,000",중구,11,0,7,19.2,,,340-123,11140,5
5,,2014,,,2017,신당아르브,신당동,"6,000",중구,11,45,18,21.31,,,160-5,11140,16
6,,2014,,,2017,신당아르브,신당동,"15,500",중구,11,0,18,21.31,,,160-5,11140,14
7,,2014,,,2017,동대문 와이즈 캐슬,흥인동,"13,500",중구,11,0,7,21.35,,,119,11140,2
8,,2013,,,2017,(91),흥인동,"9,000",중구,11,30,12,24.85,,,91,11140,9
9,,2014,,,2017,청계천 두산위브더제니스,흥인동,"24,000",중구,11,0,23,34.61,,,13-1,11140,23
10,,2016,,,2017,리마크빌 동대문,흥인동,"1,000",중구,11,75,23,24.65,,,86,11140,12
11,,2013,,,2017,(91),흥인동,"14,000",중구,11,0,28,21.88,,,91,11140,12
12,,2016,,,2017,리마크빌 동대문,흥인동,"1,000",중구,11,83,28,28.62,,,86,11140,13
13,,2016,,,2017,리마크빌 동대문,흥인동,"1,000",중구,11,83,29,28.62,,,86,11140,13
14,,2016,,,2017,해비치,황학동,"7,000",중구,11,70,3,38.33,,,1834,11140,4
15,,2013,,,2017,한양 I-Class,황학동,"1,000",중구,11,60,6,19.05,,,787,11140,11
16,,2014,,,2017,DUO302,황학동,"15,000",중구,11,0,7,22.52,,,819,11140,14
17,,2015,,,2017,(1546),황학동,"19,500",중구,11,0,8,39.57,,,1546,11140,2
18,,2014,,,2017,아미인,황학동,"13,500",중구,11,0,8,18.62,,,836,11140,5
19,,2004,,,2017,신당역올리브2,황학동,500,중구,11,70,8,23.82,,,2484,11140,15
20,,2003,,,2017,중앙시티빌,황학동,"1,000",중구,11,55,10,24.99,,,805,11140,14
21,,,,,2017,밸류 에스엘,황학동,"23,000",중구,11,0,15,42.7,,,1496,11140,3
22,,2014,,,2017,아미인,황학동,"16,500",중구,11,0,21,24.15,,,836,11140,3
23,,2015,,,2017,(1546),황학동,"21,500",중구,11,0,21,40.07,,,1546,11140,2
24,,2004,,,2017,신당역올리브2,황학동,"1,000",중구,11,55,23,23.82,,,2484,11140,5
25,,2017,,,2017,주건축물제1동,황학동,"32,000",중구,11,0,23,59.01,,,1452,11140,4
26,,2015,,,2017,(1546),황학동,"20,000",중구,11,0,29,40.07,,,1546,11140,3
27,,2016,,,2017,덕수궁롯데캐슬,순화동,"1,000",중구,11,90,7,32.35,,,217,11140,3
28,,2005,,,2017,바비엥-2,의주로1가,"23,000",중구,11,0,4,40.22,,,25-10,11140,12
29,,2005,,,2017,바비엥-2,의주로1가,"22,000",중구,11,0,18,29.48,,,25-10,11140,10
30,,2006,,,2017,브라운스톤서울,중림동,"37,000",중구,11,0,13,62.82,,,355,11140,19
31,,2005,,,2017,서울역 디오빌,만리동1가,"17,000",중구,11,0,25,27.7,,,62-7,11140,6
32,,2004,,,2017,KCC 파크타운,만리동2가,"5,000",중구,11,90,4,66.47,,,11-1,11140,5
33,,2004,,,2017,KCC 파크타운,만리동2가,"1,000",중구,11,75,10,32.02,,,11-1,11140,15
0,,2016,,,2017,충무로엘크루메트로시티2,충무로5가,"18,000",중구,12,0,13,23.03,,,36-2,11140,20
1,,2016,,,2017,충무로엘크루메트로시티2,충무로5가,"22,000",중구,12,0,23,41.41,,,36-2,11140,3
2,,2005,,,2017,성진오피스텔,광희동2가,"6,000",중구,12,25,1,22.8,,,194-1,11140,4
3,,2005,,,2017,성진오피스텔,광희동2가,"7,000",중구,12,15,26,22.8,,,194-1,11140,5
4,,2004,,,2017,삼성골드캐슬,을지로5가,"2,000",중구,12,50,21,24.92,,,273-2,11140,6
5,,2014,,,2017,신당아르브,신당동,"7,000",중구,12,30,1,21.31,,,160-5,11140,16
6,,2005,,,2017,남산정은스카이,신당동,"19,500",중구,12,0,4,38.26,,,366-126,11140,1
7,,2016,,,2017,신당역솔하임,신당동,"1,000",중구,12,90,5,26.72,,,140-23,11140,3
8,,2015,,,2017,승리빌딩,신당동,"2,000",중구,12,50,9,17.52,,,309-45,11140,7
9,,2016,,,2017,신당역솔하임,신당동,"5,000",중구,12,70,14,26.72,,,140-23,11140,7
10,,2014,,,2017,신당아르브,신당동,"15,500",중구,12,0,14,21.31,,,160-5,11140,12
11,,2004,,,2017,JK오피스텔,신당동,"9,000",중구,12,0,16,22.13,,,353-22,11140,2
12,,2004,,,2017,JK오피스텔,신당동,"9,500",중구,12,0,19,22.75,,,353-22,11140,4
13,,2014,,,2017,신당아르브,신당동,"1,000",중구,12,65,27,21.31,,,160-5,11140,14
14,,2006,,,2017,(340-73),신당동,"15,000",중구,12,0,29,35.6,,,340-73,11140,8
15,,2014,,,2017,동대문 와이즈 캐슬,흥인동,"5,000",중구,12,45,5,19.92,,,119,11140,4
16,,2013,,,2017,(91),흥인동,"13,000",중구,12,0,9,21.88,,,91,11140,9
17,,2014,,,2017,동대문 와이즈 캐슬,흥인동,"13,500",중구,12,0,11,21.35,,,119,11140,5
18,,2016,,,2017,리마크빌 동대문,흥인동,"1,000",중구,12,75,14,24.65,,,86,11140,12
19,,2016,,,2017,동대문솔하임,흥인동,"23,000",중구,12,0,19,29.83,,,8,11140,10
20,,2014,,,2017,청계천 두산위브더제니스,흥인동,"25,000",중구,12,0,20,34.61,,,13-1,11140,21
21,,2014,,,2017,동대문 와이즈 캐슬,흥인동,"5,000",중구,12,45,27,19.92,,,119,11140,3
22,,2014,,,2017,청계천 두산위브더제니스,흥인동,"1,000",중구,12,105,28,46.74,,,13-1,11140,10
23,,2014,,,2017,청계천 두산위브더제니스,흥인동,"1,000",중구,12,120,30,46.23,,,13-1,11140,6
24,,2013,,,2017,한양 I-Class,황학동,500,중구,12,60,1,19.05,,,787,11140,7
25,,2004,,,2017,올리브1,황학동,"1,000",중구,12,65,1,25.05,,,808,11140,3
26,,2016,,,2017,하늘드리움2차,황학동,"3,000",중구,12,90,2,38.31,,,876,11140,4
27,,2001,,,2017,골든빌,황학동,500,중구,12,45,4,23.52,,,1752,11140,7
28,,2004,,,2017,올리브1,황학동,"5,000",중구,12,35,8,25.05,,,808,11140,9
29,,2013,,,2017,한양 I-Class,황학동,"1,000",중구,12,60,8,19.05,,,787,11140,12
30,,2003,,,2017,중앙시티빌,황학동,"8,000",중구,12,20,9,24.5,,,805,11140,4
31,,2014,,,2017,DUO302,황학동,"2,000",중구,12,60,11,22.52,,,819,11140,16
32,,2004,,,2017,올리브1,황학동,"5,000",중구,12,35,11,25.05,,,808,11140,7
33,,2015,,,2017,골드캐슬Ⅰ,황학동,"21,000",중구,12,0,12,40.61,,,1725,11140,3
34,,2014,,,2017,DUO302,황학동,"1,000",중구,12,65,12,22.52,,,819,11140,18
35,,,,,2017,주건축물제1동,황학동,"15,500",중구,12,0,12,23.61,,,19,11140,6
36,,,,,2017,주건축물제1동,황학동,"24,000",중구,12,0,13,41.41,,,19,11140,3
37,,2013,,,2017,한양 I-Class,황학동,"10,500",중구,12,0,13,19.05,,,787,11140,4
38,,2014,,,2017,DUO302,황학동,"10,000",중구,12,25,15,23.06,,,819,11140,13
39,,,,,2017,주건축물제1동,황학동,"15,500",중구,12,0,15,23.61,,,19,11140,7
40,,,,,2017,주건축물제1동,황학동,"24,000",중구,12,0,16,41.41,,,19,11140,5
41,,,,,2017,주건축물제1동,황학동,"15,500",중구,12,0,18,23.81,,,19,11140,5
42,,,,,2017,주건축물제1동,황학동,"15,500",중구,12,0,18,23.81,,,19,11140,7
43,,2014,,,2017,DUO302,황학동,"2,000",중구,12,60,18,23.06,,,819,11140,3
44,,,,,2017,주건축물제1동,황학동,"15,500",중구,12,0,18,23.81,,,19,11140,6
45,,2014,,,2017,블루카운티Ⅱ,황학동,"12,000",중구,12,0,20,22.81,,,1628,11140,9
46,,2017,,,2017,골드캐슬Ⅲ,황학동,"23,000",중구,12,0,20,39.02,,,1743,11140,5
47,,,,,2017,주건축물제1동,황학동,"23,500",중구,12,0,20,41.41,,,19,11140,2
48,,2017,,,2017,(2022),황학동,"22,000",중구,12,0,22,41.75,,,2022,11140,8
49,,2003,,,2017,중앙시티빌,황학동,"11,000",중구,12,0,22,25,,,805,11140,6
50,,2015,,,2017,(1546),황학동,"20,800",중구,12,0,22,40.07,,,1546,11140,5
51,,2003,,,2017,중앙시티빌,황학동,"10,000",중구,12,0,22,25,,,805,11140,6
52,,2017,,,2017,(1079),황학동,"26,000",중구,12,0,23,46.03,,,1079,11140,2
53,,2013,,,2017,한양 I-Class,황학동,"3,000",중구,12,45,26,19.05,,,787,11140,3
54,,2004,,,2017,올리브1,황학동,"2,000",중구,12,50,27,25.05,,,808,11140,14
55,,2004,,,2017,신당역올리브2,황학동,"1,000",중구,12,70,29,23.82,,,2484,11140,15
56,,2013,,,2017,한양 I-Class,황학동,"2,000",중구,12,50,30,19.05,,,787,11140,7
57,,,,,2017,주건축물제1동,황학동,"15,000",중구,12,0,30,21.32,,,19,11140,9
58,,2016,,,2017,덕수궁롯데캐슬,순화동,"5,000",중구,12,90,9,38.79,,,217,11140,3
59,,2016,,,2017,덕수궁롯데캐슬,순화동,"1,000",중구,12,120,19,41.14,,,217,11140,5
60,,2016,,,2017,덕수궁롯데캐슬,순화동,"27,000",중구,12,0,27,36.15,,,217,11140,12
61,,2016,,,2017,덕수궁롯데캐슬,순화동,"2,000",중구,12,95,28,36.15,,,217,11140,12
62,,2005,,,2017,바비엥-2,의주로1가,"22,000",중구,12,0,4,29.48,,,25-10,11140,13
63,,2005,,,2017,바비엥-2,의주로1가,"22,000",중구,12,0,9,29.23,,,25-10,11140,5
64,,2006,,,2017,브라운스톤서울,중림동,"37,000",중구,12,0,16,68.04,,,355,11140,10
65,,2005,,,2017,서울역 디오빌,만리동1가,"10,000",중구,12,70,16,56.17,,,62-7,11140,9
66,,2005,,,2017,서울역 디오빌,만리동1가,"33,000",중구,12,0,23,56.17,,,62-7,11140,8
67,,2005,,,2017,서울역 디오빌,만리동1가,"20,000",중구,12,30,26,56.17,,,62-7,11140,5
68,,2004,,,2017,KCC 파크타운,만리동2가,"34,000",중구,12,0,2,66.47,,,11-1,11140,4
69,,2004,,,2017,KCC 파크타운,만리동2가,"35,000",중구,12,0,13,66.47,,,11-1,11140,15
70,,2004,,,2017,KCC 파크타운,만리동2가,"4,000",중구,12,150,26,66.47,,,11-1,11140,10
0,,2016,,,2018,충무로엘크루메트로시티2,충무로5가,"27,000",중구,1,0,8,37.07,,,36-2,11140,15
1,,2016,,,2018,충무로엘크루메트로시티2,충무로5가,"16,500",중구,1,0,27,23.03,,,36-2,11140,7
2,,2016,,,2018,충무로엘크루메트로시티2,충무로5가,"1,000",중구,1,70,31,23.03,,,36-2,11140,17
3,,2003,,,2018,정건벨라지오오피스텔,을지로5가,"10,000",중구,1,0,29,29.45,,,20-1,11140,11
4,,2013,,,2018,엘크루 메트로시티,충무로3가,"25,000",중구,1,0,5,36.72,,,49,11140,12
5,,2013,,,2018,엘크루 메트로시티,충무로3가,"14,000",중구,1,40,9,28.94,,,49,11140,16
6,,2003,,,2018,(340-123),신당동,"13,000",중구,1,0,13,22.08,,,340-123,11140,4
7,,2015,,,2018,남산더힐B동,신당동,"23,000",중구,1,0,17,34.71,,,420-23,11140,7
8,,2014,,,2018,신당아르브,신당동,"15,500",중구,1,0,18,21.31,,,160-5,11140,9
9,,2016,,,2018,신당역솔하임,신당동,"1,000",중구,1,72,19,18.6,,,140-23,11140,13
10,,2004,,,2018,신당동 오피스텔,신당동,500,중구,1,40,22,13.95,,,294-64,11140,6
11,,2016,,,2018,신당역솔하임,신당동,"4,000",중구,1,57,24,18.8,,,140-23,11140,10
12,,2003,,,2018,(340-123),신당동,"13,000",중구,1,0,27,20.89,,,340-123,11140,3
13,,2016,,,2018,리마크빌 동대문,흥인동,"1,000",중구,1,77,10,24.65,,,86,11140,15
14,,2016,,,2018,리마크빌 동대문,흥인동,"1,000",중구,1,80,23,24.25,,,86,11140,13
15,,2016,,,2018,리마크빌 동대문,흥인동,"1,000",중구,1,77,24,24.95,,,86,11140,19
16,,2016,,,2018,동대문솔하임,흥인동,"21,000",중구,1,0,25,25,,,8,11140,11
17,,2016,,,2018,리마크빌 동대문,흥인동,"1,000",중구,1,77,26,24.95,,,86,11140,15
18,,2014,,,2018,동대문 와이즈 캐슬,흥인동,"15,500",중구,1,0,26,19.92,,,119,11140,3
19,,2013,,,2018,(91),흥인동,"5,000",중구,1,40,27,22.18,,,91,11140,12
20,,2016,,,2018,리마크빌 동대문,흥인동,"1,000",중구,1,75,30,24.65,,,86,11140,10
21,,2017,,,2018,골드캐슬Ⅲ,황학동,"1,000",중구,1,100,3,40.47,,,1743,11140,2
22,,2003,,,2018,중앙시티빌,황학동,"2,000",중구,1,58,3,31.04,,,805,11140,5
23,,2013,,,2018,한양 I-Class,황학동,"12,000",중구,1,0,4,19.05,,,787,11140,12
24,,2013,,,2018,한양 I-Class,황학동,"17,500",중구,1,0,5,29.64,,,787,11140,7
25,,2013,,,2018,한양 I-Class,황학동,"12,000",중구,1,0,5,19.05,,,787,11140,4
26,,,,,2018,주건축물제1동,황학동,"15,500",중구,1,0,5,23.61,,,19,11140,6
27,,2013,,,2018,한양 I-Class,황학동,"12,000",중구,1,0,5,19.05,,,787,11140,4
28,,2013,,,2018,한양 I-Class,황학동,"12,000",중구,1,0,5,19.05,,,787,11140,7
29,,2017,,,2018,골드캐슬Ⅲ,황학동,"5,000",중구,1,85,7,43.97,,,1743,11140,2
30,,2017,,,2018,골드캐슬Ⅲ,황학동,"24,000",중구,1,0,8,40.31,,,1743,11140,5
31,,2004,,,2018,올리브1,황학동,"1,000",중구,1,70,8,25.05,,,808,11140,15
32,,2014,,,2018,블루카운티Ⅱ,황학동,"24,000",중구,1,0,8,48.22,,,1628,11140,6
33,,2013,,,2018,한양 I-Class,황학동,"1,000",중구,1,55,9,19.05,,,787,11140,2
34,,2014,,,2018,다올노블리움A동,황학동,"7,000",중구,1,68,11,44.8,,,1744,11140,6
35,,,,,2018,주건축물제1동,황학동,"14,500",중구,1,0,12,21.32,,,19,11140,6
36,,2013,,,2018,한양 I-Class,황학동,"12,000",중구,1,0,15,19.05,,,787,11140,4
37,,2014,,,2018,DUO302,황학동,"1,000",중구,1,65,15,22.52,,,819,11140,5
38,,2017,,,2018,(2022),황학동,"25,000",중구,1,0,15,46.68,,,2022,11140,5
39,,2015,,,2018,(1546),황학동,"20,000",중구,1,0,15,40.74,,,1546,11140,3
40,,,,,2018,주건축물제1동,황학동,"14,500",중구,1,0,16,21.32,,,19,11140,7
41,,2013,,,2018,한양 I-Class,황학동,"2,000",중구,1,52,16,19.05,,,787,11140,12
42,,2013,,,2018,한양 I-Class,황학동,"3,000",중구,1,50,18,19.05,,,787,11140,8
43,,2017,,,2018,주건축물제1동,황학동,"33,000",중구,1,0,19,57.81,,,1452,11140,10
44,,2017,,,2018,주건축물제1동,황학동,"33,000",중구,1,0,19,59.01,,,1452,11140,5
45,,2013,,,2018,한양 I-Class,황학동,"12,000",중구,1,0,20,19.05,,,787,11140,12
46,,2014,,,2018,다올 노블리움 B동,황학동,"10,000",중구,1,0,20,22.44,,,1744-1,11140,4
47,,,,,2018,주건축물제1동,황학동,"16,000",중구,1,0,20,23.23,,,19,11140,7
48,,,,,2018,주건축물제1동,황학동,"15,000",중구,1,0,20,21.32,,,19,11140,7
49,,2014,,,2018,DUO302,황학동,"15,000",중구,1,0,20,23.06,,,819,11140,4
50,,2017,,,2018,골드캐슬Ⅲ,황학동,"24,000",중구,1,0,22,39.02,,,1743,11140,3
51,,2014,,,2018,아미인,황학동,"13,000",중구,1,0,22,18.23,,,836,11140,7
52,,2014,,,2018,DUO302,황학동,"1,000",중구,1,65,22,22.52,,,819,11140,17
53,,2013,,,2018,한양 I-Class,황학동,"13,000",중구,1,0,23,19.05,,,787,11140,8
54,,2017,,,2018,골드캐슬Ⅲ,황학동,"24,500",중구,1,0,23,43.97,,,1743,11140,2
55,,2014,,,2018,DUO302,황학동,"4,000",중구,1,50,23,22.52,,,819,11140,19
56,,2014,,,2018,DUO302,황학동,"15,500",중구,1,0,24,23.06,,,819,11140,16
57,,,,,2018,주건축물제1동,황학동,"15,500",중구,1,0,25,20.78,,,19,11140,10
58,,2013,,,2018,한양 I-Class,황학동,"12,000",중구,1,0,25,19.05,,,787,11140,4
59,,,,,2018,주건축물제1동,황학동,"16,000",중구,1,0,26,23.81,,,19,11140,3
60,,2004,,,2018,올리브1,황학동,"1,000",중구,1,55,27,25.05,,,808,11140,9
61,,2014,,,2018,블루카운티Ⅱ,황학동,"6,000",중구,1,80,28,49.43,,,1628,11140,4
62,,2014,,,2018,DUO302,황학동,"2,000",중구,1,60,30,23.06,,,819,11140,16
63,,2005,,,2018,바비엥-2,의주로1가,"3,000",중구,1,80,5,40.22,,,25-10,11140,17
64,,2005,,,2018,바비엥-2,의주로1가,"22,000",중구,1,0,23,29.48,,,25-10,11140,13
65,,2006,,,2018,브라운스톤서울,중림동,"38,000",중구,1,0,15,68.04,,,355,11140,30
66,,2006,,,2018,브라운스톤서울,중림동,"21,000",중구,1,0,16,30.99,,,355,11140,4
67,,2006,,,2018,브라운스톤서울,중림동,"37,000",중구,1,0,19,62.82,,,355,11140,7
68,,2005,,,2018,서울역 디오빌,만리동1가,"34,000",중구,1,0,17,56.17,,,62-7,11140,8
69,,2005,,,2018,서울역 디오빌,만리동1가,"16,000",중구,1,0,20,27.7,,,62-7,11140,2
70,,2005,,,2018,서울역 디오빌,만리동1가,"32,000",중구,1,0,24,56.17,,,62-7,11140,7
71,,2004,,,2018,KCC 파크타운,만리동2가,"10,000",중구,1,80,19,66.47,,,11-1,11140,4
72,,2004,,,2018,KCC 파크타운,만리동2가,"35,000",중구,1,0,20,66.47,,,11-1,11140,3
73,,2004,,,2018,KCC 파크타운,만리동2가,"7,000",중구,1,100,25,66.47,,,11-1,11140,2
74,,2004,,,2018,KCC 파크타운,만리동2가,"2,000",중구,1,70,31,32.02,,,11-1,11140,9
0,,2008,,,2018,명동아르누보센텀,을지로2가,"5,000",중구,2,120,22,41.2,,,199-40,11140,9
1,,2016,,,2018,충무로엘크루메트로시티2,충무로5가,"5,000",중구,2,50,28,23.03,,,36-2,11140,13
2,,2005,,,2018,대성을지로오피스텔,을지로5가,"1,000",중구,2,65,4,28.04,,,77-2,11140,7
3,,2016,,,2018,신당역솔하임,신당동,"1,000",중구,2,71,2,18.8,,,140-23,11140,8
4,,2003,,,2018,(340-123),신당동,"14,000",중구,2,0,5,22.4,,,340-123,11140,2
5,,2016,,,2018,신당역솔하임,신당동,"1,000",중구,2,70,7,18.6,,,140-23,11140,5
6,,2016,,,2018,신당역솔하임,신당동,"18,000",중구,2,0,8,20.69,,,140-23,11140,11
7,,2004,,,2018,JK오피스텔,신당동,"4,000",중구,2,40,10,22.75,,,353-22,11140,3
8,,2016,,,2018,신당역솔하임,신당동,"14,000",중구,2,0,10,18.8,,,140-23,11140,5
9,,2016,,,2018,신당역솔하임,신당동,"14,000",중구,2,0,10,18.8,,,140-23,11140,5
10,,2004,,,2018,JK오피스텔,신당동,"4,500",중구,2,35,12,22.75,,,353-22,11140,3
11,,2003,,,2018,(340-123),신당동,"14,000",중구,2,0,13,22.4,,,340-123,11140,3
12,,2014,,,2018,신당아르브,신당동,"15,500",중구,2,0,21,21.31,,,160-5,11140,17
13,,2003,,,2018,(340-123),신당동,"14,000",중구,2,0,23,22.08,,,340-123,11140,3
14,,2018,,,2018,위더스하임,흥인동,"21,000",중구,2,0,3,24.48,,,142-1,11140,7
15,,2013,,,2018,(91),흥인동,"11,000",중구,2,0,3,20.2,,,91,11140,10
16,,2013,,,2018,(91),흥인동,"11,000",중구,2,0,3,20.2,,,91,11140,10
17,,2013,,,2018,(91),흥인동,"2,000",중구,2,50,5,20.98,,,91,11140,12
18,,2016,,,2018,리마크빌 동대문,흥인동,"1,000",중구,2,75,19,24.65,,,86,11140,14
19,,2014,,,2018,동대문 와이즈 캐슬,흥인동,"2,000",중구,2,60,23,21.35,,,119,11140,7
20,,2016,,,2018,동대문솔하임,흥인동,"1,000",중구,2,100,23,29.83,,,8,11140,6
21,,2016,,,2018,리마크빌 동대문,흥인동,"1,000",중구,2,77,24,24.65,,,86,11140,17
22,,2014,,,2018,청계천 두산위브더제니스,흥인동,"1,000",중구,2,130,27,46.74,,,13-1,11140,4
23,,2018,,,2018,위더스하임,흥인동,"20,000",중구,2,0,27,24.48,,,142-1,11140,5
24,,2016,,,2018,리마크빌 동대문,흥인동,"1,000",중구,2,77,28,26.68,,,86,11140,16
25,,2014,,,2018,DUO302,황학동,"4,000",중구,2,50,2,22.52,,,819,11140,18
26,,2001,,,2018,골든빌,황학동,500,중구,2,45,3,95.6,,,1752,11140,8
27,,2015,,,2018,(1542),황학동,"5,000",중구,2,70,3,45.5,,,1542,11140,2
28,,2017,,,2018,골드캐슬Ⅲ,황학동,"24,500",중구,2,0,6,43.17,,,1743,11140,5
29,,2013,,,2018,한양 I-Class,황학동,"10,000",중구,2,0,6,19.05,,,787,11140,2
30,,2013,,,2018,한양 I-Class,황학동,"10,500",중구,2,0,7,19.05,,,787,11140,3
31,,2013,,,2018,한양 I-Class,황학동,"10,000",중구,2,0,7,19.05,,,787,11140,3
32,,2017,,,2018,골드캐슬Ⅲ,황학동,"24,000",중구,2,0,7,40.47,,,1743,11140,3
33,,,,,2018,주건축물제1동,황학동,"16,000",중구,2,0,8,23.61,,,19,11140,3
34,,2014,,,2018,DUO302,황학동,"3,000",중구,2,55,9,22.52,,,819,11140,19
35,,2013,,,2018,한양 I-Class,황학동,"12,000",중구,2,0,9,19.05,,,787,11140,4
36,,2014,,,2018,DUO302,황학동,"15,500",중구,2,0,9,22.52,,,819,11140,3
37,,2010,,,2018,황학동 코아루,황학동,"5,000",중구,2,90,10,48.73,,,882,11140,9
38,,2016,,,2018,신당블루카운티,황학동,"28,000",중구,2,0,10,44.66,,,846,11140,6
39,,2013,,,2018,한양 I-Class,황학동,"3,000",중구,2,50,12,19.05,,,787,11140,8
40,,2001,,,2018,골든빌,황학동,500,중구,2,45,12,23.52,,,1752,11140,6
41,,2013,,,2018,한양 I-Class,황학동,"1,000",중구,2,60,14,19.05,,,787,11140,12
42,,2003,,,2018,중앙시티빌,황학동,"1,000",중구,2,55,14,25.5,,,805,11140,11
43,,2014,,,2018,아미인,황학동,"2,300",중구,2,0,18,18.41,,,836,11140,7
44,,2013,,,2018,한양 I-Class,황학동,"1,000",중구,2,60,19,19.05,,,787,11140,7
45,,,,,2018,주건축물제1동,황학동,"14,500",중구,2,0,20,21.32,,,19,11140,9
46,,2014,,,2018,아미인,황학동,"13,000",중구,2,0,20,18.23,,,836,11140,2
47,,2014,,,2018,아미인,황학동,"13,000",중구,2,0,21,18.41,,,836,11140,3
48,,2004,,,2018,신당역올리브2,황학동,500,중구,2,55,21,23.82,,,2484,11140,13
49,,2019,,,2018,MAVL PLACE,황학동,"1,000",중구,2,80,22,23.1,,,1596,11140,16
50,,2017,,,2018,(2022),황학동,"4,000",중구,2,90,23,42.53,,,2022,11140,3
51,,,,,2018,주건축물제1동,황학동,"15,500",중구,2,0,24,23.23,,,19,11140,9
52,,2014,,,2018,블루카운티Ⅱ,황학동,"25,000",중구,2,0,24,49.43,,,1628,11140,6
53,,,,,2018,주건축물제1동,황학동,"14,500",중구,2,0,26,20.78,,,19,11140,6
54,,2003,,,2018,중앙시티빌,황학동,"2,000",중구,2,50,26,24.5,,,805,11140,13
55,,2014,,,2018,DUO302,황학동,"1,000",중구,2,65,27,22.52,,,819,11140,3
56,,2016,,,2018,덕수궁롯데캐슬,순화동,"31,000",중구,2,0,2,41.14,,,217,11140,6
57,,2016,,,2018,덕수궁롯데캐슬,순화동,"1,000",중구,2,90,5,32.35,,,217,11140,2
58,,2016,,,2018,덕수궁롯데캐슬,순화동,"10,000",중구,2,85,28,41.14,,,217,11140,6
59,,2005,,,2018,바비엥-2,의주로1가,"25,000",중구,2,0,1,41.55,,,25-10,11140,6
60,,2005,,,2018,바비엥-2,의주로1가,"2,000",중구,2,170,14,67.72,,,25-10,11140,18
61,,2006,,,2018,브라운스톤서울,중림동,"22,000",중구,2,0,24,30.99,,,355,11140,5
62,,2005,,,2018,서울역 디오빌,만리동1가,"16,000",중구,2,0,6,27.7,,,62-7,11140,5
63,,2004,,,2018,KCC 파크타운,만리동2가,"35,000",중구,2,0,1,66.47,,,11-1,11140,4
64,,2004,,,2018,KCC 파크타운,만리동2가,"35,000",중구,2,0,6,66.47,,,11-1,11140,15
65,,2004,,,2018,KCC 파크타운,만리동2가,"35,000",중구,2,0,6,66.47,,,11-1,11140,6
66,,2004,,,2018,KCC 파크타운,만리동2가,"36,000",중구,2,0,8,66.47,,,11-1,11140,14
67,,2004,,,2018,KCC 파크타운,만리동2가,"33,000",중구,2,0,21,66.47,,,11-1,11140,8
68,,2004,,,2018,KCC 파크타운,만리동2가,"33,000",중구,2,0,22,66.47,,,11-1,11140,9
69,,2004,,,2018,KCC 파크타운,만리동2가,"2,000",중구,2,73,22,32.02,,,11-1,11140,7
70,,2004,,,2018,KCC 파크타운,만리동2가,"35,000",중구,2,0,23,66.47,,,11-1,11140,6
0,,2016,,,2018,충무로엘크루메트로시티2,충무로5가,"17,500",중구,3,0,19,23.03,,,36-2,11140,18
1,,2016,,,2018,충무로엘크루메트로시티2,충무로5가,"17,300",중구,3,0,26,23.03,,,36-2,11140,19
2,,2005,,,2018,대성을지로오피스텔,을지로5가,"2,000",중구,3,65,12,28.04,,,77-2,11140,12
3,,2006,,,2018,(340-73),신당동,"16,000",중구,3,0,1,35.6,,,340-73,11140,7
4,,2004,,,2018,JK오피스텔,신당동,"9,000",중구,3,0,3,24.3,,,353-22,11140,4
5,,2004,,,2018,JK오피스텔,신당동,"5,000",중구,3,30,19,24.3,,,353-22,11140,3
6,,2014,,,2018,신당아르브,신당동,"1,000",중구,3,65,20,21.31,,,160-5,11140,12
7,,2016,,,2018,신당역솔하임,신당동,"13,650",중구,3,0,21,18.8,,,140-23,11140,3
8,,2016,,,2018,신당역솔하임,신당동,"16,000",중구,3,0,26,18.6,,,140-23,11140,3
9,,2014,,,2018,동대문 와이즈 캐슬,흥인동,"14,000",중구,3,0,5,19.92,,,119,11140,7
10,,2014,,,2018,동대문 와이즈 캐슬,흥인동,"14,000",중구,3,0,5,19.92,,,119,11140,7
11,,2016,,,2018,리마크빌 동대문,흥인동,"1,000",중구,3,84,7,30.3,,,86,11140,6
12,,2014,,,2018,청계천 두산위브더제니스,흥인동,"30,000",중구,3,0,8,46.74,,,13-1,11140,10
13,,2018,,,2018,위더스하임,흥인동,"10,000",중구,3,70,13,29.76,,,142-1,11140,6
14,,2013,,,2018,(91),흥인동,"13,000",중구,3,0,15,21.88,,,91,11140,9
15,,2014,,,2018,청계천 두산위브더제니스,흥인동,"10,000",중구,3,50,21,35.77,,,13-1,11140,4
16,,2014,,,2018,청계천 두산위브더제니스,흥인동,"5,000",중구,3,150,28,54.53,,,13-1,11140,18
17,,2014,,,2018,블루카운티Ⅱ,황학동,"13,000",중구,3,0,1,22.81,,,1628,11140,7
18,,,,,2018,주건축물제1동,황학동,"15,500",중구,3,0,1,21.32,,,19,11140,10
19,,,,,2018,주건축물제1동,황학동,"15,000",중구,3,0,1,23.81,,,19,11140,2
20,,,,,2018,주건축물제1동,황학동,"15,500",중구,3,0,2,23.61,,,19,11140,2
21,,2004,,,2018,신당역올리브2,황학동,"1,000",중구,3,55,3,23.82,,,2484,11140,8
22,,2014,,,2018,블루카운티Ⅱ,황학동,"25,000",중구,3,0,3,48.22,,,1628,11140,5
23,,2017,,,2018,골드캐슬Ⅲ,황학동,"24,000",중구,3,0,6,39.02,,,1743,11140,2
24,,,,,2018,주건축물제1동,황학동,"14,000",중구,3,0,6,21.32,,,19,11140,2
25,,2017,,,2018,(2022),황학동,"25,000",중구,3,0,8,46.68,,,2022,11140,4
26,,2015,,,2018,골드캐슬Ⅰ,황학동,"21,000",중구,3,0,9,40.61,,,1725,11140,4
27,,2003,,,2018,중앙시티빌,황학동,"3,000",중구,3,40,9,24.99,,,805,11140,6
28,,2004,,,2018,올리브1,황학동,"2,000",중구,3,50,10,25.05,,,808,11140,13
29,,,,,2018,주건축물제1동,황학동,"14,500",중구,3,0,12,20.78,,,19,11140,7
30,,,,,2018,주건축물제1동,황학동,"16,000",중구,3,0,12,23.81,,,19,11140,9
31,,2014,,,2018,블루카운티Ⅱ,황학동,"25,000",중구,3,0,12,49.43,,,1628,11140,7
32,,2015,,,2018,하늘드리움,황학동,"26,000",중구,3,0,13,55.73,,,656,11140,8
33,,2018,,,2018,골드캐슬Ⅳ,황학동,"24,000",중구,3,0,14,44.34,,,1733,11140,6
34,,2004,,,2018,올리브1,황학동,"12,500",중구,3,0,14,25.05,,,808,11140,7
35,,2018,,,2018,골드캐슬Ⅳ,황학동,"22,000",중구,3,0,14,41.2,,,1733,11140,6
36,,2004,,,2018,올리브1,황학동,"1,000",중구,3,60,14,23.73,,,808,11140,6
37,,2018,,,2018,골드캐슬Ⅳ,황학동,"22,000",중구,3,0,15,43.78,,,1733,11140,5
38,,2017,,,2018,골드캐슬Ⅲ,황학동,"24,000",중구,3,0,16,43.17,,,1743,11140,3
39,,2014,,,2018,DUO302,황학동,"1,000",중구,3,65,18,23.06,,,819,11140,11
40,,2001,,,2018,골든빌,황학동,"10,000",중구,3,0,19,34.11,,,1752,11140,7
41,,2018,,,2018,동광팰리스,황학동,"2,000",중구,3,100,20,35.94,,,1572,11140,6
42,,2010,,,2018,황학동 코아루,황학동,"20,000",중구,3,0,24,36.31,,,882,11140,12
43,,2014,,,2018,DUO302,황학동,"16,000",중구,3,0,24,23.06,,,819,11140,4
44,,2003,,,2018,중앙시티빌,황학동,"11,000",중구,3,0,24,31.04,,,805,11140,10
45,,2014,,,2018,아미인,황학동,"1,000",중구,3,50,25,18.41,,,836,11140,6
46,,2015,,,2018,골드캐슬Ⅰ,황학동,"11,000",중구,3,0,26,17.71,,,1725,11140,4
47,,,,,2018,주건축물제1동,황학동,"15,500",중구,3,0,28,21.32,,,19,11140,10
48,,2018,,,2018,청계 블루카운티,황학동,"17,000",중구,3,50,30,52.37,,,1720,11140,8
49,,2014,,,2018,DUO302,황학동,"15,000",중구,3,0,30,22.52,,,819,11140,15
50,,,,,2018,주건축물제1동,황학동,"14,500",중구,3,0,30,20.78,,,19,11140,9
51,,2017,,,2018,(1079),황학동,"20,000",중구,3,0,31,29.16,,,1079,11140,7
52,,2016,,,2018,덕수궁롯데캐슬,순화동,"30,000",중구,3,0,10,36.15,,,217,11140,9
53,,2016,,,2018,덕수궁롯데캐슬,순화동,"1,000",중구,3,90,20,32.35,,,217,11140,3
54,,2016,,,2018,덕수궁롯데캐슬,순화동,"1,000",중구,3,120,30,41.14,,,217,11140,5
55,,2005,,,2018,서울역 디오빌,만리동1가,"34,000",중구,3,0,2,56.17,,,62-7,11140,6
56,,2005,,,2018,서울역 디오빌,만리동1가,"32,000",중구,3,0,3,56.17,,,62-7,11140,9
57,,2005,,,2018,서울역 디오빌,만리동1가,"32,000",중구,3,0,20,56.17,,,62-7,11140,9
58,,2005,,,2018,서울역 디오빌,만리동1가,"20,000",중구,3,0,24,56.17,,,62-7,11140,5
59,,2005,,,2018,서울역 디오빌,만리동1가,"1,000",중구,3,120,31,56.17,,,62-7,11140,2
60,,2004,,,2018,KCC 파크타운,만리동2가,"35,000",중구,3,0,10,66.47,,,11-1,11140,6
61,,2004,,,2018,KCC 파크타운,만리동2가,"15,000",중구,3,65,13,66.47,,,11-1,11140,15
62,,2004,,,2018,KCC 파크타운,만리동2가,"35,000",중구,3,0,16,66.47,,,11-1,11140,7
63,,2004,,,2018,KCC 파크타운,만리동2가,"37,000",중구,3,0,28,66.47,,,11-1,11140,9
64,,2004,,,2018,KCC 파크타운,만리동2가,"1,000",중구,3,75,30,32.02,,,11-1,11140,5
65,,2004,,,2018,KCC 파크타운,만리동2가,"19,000",중구,3,0,31,32.02,,,11-1,11140,9
0,,2016,,,2018,충무로엘크루메트로시티2,충무로5가,"1,000",중구,4,65,30,23.03,,,36-2,11140,20
1,,2013,,,2018,엘크루 메트로시티,충무로3가,"23,500",중구,4,0,27,26.78,,,49,11140,16
2,,2018,,,2018,아리스타 에스디,신당동,"4,000",중구,4,65,4,18.7,,,160-1,11140,9
3,,2018,,,2018,아리스타 에스디,신당동,"2,000",중구,4,75,16,18.66,,,160-1,11140,15
4,,2014,,,2018,신당아르브,신당동,"2,000",중구,4,60,18,21.31,,,160-5,11140,16
5,,2018,,,2018,아리스타 에스디,신당동,"5,000",중구,4,60,18,18.7,,,160-1,11140,15
6,,2018,,,2018,아리스타 에스디,신당동,"3,000",중구,4,67,20,18.7,,,160-1,11140,14
7,,2014,,,2018,청계천 두산위브더제니스,흥인동,"25,000",중구,4,0,12,35.77,,,13-1,11140,18
8,,2013,,,2018,(91),흥인동,"1,000",중구,4,65,17,21.88,,,91,11140,8
9,,2014,,,2018,청계천 두산위브더제니스,흥인동,"82,000",중구,4,0,24,46.74,,,13-1,11140,7
10,,2004,,,2018,신당역올리브2,황학동,"1,000",중구,4,55,2,23.82,,,2484,11140,6
11,,2018,,,2018,동광팰리스,황학동,"23,000",중구,4,0,4,36.6,,,1572,11140,6
12,,2018,,,2018,청계 블루카운티,황학동,"29,000",중구,4,0,4,51.43,,,1720,11140,9
13,,2013,,,2018,한양 I-Class,황학동,"12,600",중구,4,0,4,19.05,,,787,11140,5
14,,2013,,,2018,한양 I-Class,황학동,"1,000",중구,4,60,10,19.05,,,787,11140,11
15,,2014,,,2018,DUO302,황학동,"11,550",중구,4,0,11,22.52,,,819,11140,9
16,,2014,,,2018,DUO302,황학동,"16,000",중구,4,0,11,22.52,,,819,11140,9
17,,2013,,,2018,한양 I-Class,황학동,"1,000",중구,4,58,13,19.05,,,787,11140,8
18,,2018,,,2018,골드캐슬Ⅳ,황학동,"21,000",중구,4,0,13,43.78,,,1733,11140,3
19,,2013,,,2018,한양 I-Class,황학동,500,중구,4,65,13,19.05,,,787,11140,4
20,,2017,,,2018,(2022),황학동,"3,000",중구,4,35,14,19.58,,,2022,11140,7
21,,,,,2018,주건축물제1동,황학동,"1,000",중구,4,70,14,23.81,,,19,11140,8
22,,2018,,,2018,동광팰리스,황학동,"18,500",중구,4,0,15,29.84,,,1572,11140,6
23,,2014,,,2018,아미인,황학동,"13,000",중구,4,0,17,18.41,,,836,11140,7
24,,,,,2018,주건축물제1동,황학동,"15,000",중구,4,0,18,23.23,,,19,11140,2
25,,2017,,,2018,(2022),황학동,"25,000",중구,4,0,19,46.68,,,2022,11140,5
26,,2013,,,2018,한양 I-Class,황학동,"2,000",중구,4,53,21,19.05,,,787,11140,8
27,,2016,,,2018,신당블루카운티,황학동,"28,000",중구,4,0,22,44.66,,,846,11140,9
28,,2014,,,2018,DUO302,황학동,"1,000",중구,4,65,23,23.06,,,819,11140,4
29,,,,,2018,주건축물제1동,황학동,"15,000",중구,4,0,25,20.78,,,19,11140,8
30,,,,,2018,주건축물제1동,황학동,"1,000",중구,4,70,26,23.61,,,19,11140,4
31,,2004,,,2018,올리브1,황학동,"5,000",중구,4,35,26,25.05,,,808,11140,12
32,,2018,,,2018,청계 블루카운티,황학동,"29,000",중구,4,0,26,52.37,,,1720,11140,4
33,,2016,,,2018,하늘드리움2차,황학동,"3,000",중구,4,90,27,38.32,,,876,11140,3
34,,2018,,,2018,청계 블루카운티,황학동,"5,000",중구,4,95,27,52.37,,,1720,11140,5
35,,2018,,,2018,청계 블루카운티,황학동,"29,000",중구,4,0,28,52.37,,,1720,11140,9
36,,2018,,,2018,청계 블루카운티,황학동,"3,000",중구,4,110,28,52.37,,,1720,11140,3
37,,2018,,,2018,청계 블루카운티,황학동,"29,000",중구,4,0,30,52.37,,,1720,11140,10
38,,2018,,,2018,동광팰리스,황학동,"23,000",중구,4,0,30,36.41,,,1572,11140,6
39,,2016,,,2018,덕수궁롯데캐슬,순화동,"25,000",중구,4,0,11,32.35,,,217,11140,8
40,,2005,,,2018,바비엥-2,의주로1가,"39,000",중구,4,0,30,80.31,,,25-10,11140,8
41,,2004,,,2018,KCC 파크타운,만리동2가,"35,000",중구,4,0,2,66.47,,,11-1,11140,14
42,,2004,,,2018,KCC 파크타운,만리동2가,"35,000",중구,4,0,9,66.47,,,11-1,11140,2
43,,2004,,,2018,KCC 파크타운,만리동2가,"2,000",중구,4,70,24,32.02,,,11-1,11140,15
0,,2016,,,2018,충무로엘크루메트로시티2,충무로5가,"1,000",중구,5,70,2,23.03,,,36-2,11140,14
1,,2016,,,2018,충무로엘크루메트로시티2,충무로5가,500,중구,5,65,8,23.03,,,36-2,11140,20
2,,2016,,,2018,충무로엘크루메트로시티2,충무로5가,"17,300",중구,5,0,26,23.03,,,36-2,11140,17
3,,2016,,,2018,충무로엘크루메트로시티2,충무로5가,"16,800",중구,5,0,30,23.03,,,36-2,11140,18
4,,2004,,,2018,삼성골드캐슬,을지로5가,"2,000",중구,5,70,4,30.72,,,273-2,11140,4
5,,2018,,,2018,제이매크로 타워,저동2가,"16,000",중구,5,0,31,19.35,,,7-2,11140,11
6,,2018,,,2018,아리스타 에스디,신당동,"5,000",중구,5,54,14,18.7,,,160-1,11140,4
7,,2014,,,2018,신당아르브,신당동,"4,000",중구,5,50,16,21.31,,,160-5,11140,16
8,,2005,,,2018,남산정은스카이,신당동,"18,000",중구,5,0,16,33.05,,,366-126,11140,4
9,,2018,,,2018,아리스타 에스디,신당동,"3,000",중구,5,67,17,18.66,,,160-1,11140,11
10,,2005,,,2018,남산정은스카이,신당동,"19,000",중구,5,0,19,33.05,,,366-126,11140,5
11,,2005,,,2018,남산정은스카이,신당동,"5,000",중구,5,55,28,29.93,,,366-126,11140,2
12,,2015,,,2018,남산더힐A동,신당동,"22,000",중구,5,0,31,34.71,,,420-17,11140,6
13,,2014,,,2018,청계천 두산위브더제니스,흥인동,"64,000",중구,5,0,1,46.74,,,13-1,11140,10
14,,2013,,,2018,(91),흥인동,"1,000",중구,5,60,14,20.2,,,91,11140,6
15,,2014,,,2018,동대문 와이즈 캐슬,흥인동,"14,000",중구,5,0,19,19.92,,,119,11140,4
16,,2004,,,2018,올리브1,황학동,"12,700",중구,5,0,1,25.05,,,808,11140,5
17,,2014,,,2018,DUO302,황학동,"8,000",중구,5,32,1,22.52,,,819,11140,14
18,,2016,,,2018,신당블루카운티,황학동,"3,000",중구,5,80,1,28.58,,,846,11140,11
19,,2014,,,2018,아미인,황학동,"13,000",중구,5,0,2,18.23,,,836,11140,3
20,,2017,,,2018,(2022),황학동,"1,000",중구,5,95,2,41.75,,,2022,11140,4
21,,2014,,,2018,DUO302,황학동,"15,000",중구,5,0,8,22.52,,,819,11140,15
22,,2018,,,2018,청계 블루카운티,황학동,"29,000",중구,5,0,9,52.37,,,1720,11140,7
23,,2018,,,2018,청계 블루카운티,황학동,"19,000",중구,5,0,10,26.19,,,1720,11140,8
24,,2018,,,2018,청계 블루카운티,황학동,"29,000",중구,5,0,10,51.43,,,1720,11140,8
25,,2017,,,2018,더큐브,황학동,"22,000",중구,5,0,10,34.93,,,893,11140,4
26,,2016,,,2018,하늘드리움2차,황학동,"23,500",중구,5,0,11,38.32,,,876,11140,2
27,,2004,,,2018,올리브1,황학동,"11,000",중구,5,0,11,23.73,,,808,11140,13
28,,2014,,,2018,DUO302,황학동,"1,000",중구,5,65,11,22.52,,,819,11140,4
29,,2014,,,2018,DUO302,황학동,"15,000",중구,5,0,11,22.52,,,819,11140,3
30,,2015,,,2018,골드캐슬Ⅰ,황학동,"21,000",중구,5,0,15,40.87,,,1725,11140,3
31,,2017,,,2018,(1079),황학동,"24,500",중구,5,0,16,42.19,,,1079,11140,6
32,,2018,,,2018,동광팰리스,황학동,"23,000",중구,5,0,17,36.41,,,1572,11140,5
33,,2013,,,2018,한양 I-Class,황학동,500,중구,5,55,17,19.05,,,787,11140,4
34,,2018,,,2018,청계 블루카운티,황학동,"29,000",중구,5,0,18,51.43,,,1720,11140,4
35,,2013,,,2018,한양 I-Class,황학동,"3,000",중구,5,45,19,19.05,,,787,11140,3
36,,2013,,,2018,한양 I-Class,황학동,500,중구,5,65,19,19.05,,,787,11140,4
37,,2018,,,2018,청계 블루카운티,황학동,"3,000",중구,5,110,21,51.43,,,1720,11140,11
38,,2014,,,2018,DUO302,황학동,"4,000",중구,5,50,21,22.52,,,819,11140,4
39,,2018,,,2018,동광팰리스,황학동,"23,000",중구,5,0,21,36.6,,,1572,11140,2
40,,2018,,,2018,동광팰리스,황학동,"23,000",중구,5,0,21,36.6,,,1572,11140,2
41,,2013,,,2018,한양 I-Class,황학동,"3,000",중구,5,50,22,19.05,,,787,11140,7
42,,2016,,,2018,하늘드리움2차,황학동,"23,500",중구,5,0,24,38.32,,,876,11140,6
43,,2001,,,2018,골든빌,황학동,"7,000",중구,5,0,24,23.52,,,1752,11140,4
44,,2018,,,2018,동광팰리스,황학동,"23,000",중구,5,0,25,36.6,,,1572,11140,5
45,,2018,,,2018,청계 블루카운티,황학동,"37,000",중구,5,0,26,66.86,,,1720,11140,5
46,,2013,,,2018,한양 I-Class,황학동,"3,000",중구,5,50,28,19.05,,,787,11140,12
47,,2018,,,2018,청계 블루카운티,황학동,"3,000",중구,5,110,28,51.43,,,1720,11140,7
48,,2018,,,2018,동광팰리스,황학동,"23,000",중구,5,0,28,36.6,,,1572,11140,4
49,,2013,,,2018,한양 I-Class,황학동,"12,000",중구,5,0,29,19.05,,,787,11140,8
50,,2014,,,2018,DUO302,황학동,"4,000",중구,5,50,30,23.06,,,819,11140,18
51,,2014,,,2018,DUO302,황학동,"3,000",중구,5,55,30,23.06,,,819,11140,18
52,,2018,,,2018,청계 블루카운티,황학동,"3,000",중구,5,70,31,26.19,,,1720,11140,5
53,,,,,2018,주건축물제1동,황학동,"15,000",중구,5,0,31,21.32,,,19,11140,6
54,,2016,,,2018,덕수궁롯데캐슬,순화동,990,중구,5,100,17,36.15,,,217,11140,5
55,,2006,,,2018,브라운스톤서울,중림동,"43,000",중구,5,30,12,113.2,,,355,11140,9
56,,2006,,,2018,브라운스톤서울,중림동,"5,000",중구,5,50,24,30.99,,,355,11140,6
57,,2005,,,2018,서울역 디오빌,만리동1가,"14,000",중구,5,20,8,27.74,,,62-7,11140,3
58,,2005,,,2018,서울역 디오빌,만리동1가,"35,000",중구,5,0,23,56.17,,,62-7,11140,9
59,,2004,,,2018,KCC 파크타운,만리동2가,"33,000",중구,5,0,26,66.47,,,11-1,11140,10
0,,2016,,,2018,충무로엘크루메트로시티2,충무로5가,"1,000",중구,6,70,21,23.03,,,36-2,11140,11
1,,2016,,,2018,충무로엘크루메트로시티2,충무로5가,"1,000",중구,6,70,23,23.03,,,36-2,11140,12
2,,2016,,,2018,충무로엘크루메트로시티2,충무로5가,"17,300",중구,6,0,25,23.03,,,36-2,11140,17
3,,1999,,,2018,광희동금호트윈 오피스텔,광희동1가,500,중구,6,40,15,19.8,,,89-1,11140,4
4,,2014,,,2018,코발트팰리스,오장동,"11,000",중구,6,10,16,20.36,,,90-24,11140,12
5,,2013,,,2018,엘크루 메트로시티,충무로3가,"22,000",중구,6,0,23,29.78,,,49,11140,8
6,,2018,,,2018,제이매크로 타워,저동2가,"17,000",중구,6,0,4,22.47,,,7-2,11140,13
7,,2018,,,2018,제이매크로 타워,저동2가,"16,500",중구,6,0,5,19.35,,,7-2,11140,13
8,,2018,,,2018,제이매크로 타워,저동2가,"5,000",중구,6,50,6,19.35,,,7-2,11140,4
9,,2018,,,2018,제이매크로 타워,저동2가,"19,000",중구,6,0,7,22.6,,,7-2,11140,9
10,,2018,,,2018,제이매크로 타워,저동2가,"17,000",중구,6,0,8,19.35,,,7-2,11140,10
11,,2018,,,2018,제이매크로 타워,저동2가,"22,000",중구,6,0,16,24.85,,,7-2,11140,10
12,,2018,,,2018,제이매크로 타워,저동2가,"18,000",중구,6,0,20,22.6,,,7-2,11140,7
13,,2018,,,2018,제이매크로 타워,저동2가,"17,000",중구,6,0,21,19.35,,,7-2,11140,13
14,,2018,,,2018,제이매크로 타워,저동2가,"19,000",중구,6,0,26,22.6,,,7-2,11140,7
15,,2018,,,2018,제이매크로 타워,저동2가,"18,500",중구,6,0,27,22.47,,,7-2,11140,12
16,,2018,,,2018,제이매크로 타워,저동2가,"2,000",중구,6,70,28,19.35,,,7-2,11140,6
17,,2018,,,2018,제이매크로 타워,저동2가,"5,000",중구,6,55,28,19.35,,,7-2,11140,12
18,,2018,,,2018,제이매크로 타워,저동2가,"5,000",중구,6,65,29,22.6,,,7-2,11140,10
19,,2014,,,2018,신당아르브,신당동,"14,700",중구,6,0,6,21.31,,,160-5,11140,8
20,,2018,,,2018,대현프리몰,신당동,"1,000",중구,6,78,14,25.58,,,421-1,11140,7
21,,2018,,,2018,대현프리몰,신당동,"1,000",중구,6,78,19,25.58,,,421-1,11140,8
22,,2004,,,2018,JK오피스텔,신당동,"6,000",중구,6,20,20,22.75,,,353-22,11140,4
23,,2018,,,2018,아리스타 에스디,신당동,"3,500",중구,6,62,21,18.7,,,160-1,11140,6
24,,2018,,,2018,대현프리몰,신당동,"1,000",중구,6,78,22,25.58,,,421-1,11140,5
25,,2018,,,2018,대현프리몰,신당동,"1,000",중구,6,64,23,18.18,,,421-1,11140,5
26,,2018,,,2018,대현프리몰,신당동,"1,000",중구,6,64,24,18.18,,,421-1,11140,8
27,,2018,,,2018,대현프리몰,신당동,"1,000",중구,6,82,25,26.37,,,421-1,11140,8
28,,2014,,,2018,신당아르브,신당동,"1,000",중구,6,65,26,21.31,,,160-5,11140,14
29,,2018,,,2018,대현프리몰,신당동,"1,000",중구,6,75,28,25.58,,,421-1,11140,3
30,,2016,,,2018,신당역솔하임,신당동,"1,000",중구,6,70,30,18.8,,,140-23,11140,2
31,,2018,,,2018,대현프리몰,신당동,"1,000",중구,6,67,30,21.37,,,421-1,11140,5
32,,2018,,,2018,위더스하임,흥인동,"18,000",중구,6,0,4,24.48,,,142-1,11140,4
33,,2018,,,2018,위더스하임,흥인동,"18,000",중구,6,0,11,24.48,,,142-1,11140,3
34,,2018,,,2018,위더스하임,흥인동,"3,000",중구,6,90,14,24.48,,,142-1,11140,4
35,,2014,,,2018,청계천 두산위브더제니스,흥인동,"30,000",중구,6,0,18,46.74,,,13-1,11140,7
36,,2014,,,2018,청계천 두산위브더제니스,흥인동,"10,000",중구,6,350,19,46.74,,,13-1,11140,4
37,,2014,,,2018,청계천 두산위브더제니스,흥인동,"15,000",중구,6,260,20,46.74,,,13-1,11140,18
38,,2013,,,2018,(91),흥인동,"15,500",중구,6,0,20,25.01,,,91,11140,11
39,,2014,,,2018,동대문 와이즈 캐슬,흥인동,"5,000",중구,6,45,25,19.92,,,119,11140,4
40,,2018,,,2018,위더스하임,흥인동,"18,000",중구,6,0,30,24.48,,,142-1,11140,5
41,,2018,,,2018,위더스하임,흥인동,"18,300",중구,6,0,30,24.48,,,142-1,11140,5
42,,2018,,,2018,동광팰리스,황학동,"23,000",중구,6,0,1,35.94,,,1572,11140,3
43,,2015,,,2018,골드캐슬Ⅰ,황학동,"20,900",중구,6,0,2,40.04,,,1725,11140,2
44,,2018,,,2018,청계 블루카운티,황학동,"37,000",중구,6,0,4,66.86,,,1720,11140,3
45,,2018,,,2018,동광팰리스,황학동,"22,950",중구,6,0,6,36.41,,,1572,11140,4
46,,2018,,,2018,동광팰리스,황학동,"23,000",중구,6,0,6,36.41,,,1572,11140,4
47,,2017,,,2018,골드캐슬Ⅲ,황학동,"2,000",중구,6,100,6,43.17,,,1743,11140,4
48,,2014,,,2018,DUO302,황학동,"1,000",중구,6,65,7,22.52,,,819,11140,12
49,,2015,,,2018,골드캐슬Ⅰ,황학동,"20,000",중구,6,0,8,40.87,,,1725,11140,6
50,,2014,,,2018,DUO302,황학동,"1,000",중구,6,65,9,22.52,,,819,11140,15
51,,2018,,,2018,청계 블루카운티,황학동,"29,000",중구,6,0,9,51.43,,,1720,11140,6
52,,2014,,,2018,아미인,황학동,"12,000",중구,6,0,11,18.62,,,836,11140,3
53,,2013,,,2018,한양 I-Class,황학동,"2,000",중구,6,50,11,19.05,,,787,11140,8
54,,2014,,,2018,블루카운티Ⅱ,황학동,"24,000",중구,6,0,14,48.42,,,1628,11140,9
55,,2013,,,2018,한양 I-Class,황학동,"10,500",중구,6,0,15,19.05,,,787,11140,4
56,,2013,,,2018,한양 I-Class,황학동,"10,500",중구,6,0,15,19.05,,,787,11140,3
57,,2013,,,2018,한양 I-Class,황학동,"1,000",중구,6,57,15,19.05,,,787,11140,3
58,,2014,,,2018,다올노블리움A동,황학동,"2,000",중구,6,85,16,44.8,,,1744,11140,5
59,,2014,,,2018,블루카운티Ⅱ,황학동,"12,500",중구,6,0,16,22.81,,,1628,11140,5
60,,2017,,,2018,골드캐슬Ⅲ,황학동,"23,000",중구,6,0,18,40.32,,,1743,11140,2
61,,2014,,,2018,DUO302,황학동,"2,000",중구,6,60,18,22.52,,,819,11140,5
62,,2013,,,2018,한양 I-Class,황학동,"12,000",중구,6,0,18,19.05,,,787,11140,4
63,,2013,,,2018,한양 I-Class,황학동,"12,000",중구,6,0,18,19.05,,,787,11140,9
64,,2014,,,2018,아미인,황학동,"11,000",중구,6,0,20,18.62,,,836,11140,3
65,,2018,,,2018,동광팰리스,황학동,"23,000",중구,6,0,21,35.94,,,1572,11140,3
66,,2018,,,2018,청계 블루카운티,황학동,"18,000",중구,6,0,23,25.04,,,1720,11140,3
67,,2014,,,2018,DUO302,황학동,"2,000",중구,6,60,23,23.06,,,819,11140,6
68,,2003,,,2018,중앙시티빌,황학동,"3,000",중구,6,50,25,31.04,,,805,11140,7
69,,2004,,,2018,올리브1,황학동,"13,000",중구,6,0,26,23.73,,,808,11140,8
70,,,,,2018,밸류 에스엘,황학동,"3,000",중구,6,95,27,43.56,,,1496,11140,4
71,,2014,,,2018,DUO302,황학동,"15,000",중구,6,0,27,22.52,,,819,11140,4
72,,2013,,,2018,한양 I-Class,황학동,"1,000",중구,6,55,27,19.05,,,787,11140,9
73,,2004,,,2018,올리브1,황학동,"2,000",중구,6,50,28,25.05,,,808,11140,7
74,,2013,,,2018,블루카운티,황학동,"3,000",중구,6,80,30,42.84,,,1519,11140,6
75,,2016,,,2018,덕수궁롯데캐슬,순화동,"31,500",중구,6,0,1,41.14,,,217,11140,3
76,,2016,,,2018,덕수궁롯데캐슬,순화동,"1,000",중구,6,85,2,36.15,,,217,11140,2
77,,2016,,,2018,덕수궁롯데캐슬,순화동,"1,000",중구,6,82,2,36.15,,,217,11140,2
78,,2016,,,2018,덕수궁롯데캐슬,순화동,"1,000",중구,6,115,9,41.14,,,217,11140,5
79,,2016,,,2018,덕수궁롯데캐슬,순화동,"31,500",중구,6,0,18,41.14,,,217,11140,10
80,,2006,,,2018,브라운스톤서울,중림동,"20,000",중구,6,65,9,62.82,,,355,11140,28
81,,2006,,,2018,브라운스톤서울,중림동,"38,000",중구,6,0,27,68.04,,,355,11140,12
82,,2005,,,2018,서울역 디오빌,만리동1가,"19,000",중구,6,0,27,27.7,,,62-7,11140,2
83,,2005,,,2018,서울역 디오빌,만리동1가,"19,000",중구,6,0,27,27.7,,,62-7,11140,2
0,,2016,,,2018,충무로엘크루메트로시티2,충무로5가,"3,000",중구,7,60,11,23.03,,,36-2,11140,12
1,,2016,,,2018,충무로엘크루메트로시티2,충무로5가,"17,300",중구,7,0,19,23.03,,,36-2,11140,18
2,,2016,,,2018,충무로엘크루메트로시티2,충무로5가,"1,000",중구,7,70,24,23.03,,,36-2,11140,11
3,,2016,,,2018,충무로엘크루메트로시티2,충무로5가,"5,000",중구,7,50,26,23.03,,,36-2,11140,15
4,,2016,,,2018,충무로엘크루메트로시티2,충무로5가,"1,000",중구,7,70,27,23.03,,,36-2,11140,14
5,,2016,,,2018,충무로엘크루메트로시티2,충무로5가,"1,000",중구,7,70,30,23.03,,,36-2,11140,12
6,,2014,,,2018,코발트팰리스,오장동,"13,000",중구,7,0,26,20.07,,,90-24,11140,12
7,,2018,,,2018,제이매크로 타워,저동2가,"2,000",중구,7,80,3,24.85,,,7-2,11140,5
8,,2018,,,2018,제이매크로 타워,저동2가,"16,000",중구,7,0,7,19.35,,,7-2,11140,5
9,,2018,,,2018,제이매크로 타워,저동2가,"19,000",중구,7,0,10,22.6,,,7-2,11140,6
10,,2018,,,2018,제이매크로 타워,저동2가,"17,000",중구,7,0,12,19.35,,,7-2,11140,13
11,,2018,,,2018,제이매크로 타워,저동2가,"17,000",중구,7,0,12,19.35,,,7-2,11140,3
12,,2018,,,2018,제이매크로 타워,저동2가,"17,000",중구,7,0,13,19.35,,,7-2,11140,12
13,,2018,,,2018,제이매크로 타워,저동2가,"1,000",중구,7,80,17,22.6,,,7-2,11140,10
14,,2018,,,2018,제이매크로 타워,저동2가,"5,000",중구,7,65,17,22.6,,,7-2,11140,7
15,,2018,,,2018,제이매크로 타워,저동2가,"17,000",중구,7,0,18,19.35,,,7-2,11140,10
16,,2018,,,2018,제이매크로 타워,저동2가,"5,000",중구,7,60,20,22.6,,,7-2,11140,10
17,,2018,,,2018,제이매크로 타워,저동2가,"11,000",중구,7,40,21,24.85,,,7-2,11140,5
18,,2018,,,2018,제이매크로 타워,저동2가,"1,000",중구,7,73,21,19.35,,,7-2,11140,8
19,,2018,,,2018,제이매크로 타워,저동2가,"7,000",중구,7,45,27,19.35,,,7-2,11140,5
20,,2018,,,2018,제이매크로 타워,저동2가,"10,000",중구,7,38,29,22.47,,,7-2,11140,8
21,,2018,,,2018,제이매크로 타워,저동2가,"1,000",중구,7,80,30,19.35,,,7-2,11140,14
22,,2018,,,2018,대현프리몰,신당동,"1,000",중구,7,62,9,18.18,,,421-1,11140,4
23,,2018,,,2018,대현프리몰,신당동,"1,000",중구,7,64,12,18.18,,,421-1,11140,6
24,,2014,,,2018,신당아르브,신당동,"2,000",중구,7,60,13,21.31,,,160-5,11140,8
25,,2018,,,2018,대현프리몰,신당동,"1,000",중구,7,65,13,21.37,,,421-1,11140,3
26,,2004,,,2018,JK오피스텔,신당동,"9,000",중구,7,0,16,25.91,,,353-22,11140,3
27,,2006,,,2018,(340-73),신당동,"16,000",중구,7,0,17,41.7,,,340-73,11140,8
28,,2018,,,2018,대현프리몰,신당동,"1,000",중구,7,76,23,26.37,,,421-1,11140,5
29,,2014,,,2018,신당아르브,신당동,"15,200",중구,7,0,27,21.31,,,160-5,11140,13
30,,2016,,,2018,신당역솔하임,신당동,"17,600",중구,7,0,27,18.6,,,140-23,11140,8
31,,2014,,,2018,청계천 두산위브더제니스,흥인동,"2,000",중구,7,100,11,34.61,,,13-1,11140,13
32,,2013,,,2018,(91),흥인동,"13,000",중구,7,0,17,21.88,,,91,11140,5
33,,2014,,,2018,청계천 두산위브더제니스,흥인동,"23,000",중구,7,0,25,40.89,,,13-1,11140,8
34,,2004,,,2018,올리브1,황학동,"1,000",중구,7,70,1,25.05,,,808,11140,3
35,,2014,,,2018,DUO302,황학동,"1,000",중구,7,65,2,22.52,,,819,11140,15
36,,2018,,,2018,청계 블루카운티,황학동,"29,000",중구,7,0,2,51.43,,,1720,11140,5
37,,2018,,,2018,청계 블루카운티,황학동,"5,000",중구,7,100,2,66.86,,,1720,11140,2
38,,2013,,,2018,한양 I-Class,황학동,"12,000",중구,7,0,3,19.05,,,787,11140,4
39,,2014,,,2018,아미인,황학동,"4,000",중구,7,40,3,18.41,,,836,11140,3
40,,2013,,,2018,한양 I-Class,황학동,"17,500",중구,7,0,3,29.64,,,787,11140,8
41,,2013,,,2018,한양 I-Class,황학동,"2,000",중구,7,50,4,19.05,,,787,11140,7
42,,2014,,,2018,DUO302,황학동,"1,000",중구,7,65,4,23.06,,,819,11140,8
43,,2018,,,2018,청계 블루카운티,황학동,"37,000",중구,7,0,4,66.86,,,1720,11140,8
44,,2018,,,2018,청계 블루카운티,황학동,"3,000",중구,7,70,4,26.19,,,1720,11140,3
45,,2014,,,2018,아미인,황학동,"9,000",중구,7,15,5,18.41,,,836,11140,2
46,,2004,,,2018,올리브1,황학동,"2,000",중구,7,50,6,23.73,,,808,11140,11
47,,2018,,,2018,벨로하우스황학,황학동,"16,500",중구,7,0,6,26.47,,,1565,11140,4
48,,2018,,,2018,청계 블루카운티,황학동,"19,000",중구,7,0,7,26.19,,,1720,11140,7
49,,2013,,,2018,한양 I-Class,황학동,"1,000",중구,7,57,9,19.05,,,787,11140,8
50,,2015,,,2018,골드캐슬Ⅰ,황학동,"20,000",중구,7,0,10,40.61,,,1725,11140,6
51,,2014,,,2018,DUO302,황학동,"1,000",중구,7,65,10,22.52,,,819,11140,4
52,,2017,,,2018,주건축물제1동,황학동,"3,000",중구,7,100,10,41.58,,,1452,11140,2
53,,2018,,,2018,벨로하우스황학,황학동,"16,500",중구,7,0,12,26.47,,,1565,11140,3
54,,2018,,,2018,청계 블루카운티,황학동,"18,000",중구,7,0,12,26.19,,,1720,11140,2
55,,2013,,,2018,한양 I-Class,황학동,"12,500",중구,7,0,13,19.05,,,787,11140,9
56,,2010,,,2018,황학동 코아루,황학동,"23,000",중구,7,0,14,41.68,,,882,11140,5
57,,2018,,,2018,골드캐슬Ⅳ,황학동,"24,000",중구,7,0,16,44.29,,,1733,11140,6
58,,2018,,,2018,청계 블루카운티,황학동,"4,000",중구,7,60,16,25.04,,,1720,11140,2
59,,2014,,,2018,다올 노블리움 B동,황학동,"3,000",중구,7,95,17,48.31,,,1744-1,11140,6
60,,2018,,,2018,벨로하우스황학,황학동,"21,000",중구,7,0,17,33.98,,,1565,11140,5
61,,2018,,,2018,벨로하우스황학,황학동,"16,500",중구,7,0,17,26.47,,,1565,11140,2
62,,2004,,,2018,올리브1,황학동,"2,000",중구,7,50,17,25.05,,,808,11140,9
63,,2017,,,2018,골드캐슬Ⅲ,황학동,"4,000",중구,7,90,18,40.31,,,1743,11140,3
64,,2018,,,2018,청계 블루카운티,황학동,"19,000",중구,7,0,18,25.04,,,1720,11140,8
65,,2017,,,2018,(1079),황학동,"28,000",중구,7,0,19,49.99,,,1079,11140,6
66,,2014,,,2018,DUO302,황학동,"1,000",중구,7,65,19,22.52,,,819,11140,18
67,,2013,,,2018,한양 I-Class,황학동,"12,000",중구,7,0,19,19.05,,,787,11140,4
68,,2018,,,2018,벨로하우스황학,황학동,"22,500",중구,7,0,20,34.9,,,1565,11140,6
69,,2014,,,2018,DUO302,황학동,"9,000",중구,7,30,20,22.52,,,819,11140,3
70,,2014,,,2018,다올 노블리움 B동,황학동,"2,000",중구,7,98,21,56.15,,,1744-1,11140,4
71,,2018,,,2018,청계 블루카운티,황학동,"30,000",중구,7,0,21,52.37,,,1720,11140,11
72,,2016,,,2018,하늘드리움2차,황학동,"1,000",중구,7,95,21,38.31,,,876,11140,6
73,,2014,,,2018,아미인,황학동,"1,000",중구,7,50,23,18.23,,,836,11140,6
74,,2017,,,2018,골드캐슬Ⅲ,황학동,"2,000",중구,7,100,23,40.47,,,1743,11140,4
75,,2018,,,2018,동광팰리스,황학동,"23,000",중구,7,0,24,35.94,,,1572,11140,5
76,,2018,,,2018,벨로하우스황학,황학동,"22,000",중구,7,0,24,34.9,,,1565,11140,4
77,,2003,,,2018,중앙시티빌,황학동,"5,000",중구,7,34,25,25.5,,,805,11140,8
78,,2018,,,2018,벨로하우스황학,황학동,"22,500",중구,7,0,26,34.9,,,1565,11140,3
79,,2003,,,2018,중앙시티빌,황학동,"13,000",중구,7,0,26,31.04,,,805,11140,4
80,,2018,,,2018,벨로하우스황학,황학동,"20,500",중구,7,0,28,34.12,,,1565,11140,2
81,,2018,,,2018,벨로하우스황학,황학동,"21,000",중구,7,0,30,34.12,,,1565,11140,6
82,,2013,,,2018,한양 I-Class,황학동,"1,000",중구,7,55,31,19.05,,,787,11140,3
83,,2016,,,2018,덕수궁롯데캐슬,순화동,"27,500",중구,7,0,14,36.15,,,217,11140,11
84,,2005,,,2018,바비엥-2,의주로1가,"38,000",중구,7,0,23,78.15,,,25-10,11140,10
85,,2005,,,2018,서울역 디오빌,만리동1가,"35,000",중구,7,0,28,56.17,,,62-7,11140,7
86,,2004,,,2018,KCC 파크타운,만리동2가,"36,000",중구,7,0,1,66.47,,,11-1,11140,10
87,,2004,,,2018,KCC 파크타운,만리동2가,"35,000",중구,7,0,10,66.47,,,11-1,11140,7
88,,2004,,,2018,KCC 파크타운,만리동2가,"38,000",중구,7,0,21,66.47,,,11-1,11140,8
89,,2004,,,2018,KCC 파크타운,만리동2가,"18,000",중구,7,0,22,32.02,,,11-1,11140,5
0,,2016,,,2018,충무로엘크루메트로시티2,충무로5가,"1,000",중구,8,65,7,23.03,,,36-2,11140,4
1,,2016,,,2018,충무로엘크루메트로시티2,충무로5가,"3,000",중구,8,100,14,37.07,,,36-2,11140,13
2,,2016,,,2018,충무로엘크루메트로시티2,충무로5가,"1,000",중구,8,68,31,23.03,,,36-2,11140,5
3,,1999,,,2018,광희동금호트윈 오피스텔,광희동1가,500,중구,8,55,30,29.88,,,89-1,11140,13
4,,,,,2018,동원스위트광희,광희동2가,"26,000",중구,8,0,21,35.55,,,47-2,11140,6
5,,2004,,,2018,타임캐슬 오피스텔,을지로6가,"1,000",중구,8,0,14,19.94,,,23,11140,7
6,,2005,,,2018,대성을지로오피스텔,을지로5가,"11,000",중구,8,0,9,25.49,,,77-2,11140,12
7,,2013,,,2018,엘크루 메트로시티,충무로3가,"25,000",중구,8,0,9,36.46,,,49,11140,13
8,,2013,,,2018,엘크루 메트로시티,충무로3가,"20,000",중구,8,0,13,26.27,,,49,11140,7
9,,2013,,,2018,엘크루 메트로시티,충무로3가,"18,000",중구,8,0,28,28.1,,,49,11140,14
10,,2018,,,2018,제이매크로 타워,저동2가,"7,000",중구,8,65,3,24.85,,,7-2,11140,12
11,,2018,,,2018,제이매크로 타워,저동2가,"12,000",중구,8,30,7,24.85,,,7-2,11140,4
12,,2018,,,2018,제이매크로 타워,저동2가,"17,000",중구,8,0,8,19.35,,,7-2,11140,8
13,,2018,,,2018,제이매크로 타워,저동2가,"17,000",중구,8,0,10,19.35,,,7-2,11140,11
14,,2018,,,2018,제이매크로 타워,저동2가,"14,000",중구,8,20,12,22.6,,,7-2,11140,6
15,,2018,,,2018,제이매크로 타워,저동2가,"17,000",중구,8,0,13,19.35,,,7-2,11140,9
16,,2018,,,2018,제이매크로 타워,저동2가,"18,000",중구,8,0,16,22.6,,,7-2,11140,4
17,,2018,,,2018,제이매크로 타워,저동2가,"17,500",중구,8,0,17,19.35,,,7-2,11140,7
18,,2018,,,2018,제이매크로 타워,저동2가,"21,000",중구,8,0,17,24.85,,,7-2,11140,8
19,,2018,,,2018,제이매크로 타워,저동2가,"19,000",중구,8,0,17,22.6,,,7-2,11140,12
20,,2018,,,2018,제이매크로 타워,저동2가,"17,000",중구,8,0,20,19.35,,,7-2,11140,14
21,,2018,,,2018,제이매크로 타워,저동2가,"18,500",중구,8,0,25,22.47,,,7-2,11140,9
22,,2018,,,2018,제이매크로 타워,저동2가,"1,000",중구,8,75,26,19.35,,,7-2,11140,12
23,,2018,,,2018,제이매크로 타워,저동2가,"21,000",중구,8,0,27,24.85,,,7-2,11140,12
24,,2018,,,2018,제이매크로 타워,저동2가,"22,000",중구,8,0,27,24.85,,,7-2,11140,11
25,,2018,,,2018,아리스타 에스디,신당동,"5,000",중구,8,55,1,18.7,,,160-1,11140,6
26,,2006,,,2018,(340-73),신당동,"16,000",중구,8,0,3,36.92,,,340-73,11140,8
27,,2018,,,2018,아리스타 에스디,신당동,"3,000",중구,8,64,4,18.66,,,160-1,11140,6
28,,2014,,,2018,신당아르브,신당동,"16,000",중구,8,0,6,21.31,,,160-5,11140,13
29,,2006,,,2018,(340-73),신당동,"16,000",중구,8,0,7,35.6,,,340-73,11140,8
30,,2018,,,2018,아리스타 에스디,신당동,"3,000",중구,8,64,7,18.66,,,160-1,11140,8
31,,2004,,,2018,JK오피스텔,신당동,"4,000",중구,8,40,10,22.75,,,353-22,11140,5
32,,2014,,,2018,신당아르브,신당동,"4,000",중구,8,50,13,21.31,,,160-5,11140,17
33,,2016,,,2018,신당역솔하임,신당동,"14,175",중구,8,0,15,18.8,,,140-23,11140,10
34,,2015,,,2018,남산더힐A동,신당동,"22,500",중구,8,0,23,36.7,,,420-17,11140,7
35,,2018,,,2018,아리스타 에스디,신당동,"3,000",중구,8,66,25,18.7,,,160-1,11140,10
36,,2004,,,2018,JK오피스텔,신당동,"8,500",중구,8,0,28,22.75,,,353-22,11140,2
37,,2016,,,2018,신당역솔하임,신당동,"1,000",중구,8,73,31,18.8,,,140-23,11140,6
38,,2014,,,2018,청계천 두산위브더제니스,흥인동,"90,000",중구,8,0,1,46.74,,,13-1,11140,19
39,,2018,,,2018,위더스하임,흥인동,"25,000",중구,8,0,2,29.76,,,142-1,11140,7
40,,2018,,,2018,위더스하임,흥인동,"19,500",중구,8,0,13,24.48,,,142-1,11140,7
41,,2014,,,2018,청계천 두산위브더제니스,흥인동,"28,000",중구,8,0,16,39.33,,,13-1,11140,27
42,,2014,,,2018,청계천 두산위브더제니스,흥인동,"27,000",중구,8,0,18,46.74,,,13-1,11140,15
43,,2014,,,2018,동대문 와이즈 캐슬,흥인동,"14,000",중구,8,0,22,19.92,,,119,11140,7
44,,2014,,,2018,동대문 와이즈 캐슬,흥인동,"14,000",중구,8,0,23,19.92,,,119,11140,2
45,,2016,,,2018,리마크빌 동대문,흥인동,"1,000",중구,8,78,27,24.65,,,86,11140,19
46,,2018,,,2018,위더스하임,흥인동,"19,500",중구,8,0,28,24.48,,,142-1,11140,6
47,,2013,,,2018,(91),흥인동,500,중구,8,65,31,22.18,,,91,11140,15
48,,2018,,,2018,벨로하우스황학,황학동,"18,500",중구,8,0,1,26.47,,,1565,11140,6
49,,2013,,,2018,한양 I-Class,황학동,"1,000",중구,8,60,2,19.05,,,787,11140,6
50,,2018,,,2018,청계 블루카운티,황학동,"20,000",중구,8,0,4,26.19,,,1720,11140,9
51,,2017,,,2018,주건축물제1동,황학동,"27,000",중구,8,0,7,41.58,,,1452,11140,11
52,,2014,,,2018,DUO302,황학동,"3,000",중구,8,58,8,22.52,,,819,11140,13
53,,2018,,,2018,청계 블루카운티,황학동,"19,000",중구,8,0,9,25.04,,,1720,11140,4
54,,2014,,,2018,다올노블리움A동,황학동,"28,000",중구,8,0,9,44.8,,,1744,11140,3
55,,2014,,,2018,아미인,황학동,"1,000",중구,8,50,10,18.41,,,836,11140,5
56,,,,,2018,주건축물제1동,황학동,"14,500",중구,8,0,11,20.78,,,19,11140,4
57,,,,,2018,주건축물제1동,황학동,"14,500",중구,8,0,13,21.32,,,19,11140,9
58,,2018,,,2018,벨로하우스황학,황학동,"10,000",중구,8,50,14,34.12,,,1565,11140,4
59,,2016,,,2018,하늘드리움2차,황학동,"23,500",중구,8,0,15,38.32,,,876,11140,6
60,,2018,,,2018,청계 블루카운티,황학동,"19,000",중구,8,0,17,26.19,,,1720,11140,4
61,,2018,,,2018,청계 블루카운티,황학동,"3,000",중구,8,110,20,51.43,,,1720,11140,11
62,,2004,,,2018,신당역올리브2,황학동,"1,000",중구,8,70,21,23.82,,,2484,11140,15
63,,,,,2018,주건축물제1동,황학동,"15,700",중구,8,0,27,21.32,,,19,11140,10
64,,2013,,,2018,한양 I-Class,황학동,"12,000",중구,8,0,27,19.05,,,787,11140,5
65,,2014,,,2018,아미인,황학동,"12,000",중구,8,0,27,18.62,,,836,11140,2
66,,2014,,,2018,다올 노블리움 B동,황학동,"3,000",중구,8,40,27,22.44,,,1744-1,11140,2
67,,2014,,,2018,다올노블리움A동,황학동,"23,000",중구,8,0,28,44.8,,,1744,11140,5
68,,2014,,,2018,DUO302,황학동,"5,000",중구,8,45,30,22.52,,,819,11140,11
69,,2015,,,2018,하늘드리움,황학동,"27,000",중구,8,0,30,51.99,,,656,11140,6
70,,2016,,,2018,덕수궁롯데캐슬,순화동,"2,000",중구,8,110,4,41.14,,,217,11140,10
71,,2016,,,2018,덕수궁롯데캐슬,순화동,"26,000",중구,8,0,17,32.35,,,217,11140,9
72,,2016,,,2018,덕수궁롯데캐슬,순화동,"2,000",중구,8,95,29,36.15,,,217,11140,12
73,,2005,,,2018,바비엥-2,의주로1가,"22,000",중구,8,0,1,29.48,,,25-10,11140,14
74,,2006,,,2018,브라운스톤서울,중림동,"7,000",중구,8,50,31,30.99,,,355,11140,4
75,,2004,,,2018,KCC 파크타운,만리동2가,"36,000",중구,8,0,3,66.47,,,11-1,11140,4
76,,2004,,,2018,KCC 파크타운,만리동2가,"32,000",중구,8,0,16,66.47,,,11-1,11140,5
77,,2004,,,2018,KCC 파크타운,만리동2가,"2,000",중구,8,140,27,66.47,,,11-1,11140,15
0,,2016,,,2018,충무로엘크루메트로시티2,충무로5가,"17,300",중구,9,0,20,23.03,,,36-2,11140,18
1,,,,,2018,동원스위트광희,광희동2가,"23,000",중구,9,0,12,35.28,,,47-2,11140,7
2,,2018,,,2018,제이매크로 타워,저동2가,"17,000",중구,9,10,1,22.47,,,7-2,11140,7
3,,2018,,,2018,제이매크로 타워,저동2가,"5,000",중구,9,50,4,19.35,,,7-2,11140,5
4,,2018,,,2018,제이매크로 타워,저동2가,"19,000",중구,9,0,4,22.6,,,7-2,11140,13
5,,2018,,,2018,제이매크로 타워,저동2가,"10,000",중구,9,35,4,19.35,,,7-2,11140,14
6,,2018,,,2018,제이매크로 타워,저동2가,"11,000",중구,9,30,9,19.35,,,7-2,11140,7
7,,2018,,,2018,제이매크로 타워,저동2가,"17,000",중구,9,0,11,19.35,,,7-2,11140,7
8,,2018,,,2018,제이매크로 타워,저동2가,"19,000",중구,9,0,12,22.6,,,7-2,11140,8
9,,2018,,,2018,제이매크로 타워,저동2가,"17,500",중구,9,0,12,19.35,,,7-2,11140,14
10,,2018,,,2018,제이매크로 타워,저동2가,"19,000",중구,9,0,12,22.47,,,7-2,11140,11
11,,2018,,,2018,제이매크로 타워,저동2가,"20,000",중구,9,0,13,22.6,,,7-2,11140,10
12,,2018,,,2018,제이매크로 타워,저동2가,300,중구,9,80,15,22.6,,,7-2,11140,8
13,,2018,,,2018,제이매크로 타워,저동2가,"22,000",중구,9,0,16,24.85,,,7-2,11140,9
14,,2018,,,2018,제이매크로 타워,저동2가,"10,000",중구,9,35,16,19.35,,,7-2,11140,6
15,,2018,,,2018,제이매크로 타워,저동2가,"5,000",중구,9,60,18,22.6,,,7-2,11140,8
16,,2018,,,2018,제이매크로 타워,저동2가,"3,000",중구,9,65,27,19.35,,,7-2,11140,10
17,,2018,,,2018,제이매크로 타워,저동2가,"5,000",중구,9,62,27,22.6,,,7-2,11140,7
18,,2018,,,2018,제이매크로 타워,저동2가,"5,000",중구,9,50,30,19.35,,,7-2,11140,4
19,,2018,,,2018,제이매크로 타워,저동2가,"1,000",중구,9,75,30,19.35,,,7-2,11140,8
20,,2014,,,2018,신당아르브,신당동,"5,000",중구,9,50,4,21.31,,,160-5,11140,13
21,,2014,,,2018,신당아르브,신당동,"15,200",중구,9,0,8,21.31,,,160-5,11140,14
22,,2014,,,2018,신당아르브,신당동,"14,700",중구,9,0,15,21.31,,,160-5,11140,8
23,,2014,,,2018,신당아르브,신당동,"15,000",중구,9,0,18,21.31,,,160-5,11140,9
24,,2018,,,2018,아리스타 에스디,신당동,"1,000",중구,9,79,27,18.7,,,160-1,11140,13
25,,2014,,,2018,신당아르브,신당동,"4,000",중구,9,45,29,21.31,,,160-5,11140,16
26,,2018,,,2018,위더스하임,흥인동,"13,000",중구,9,0,13,29.76,,,142-1,11140,4
27,,2018,,,2018,위더스하임,흥인동,"25,000",중구,9,0,19,29.76,,,142-1,11140,7
28,,2014,,,2018,청계천 두산위브더제니스,흥인동,"30,500",중구,9,0,19,46.74,,,13-1,11140,5
29,,2018,,,2018,위더스하임,흥인동,"24,000",중구,9,0,27,29.76,,,142-1,11140,3
30,,2013,,,2018,한양 I-Class,황학동,"10,500",중구,9,0,1,19.05,,,787,11140,3
31,,2018,,,2018,벨로하우스황학,황학동,"22,000",중구,9,0,1,33.98,,,1565,11140,6
32,,2004,,,2018,신당역올리브2,황학동,"21,000",중구,9,0,4,50.29,,,2484,11140,10
33,,2013,,,2018,한양 I-Class,황학동,"12,000",중구,9,0,5,19.05,,,787,11140,9
34,,2013,,,2018,한양 I-Class,황학동,"12,000",중구,9,0,5,19.05,,,787,11140,6
35,,2003,,,2018,중앙시티빌,황학동,"2,000",중구,9,60,5,31.04,,,805,11140,9
36,,2014,,,2018,다올 노블리움 B동,황학동,"28,000",중구,9,0,7,56.15,,,1744-1,11140,6
37,,2004,,,2018,신당역올리브2,황학동,"2,000",중구,9,50,8,23.82,,,2484,11140,6
38,,2014,,,2018,DUO302,황학동,"1,000",중구,9,65,8,22.52,,,819,11140,14
39,,2014,,,2018,DUO302,황학동,"1,000",중구,9,65,8,22.52,,,819,11140,11
40,,2018,,,2018,벨로하우스황학,황학동,"19,000",중구,9,0,10,26.47,,,1565,11140,5
41,,2018,,,2018,벨로하우스황학,황학동,"21,500",중구,9,0,11,34.9,,,1565,11140,2
42,,2015,,,2018,(1546),황학동,"1,500",중구,9,92,12,39.57,,,1546,11140,6
43,,2016,,,2018,신당블루카운티,황학동,"29,000",중구,9,0,12,44.66,,,846,11140,10
44,,2018,,,2018,벨로하우스황학,황학동,"21,000",중구,9,0,14,33.98,,,1565,11140,2
45,,2004,,,2018,올리브1,황학동,"2,000",중구,9,50,15,25.05,,,808,11140,7
46,,2018,,,2018,벨로하우스황학,황학동,"22,500",중구,9,0,15,34.9,,,1565,11140,3
47,,2004,,,2018,올리브1,황학동,"2,000",중구,9,50,15,25.05,,,808,11140,10
48,,2014,,,2018,DUO302,황학동,"1,000",중구,9,65,19,22.52,,,819,11140,7
49,,2014,,,2018,다올 노블리움 B동,황학동,"26,000",중구,9,0,22,56.15,,,1744-1,11140,2
50,,2013,,,2018,한양 I-Class,황학동,500,중구,9,62,29,19.05,,,787,11140,12
51,,2016,,,2018,덕수궁롯데캐슬,순화동,"25,000",중구,9,0,7,32.35,,,217,11140,4
52,,2016,,,2018,덕수궁롯데캐슬,순화동,"1,800",중구,9,100,29,36.15,,,217,11140,12
53,,2005,,,2018,바비엥-2,의주로1가,"23,000",중구,9,0,22,40.22,,,25-10,11140,4
54,,2006,,,2018,브라운스톤서울,중림동,"37,000",중구,9,0,28,68.04,,,355,11140,16
55,,2005,,,2018,서울역 디오빌,만리동1가,"33,000",중구,9,0,4,56.17,,,62-7,11140,2
56,,2004,,,2018,KCC 파크타운,만리동2가,"20,000",중구,9,50,12,66.47,,,11-1,11140,6
57,,2004,,,2018,KCC 파크타운,만리동2가,"38,000",중구,9,0,14,66.47,,,11-1,11140,10
58,,2004,,,2018,KCC 파크타운,만리동2가,"38,000",중구,9,0,19,66.47,,,11-1,11140,15
59,,2004,,,2018,KCC 파크타운,만리동2가,"38,000",중구,9,0,19,66.47,,,11-1,11140,15
0,,2016,,,2018,충무로엘크루메트로시티2,충무로5가,500,중구,10,70,8,23.03,,,36-2,11140,3
1,,2016,,,2018,충무로엘크루메트로시티2,충무로5가,"17,300",중구,10,0,12,23.03,,,36-2,11140,17
2,,2016,,,2018,충무로엘크루메트로시티2,충무로5가,"17,500",중구,10,0,18,23.03,,,36-2,11140,17
3,,2005,,,2018,성진오피스텔,광희동2가,"7,000",중구,10,10,14,22.8,,,194-1,11140,6
4,,,,,2018,동원스위트광희,광희동2가,"26,500",중구,10,0,26,35.28,,,47-2,11140,8
5,,2003,,,2018,정건벨라지오오피스텔,을지로5가,500,중구,10,55,17,21.94,,,20-1,11140,10
6,,2003,,,2018,정건벨라지오오피스텔,을지로5가,500,중구,10,55,23,21.94,,,20-1,11140,12
7,,2018,,,2018,제이매크로 타워,저동2가,"5,000",중구,10,60,1,22.6,,,7-2,11140,5
8,,2018,,,2018,제이매크로 타워,저동2가,"6,000",중구,10,50,5,22.6,,,7-2,11140,12
9,,2018,,,2018,제이매크로 타워,저동2가,"19,000",중구,10,0,6,22.6,,,7-2,11140,10
10,,2018,,,2018,제이매크로 타워,저동2가,"19,000",중구,10,0,12,22.6,,,7-2,11140,4
11,,2018,,,2018,제이매크로 타워,저동2가,"18,000",중구,10,0,13,22.6,,,7-2,11140,7
12,,2018,,,2018,제이매크로 타워,저동2가,"19,000",중구,10,0,16,22.47,,,7-2,11140,9
13,,2018,,,2018,제이매크로 타워,저동2가,"2,000",중구,10,65,16,19.35,,,7-2,11140,4
14,,2018,,,2018,제이매크로 타워,저동2가,"5,000",중구,10,55,18,19.35,,,7-2,11140,5
15,,2018,,,2018,제이매크로 타워,저동2가,"10,000",중구,10,35,18,19.35,,,7-2,11140,6
16,,2018,,,2018,제이매크로 타워,저동2가,"2,000",중구,10,0,23,19.35,,,7-2,11140,3
17,,2018,,,2018,제이매크로 타워,저동2가,"19,000",중구,10,0,24,22.47,,,7-2,11140,11
18,,2018,,,2018,제이매크로 타워,저동2가,"12,000",중구,10,0,30,22.6,,,7-2,11140,11
19,,2004,,,2018,JK오피스텔,신당동,"9,000",중구,10,0,3,22.75,,,353-22,11140,2
20,,2004,,,2018,JK오피스텔,신당동,"9,000",중구,10,0,3,22.75,,,353-22,11140,4
21,,2003,,,2018,(340-123),신당동,"13,000",중구,10,0,4,22.4,,,340-123,11140,4
22,,2003,,,2018,(340-123),신당동,"13,000",중구,10,0,19,22.4,,,340-123,11140,3
23,,2015,,,2018,승리빌딩,신당동,"1,000",중구,10,65,20,21.09,,,309-45,11140,7
24,,2014,,,2018,신당아르브,신당동,"16,000",중구,10,0,30,21.31,,,160-5,11140,15
25,,2014,,,2018,청계천 두산위브더제니스,흥인동,"2,000",중구,10,120,1,40.89,,,13-1,11140,6
26,,2018,,,2018,위더스하임,흥인동,"23,700",중구,10,0,4,29.76,,,142-1,11140,4
27,,2014,,,2018,청계천 두산위브더제니스,흥인동,"20,000",중구,10,320,12,46.74,,,13-1,11140,6
28,,2014,,,2018,청계천 두산위브더제니스,흥인동,"25,000",중구,10,400,29,46.23,,,13-1,11140,27
29,,2014,,,2018,청계천 두산위브더제니스,흥인동,"90,000",중구,10,0,31,46.74,,,13-1,11140,8
30,,2003,,,2018,중앙시티빌,황학동,500,중구,10,60,2,25,,,805,11140,9
31,,2004,,,2018,신당역올리브2,황학동,500,중구,10,60,3,23.82,,,2484,11140,13
32,,2014,,,2018,다올노블리움A동,황학동,"27,000",중구,10,0,5,58.5,,,1744,11140,5
33,,2016,,,2018,해비치,황학동,"22,000",중구,10,0,12,37.09,,,1834,11140,4
34,,2003,,,2018,중앙시티빌,황학동,"2,000",중구,10,50,12,25,,,805,11140,7
35,,2016,,,2018,신당블루카운티,황학동,"22,000",중구,10,0,16,28.58,,,846,11140,8
36,,2004,,,2018,신당역올리브2,황학동,"12,500",중구,10,0,17,23.82,,,2484,11140,13
37,,2017,,,2018,주건축물제1동,황학동,"25,200",중구,10,0,18,41.58,,,1452,11140,11
38,,2018,,,2018,벨로하우스황학,황학동,"21,500",중구,10,0,18,33.98,,,1565,11140,4
39,,2016,,,2018,하늘드리움2차,황학동,"23,500",중구,10,0,20,38.31,,,876,11140,5
40,,2016,,,2018,하늘드리움2차,황학동,"3,000",중구,10,90,22,38.31,,,876,11140,3
41,,2018,,,2018,청계 블루카운티,황학동,"1,000",중구,10,80,22,26.19,,,1720,11140,11
42,,2017,,,2018,골드캐슬Ⅲ,황학동,"24,000",중구,10,0,23,40.31,,,1743,11140,5
43,,2014,,,2018,DUO302,황학동,"4,000",중구,10,50,25,22.52,,,819,11140,4
44,,2016,,,2018,신당블루카운티,황학동,"22,000",중구,10,0,25,28.58,,,846,11140,10
45,,2013,,,2018,한양 I-Class,황학동,"2,000",중구,10,50,25,19.05,,,787,11140,5
46,,2018,,,2018,청계 블루카운티,황학동,"2,000",중구,10,75,25,25.04,,,1720,11140,6
47,,2014,,,2018,아미인,황학동,"16,500",중구,10,0,27,24.15,,,836,11140,6
48,,2014,,,2018,블루카운티Ⅱ,황학동,"3,000",중구,10,100,30,48.42,,,1628,11140,3
49,,2016,,,2018,신당블루카운티,황학동,"3,000",중구,10,75,30,28.58,,,846,11140,11
50,,2016,,,2018,덕수궁롯데캐슬,순화동,"31,500",중구,10,0,6,41.14,,,217,11140,5
51,,2016,,,2018,덕수궁롯데캐슬,순화동,"3,000",중구,10,80,13,36.15,,,217,11140,6
52,,2016,,,2018,덕수궁롯데캐슬,순화동,"31,500",중구,10,0,17,41.14,,,217,11140,6
53,,2016,,,2018,덕수궁롯데캐슬,순화동,"32,000",중구,10,0,21,41.14,,,217,11140,8
54,,2016,,,2018,덕수궁롯데캐슬,순화동,"1,000",중구,10,95,24,32.35,,,217,11140,12
55,,2005,,,2018,바비엥-2,의주로1가,"23,000",중구,10,0,11,40.22,,,25-10,11140,5
56,,2003,,,2018,바비엥-1,의주로1가,"35,000",중구,10,50,15,126.59,,,32-2,11140,4
57,,2005,,,2018,서울역 디오빌,만리동1가,"19,000",중구,10,0,8,27.7,,,62-7,11140,7
58,,2005,,,2018,서울역 디오빌,만리동1가,"35,000",중구,10,0,13,56.17,,,62-7,11140,6
59,,2005,,,2018,서울역 디오빌,만리동1가,"35,000",중구,10,0,17,56.17,,,62-7,11140,6
60,,2004,,,2018,KCC 파크타운,만리동2가,"2,000",중구,10,140,11,66.47,,,11-1,11140,3
0,,2016,,,2018,충무로엘크루메트로시티2,충무로5가,"1,000",중구,11,70,3,23.03,,,36-2,11140,14
1,,,,,2018,동원스위트광희,광희동2가,"24,000",중구,11,0,3,35.55,,,47-2,11140,9
2,,2005,,,2018,성진오피스텔,광희동2가,"7,000",중구,11,15,6,22.8,,,194-1,11140,8
3,,,,,2018,동원스위트광희,광희동2가,"24,000",중구,11,0,8,35.76,,,47-2,11140,9
4,,2005,,,2018,성진오피스텔,광희동2가,"7,000",중구,11,0,11,22.8,,,194-1,11140,7
5,,,,,2018,동원스위트광희,광희동2가,"24,000",중구,11,0,17,35.76,,,47-2,11140,7
6,,2013,,,2018,엘크루 메트로시티,충무로3가,"22,000",중구,11,0,19,26.78,,,49,11140,16
7,,2013,,,2018,엘크루 메트로시티,충무로3가,"25,000",중구,11,0,29,36.46,,,49,11140,11
8,,2018,,,2018,제이매크로 타워,저동2가,"15,000",중구,11,15,7,22.6,,,7-2,11140,11
9,,2018,,,2018,제이매크로 타워,저동2가,"2,000",중구,11,75,10,22.6,,,7-2,11140,9
10,,2018,,,2018,제이매크로 타워,저동2가,"21,000",중구,11,0,12,24.85,,,7-2,11140,3
11,,2018,,,2018,제이매크로 타워,저동2가,"7,000",중구,11,50,16,22.6,,,7-2,11140,8
12,,2018,,,2018,제이매크로 타워,저동2가,"10,000",중구,11,40,19,24.85,,,7-2,11140,13
13,,2018,,,2018,제이매크로 타워,저동2가,"1,000",중구,11,85,22,24.85,,,7-2,11140,11
14,,2005,,,2018,남산정은스카이,신당동,"15,500",중구,11,0,1,29.93,,,366-126,11140,1
15,,2018,,,2018,대현프리몰,신당동,"1,000",중구,11,64,6,18.18,,,421-1,11140,5
16,,2003,,,2018,(340-123),신당동,"14,000",중구,11,0,10,22.08,,,340-123,11140,2
17,,2018,,,2018,대현프리몰,신당동,"1,000",중구,11,65,13,21.37,,,421-1,11140,3
18,,2015,,,2018,승리빌딩,신당동,"10,000",중구,11,0,15,17.52,,,309-45,11140,5
19,,2018,,,2018,대현프리몰,신당동,"1,000",중구,11,85,16,27.32,,,421-1,11140,6
20,,2015,,,2018,(420-9),신당동,"23,000",중구,11,0,16,45.47,,,420-9,11140,3
21,,2014,,,2018,신당아르브,신당동,"5,000",중구,11,45,17,21.31,,,160-5,11140,12
22,,2003,,,2018,(340-123),신당동,"14,000",중구,11,0,26,22.4,,,340-123,11140,4
23,,2004,,,2018,JK오피스텔,신당동,"9,000",중구,11,0,27,22.75,,,353-22,11140,2
24,,2014,,,2018,청계천 두산위브더제니스,흥인동,"75,000",중구,11,0,9,46.74,,,13-1,11140,8
25,,2016,,,2018,리마크빌 동대문,흥인동,"1,000",중구,11,77,16,24.65,,,86,11140,18
26,,2014,,,2018,청계천 두산위브더제니스,흥인동,"87,000",중구,11,0,19,46.74,,,13-1,11140,17
27,,2013,,,2018,(91),흥인동,"13,000",중구,11,0,29,21.88,,,91,11140,9
28,,2001,,,2018,골든빌,황학동,"1,000",중구,11,45,5,23.52,,,1752,11140,8
29,,2004,,,2018,신당역올리브2,황학동,"1,000",중구,11,55,10,23.82,,,2484,11140,10
30,,2015,,,2018,(1542),황학동,"5,000",중구,11,70,10,36.49,,,1542,11140,6
31,,2013,,,2018,한양 I-Class,황학동,"12,600",중구,11,0,11,19.05,,,787,11140,5
32,,2018,,,2018,위너빌(Winnervill),황학동,"20,000",중구,11,0,16,29.32,,,1200,11140,3
33,,2018,,,2018,위너빌(Winnervill),황학동,"22,000",중구,11,0,17,35.08,,,1200,11140,3
34,,2010,,,2018,황학동 코아루,황학동,"5,000",중구,11,50,17,30.55,,,882,11140,7
35,,2013,,,2018,한양 I-Class,황학동,"1,000",중구,11,55,19,19.05,,,787,11140,2
36,,2018,,,2018,골드캐슬Ⅳ,황학동,"21,500",중구,11,0,19,43.78,,,1733,11140,4
37,,2013,,,2018,한양 I-Class,황학동,"17,500",중구,11,0,21,29.64,,,787,11140,8
38,,2014,,,2018,다올노블리움A동,황학동,"22,500",중구,11,0,21,44.8,,,1744,11140,6
39,,2016,,,2018,하늘드리움2차,황학동,"23,100",중구,11,0,21,38.31,,,876,11140,6
40,,2016,,,2018,신당블루카운티,황학동,"29,000",중구,11,0,22,44.66,,,846,11140,11
41,,2015,,,2018,골드캐슬Ⅰ,황학동,"2,000",중구,11,90,22,40.61,,,1725,11140,2
42,,2014,,,2018,다올노블리움A동,황학동,"21,500",중구,11,0,22,44.8,,,1744,11140,2
43,,2018,,,2018,위너빌(Winnervill),황학동,"22,000",중구,11,0,23,35.08,,,1200,11140,2
44,,2018,,,2018,위너빌(Winnervill),황학동,"23,000",중구,11,0,24,35.56,,,1200,11140,3
45,,2013,,,2018,한양 I-Class,황학동,"10,500",중구,11,0,24,19.05,,,787,11140,3
46,,2004,,,2018,올리브1,황학동,"5,000",중구,11,50,26,23.73,,,808,11140,4
47,,2014,,,2018,DUO302,황학동,"3,000",중구,11,55,26,23.06,,,819,11140,4
48,,2013,,,2018,한양 I-Class,황학동,"12,000",중구,11,0,26,19.05,,,787,11140,4
49,,2013,,,2018,한양 I-Class,황학동,"12,500",중구,11,0,28,19.05,,,787,11140,6
50,,2003,,,2018,중앙시티빌,황학동,"1,000",중구,11,55,28,24.99,,,805,11140,11
51,,2018,,,2018,청계리버팰리스B,황학동,"23,000",중구,11,0,28,35.48,,,2015,11140,4
52,,2014,,,2018,블루카운티Ⅱ,황학동,"25,000",중구,11,0,30,48.22,,,1628,11140,3
53,,2016,,,2018,덕수궁롯데캐슬,순화동,"26,700",중구,11,0,12,36.15,,,217,11140,11
54,,2016,,,2018,덕수궁롯데캐슬,순화동,"1,050",중구,11,84,12,36.15,,,217,11140,2
55,,2016,,,2018,덕수궁롯데캐슬,순화동,"1,000",중구,11,110,12,38.79,,,217,11140,12
56,,2016,,,2018,덕수궁롯데캐슬,순화동,"1,000",중구,11,100,30,32.35,,,217,11140,12
57,,2005,,,2018,바비엥-2,의주로1가,"41,000",중구,11,0,8,80.31,,,25-10,11140,10
58,,2006,,,2018,브라운스톤서울,중림동,"58,000",중구,11,0,3,107.96,,,355,11140,12
59,,2006,,,2018,브라운스톤서울,중림동,"38,500",중구,11,0,7,68.04,,,355,11140,10
60,,2006,,,2018,브라운스톤서울,중림동,"30,000",중구,11,0,16,49.39,,,355,11140,6
61,,2005,,,2018,서울역 디오빌,만리동1가,"5,000",중구,11,45,14,27.74,,,62-7,11140,4
62,,2004,,,2018,KCC 파크타운,만리동2가,"38,000",중구,11,0,9,66.47,,,11-1,11140,5
63,,2004,,,2018,KCC 파크타운,만리동2가,"20,000",중구,11,0,28,32.02,,,11-1,11140,14
0,,2016,,,2018,충무로엘크루메트로시티2,충무로5가,"16,800",중구,12,0,6,23.03,,,36-2,11140,11
1,,2018,,,2018,제이매크로 타워,저동2가,"3,000",중구,12,65,4,19.35,,,7-2,11140,8
2,,2018,,,2018,제이매크로 타워,저동2가,"1,000",중구,12,77,5,22.6,,,7-2,11140,4
3,,2018,,,2018,제이매크로 타워,저동2가,"10,000",중구,12,35,8,19.35,,,7-2,11140,13
4,,2018,,,2018,제이매크로 타워,저동2가,"1,000",중구,12,75,8,19.35,,,7-2,11140,14
5,,2018,,,2018,제이매크로 타워,저동2가,"22,000",중구,12,0,11,24.85,,,7-2,11140,8
6,,2018,,,2018,제이매크로 타워,저동2가,"5,000",중구,12,60,12,22.47,,,7-2,11140,5
7,,2018,,,2018,제이매크로 타워,저동2가,"2,000",중구,12,75,15,19.35,,,7-2,11140,10
8,,2018,,,2018,제이매크로 타워,저동2가,"1,000",중구,12,85,17,24.85,,,7-2,11140,4
9,,2018,,,2018,제이매크로 타워,저동2가,"3,000",중구,12,70,18,22.6,,,7-2,11140,5
10,,2018,,,2018,제이매크로 타워,저동2가,"5,000",중구,12,63,22,22.47,,,7-2,11140,6
11,,2018,,,2018,제이매크로 타워,저동2가,"4,000",중구,12,65,29,19.35,,,7-2,11140,11
12,,2004,,,2018,JK오피스텔,신당동,"9,000",중구,12,0,1,25.91,,,353-22,11140,2
13,,2003,,,2018,(340-123),신당동,"13,000",중구,12,0,3,18.6,,,340-123,11140,5
14,,2014,,,2018,신당아르브,신당동,"16,000",중구,12,0,11,21.31,,,160-5,11140,15
15,,2004,,,2018,JK오피스텔,신당동,"5,500",중구,12,25,12,22.75,,,353-22,11140,4
16,,2018,,,2018,아리스타 에스디,신당동,"1,000",중구,12,79,14,18.7,,,160-1,11140,12
17,,2004,,,2018,JK오피스텔,신당동,"3,000",중구,12,45,18,22.75,,,353-22,11140,2
18,,2018,,,2018,대현프리몰,신당동,"1,000",중구,12,64,18,18.18,,,421-1,11140,5
19,,2015,,,2018,승리빌딩,신당동,"11,000",중구,12,0,21,18.3,,,309-45,11140,6
20,,2018,,,2018,아리스타 에스디,신당동,"3,000",중구,12,66,22,18.7,,,160-1,11140,11
21,,2005,,,2018,남산정은스카이,신당동,"10,000",중구,12,20,22,29.93,,,366-126,11140,3
22,,2014,,,2018,청계천 두산위브더제니스,흥인동,"27,500",중구,12,0,3,46.74,,,13-1,11140,10
23,,2014,,,2018,동대문 와이즈 캐슬,흥인동,"13,000",중구,12,0,4,21.35,,,119,11140,2
24,,2014,,,2018,동대문 와이즈 캐슬,흥인동,"14,500",중구,12,0,5,19.92,,,119,11140,4
25,,2014,,,2018,청계천 두산위브더제니스,흥인동,"2,000",중구,12,130,11,46.74,,,13-1,11140,19
26,,2014,,,2018,청계천 두산위브더제니스,흥인동,"85,000",중구,12,0,14,46.74,,,13-1,11140,18
27,,2016,,,2018,동대문솔하임,흥인동,"23,000",중구,12,0,15,29.83,,,8,11140,10
28,,2016,,,2018,동대문솔하임,흥인동,"23,000",중구,12,0,18,29.83,,,8,11140,5
29,,2016,,,2018,동대문솔하임,흥인동,"19,000",중구,12,0,26,25,,,8,11140,12
30,,2014,,,2018,청계천 두산위브더제니스,흥인동,"30,000",중구,12,0,29,46.74,,,13-1,11140,15
31,,,,,2018,주건축물제1동,황학동,"14,500",중구,12,0,1,21.32,,,19,11140,2
32,,2014,,,2018,DUO302,황학동,"4,000",중구,12,50,1,22.52,,,819,11140,3
33,,,,,2018,주건축물제1동,황학동,"15,000",중구,12,0,3,23.61,,,19,11140,4
34,,2013,,,2018,한양 I-Class,황학동,"12,000",중구,12,0,4,19.05,,,787,11140,4
35,,2013,,,2018,한양 I-Class,황학동,"18,000",중구,12,0,5,29.64,,,787,11140,12
36,,2018,,,2018,동광팰리스 Ⅱ,황학동,"23,500",중구,12,0,7,42.14,,,1665,11140,4
37,,2013,,,2018,한양 I-Class,황학동,"3,000",중구,12,50,8,19.05,,,787,11140,8
38,,2013,,,2018,한양 I-Class,황학동,"12,000",중구,12,0,10,19.05,,,787,11140,4
39,,2014,,,2018,아미인,황학동,"13,000",중구,12,0,10,18.62,,,836,11140,4
40,,2014,,,2018,다올노블리움A동,황학동,"8,000",중구,12,60,10,58.5,,,1744,11140,3
41,,2013,,,2018,한양 I-Class,황학동,"12,000",중구,12,0,11,19.05,,,787,11140,3
42,,2019,,,2018,MAVL PLACE,황학동,"18,000",중구,12,0,12,26.75,,,1596,11140,11
43,,2019,,,2018,MAVL PLACE,황학동,"18,000",중구,12,0,12,29.86,,,1596,11140,11
44,,2019,,,2018,MAVL PLACE,황학동,"18,000",중구,12,0,12,24.43,,,1596,11140,11
45,,2019,,,2018,MAVL PLACE,황학동,"18,000",중구,12,0,12,29.86,,,1596,11140,8
46,,2019,,,2018,MAVL PLACE,황학동,"18,000",중구,12,0,12,29.86,,,1596,11140,9
47,,2014,,,2018,아미인,황학동,"10,000",중구,12,0,14,18.23,,,836,11140,2
48,,2013,,,2018,한양 I-Class,황학동,"1,000",중구,12,60,14,19.05,,,787,11140,7
49,,2016,,,2018,신당블루카운티,황학동,"28,000",중구,12,0,15,44.66,,,846,11140,4
50,,2004,,,2018,올리브1,황학동,"13,000",중구,12,0,19,25.05,,,808,11140,8
51,,2019,,,2018,MAVL PLACE,황학동,"1,000",중구,12,75,21,28.13,,,1596,11140,17
52,,2019,,,2018,MAVL PLACE,황학동,"1,000",중구,12,80,21,28.13,,,1596,11140,13
53,,2013,,,2018,한양 I-Class,황학동,"2,000",중구,12,55,22,19.05,,,787,11140,3
54,,2013,,,2018,블루카운티,황학동,"5,000",중구,12,70,22,41.87,,,1519,11140,5
55,,2013,,,2018,한양 I-Class,황학동,"3,000",중구,12,50,24,19.05,,,787,11140,11
56,,2019,,,2018,MAVL PLACE,황학동,"2,000",중구,12,60,24,26.75,,,1596,11140,10
57,,2018,,,2018,위너빌(Winnervill),황학동,"24,000",중구,12,0,26,29.71,,,1200,11140,2
58,,2014,,,2018,아미인,황학동,"16,000",중구,12,0,26,24.15,,,836,11140,5
59,,2018,,,2018,청계리버팰리스B,황학동,"22,000",중구,12,0,27,35.48,,,2015,11140,2
60,,2016,,,2018,하늘드리움2차,황학동,"1,000",중구,12,100,27,38.31,,,876,11140,3
61,,2014,,,2018,DUO302,황학동,"3,000",중구,12,55,28,23.06,,,819,11140,11
62,,2013,,,2018,한양 I-Class,황학동,"1,000",중구,12,55,29,19.05,,,787,11140,3
63,,2015,,,2018,(1542),황학동,"3,000",중구,12,90,29,44.04,,,1542,11140,3
64,,2016,,,2018,덕수궁롯데캐슬,순화동,"1,000",중구,12,115,9,41.14,,,217,11140,10
65,,2016,,,2018,덕수궁롯데캐슬,순화동,"27,300",중구,12,0,28,41.14,,,217,11140,3
66,,2005,,,2018,바비엥-2,의주로1가,"21,000",중구,12,0,28,29.48,,,25-10,11140,8
67,,2006,,,2018,브라운스톤서울,중림동,"22,000",중구,12,0,17,30.99,,,355,11140,6
68,,2005,,,2018,서울역 디오빌,만리동1가,"30,000",중구,12,0,11,56.17,,,62-7,11140,5
0,,2016,,,2019,충무로엘크루메트로시티2,충무로5가,"18,000",중구,1,0,5,23.03,,,36-2,11140,20
1,,2016,,,2019,충무로엘크루메트로시티2,충무로5가,"1,000",중구,1,70,12,23.03,,,36-2,11140,12
2,,2016,,,2019,충무로엘크루메트로시티2,충무로5가,"5,000",중구,1,55,18,23.03,,,36-2,11140,19
3,,2016,,,2019,충무로엘크루메트로시티2,충무로5가,"1,000",중구,1,70,18,23.03,,,36-2,11140,17
4,,2016,,,2019,충무로엘크루메트로시티2,충무로5가,"1,000",중구,1,73,30,23.03,,,36-2,11140,15
5,,2013,,,2019,엘크루 메트로시티,충무로3가,"22,000",중구,1,0,14,26.78,,,49,11140,11
6,,2013,,,2019,엘크루 메트로시티,충무로3가,"22,000",중구,1,0,14,26.78,,,49,11140,11
7,,2018,,,2019,제이매크로 타워,저동2가,"1,000",중구,1,70,16,19.35,,,7-2,11140,9
8,,2018,,,2019,제이매크로 타워,저동2가,"22,000",중구,1,0,20,24.85,,,7-2,11140,10
9,,2004,,,2019,JK오피스텔,신당동,"9,000",중구,1,0,3,24.3,,,353-22,11140,2
10,,2006,,,2019,(340-73),신당동,"16,000",중구,1,0,5,33.23,,,340-73,11140,7
11,,2016,,,2019,신당역솔하임,신당동,"4,000",중구,1,55,5,18.8,,,140-23,11140,13
12,,2016,,,2019,신당역솔하임,신당동,"1,000",중구,1,75,10,18.8,,,140-23,11140,5
13,,2014,,,2019,신당아르브,신당동,"1,000",중구,1,65,10,21.31,,,160-5,11140,17
14,,2014,,,2019,신당아르브,신당동,"14,700",중구,1,0,12,21.31,,,160-5,11140,8
15,,2015,,,2019,(420-1),신당동,"20,000",중구,1,0,17,32.51,,,420-1,11140,6
16,,2003,,,2019,(340-123),신당동,"14,000",중구,1,0,17,19.52,,,340-123,11140,5
17,,2003,,,2019,(340-123),신당동,"13,500",중구,1,0,18,22.4,,,340-123,11140,2
18,,2003,,,2019,(340-123),신당동,"14,000",중구,1,0,18,20.89,,,340-123,11140,3
19,,2004,,,2019,JK오피스텔,신당동,"9,000",중구,1,0,22,22.75,,,353-22,11140,5
20,,2018,,,2019,대현프리몰,신당동,"1,000",중구,1,64,23,18.18,,,421-1,11140,5
21,,2014,,,2019,신당아르브,신당동,"1,000",중구,1,65,23,21.31,,,160-5,11140,11
22,,2014,,,2019,신당아르브,신당동,"6,000",중구,1,40,27,21.31,,,160-5,11140,10
23,,2005,,,2019,남산정은스카이,신당동,"15,000",중구,1,10,29,29.93,,,366-126,11140,4
24,,2018,,,2019,아리스타 에스디,신당동,"2,000",중구,1,72,29,18.7,,,160-1,11140,14
25,,2016,,,2019,리마크빌 동대문,흥인동,"1,000",중구,1,85,7,28.62,,,86,11140,9
26,,2013,,,2019,(91),흥인동,"5,000",중구,1,40,12,22.18,,,91,11140,12
27,,2016,,,2019,리마크빌 동대문,흥인동,"1,000",중구,1,75,14,24.65,,,86,11140,9
28,,2016,,,2019,리마크빌 동대문,흥인동,"1,000",중구,1,76,15,24.65,,,86,11140,12
29,,2014,,,2019,동대문 와이즈 캐슬,흥인동,"15,500",중구,1,0,16,19.92,,,119,11140,3
30,,2016,,,2019,리마크빌 동대문,흥인동,"2,000",중구,1,149,22,57.17,,,86,11140,18
31,,2014,,,2019,청계천 두산위브더제니스,흥인동,"85,000",중구,1,0,22,46.74,,,13-1,11140,6
32,,2016,,,2019,동대문솔하임,흥인동,"2,000",중구,1,87,24,25,,,8,11140,13
33,,2014,,,2019,청계천 두산위브더제니스,흥인동,"75,000",중구,1,0,30,46.23,,,13-1,11140,14
34,,2013,,,2019,(91),흥인동,"2,000",중구,1,50,31,20.98,,,91,11140,12
35,,2010,,,2019,홍순빌딩,무학동,"1,000",중구,1,100,25,41.1,,,6,11140,6
36,,2004,,,2019,올리브1,황학동,"2,000",중구,1,50,2,25.05,,,808,11140,12
37,,2016,,,2019,하늘드리움2차,황학동,"1,000",중구,1,100,4,38.32,,,876,11140,4
38,,2004,,,2019,신당역올리브2,황학동,"1,000",중구,1,55,4,23.82,,,2484,11140,9
39,,2014,,,2019,DUO302,황학동,"10,000",중구,1,29,5,22.52,,,819,11140,18
40,,2013,,,2019,한양 I-Class,황학동,"12,000",중구,1,0,5,19.05,,,787,11140,4
41,,2004,,,2019,신당역올리브2,황학동,"13,500",중구,1,0,5,23.82,,,2484,11140,12
42,,2010,,,2019,황학동 코아루,황학동,"3,000",중구,1,100,5,46.63,,,882,11140,9
43,,2016,,,2019,신당블루카운티,황학동,"28,000",중구,1,0,5,44.66,,,846,11140,8
44,,2014,,,2019,다올 노블리움 B동,황학동,"1,000",중구,1,100,6,48.31,,,1744-1,11140,8
45,,2010,,,2019,황학동 코아루,황학동,"24,500",중구,1,0,7,48.73,,,882,11140,7
46,,2014,,,2019,DUO302,황학동,"3,000",중구,1,48,7,22.52,,,819,11140,3
47,,2014,,,2019,블루카운티Ⅱ,황학동,"25,000",중구,1,0,8,48.42,,,1628,11140,8
48,,2018,,,2019,위너빌(Winnervill),황학동,"23,000",중구,1,0,9,35.56,,,1200,11140,2
49,,2014,,,2019,블루카운티Ⅱ,황학동,"13,000",중구,1,0,9,22.81,,,1628,11140,4
50,,2014,,,2019,아미인,황학동,"13,000",중구,1,0,9,18.41,,,836,11140,3
51,,2003,,,2019,중앙시티빌,황학동,"1,000",중구,1,50,10,25.5,,,805,11140,12
52,,2013,,,2019,한양 I-Class,황학동,"17,500",중구,1,0,10,29.64,,,787,11140,7
53,,2019,,,2019,MAVL PLACE,황학동,"18,000",중구,1,0,10,23.01,,,1596,11140,15
54,,2013,,,2019,한양 I-Class,황학동,"1,000",중구,1,55,12,19.05,,,787,11140,9
55,,2019,,,2019,MAVL PLACE,황학동,"1,000",중구,1,65,12,26.75,,,1596,11140,6
56,,2016,,,2019,하늘드리움2차,황학동,"3,000",중구,1,90,12,38.32,,,876,11140,5
57,,2019,,,2019,MAVL PLACE,황학동,"5,000",중구,1,60,14,23.01,,,1596,11140,12
58,,2017,,,2019,주건축물제1동,황학동,"1,000",중구,1,140,14,59.01,,,1452,11140,3
59,,2014,,,2019,다올노블리움A동,황학동,"22,000",중구,1,0,14,44.8,,,1744,11140,2
60,,2019,,,2019,MAVL PLACE,황학동,"1,000",중구,1,80,14,28.13,,,1596,11140,12
61,,2014,,,2019,다올노블리움A동,황학동,"22,000",중구,1,0,14,44.8,,,1744,11140,2
62,,,,,2019,밸류 에스엘,황학동,"3,000",중구,1,95,14,42.7,,,1496,11140,6
63,,2014,,,2019,DUO302,황학동,"2,000",중구,1,59,15,22.52,,,819,11140,7
64,,2014,,,2019,DUO302,황학동,"2,000",중구,1,59,15,22.52,,,819,11140,7
65,,2018,,,2019,위너빌(Winnervill),황학동,"17,000",중구,1,0,16,29.32,,,1200,11140,2
66,,2016,,,2019,신당블루카운티,황학동,"22,000",중구,1,0,17,28.58,,,846,11140,4
67,,2019,,,2019,MAVL PLACE,황학동,"1,000",중구,1,80,17,29.86,,,1596,11140,6
68,,2018,,,2019,청계리버팰리스B,황학동,"23,000",중구,1,0,17,35.48,,,2015,11140,4
69,,2004,,,2019,신당역올리브2,황학동,"13,500",중구,1,0,18,23.82,,,2484,11140,12
70,,2016,,,2019,해비치,황학동,"22,000",중구,1,0,18,37.09,,,1834,11140,5
71,,2018,,,2019,위너빌(Winnervill),황학동,"22,000",중구,1,0,19,29.71,,,1200,11140,3
72,,2013,,,2019,한양 I-Class,황학동,"3,000",중구,1,45,19,19.05,,,787,11140,10
73,,2016,,,2019,신당블루카운티,황학동,"29,000",중구,1,0,19,44.66,,,846,11140,3
74,,2014,,,2019,아미인,황학동,"12,500",중구,1,0,21,18.23,,,836,11140,3
75,,2014,,,2019,아미인,황학동,"12,000",중구,1,0,21,18.41,,,836,11140,4
76,,2014,,,2019,DUO302,황학동,"1,000",중구,1,55,21,22.52,,,819,11140,3
77,,2016,,,2019,신당블루카운티,황학동,"5,000",중구,1,65,22,28.58,,,846,11140,7
78,,2016,,,2019,신당블루카운티,황학동,"5,000",중구,1,65,22,28.58,,,846,11140,7
79,,2013,,,2019,한양 I-Class,황학동,"10,500",중구,1,0,23,19.05,,,787,11140,2
80,,2014,,,2019,DUO302,황학동,"3,000",중구,1,53,23,22.52,,,819,11140,6
81,,2003,,,2019,중앙시티빌,황학동,"8,000",중구,1,20,23,24.5,,,805,11140,4
82,,2013,,,2019,한양 I-Class,황학동,"12,500",중구,1,0,26,19.05,,,787,11140,5
83,,2019,,,2019,청계리버팰리스A,황학동,"22,500",중구,1,0,26,34.02,,,2033,11140,3
84,,2019,,,2019,MAVL PLACE,황학동,"2,000",중구,1,57,26,24.43,,,1596,11140,10
85,,2019,,,2019,MAVL PLACE,황학동,"17,000",중구,1,0,28,24.43,,,1596,11140,9
86,,2014,,,2019,DUO302,황학동,"3,000",중구,1,55,28,22.52,,,819,11140,19
87,,2004,,,2019,올리브1,황학동,"2,000",중구,1,50,29,23.73,,,808,11140,9
88,,2003,,,2019,중앙시티빌,황학동,"4,000",중구,1,40,29,25.5,,,805,11140,10
89,,2014,,,2019,아미인,황학동,"12,000",중구,1,0,29,18.62,,,836,11140,2
90,,2013,,,2019,한양 I-Class,황학동,"4,000",중구,1,44,29,19.05,,,787,11140,11
91,,2019,,,2019,MAVL PLACE,황학동,"2,000",중구,1,75,30,26.75,,,1596,11140,14
92,,2013,,,2019,한양 I-Class,황학동,"3,000",중구,1,45,30,19.05,,,787,11140,12
93,,2016,,,2019,해비치,황학동,"14,500",중구,1,0,30,24.8,,,1834,11140,2
94,,2014,,,2019,아미인,황학동,"13,500",중구,1,0,31,18.23,,,836,11140,5
95,,2019,,,2019,MAVL PLACE,황학동,"18,000",중구,1,0,31,23.96,,,1596,11140,14
96,,2016,,,2019,덕수궁롯데캐슬,순화동,"10,000",중구,1,55,12,32.35,,,217,11140,8
97,,2016,,,2019,덕수궁롯데캐슬,순화동,"29,850",중구,1,0,15,41.14,,,217,11140,5
98,,2016,,,2019,덕수궁롯데캐슬,순화동,"25,000",중구,1,20,21,41.14,,,217,11140,3
99,,2016,,,2019,덕수궁롯데캐슬,순화동,"27,000",중구,1,0,31,36.15,,,217,11140,2
100,,2005,,,2019,바비엥-2,의주로1가,"21,000",중구,1,0,16,29.23,,,25-10,11140,13
101,,2005,,,2019,바비엥-2,의주로1가,"32,000",중구,1,0,30,67.72,,,25-10,11140,16
102,,2006,,,2019,브라운스톤서울,중림동,"39,000",중구,1,0,30,62.82,,,355,11140,37
103,,2005,,,2019,서울역 디오빌,만리동1가,"32,000",중구,1,0,25,56.17,,,62-7,11140,4
104,,2004,,,2019,KCC 파크타운,만리동2가,"36,000",중구,1,0,10,66.47,,,11-1,11140,8
105,,2004,,,2019,KCC 파크타운,만리동2가,"15,000",중구,1,70,31,66.47,,,11-1,11140,10
0,,2016,,,2019,충무로엘크루메트로시티2,충무로5가,"4,000",중구,2,55,8,23.03,,,36-2,11140,4
1,,2016,,,2019,충무로엘크루메트로시티2,충무로5가,"17,500",중구,2,0,13,23.03,,,36-2,11140,19
2,,2016,,,2019,충무로엘크루메트로시티2,충무로5가,"1,000",중구,2,70,16,23.03,,,36-2,11140,15
3,,2016,,,2019,충무로엘크루메트로시티2,충무로5가,"3,000",중구,2,60,22,23.03,,,36-2,11140,4
4,,2018,,,2019,제이매크로 타워,저동2가,"5,000",중구,2,60,16,22.6,,,7-2,11140,6
5,,2004,,,2019,JK오피스텔,신당동,"5,000",중구,2,0,1,24.3,,,353-22,11140,3
6,,2016,,,2019,신당역솔하임,신당동,"17,500",중구,2,0,2,18.8,,,140-23,11140,13
7,,2018,,,2019,아리스타 에스디,신당동,100,중구,2,75,7,18.7,,,160-1,11140,8
8,,2015,,,2019,승리빌딩,신당동,"1,000",중구,2,55,9,17.52,,,309-45,11140,4
9,,2015,,,2019,승리빌딩,신당동,"5,000",중구,2,45,12,22.81,,,309-45,11140,6
10,,2006,,,2019,(340-73),신당동,"16,000",중구,2,0,19,41.7,,,340-73,11140,7
11,,2016,,,2019,신당역솔하임,신당동,"1,000",중구,2,72,28,18.6,,,140-23,11140,13
12,,2014,,,2019,동대문 와이즈 캐슬,흥인동,"7,000",중구,2,60,1,28.6,,,119,11140,4
13,,2016,,,2019,리마크빌 동대문,흥인동,"1,000",중구,2,78,8,24.65,,,86,11140,16
14,,2014,,,2019,청계천 두산위브더제니스,흥인동,"25,000",중구,2,0,13,35.77,,,13-1,11140,6
15,,2013,,,2019,(91),흥인동,"1,000",중구,2,65,15,21.88,,,91,11140,8
16,,2016,,,2019,동대문솔하임,흥인동,"1,000",중구,2,90,15,25,,,8,11140,11
17,,2016,,,2019,리마크빌 동대문,흥인동,"1,000",중구,2,77,18,24.65,,,86,11140,9
18,,2014,,,2019,DUO302,황학동,"1,000",중구,2,65,2,22.52,,,819,11140,3
19,,2019,,,2019,MAVL PLACE,황학동,"16,000",중구,2,0,5,23.01,,,1596,11140,13
20,,2004,,,2019,신당역올리브2,황학동,"11,000",중구,2,0,5,23.82,,,2484,11140,6
21,,2013,,,2019,한양 I-Class,황학동,"10,500",중구,2,0,7,19.05,,,787,11140,2
22,,2014,,,2019,DUO302,황학동,"1,000",중구,2,65,7,22.52,,,819,11140,17
23,,2019,,,2019,MAVL PLACE,황학동,"2,000",중구,2,58,8,24.43,,,1596,11140,8
24,,2014,,,2019,DUO302,황학동,"1,000",중구,2,65,8,23.06,,,819,11140,14
25,,2019,,,2019,MAVL PLACE,황학동,"2,000",중구,2,58,8,23.1,,,1596,11140,12
26,,,,,2019,밸류 에스엘,황학동,"22,000",중구,2,0,9,41.51,,,1496,11140,4
27,,2019,,,2019,MAVL PLACE,황학동,"17,000",중구,2,0,9,24.43,,,1596,11140,6
28,,2014,,,2019,아미인,황학동,"12,000",중구,2,0,9,18.62,,,836,11140,2
29,,2004,,,2019,올리브1,황학동,"2,000",중구,2,50,11,25.05,,,808,11140,11
30,,2018,,,2019,청계 블루카운티,황학동,"28,000",중구,2,0,11,52.37,,,1720,11140,8
31,,2019,,,2019,청계리버팰리스A,황학동,"25,500",중구,2,0,12,44.4,,,2033,11140,3
32,,2019,,,2019,청계리버팰리스A,황학동,"25,000",중구,2,0,12,44.4,,,2033,11140,3
33,,2014,,,2019,DUO302,황학동,"4,000",중구,2,50,13,22.52,,,819,11140,13
34,,2004,,,2019,올리브1,황학동,"2,000",중구,2,50,14,25.05,,,808,11140,5
35,,2013,,,2019,한양 I-Class,황학동,"1,000",중구,2,60,14,19.05,,,787,11140,12
36,,2004,,,2019,올리브1,황학동,"1,000",중구,2,50,14,25.05,,,808,11140,10
37,,2018,,,2019,청계 블루카운티,황학동,"37,000",중구,2,0,15,66.86,,,1720,11140,3
38,,2019,,,2019,MAVL PLACE,황학동,"3,000",중구,2,55,15,23.1,,,1596,11140,13
39,,,,,2019,주건축물제1동,황학동,"16,000",중구,2,0,16,23.81,,,19,11140,7
40,,2019,,,2019,MAVL PLACE,황학동,"5,000",중구,2,45,16,26.75,,,1596,11140,5
41,,2019,,,2019,청계리버팰리스A,황학동,"22,000",중구,2,0,19,37.66,,,2033,11140,2
42,,2018,,,2019,청계 블루카운티,황학동,"3,000",중구,2,70,19,26.19,,,1720,11140,5
43,,2004,,,2019,신당역올리브2,황학동,"2,000",중구,2,50,19,23.82,,,2484,11140,5
44,,2013,,,2019,한양 I-Class,황학동,"12,000",중구,2,0,20,19.05,,,787,11140,3
45,,2019,,,2019,MAVL PLACE,황학동,"18,000",중구,2,0,20,29.86,,,1596,11140,5
46,,2019,,,2019,청계리버팰리스A,황학동,"23,000",중구,2,0,21,44.4,,,2033,11140,4
47,,2019,,,2019,청계리버팰리스A,황학동,"25,000",중구,2,0,22,44.4,,,2033,11140,2
48,,2018,,,2019,청계 블루카운티,황학동,"18,000",중구,2,0,22,26.19,,,1720,11140,2
49,,2019,,,2019,MAVL PLACE,황학동,"17,000",중구,2,0,22,26.75,,,1596,11140,7
50,,2018,,,2019,위너빌(Winnervill),황학동,"22,000",중구,2,0,23,35.08,,,1200,11140,2
51,,2004,,,2019,신당역올리브2,황학동,"6,000",중구,2,35,23,23.82,,,2484,11140,3
52,,2014,,,2019,DUO302,황학동,"3,000",중구,2,55,23,23.06,,,819,11140,17
53,,2015,,,2019,(1542),황학동,"2,000",중구,2,95,23,44.04,,,1542,11140,5
54,,2004,,,2019,올리브1,황학동,"1,000",중구,2,6,23,23.73,,,808,11140,10
55,,2019,,,2019,청계리버팰리스A,황학동,"23,000",중구,2,0,23,36.74,,,2033,11140,4
56,,2017,,,2019,(2022),황학동,"26,000",중구,2,0,26,46.68,,,2022,11140,10
57,,2019,,,2019,MAVL PLACE,황학동,"1,000",중구,2,65,27,22.89,,,1596,11140,7
58,,2014,,,2019,다올노블리움A동,황학동,"22,000",중구,2,0,28,44.8,,,1744,11140,7
59,,2016,,,2019,덕수궁롯데캐슬,순화동,"1,000",중구,2,100,20,36.15,,,217,11140,12
60,,2003,,,2019,바비엥-1,의주로1가,"2,500",중구,2,190,2,95.39,,,32-2,11140,10
61,,2005,,,2019,바비엥-2,의주로1가,"15,000",중구,2,30,15,29.48,,,25-10,11140,15
62,,2006,,,2019,브라운스톤서울,중림동,"44,000",중구,2,0,14,68.04,,,355,11140,32
63,,2006,,,2019,브라운스톤서울,중림동,"38,000",중구,2,0,22,62.82,,,355,11140,8
64,,2005,,,2019,서울역 디오빌,만리동1가,"32,000",중구,2,0,8,56.17,,,62-7,11140,9
65,,2005,,,2019,서울역 디오빌,만리동1가,"32,000",중구,2,0,18,56.17,,,62-7,11140,9
66,,2004,,,2019,KCC 파크타운,만리동2가,"36,000",중구,2,0,12,66.47,,,11-1,11140,6
67,,2004,,,2019,KCC 파크타운,만리동2가,"36,000",중구,2,0,18,66.47,,,11-1,11140,14
68,,2004,,,2019,KCC 파크타운,만리동2가,"3,000",중구,2,120,27,66.47,,,11-1,11140,14
0,,2016,,,2019,충무로엘크루메트로시티2,충무로5가,"28,000",중구,3,0,20,41.41,,,36-2,11140,17
1,,2004,,,2019,타임캐슬 오피스텔,을지로6가,"1,000",중구,3,105,22,39.88,,,23,11140,11
2,,2003,,,2019,정건벨라지오오피스텔,을지로5가,500,중구,3,55,1,21.94,,,20-1,11140,12
3,,2013,,,2019,엘크루 메트로시티,충무로3가,"2,000",중구,3,80,12,28.1,,,49,11140,13
4,,2013,,,2019,엘크루 메트로시티,충무로3가,"1,000",중구,3,85,23,26.78,,,49,11140,12
5,,2004,,,2019,JK오피스텔,신당동,"9,500",중구,3,0,11,22.75,,,353-22,11140,3
6,,2014,,,2019,신당아르브,신당동,"16,000",중구,3,0,12,21.31,,,160-5,11140,14
7,,2006,,,2019,(340-73),신당동,"16,000",중구,3,0,21,35.6,,,340-73,11140,7
8,,2004,,,2019,JK오피스텔,신당동,"9,000",중구,3,0,30,22.75,,,353-22,11140,2
9,,2016,,,2019,리마크빌 동대문,흥인동,"1,000",중구,3,85,4,28.62,,,86,11140,14
10,,2013,,,2019,(91),흥인동,"1,000",중구,3,63,9,21.88,,,91,11140,4
11,,2014,,,2019,동대문 와이즈 캐슬,흥인동,"14,170",중구,3,0,17,21.35,,,119,11140,4
12,,2016,,,2019,리마크빌 동대문,흥인동,"1,000",중구,3,82,22,28.62,,,86,11140,7
13,,2014,,,2019,청계천 두산위브더제니스,흥인동,"28,500",중구,3,0,27,40.89,,,13-1,11140,14
14,,2014,,,2019,청계천 두산위브더제니스,흥인동,"10,000",중구,3,122,28,59.91,,,13-1,11140,7
15,,2019,,,2019,청계리버팰리스A,황학동,"23,000",중구,3,0,1,36.74,,,2033,11140,3
16,,2018,,,2019,청계리버팰리스B,황학동,"17,500",중구,3,0,1,25.59,,,2015,11140,2
17,,2013,,,2019,한양 I-Class,황학동,"12,000",중구,3,0,4,19.05,,,787,11140,2
18,,2015,,,2019,(1542),황학동,"23,000",중구,3,0,4,52.1,,,1542,11140,4
19,,2019,,,2019,황학동 1931 주거복합 시설,황학동,"27,500",중구,3,0,4,49.25,,,1930,11140,8
20,,2015,,,2019,골드캐슬Ⅰ,황학동,"20,000",중구,3,0,5,40.04,,,1725,11140,3
21,,2015,,,2019,(1546),황학동,"7,000",중구,3,64,5,39.57,,,1546,11140,5
22,,2019,,,2019,황학동 1931 주거복합 시설,황학동,"26,000",중구,3,0,5,41.18,,,1930,11140,8
23,,2019,,,2019,베네스트,황학동,"22,000",중구,3,0,5,35.11,,,855,11140,7
24,,2013,,,2019,한양 I-Class,황학동,"3,000",중구,3,50,9,19.05,,,787,11140,8
25,,2019,,,2019,베네스트,황학동,"21,000",중구,3,0,12,33.52,,,855,11140,10
26,,2019,,,2019,청계리버팰리스A,황학동,"23,000",중구,3,0,12,36.74,,,2033,11140,2
27,,2013,,,2019,한양 I-Class,황학동,"12,600",중구,3,0,12,19.05,,,787,11140,6
28,,,,,2019,주건축물제1동,황학동,"1,000",중구,3,60,14,21.32,,,19,11140,3
29,,2019,,,2019,황학동 1931 주거복합 시설,황학동,"1,000",중구,3,65,15,20.82,,,1930,11140,7
30,,2017,,,2019,주건축물제1동,황학동,"24,000",중구,3,0,16,41.58,,,1452,11140,3
31,,2018,,,2019,위너빌(Winnervill),황학동,"21,000",중구,3,0,16,29.71,,,1200,11140,2
32,,2019,,,2019,청계리버팰리스A,황학동,"22,000",중구,3,0,18,36.18,,,2033,11140,2
33,,2003,,,2019,중앙시티빌,황학동,"11,000",중구,3,0,18,25.5,,,805,11140,6
34,,2019,,,2019,MAVL PLACE,황학동,"2,000",중구,3,60,18,22.89,,,1596,11140,11
35,,2004,,,2019,올리브1,황학동,"12,000",중구,3,0,19,23.73,,,808,11140,11
36,,2017,,,2019,주건축물제1동,황학동,"25,000",중구,3,0,19,41.58,,,1452,11140,5
37,,2013,,,2019,한양 I-Class,황학동,"4,000",중구,3,43,20,19.05,,,787,11140,6
38,,,,,2019,밸류 에스엘,황학동,"23,000",중구,3,0,22,42.7,,,1496,11140,2
39,,2019,,,2019,MAVL PLACE,황학동,"5,000",중구,3,55,25,24.43,,,1596,11140,13
40,,2019,,,2019,베네스트,황학동,"20,500",중구,3,0,26,34.89,,,855,11140,8
41,,2019,,,2019,황학동 1931 주거복합 시설,황학동,"1,000",중구,3,60,26,18.32,,,1930,11140,3
42,,2018,,,2019,청계 블루카운티,황학동,"5,000",중구,3,95,27,52.37,,,1720,11140,5
43,,2019,,,2019,청계리버팰리스A,황학동,"2,000",중구,3,95,28,36.18,,,2033,11140,3
44,,2019,,,2019,베네스트,황학동,"21,500",중구,3,0,29,35.55,,,855,11140,11
45,,2019,,,2019,MAVL PLACE,황학동,"3,000",중구,3,55,30,22.89,,,1596,11140,8
46,,2016,,,2019,덕수궁롯데캐슬,순화동,"1,000",중구,3,120,2,41.14,,,217,11140,10
47,,2016,,,2019,덕수궁롯데캐슬,순화동,"1,000",중구,3,100,9,36.15,,,217,11140,9
48,,2005,,,2019,바비엥-2,의주로1가,"22,000",중구,3,0,14,29.23,,,25-10,11140,8
49,,2005,,,2019,바비엥-2,의주로1가,"22,000",중구,3,0,14,40.22,,,25-10,11140,10
50,,2005,,,2019,서울역 디오빌,만리동1가,"19,000",중구,3,0,11,27.74,,,62-7,11140,3
51,,2005,,,2019,서울역 디오빌,만리동1가,"20,000",중구,3,50,28,56.17,,,62-7,11140,5
52,,2004,,,2019,KCC 파크타운,만리동2가,"36,000",중구,3,0,26,66.47,,,11-1,11140,5
53,,2004,,,2019,KCC 파크타운,만리동2가,"38,000",중구,3,0,27,66.47,,,11-1,11140,13
54,,2004,,,2019,KCC 파크타운,만리동2가,"1,000",중구,3,135,29,66.47,,,11-1,11140,15
0,,2016,,,2019,충무로엘크루메트로시티2,충무로5가,"16,800",중구,4,0,5,23.03,,,36-2,11140,20
1,,2016,,,2019,충무로엘크루메트로시티2,충무로5가,"3,000",중구,4,60,9,23.03,,,36-2,11140,12
2,,2016,,,2019,충무로엘크루메트로시티2,충무로5가,"16,800",중구,4,0,16,23.03,,,36-2,11140,4
3,,2016,,,2019,충무로엘크루메트로시티2,충무로5가,"1,000",중구,4,70,25,23.03,,,36-2,11140,9
4,,2016,,,2019,충무로엘크루메트로시티2,충무로5가,"15,750",중구,4,0,27,23.03,,,36-2,11140,6
5,,2005,,,2019,성진오피스텔,광희동2가,"7,000",중구,4,20,2,22.8,,,194-1,11140,9
6,,2003,,,2019,정건벨라지오오피스텔,을지로5가,500,중구,4,55,24,21.94,,,20-1,11140,7
7,,2018,,,2019,제이매크로 타워,저동2가,"19,000",중구,4,0,15,22.47,,,7-2,11140,4
8,,2018,,,2019,제이매크로 타워,저동2가,"5,000",중구,4,65,24,22.47,,,7-2,11140,4
9,,2018,,,2019,제이매크로 타워,저동2가,"1,000",중구,4,75,24,19.35,,,7-2,11140,5
10,,2004,,,2019,신당동 오피스텔,신당동,"6,000",중구,4,0,9,13.95,,,294-64,11140,4
11,,2014,,,2019,신당아르브,신당동,600,중구,4,40,9,21.31,,,160-5,11140,15
12,,2014,,,2019,청계천 두산위브더제니스,흥인동,"30,000",중구,4,0,23,46.74,,,13-1,11140,10
13,,2014,,,2019,청계천 두산위브더제니스,흥인동,"5,000",중구,4,400,23,46.23,,,13-1,11140,10
14,,2014,,,2019,DUO302,황학동,"5,000",중구,4,45,2,23.06,,,819,11140,10
15,,,,,2019,주건축물제1동,황학동,"16,000",중구,4,0,2,23.81,,,19,11140,2
16,,2019,,,2019,MAVL PLACE,황학동,"1,000",중구,4,80,2,23.1,,,1596,11140,14
17,,2019,,,2019,베네스트,황학동,"24,000",중구,4,0,3,35.11,,,855,11140,11
18,,2001,,,2019,골든빌,황학동,500,중구,4,40,3,23.52,,,1752,11140,5
19,,2019,,,2019,황학동 1931 주거복합 시설,황학동,"28,000",중구,4,0,5,49.25,,,1930,11140,9
20,,2019,,,2019,베네스트,황학동,"22,500",중구,4,0,9,36.97,,,855,11140,7
21,,2019,,,2019,황학동 1931 주거복합 시설,황학동,"2,000",중구,4,60,10,20.1,,,1930,11140,3
22,,2014,,,2019,DUO302,황학동,"16,000",중구,4,0,10,23.06,,,819,11140,4
23,,2014,,,2019,아미인,황학동,500,중구,4,70,10,24.15,,,836,11140,3
24,,2013,,,2019,한양 I-Class,황학동,"13,000",중구,4,0,11,19.05,,,787,11140,6
25,,2019,,,2019,황학동 1931 주거복합 시설,황학동,"1,000",중구,4,60,12,20.75,,,1930,11140,3
26,,2019,,,2019,청계리버팰리스A,황학동,"21,500",중구,4,0,13,37.66,,,2033,11140,3
27,,2003,,,2019,중앙시티빌,황학동,"2,000",중구,4,50,13,24.5,,,805,11140,9
28,,2017,,,2019,(2022),황학동,"4,000",중구,4,30,16,19.58,,,2022,11140,8
29,,2018,,,2019,위너빌(Winnervill),황학동,"20,000",중구,4,0,18,33.41,,,1200,11140,3
30,,2017,,,2019,(2022),황학동,"24,000",중구,4,0,19,42.53,,,2022,11140,8
31,,2004,,,2019,신당역올리브2,황학동,500,중구,4,60,19,23.82,,,2484,11140,14
32,,2018,,,2019,위너빌(Winnervill),황학동,"20,000",중구,4,0,19,33.14,,,1200,11140,2
33,,2014,,,2019,DUO302,황학동,"9,000",중구,4,30,20,22.52,,,819,11140,3
34,,2014,,,2019,다올노블리움A동,황학동,"23,000",중구,4,0,21,44.8,,,1744,11140,3
35,,2013,,,2019,블루카운티,황학동,"21,000",중구,4,0,22,42.84,,,1519,11140,5
36,,1999,,,2019,(505),황학동,"1,000",중구,4,40,22,28.86,,,505,11140,4
37,,2019,,,2019,베네스트,황학동,"21,000",중구,4,0,23,34.89,,,855,11140,11
38,,2013,,,2019,한양 I-Class,황학동,"13,000",중구,4,0,24,19.05,,,787,11140,6
39,,2014,,,2019,DUO302,황학동,"3,000",중구,4,58,25,22.52,,,819,11140,13
40,,2013,,,2019,한양 I-Class,황학동,500,중구,4,65,25,19.05,,,787,11140,4
41,,2013,,,2019,한양 I-Class,황학동,"12,600",중구,4,0,25,19.05,,,787,11140,6
42,,2018,,,2019,동광팰리스,황학동,"24,000",중구,4,0,25,36.41,,,1572,11140,4
43,,2013,,,2019,한양 I-Class,황학동,"13,000",중구,4,0,26,19.05,,,787,11140,3
44,,2016,,,2019,덕수궁롯데캐슬,순화동,"4,000",중구,4,100,4,41.14,,,217,11140,5
45,,2016,,,2019,덕수궁롯데캐슬,순화동,"3,000",중구,4,90,16,38.79,,,217,11140,7
46,,2005,,,2019,서울역 디오빌,만리동1가,"17,000",중구,4,0,9,27.7,,,62-7,11140,8
47,,2004,,,2019,KCC 파크타운,만리동2가,"20,000",중구,4,60,23,66.47,,,11-1,11140,8
0,,2019,,,2019,을지 웰 라이프,을지로4가,"21,000",중구,5,0,3,26.88,,,187-9,11140,9
1,,2019,,,2019,을지 웰 라이프,을지로4가,"27,500",중구,5,0,7,34.59,,,187-9,11140,10
2,,2019,,,2019,을지 웰 라이프,을지로4가,"26,000",중구,5,0,7,34.59,,,187-9,11140,9
3,,2019,,,2019,을지 웰 라이프,을지로4가,"25,500",중구,5,0,7,34.59,,,187-9,11140,6
4,,2019,,,2019,을지 웰 라이프,을지로4가,"20,000",중구,5,0,9,26.88,,,187-9,11140,3
5,,2019,,,2019,을지 웰 라이프,을지로4가,"1,000",중구,5,90,13,26.88,,,187-9,11140,5
6,,2019,,,2019,을지 웰 라이프,을지로4가,"27,000",중구,5,0,16,34.59,,,187-9,11140,8
7,,2019,,,2019,을지 웰 라이프,을지로4가,"20,000",중구,5,0,17,26.88,,,187-9,11140,7
8,,2019,,,2019,을지 웰 라이프,을지로4가,"19,500",중구,5,0,22,23.75,,,187-9,11140,9
9,,2019,,,2019,을지 웰 라이프,을지로4가,"19,000",중구,5,0,27,23.75,,,187-9,11140,4
10,,2019,,,2019,을지 웰 라이프,을지로4가,"19,000",중구,5,0,28,23.75,,,187-9,11140,5
11,,2019,,,2019,을지 웰 라이프,을지로4가,"21,000",중구,5,0,30,26.88,,,187-9,11140,4
12,,2013,,,2019,엘크루 메트로시티,충무로3가,"21,000",중구,5,0,26,28.94,,,49,11140,16
13,,2018,,,2019,제이매크로 타워,저동2가,"5,000",중구,5,60,9,19.35,,,7-2,11140,6
14,,2018,,,2019,제이매크로 타워,저동2가,"3,000",중구,5,65,15,19.35,,,7-2,11140,5
15,,2018,,,2019,제이매크로 타워,저동2가,"17,150",중구,5,0,17,19.35,,,7-2,11140,13
16,,2014,,,2019,신당아르브,신당동,"15,200",중구,5,0,4,21.31,,,160-5,11140,15
17,,2014,,,2019,신당아르브,신당동,"5,000",중구,5,45,4,21.31,,,160-5,11140,12
18,,2004,,,2019,JK오피스텔,신당동,"5,000",중구,5,30,7,22.75,,,353-22,11140,5
19,,2004,,,2019,JK오피스텔,신당동,"8,000",중구,5,10,10,22.75,,,353-22,11140,5
20,,2005,,,2019,남산정은스카이,신당동,"19,500",중구,5,0,14,38.26,,,366-126,11140,1
21,,2018,,,2019,아리스타 에스디,신당동,"5,000",중구,5,60,17,18.7,,,160-1,11140,15
22,,2004,,,2019,JK오피스텔,신당동,"7,500",중구,5,15,17,25.41,,,353-22,11140,3
23,,2014,,,2019,신당아르브,신당동,"16,000",중구,5,0,22,21.31,,,160-5,11140,11
24,,2018,,,2019,아리스타 에스디,신당동,"2,000",중구,5,71,29,18.7,,,160-1,11140,11
25,,2014,,,2019,청계천 두산위브더제니스,흥인동,"30,000",중구,5,0,6,46.74,,,13-1,11140,7
26,,2014,,,2019,동대문 와이즈 캐슬,흥인동,"5,000",중구,5,45,7,21.35,,,119,11140,6
27,,2014,,,2019,청계천 두산위브더제니스,흥인동,"2,000",중구,5,130,8,46.74,,,13-1,11140,18
28,,2014,,,2019,청계천 두산위브더제니스,흥인동,"10,000",중구,5,50,22,35.77,,,13-1,11140,26
29,,2014,,,2019,동대문 와이즈 캐슬,흥인동,"14,100",중구,5,0,27,19.92,,,119,11140,3
30,,2014,,,2019,DUO302,황학동,"2,000",중구,5,57,1,22.52,,,819,11140,7
31,,,,,2019,주건축물제1동,황학동,"15,500",중구,5,0,1,23.81,,,19,11140,8
32,,2017,,,2019,(2022),황학동,"2,000",중구,5,95,2,41.75,,,2022,11140,4
33,,2014,,,2019,아미인,황학동,"12,000",중구,5,0,2,18.23,,,836,11140,6
34,,2013,,,2019,한양 I-Class,황학동,"13,000",중구,5,0,4,19.05,,,787,11140,5
35,,2013,,,2019,한양 I-Class,황학동,500,중구,5,55,6,19.05,,,787,11140,4
36,,2014,,,2019,블루카운티Ⅱ,황학동,"25,000",중구,5,0,7,49.43,,,1628,11140,9
37,,2017,,,2019,(1079),황학동,"25,000",중구,5,0,10,42.19,,,1079,11140,5
38,,2019,,,2019,청계리버팰리스A,황학동,"23,000",중구,5,0,11,37.66,,,2033,11140,4
39,,2013,,,2019,한양 I-Class,황학동,"2,000",중구,5,50,11,19.05,,,787,11140,6
40,,2014,,,2019,DUO302,황학동,"15,000",중구,5,0,14,23.06,,,819,11140,4
41,,2019,,,2019,테인트리즈,황학동,"25,000",중구,5,0,15,38.26,,,1087,11140,4
42,,,,,2019,주건축물제1동,황학동,"15,000",중구,5,0,16,23.81,,,19,11140,6
43,,2019,,,2019,테인트리즈,황학동,"25,500",중구,5,0,16,37.57,,,1087,11140,7
44,,2019,,,2019,청계리버팰리스A,황학동,"23,500",중구,5,0,17,34.02,,,2033,11140,4
45,,2019,,,2019,테인트리즈,황학동,"25,000",중구,5,0,17,38.26,,,1087,11140,7
46,,2016,,,2019,하늘드리움2차,황학동,"5,000",중구,5,80,17,38.32,,,876,11140,3
47,,2013,,,2019,한양 I-Class,황학동,"1,000",중구,5,55,17,19.05,,,787,11140,3
48,,2019,,,2019,청계리버팰리스A,황학동,"23,000",중구,5,0,18,36.18,,,2033,11140,4
49,,2019,,,2019,테인트리즈,황학동,"25,000",중구,5,0,18,38.26,,,1087,11140,6
50,,2019,,,2019,테인트리즈,황학동,"25,500",중구,5,0,20,37.57,,,1087,11140,6
51,,2019,,,2019,테인트리즈,황학동,"25,000",중구,5,0,21,38.26,,,1087,11140,5
52,,2019,,,2019,MAVL PLACE,황학동,"2,000",중구,5,60,22,22.89,,,1596,11140,10
53,,2004,,,2019,올리브1,황학동,"4,000",중구,5,40,22,25.05,,,808,11140,14
54,,2013,,,2019,한양 I-Class,황학동,"3,000",중구,5,45,23,19.05,,,787,11140,7
55,,2014,,,2019,DUO302,황학동,"1,000",중구,5,65,23,22.52,,,819,11140,6
56,,2019,,,2019,테인트리즈,황학동,"25,000",중구,5,0,25,38.26,,,1087,11140,3
57,,2017,,,2019,(2022),황학동,"20,000",중구,5,20,27,42.53,,,2022,11140,9
58,,2004,,,2019,신당역올리브2,황학동,"1,000",중구,5,50,27,23.82,,,2484,11140,11
59,,2013,,,2019,한양 I-Class,황학동,"4,000",중구,5,40,28,19.05,,,787,11140,5
60,,2004,,,2019,올리브1,황학동,"1,000",중구,5,53,28,23.73,,,808,11140,14
61,,2019,,,2019,베네스트,황학동,"20,500",중구,5,0,29,33.52,,,855,11140,8
62,,2017,,,2019,주건축물제1동,황학동,"24,000",중구,5,0,29,41.58,,,1452,11140,12
63,,,,,2019,주건축물제1동,황학동,"14,500",중구,5,0,29,21.32,,,19,11140,9
64,,2016,,,2019,덕수궁롯데캐슬,순화동,"1,000",중구,5,120,4,41.14,,,217,11140,5
65,,2005,,,2019,바비엥-2,의주로1가,"20,000",중구,5,0,7,29.23,,,25-10,11140,4
66,,2006,,,2019,브라운스톤서울,중림동,"50,000",중구,5,0,8,113.2,,,355,11140,13
67,,2006,,,2019,브라운스톤서울,중림동,"37,500",중구,5,0,11,62.82,,,355,11140,6
68,,2006,,,2019,브라운스톤서울,중림동,"40,000",중구,5,0,30,68.04,,,355,11140,34
69,,2006,,,2019,브라운스톤서울,중림동,"39,000",중구,5,0,31,62.82,,,355,11140,6
70,,2005,,,2019,서울역 디오빌,만리동1가,"31,000",중구,5,0,18,56.17,,,62-7,11140,4
71,,2005,,,2019,서울역 디오빌,만리동1가,"34,000",중구,5,0,31,56.17,,,62-7,11140,6
72,,2004,,,2019,KCC 파크타운,만리동2가,"33,000",중구,5,0,3,66.47,,,11-1,11140,1
0,,2016,,,2019,충무로엘크루메트로시티2,충무로5가,"17,000",중구,6,0,17,23.03,,,36-2,11140,4
1,,2016,,,2019,충무로엘크루메트로시티2,충무로5가,"1,000",중구,6,70,18,23.03,,,36-2,11140,7
2,,2019,,,2019,을지 웰 라이프,을지로4가,"1,000",중구,6,105,1,32.63,,,187-9,11140,2
3,,2003,,,2019,정건벨라지오오피스텔,을지로5가,500,중구,6,55,1,21.94,,,20-1,11140,8
4,,2014,,,2019,코발트팰리스,오장동,"13,000",중구,6,0,17,20.36,,,90-24,11140,12
5,,2014,,,2019,코발트팰리스,오장동,"13,000",중구,6,0,29,20.36,,,90-24,11140,12
6,,1995,,,2019,드림오피스타운,을지로3가,"1,000",중구,6,45,7,29.23,,,259-1,11140,8
7,,2018,,,2019,제이매크로 타워,저동2가,"18,000",중구,6,0,1,22.6,,,7-2,11140,8
8,,2018,,,2019,제이매크로 타워,저동2가,"3,000",중구,6,70,11,19.35,,,7-2,11140,12
9,,2018,,,2019,제이매크로 타워,저동2가,"5,000",중구,6,63,17,22.47,,,7-2,11140,6
10,,2018,,,2019,제이매크로 타워,저동2가,"5,000",중구,6,63,22,22.47,,,7-2,11140,8
11,,2018,,,2019,제이매크로 타워,저동2가,"12,000",중구,6,34,28,24.85,,,7-2,11140,4
12,,2018,,,2019,아리스타 에스디,신당동,"1,000",중구,6,78,1,18.66,,,160-1,11140,10
13,,2018,,,2019,아리스타 에스디,신당동,"1,000",중구,6,78,6,18.7,,,160-1,11140,15
14,,2003,,,2019,(340-123),신당동,"14,500",중구,6,0,8,19.52,,,340-123,11140,5
15,,2004,,,2019,JK오피스텔,신당동,"9,000",중구,6,0,15,22.75,,,353-22,11140,3
16,,2004,,,2019,JK오피스텔,신당동,"5,000",중구,6,30,17,22.75,,,353-22,11140,2
17,,2005,,,2019,남산정은스카이,신당동,"18,000",중구,6,0,21,29.93,,,366-126,11140,2
18,,2016,,,2019,신당역솔하임,신당동,"1,000",중구,6,70,22,18.6,,,140-23,11140,10
19,,2018,,,2019,아리스타 에스디,신당동,"3,000",중구,6,66,24,18.66,,,160-1,11140,12
20,,2014,,,2019,신당아르브,신당동,"1,000",중구,6,63,25,21.31,,,160-5,11140,14
21,,2005,,,2019,남산정은스카이,신당동,"5,000",중구,6,50,25,29.93,,,366-126,11140,5
22,,2014,,,2019,신당아르브,신당동,"1,000",중구,6,65,26,21.31,,,160-5,11140,17
23,,2014,,,2019,신당아르브,신당동,"16,000",중구,6,0,26,21.31,,,160-5,11140,10
24,,2004,,,2019,JK오피스텔,신당동,"9,000",중구,6,0,27,22.75,,,353-22,11140,2
25,,2005,,,2019,남산정은스카이,신당동,"4,000",중구,6,60,28,29.93,,,366-126,11140,4
26,,2018,,,2019,위더스하임,흥인동,"24,500",중구,6,0,5,29.76,,,142-1,11140,2
27,,2016,,,2019,동대문솔하임,흥인동,"22,000",중구,6,0,22,24.29,,,8,11140,7
28,,2017,,,2019,(1079),황학동,"25,500",중구,6,0,1,42.19,,,1079,11140,4
29,,2014,,,2019,DUO302,황학동,"1,000",중구,6,60,3,22.52,,,819,11140,2
30,,2013,,,2019,한양 I-Class,황학동,"3,000",중구,6,48,3,19.05,,,787,11140,10
31,,,,,2019,주건축물제1동,황학동,"14,500",중구,6,0,5,20.78,,,19,11140,9
32,,2004,,,2019,올리브1,황학동,"3,000",중구,6,40,5,25.05,,,808,11140,13
33,,2013,,,2019,한양 I-Class,황학동,"1,000",중구,6,55,6,19.05,,,787,11140,11
34,,2013,,,2019,한양 I-Class,황학동,"1,000",중구,6,58,8,19.05,,,787,11140,11
35,,2004,,,2019,올리브1,황학동,"1,000",중구,6,50,8,25.05,,,808,11140,14
36,,,,,2019,주건축물제1동,황학동,"15,000",중구,6,0,8,21.32,,,19,11140,5
37,,2004,,,2019,올리브1,황학동,500,중구,6,50,8,25.05,,,808,11140,12
38,,2019,,,2019,테인트리즈,황학동,"25,500",중구,6,0,10,37.57,,,1087,11140,5
39,,2014,,,2019,DUO302,황학동,"1,000",중구,6,30,11,22.52,,,819,11140,3
40,,2003,,,2019,중앙시티빌,황학동,"1,000",중구,6,55,11,24.99,,,805,11140,13
41,,2019,,,2019,테인트리즈,황학동,"25,000",중구,6,0,11,38.26,,,1087,11140,2
42,,2014,,,2019,DUO302,황학동,"3,000",중구,6,50,12,22.52,,,819,11140,10
43,,2015,,,2019,(1546),황학동,"20,000",중구,6,0,12,39.57,,,1546,11140,2
44,,2004,,,2019,신당역올리브2,황학동,"1,000",중구,6,50,12,23.82,,,2484,11140,6
45,,2013,,,2019,한양 I-Class,황학동,"1,000",중구,6,55,13,19.05,,,787,11140,4
46,,,,,2019,밸류 에스엘,황학동,"1,000",중구,6,100,14,41.51,,,1496,11140,5
47,,2014,,,2019,DUO302,황학동,"3,000",중구,6,55,14,22.52,,,819,11140,6
48,,2013,,,2019,한양 I-Class,황학동,"12,500",중구,6,0,17,19.05,,,787,11140,5
49,,2004,,,2019,올리브1,황학동,"1,000",중구,6,50,18,25.05,,,808,11140,7
50,,2017,,,2019,주건축물제1동,황학동,"31,500",중구,6,0,19,57.81,,,1452,11140,9
51,,2017,,,2019,주건축물제1동,황학동,"33,000",중구,6,0,19,57.81,,,1452,11140,11
52,,2013,,,2019,한양 I-Class,황학동,"12,000",중구,6,0,19,19.05,,,787,11140,11
53,,2014,,,2019,블루카운티Ⅱ,황학동,"25,000",중구,6,0,20,49.43,,,1628,11140,3
54,,2014,,,2019,DUO302,황학동,"3,000",중구,6,55,21,22.52,,,819,11140,11
55,,2019,,,2019,테인트리즈,황학동,"25,500",중구,6,0,21,37.57,,,1087,11140,3
56,,2014,,,2019,DUO302,황학동,"15,000",중구,6,0,21,23.06,,,819,11140,7
57,,2017,,,2019,(1079),황학동,"10,000",중구,6,40,21,29.16,,,1079,11140,4
58,,2013,,,2019,한양 I-Class,황학동,"3,000",중구,6,48,22,19.05,,,787,11140,8
59,,2017,,,2019,(1079),황학동,"6,000",중구,6,80,22,46.03,,,1079,11140,3
60,,2004,,,2019,신당역올리브2,황학동,"15,000",중구,6,0,22,23.82,,,2484,11140,4
61,,2017,,,2019,주건축물제1동,황학동,"33,000",중구,6,0,24,59.01,,,1452,11140,6
62,,2019,,,2019,청계리버팰리스A,황학동,"25,000",중구,6,0,25,44.4,,,2033,11140,2
63,,2014,,,2019,DUO302,황학동,"3,000",중구,6,53,26,22.52,,,819,11140,12
64,,2014,,,2019,DUO302,황학동,"16,000",중구,6,0,27,22.52,,,819,11140,16
65,,2018,,,2019,위너빌(Winnervill),황학동,"20,000",중구,6,0,28,33.41,,,1200,11140,2
66,,2016,,,2019,덕수궁롯데캐슬,순화동,"2,000",중구,6,105,27,41.14,,,217,11140,5
67,,2005,,,2019,바비엥-2,의주로1가,"22,000",중구,6,0,14,29.48,,,25-10,11140,7
68,,2006,,,2019,브라운스톤서울,중림동,"38,000",중구,6,0,10,68.04,,,355,11140,12
69,,2005,,,2019,서울역 디오빌,만리동1가,"10,000",중구,6,70,4,56.17,,,62-7,11140,7
70,,2004,,,2019,KCC 파크타운,만리동2가,"39,000",중구,6,0,15,66.47,,,11-1,11140,6
0,,2016,,,2019,충무로엘크루메트로시티2,충무로5가,"3,000",중구,7,105,8,37.07,,,36-2,11140,13
1,,2016,,,2019,충무로엘크루메트로시티2,충무로5가,"5,000",중구,7,50,24,23.03,,,36-2,11140,15
2,,2005,,,2019,성진오피스텔,광희동2가,"7,000",중구,7,10,23,22.8,,,194-1,11140,3
3,,2019,,,2019,을지 웰 라이프,을지로4가,"24,500",중구,7,0,5,32.63,,,187-9,11140,6
4,,2019,,,2019,을지 웰 라이프,을지로4가,"25,000",중구,7,0,27,32.63,,,187-9,11140,8
5,,2018,,,2019,이지마루 오장,오장동,"25,000",중구,7,0,13,34.52,,,206-34,11140,5
6,,2018,,,2019,이지마루 오장,오장동,"1,000",중구,7,100,16,34.55,,,206-34,11140,4
7,,2014,,,2019,코발트팰리스,오장동,"1,000",중구,7,63,31,20.36,,,90-24,11140,14
8,,2018,,,2019,제이매크로 타워,저동2가,"5,000",중구,7,75,1,24.85,,,7-2,11140,7
9,,2018,,,2019,제이매크로 타워,저동2가,"5,000",중구,7,55,5,19.35,,,7-2,11140,12
10,,2018,,,2019,제이매크로 타워,저동2가,"1,000",중구,7,85,6,22.6,,,7-2,11140,13
11,,2018,,,2019,제이매크로 타워,저동2가,"18,000",중구,7,0,20,19.35,,,7-2,11140,9
12,,2014,,,2019,신당아르브,신당동,"16,000",중구,7,0,1,21.31,,,160-5,11140,16
13,,2016,,,2019,신당역솔하임,신당동,"17,000",중구,7,0,1,18.8,,,140-23,11140,6
14,,2014,,,2019,신당아르브,신당동,"15,200",중구,7,0,1,21.31,,,160-5,11140,8
15,,2003,,,2019,(340-123),신당동,"15,000",중구,7,0,1,22.4,,,340-123,11140,4
16,,2018,,,2019,대현프리몰,신당동,"1,000",중구,7,64,1,18.18,,,421-1,11140,7
17,,2014,,,2019,신당아르브,신당동,"16,000",중구,7,0,3,21.31,,,160-5,11140,13
18,,2015,,,2019,승리빌딩,신당동,"5,000",중구,7,45,8,18.73,,,309-45,11140,7
19,,2014,,,2019,신당아르브,신당동,"16,000",중구,7,0,9,21.31,,,160-5,11140,13
20,,2004,,,2019,신당동 오피스텔,신당동,"5,000",중구,7,0,10,13.84,,,294-64,11140,5
21,,2014,,,2019,신당아르브,신당동,"4,000",중구,7,45,25,21.31,,,160-5,11140,8
22,,2018,,,2019,아리스타 에스디,신당동,"1,000",중구,7,73,27,18.66,,,160-1,11140,5
23,,2014,,,2019,신당아르브,신당동,"15,800",중구,7,0,30,21.31,,,160-5,11140,16
24,,2014,,,2019,청계천 두산위브더제니스,흥인동,"15,000",중구,7,80,12,59.91,,,13-1,11140,10
25,,2014,,,2019,청계천 두산위브더제니스,흥인동,"1,000",중구,7,130,14,46.74,,,13-1,11140,10
26,,2014,,,2019,청계천 두산위브더제니스,흥인동,"94,000",중구,7,0,27,46.74,,,13-1,11140,21
27,,2014,,,2019,DUO302,황학동,"5,000",중구,7,45,1,22.52,,,819,11140,9
28,,2014,,,2019,DUO302,황학동,"10,000",중구,7,23,1,22.52,,,819,11140,5
29,,2019,,,2019,테인트리즈,황학동,"25,500",중구,7,0,1,38.41,,,1087,11140,5
30,,2014,,,2019,아미인,황학동,500,중구,7,65,1,24.15,,,836,11140,4
31,,2019,,,2019,테인트리즈,황학동,"25,500",중구,7,0,2,37.57,,,1087,11140,2
32,,2004,,,2019,올리브1,황학동,"1,000",중구,7,60,5,23.73,,,808,11140,3
33,,2004,,,2019,신당역올리브2,황학동,"1,000",중구,7,50,9,23.82,,,2484,11140,10
34,,2013,,,2019,한양 I-Class,황학동,"1,000",중구,7,56,11,19.05,,,787,11140,12
35,,2019,,,2019,테인트리즈,황학동,"26,000",중구,7,0,12,38.07,,,1087,11140,6
36,,2016,,,2019,하늘드리움2차,황학동,"3,000",중구,7,90,13,38.31,,,876,11140,3
37,,2018,,,2019,동광팰리스,황학동,"23,000",중구,7,0,16,36.6,,,1572,11140,4
38,,,,,2019,주건축물제1동,황학동,"15,000",중구,7,0,16,20.78,,,19,11140,8
39,,2019,,,2019,테인트리즈,황학동,"25,500",중구,7,0,16,38.07,,,1087,11140,5
40,,2014,,,2019,DUO302,황학동,"1,000",중구,7,65,17,22.52,,,819,11140,13
41,,2019,,,2019,테인트리즈,황학동,"25,000",중구,7,0,17,38.41,,,1087,11140,3
42,,2019,,,2019,테인트리즈,황학동,"25,500",중구,7,0,17,38.41,,,1087,11140,4
43,,2017,,,2019,주건축물제1동,황학동,"3,000",중구,7,90,18,41.58,,,1452,11140,10
44,,2013,,,2019,한양 I-Class,황학동,"17,000",중구,7,0,19,29.64,,,787,11140,4
45,,2013,,,2019,한양 I-Class,황학동,"2,000",중구,7,50,20,19.05,,,787,11140,2
46,,2019,,,2019,테인트리즈,황학동,"25,500",중구,7,0,20,38.41,,,1087,11140,2
47,,2004,,,2019,올리브1,황학동,"12,000",중구,7,0,21,25.05,,,808,11140,8
48,,2017,,,2019,(2022),황학동,"26,000",중구,7,0,23,46.68,,,2022,11140,7
49,,2016,,,2019,하늘드리움2차,황학동,"23,500",중구,7,0,24,38.31,,,876,11140,6
50,,,,,2019,주건축물제1동,황학동,"16,000",중구,7,0,25,21.32,,,19,11140,10
51,,2014,,,2019,DUO302,황학동,"4,000",중구,7,50,26,22.52,,,819,11140,19
52,,2014,,,2019,블루카운티Ⅱ,황학동,"2,000",중구,7,100,27,49.43,,,1628,11140,8
53,,2017,,,2019,(2022),황학동,"24,000",중구,7,0,27,42.53,,,2022,11140,7
54,,2016,,,2019,덕수궁롯데캐슬,순화동,"1,000",중구,7,110,12,38.79,,,217,11140,8
55,,2016,,,2019,덕수궁롯데캐슬,순화동,"27,000",중구,7,15,24,41.14,,,217,11140,5
56,,2005,,,2019,서울역 디오빌,만리동1가,"38,000",중구,7,0,22,56.17,,,62-7,11140,8
57,,2004,,,2019,KCC 파크타운,만리동2가,"40,000",중구,7,0,12,66.47,,,11-1,11140,15
58,,2004,,,2019,KCC 파크타운,만리동2가,"39,000",중구,7,0,27,66.47,,,11-1,11140,14
0,,2007,,,2019,명동 엠퍼스트플레이스,충무로2가,"20,000",중구,8,0,27,18.6,,,48-2,11140,10
1,,2007,,,2019,명동 엠퍼스트플레이스,충무로2가,"22,000",중구,8,0,27,20.28,,,48-2,11140,10
2,,2016,,,2019,충무로엘크루메트로시티2,충무로5가,"17,000",중구,8,0,10,23.03,,,36-2,11140,10
3,,2016,,,2019,충무로엘크루메트로시티2,충무로5가,"1,000",중구,8,68,19,23.03,,,36-2,11140,9
4,,2019,,,2019,을지 웰 라이프,을지로4가,"24,000",중구,8,0,1,29.93,,,187-9,11140,4
5,,2019,,,2019,을지 웰 라이프,을지로4가,"2,000",중구,8,120,7,34.59,,,187-9,11140,4
6,,2019,,,2019,을지 웰 라이프,을지로4가,"24,500",중구,8,0,9,29.93,,,187-9,11140,9
7,,2019,,,2019,을지 웰 라이프,을지로4가,"26,000",중구,8,0,16,34.59,,,187-9,11140,5
8,,2019,,,2019,을지 웰 라이프,을지로4가,"23,000",중구,8,0,20,32.63,,,187-9,11140,3
9,,2019,,,2019,을지 웰 라이프,을지로4가,"24,500",중구,8,0,20,34.59,,,187-9,11140,3
10,,2019,,,2019,을지 웰 라이프,을지로4가,"24,000",중구,8,0,30,34.59,,,187-9,11140,2
11,,2019,,,2019,을지 웰 라이프,을지로4가,"24,000",중구,8,0,31,34.59,,,187-9,11140,2
12,,2014,,,2019,코발트팰리스,오장동,"13,000",중구,8,0,3,20.36,,,90-24,11140,12
13,,2014,,,2019,코발트팰리스,오장동,"13,000",중구,8,0,16,20.36,,,90-24,11140,12
14,,2018,,,2019,이지마루 오장,오장동,"25,000",중구,8,0,29,34.52,,,206-34,11140,5
15,,2013,,,2019,엘크루 메트로시티,충무로3가,"1,000",중구,8,85,21,28.1,,,49,11140,10
16,,2013,,,2019,엘크루 메트로시티,충무로3가,"1,000",중구,8,89,21,28.1,,,49,11140,10
17,,2013,,,2019,엘크루 메트로시티,충무로3가,"21,000",중구,8,0,23,26.27,,,49,11140,7
18,,2013,,,2019,엘크루 메트로시티,충무로3가,"30,000",중구,8,0,30,44.55,,,49,11140,7
19,,2018,,,2019,제이매크로 타워,저동2가,"1,000",중구,8,75,26,19.35,,,7-2,11140,8
20,,2003,,,2019,(340-123),신당동,"15,000",중구,8,0,1,22.4,,,340-123,11140,4
21,,2006,,,2019,(340-73),신당동,"16,000",중구,8,0,5,36.92,,,340-73,11140,7
22,,2003,,,2019,(340-123),신당동,"14,000",중구,8,0,9,20.1,,,340-123,11140,5
23,,2014,,,2019,신당아르브,신당동,"16,000",중구,8,0,10,21.31,,,160-5,11140,11
24,,2018,,,2019,아리스타 에스디,신당동,"5,000",중구,8,52,14,18.66,,,160-1,11140,4
25,,2018,,,2019,대현프리몰,신당동,"1,000",중구,8,62,14,18.18,,,421-1,11140,4
26,,2018,,,2019,아리스타 에스디,신당동,"2,000",중구,8,70,16,18.66,,,160-1,11140,11
27,,2016,,,2019,신당역솔하임,신당동,"1,000",중구,8,90,17,26.72,,,140-23,11140,6
28,,2014,,,2019,신당아르브,신당동,"16,000",중구,8,0,19,21.31,,,160-5,11140,13
29,,2006,,,2019,(340-73),신당동,"16,000",중구,8,0,24,41.7,,,340-73,11140,7
30,,2016,,,2019,신당역솔하임,신당동,"8,000",중구,8,30,29,18.8,,,140-23,11140,10
31,,2016,,,2019,리마크빌 동대문,흥인동,"1,000",중구,8,79,2,24.65,,,86,11140,16
32,,2016,,,2019,리마크빌 동대문,흥인동,"1,000",중구,8,82,6,28.62,,,86,11140,8
33,,2019,,,2019,유진빌딩,무학동,"1,000",중구,8,77,29,18.46,,,7-1,11140,6
34,,2014,,,2019,아미인,황학동,"16,500",중구,8,0,1,24.15,,,836,11140,3
35,,2013,,,2019,블루카운티,황학동,"21,000",중구,8,0,1,42.84,,,1519,11140,4
36,,,,,2019,밸류 에스엘,황학동,"23,000",중구,8,0,2,41.51,,,1496,11140,3
37,,2014,,,2019,DUO302,황학동,"11,000",중구,8,12,3,22.52,,,819,11140,10
38,,2004,,,2019,신당역올리브2,황학동,"1,000",중구,8,65,4,26.47,,,2484,11140,15
39,,2004,,,2019,신당역올리브2,황학동,"2,000",중구,8,55,5,23.82,,,2484,11140,3
40,,2013,,,2019,한양 I-Class,황학동,"11,000",중구,8,0,6,19.05,,,787,11140,3
41,,2017,,,2019,주건축물제1동,황학동,"24,000",중구,8,0,7,41.58,,,1452,11140,9
42,,2015,,,2019,(1542),황학동,"18,000",중구,8,0,8,36.49,,,1542,11140,5
43,,2013,,,2019,한양 I-Class,황학동,"11,400",중구,8,0,9,19.05,,,787,11140,11
44,,2014,,,2019,아미인,황학동,"2,000",중구,8,60,10,24.15,,,836,11140,4
45,,2014,,,2019,DUO302,황학동,"1,000",중구,8,65,10,22.52,,,819,11140,4
46,,2015,,,2019,(1546),황학동,"4,000",중구,8,80,11,40.74,,,1546,11140,4
47,,2018,,,2019,청계 블루카운티,황학동,"1,000",중구,8,80,13,25.04,,,1720,11140,6
48,,2019,,,2019,소미골드라인,황학동,"24,500",중구,8,0,13,39.14,,,951,11140,4
49,,2014,,,2019,아미인,황학동,"12,500",중구,8,0,14,18.23,,,836,11140,3
50,,2014,,,2019,아미인,황학동,"12,500",중구,8,0,14,18.23,,,836,11140,7
51,,2014,,,2019,아미인,황학동,"12,500",중구,8,0,17,18.41,,,836,11140,5
52,,2019,,,2019,소미골드라인,황학동,"24,500",중구,8,0,19,36.26,,,951,11140,7
53,,2019,,,2019,소미골드라인,황학동,"23,500",중구,8,0,20,33.58,,,951,11140,7
54,,2013,,,2019,한양 I-Class,황학동,"1,500",중구,8,50,20,19.05,,,787,11140,3
55,,,,,2019,주건축물제1동,황학동,"15,500",중구,8,0,21,23.23,,,19,11140,2
56,,2013,,,2019,한양 I-Class,황학동,"3,000",중구,8,45,21,19.05,,,787,11140,10
57,,2013,,,2019,한양 I-Class,황학동,"19,000",중구,8,0,21,29.64,,,787,11140,9
58,,2013,,,2019,한양 I-Class,황학동,"12,000",중구,8,0,22,19.05,,,787,11140,4
59,,2019,,,2019,소미골드라인,황학동,"24,000",중구,8,0,23,36.31,,,951,11140,4
60,,2004,,,2019,올리브1,황학동,"3,000",중구,8,45,23,23.73,,,808,11140,13
61,,2017,,,2019,주건축물제1동,황학동,"33,000",중구,8,0,23,57.81,,,1452,11140,11
62,,,,,2019,주건축물제1동,황학동,"16,000",중구,8,0,24,23.81,,,19,11140,5
63,,2013,,,2019,한양 I-Class,황학동,"1,000",중구,8,58,24,19.05,,,787,11140,5
64,,2014,,,2019,다올 노블리움 B동,황학동,"2,000",중구,8,45,26,22.44,,,1744-1,11140,2
65,,2017,,,2019,(2022),황학동,"23,500",중구,8,0,30,41.75,,,2022,11140,10
66,,2013,,,2019,한양 I-Class,황학동,"12,000",중구,8,0,31,19.05,,,787,11140,9
67,,2014,,,2019,DUO302,황학동,"3,000",중구,8,55,31,22.52,,,819,11140,4
68,,2016,,,2019,덕수궁롯데캐슬,순화동,"1,000",중구,8,108,27,41.14,,,217,11140,10
69,,2006,,,2019,브라운스톤서울,중림동,"22,000",중구,8,0,6,30.99,,,355,11140,4
70,,2006,,,2019,브라운스톤서울,중림동,"60,000",중구,8,0,13,113.2,,,355,11140,13
71,,2004,,,2019,KCC 파크타운,만리동2가,"10,000",중구,8,40,9,32.02,,,11-1,11140,14
72,,2004,,,2019,KCC 파크타운,만리동2가,"20,000",중구,8,0,9,32.02,,,11-1,11140,9
73,,2004,,,2019,KCC 파크타운,만리동2가,"14,000",중구,8,25,14,32.02,,,11-1,11140,7
0,,2007,,,2019,명동 엠퍼스트플레이스,충무로2가,"20,000",중구,9,0,4,20.28,,,48-2,11140,4
1,,2007,,,2019,명동 엠퍼스트플레이스,충무로2가,"20,000",중구,9,0,17,18.6,,,48-2,11140,12
2,,2007,,,2019,명동 엠퍼스트플레이스,충무로2가,"22,000",중구,9,0,18,20.28,,,48-2,11140,10
3,,2007,,,2019,명동 엠퍼스트플레이스,충무로2가,"20,000",중구,9,0,18,20.28,,,48-2,11140,9
4,,2007,,,2019,명동 엠퍼스트플레이스,충무로2가,"20,000",중구,9,0,18,20.28,,,48-2,11140,10
5,,2007,,,2019,명동 엠퍼스트플레이스,충무로2가,"5,000",중구,9,55,20,18.6,,,48-2,11140,11
6,,2007,,,2019,명동 엠퍼스트플레이스,충무로2가,"19,000",중구,9,0,21,20.28,,,48-2,11140,10
7,,2007,,,2019,명동 엠퍼스트플레이스,충무로2가,"5,000",중구,9,60,21,21.52,,,48-2,11140,10
8,,2007,,,2019,명동 엠퍼스트플레이스,충무로2가,"19,000",중구,9,0,24,18.6,,,48-2,11140,11
9,,2007,,,2019,명동 엠퍼스트플레이스,충무로2가,"3,000",중구,9,60,24,18.6,,,48-2,11140,4
10,,2007,,,2019,명동 엠퍼스트플레이스,충무로2가,"3,000",중구,9,60,25,18.6,,,48-2,11140,10
11,,2007,,,2019,명동 엠퍼스트플레이스,충무로2가,"20,000",중구,9,0,28,20.28,,,48-2,11140,9
12,,2007,,,2019,명동 엠퍼스트플레이스,충무로2가,"20,000",중구,9,0,29,18.6,,,48-2,11140,12
13,,2007,,,2019,명동 엠퍼스트플레이스,충무로2가,"17,500",중구,9,0,30,18.6,,,48-2,11140,5
14,,2016,,,2019,충무로엘크루메트로시티2,충무로5가,"17,500",중구,9,0,3,23.03,,,36-2,11140,17
15,,2016,,,2019,충무로엘크루메트로시티2,충무로5가,"1,000",중구,9,70,21,23.03,,,36-2,11140,17
16,,2004,,,2019,타임캐슬 오피스텔,을지로6가,"13,000",중구,9,0,3,23.27,,,23,11140,5
17,,2019,,,2019,동원스위트을지,을지로6가,"24,000",중구,9,0,5,36.98,,,48,11140,5
18,,2013,,,2019,엘크루 메트로시티,충무로3가,"10,000",중구,9,40,18,26.65,,,49,11140,8
19,,2013,,,2019,엘크루 메트로시티,충무로3가,"22,000",중구,9,0,20,28.1,,,49,11140,10
20,,2018,,,2019,제이매크로 타워,저동2가,"17,500",중구,9,0,8,19.35,,,7-2,11140,13
21,,2018,,,2019,제이매크로 타워,저동2가,"17,760",중구,9,10,9,22.47,,,7-2,11140,7
22,,2018,,,2019,제이매크로 타워,저동2가,"1,000",중구,9,75,18,19.35,,,7-2,11140,9
23,,2018,,,2019,제이매크로 타워,저동2가,"17,150",중구,9,0,19,19.35,,,7-2,11140,13
24,,2018,,,2019,제이매크로 타워,저동2가,"17,500",중구,9,0,21,19.35,,,7-2,11140,14
25,,2018,,,2019,아리스타 에스디,신당동,"1,000",중구,9,73,5,18.66,,,160-1,11140,4
26,,2014,,,2019,신당아르브,신당동,"15,500",중구,9,0,5,21.31,,,160-5,11140,16
27,,2014,,,2019,신당아르브,신당동,"1,000",중구,9,65,5,21.31,,,160-5,11140,16
28,,2014,,,2019,신당아르브,신당동,"3,000",중구,9,55,9,21.31,,,160-5,11140,14
29,,2015,,,2019,남산더힐B동,신당동,"23,000",중구,9,0,10,36.7,,,420-23,11140,6
30,,2003,,,2019,(340-123),신당동,"14,000",중구,9,0,16,20.89,,,340-123,11140,2
31,,2014,,,2019,신당아르브,신당동,"15,400",중구,9,0,20,21.31,,,160-5,11140,8
32,,2003,,,2019,(340-123),신당동,"6,500",중구,9,30,24,22.4,,,340-123,11140,2
33,,2018,,,2019,아리스타 에스디,신당동,"1,000",중구,9,76,25,18.7,,,160-1,11140,10
34,,2018,,,2019,아리스타 에스디,신당동,"1,000",중구,9,77,28,18.7,,,160-1,11140,13
35,,2018,,,2019,대현프리몰,신당동,"1,000",중구,9,78,30,26.37,,,421-1,11140,4
36,,2014,,,2019,청계천 두산위브더제니스,흥인동,"50,000",중구,9,200,10,46.23,,,13-1,11140,4
37,,2014,,,2019,동대문 와이즈 캐슬,흥인동,"13,000",중구,9,0,25,21.35,,,119,11140,2
38,,2016,,,2019,리마크빌 동대문,흥인동,"1,000",중구,9,82,26,28.62,,,86,11140,6
39,,2017,,,2019,(1079),황학동,"26,000",중구,9,0,2,46.03,,,1079,11140,2
40,,2001,,,2019,골든빌,황학동,"10,500",중구,9,0,3,23.52,,,1752,11140,8
41,,2014,,,2019,DUO302,황학동,"15,000",중구,9,0,3,23.06,,,819,11140,2
42,,2018,,,2019,청계 블루카운티,황학동,"38,000",중구,9,0,4,66.86,,,1720,11140,8
43,,2018,,,2019,동광팰리스,황학동,"23,000",중구,9,0,6,36.6,,,1572,11140,5
44,,2004,,,2019,올리브1,황학동,"1,000",중구,9,65,6,25.05,,,808,11140,4
45,,2004,,,2019,올리브1,황학동,500,중구,9,70,7,25.05,,,808,11140,3
46,,2013,,,2019,한양 I-Class,황학동,"1,000",중구,9,55,7,19.05,,,787,11140,5
47,,2017,,,2019,(2022),황학동,"1,000",중구,9,45,9,19.58,,,2022,11140,11
48,,2015,,,2019,(1546),황학동,"1,500",중구,9,92,9,39.57,,,1546,11140,6
49,,2019,,,2019,테인트리즈,황학동,"24,500",중구,9,0,16,38.07,,,1087,11140,3
50,,2017,,,2019,주건축물제1동,황학동,"32,500",중구,9,0,17,57.81,,,1452,11140,5
51,,2014,,,2019,DUO302,황학동,"1,000",중구,9,65,17,22.52,,,819,11140,2
52,,2014,,,2019,DUO302,황학동,"1,000",중구,9,65,19,22.52,,,819,11140,18
53,,2017,,,2019,더큐브,황학동,"23,000",중구,9,0,19,33.75,,,893,11140,4
54,,2019,,,2019,소미골드라인,황학동,"24,500",중구,9,0,20,36.14,,,955,11140,6
55,,2019,,,2019,소미골드라인,황학동,"23,500",중구,9,0,20,33.98,,,955,11140,6
56,,2019,,,2019,소미골드라인,황학동,"24,500",중구,9,0,20,36.14,,,955,11140,5
57,,2017,,,2019,주건축물제1동,황학동,"34,600",중구,9,0,20,59.01,,,1452,11140,10
58,,2014,,,2019,다올 노블리움 B동,황학동,"2,000",중구,9,100,23,48.31,,,1744-1,11140,6
59,,2019,,,2019,소미골드라인,황학동,"24,500",중구,9,0,23,39.14,,,951,11140,5
60,,2019,,,2019,소미골드라인,황학동,"23,500",중구,9,0,23,33.98,,,955,11140,5
61,,,,,2019,밸류 에스엘,황학동,"24,000",중구,9,0,23,42.7,,,1496,11140,4
62,,2003,,,2019,중앙시티빌,황학동,"12,000",중구,9,0,24,25,,,805,11140,13
63,,2019,,,2019,소미골드라인,황학동,"24,500",중구,9,0,24,36.36,,,955,11140,5
64,,2010,,,2019,황학동 코아루,황학동,"1,000",중구,9,110,24,48.73,,,882,11140,3
65,,2019,,,2019,소미골드라인,황학동,"24,500",중구,9,0,25,35.93,,,955,11140,6
66,,2004,,,2019,신당역올리브2,황학동,500,중구,9,60,27,23.82,,,2484,11140,13
67,,2019,,,2019,소미골드라인,황학동,"23,400",중구,9,0,27,33.58,,,951,11140,5
68,,2014,,,2019,DUO302,황학동,"15,700",중구,9,0,27,22.52,,,819,11140,8
69,,2004,,,2019,신당역올리브2,황학동,"2,000",중구,9,50,27,23.82,,,2484,11140,5
70,,2014,,,2019,DUO302,황학동,"16,000",중구,9,0,27,22.52,,,819,11140,8
71,,2019,,,2019,소미골드라인,황학동,"23,500",중구,9,0,27,33.58,,,951,11140,5
72,,2019,,,2019,소미골드라인,황학동,"24,000",중구,9,0,28,36.26,,,951,11140,3
73,,2004,,,2019,올리브1,황학동,"6,000",중구,9,30,29,23.73,,,808,11140,7
74,,2019,,,2019,소미골드라인,황학동,"24,500",중구,9,0,30,35.93,,,955,11140,5
75,,2010,,,2019,황학동 코아루,황학동,"10,000",중구,9,50,30,41.68,,,882,11140,5
76,,2004,,,2019,신당역올리브2,황학동,"1,000",중구,9,55,30,23.82,,,2484,11140,5
77,,2003,,,2019,바비엥-1,의주로1가,"43,000",중구,9,0,23,95.39,,,32-2,11140,6
78,,2005,,,2019,바비엥-2,의주로1가,"24,000",중구,9,0,23,40.22,,,25-10,11140,5
79,,2005,,,2019,바비엥-2,의주로1가,"24,000",중구,9,0,29,37.1,,,25-10,11140,19
80,,2006,,,2019,브라운스톤서울,중림동,"40,000",중구,9,0,16,62.82,,,355,11140,12
81,,2006,,,2019,브라운스톤서울,중림동,"45,000",중구,9,0,19,68.04,,,355,11140,25
82,,2005,,,2019,서울역 디오빌,만리동1가,"1,000",중구,9,120,9,56.17,,,62-7,11140,5
0,,2007,,,2019,명동 엠퍼스트플레이스,충무로2가,"19,000",중구,10,0,2,20.28,,,48-2,11140,7
1,,2007,,,2019,명동 엠퍼스트플레이스,충무로2가,"20,000",중구,10,0,2,21.52,,,48-2,11140,9
2,,2007,,,2019,명동 엠퍼스트플레이스,충무로2가,"9,000",중구,10,45,4,20.28,,,48-2,11140,8
3,,2007,,,2019,명동 엠퍼스트플레이스,충무로2가,"18,500",중구,10,0,5,18.6,,,48-2,11140,8
4,,2007,,,2019,명동 엠퍼스트플레이스,충무로2가,"48,000",중구,10,0,5,41.29,,,48-2,11140,13
5,,2007,,,2019,명동 엠퍼스트플레이스,충무로2가,"1,000",중구,10,70,7,18.6,,,48-2,11140,2
6,,2007,,,2019,명동 엠퍼스트플레이스,충무로2가,"19,000",중구,10,0,7,18.6,,,48-2,11140,2
7,,2007,,,2019,명동 엠퍼스트플레이스,충무로2가,"20,000",중구,10,0,8,20.28,,,48-2,11140,9
8,,2007,,,2019,명동 엠퍼스트플레이스,충무로2가,"19,000",중구,10,0,9,18.6,,,48-2,11140,8
9,,2007,,,2019,명동 엠퍼스트플레이스,충무로2가,"19,000",중구,10,0,11,18.6,,,48-2,11140,13
10,,2007,,,2019,명동 엠퍼스트플레이스,충무로2가,"7,000",중구,10,50,11,20.28,,,48-2,11140,6
11,,2007,,,2019,명동 엠퍼스트플레이스,충무로2가,500,중구,10,90,12,18.6,,,48-2,11140,11
12,,2007,,,2019,명동 엠퍼스트플레이스,충무로2가,"3,000",중구,10,75,12,20.28,,,48-2,11140,9
13,,2007,,,2019,명동 엠퍼스트플레이스,충무로2가,"3,000",중구,10,60,12,21.52,,,48-2,11140,4
14,,2007,,,2019,명동 엠퍼스트플레이스,충무로2가,"6,000",중구,10,45,15,21.52,,,48-2,11140,5
15,,2007,,,2019,명동 엠퍼스트플레이스,충무로2가,"4,000",중구,10,55,15,20.84,,,48-2,11140,3
16,,2007,,,2019,명동 엠퍼스트플레이스,충무로2가,"18,000",중구,10,0,21,18.6,,,48-2,11140,5
17,,2007,,,2019,명동 엠퍼스트플레이스,충무로2가,"19,000",중구,10,0,21,18.6,,,48-2,11140,3
18,,2007,,,2019,명동 엠퍼스트플레이스,충무로2가,"18,000",중구,10,0,24,18.6,,,48-2,11140,7
19,,2007,,,2019,명동 엠퍼스트플레이스,충무로2가,"3,000",중구,10,60,25,18.6,,,48-2,11140,13
20,,2007,,,2019,명동 엠퍼스트플레이스,충무로2가,"19,000",중구,10,0,27,18.6,,,48-2,11140,7
21,,2007,,,2019,명동 엠퍼스트플레이스,충무로2가,"1,000",중구,10,75,28,18.6,,,48-2,11140,6
22,,2016,,,2019,충무로엘크루메트로시티2,충무로5가,"1,000",중구,10,70,4,23.03,,,36-2,11140,5
23,,2016,,,2019,충무로엘크루메트로시티2,충무로5가,"3,000",중구,10,60,10,23.03,,,36-2,11140,4
24,,,,,2019,동원스위트광희,광희동2가,"24,000",중구,10,0,31,35.55,,,47-2,11140,8
25,,2003,,,2019,정건벨라지오오피스텔,을지로5가,500,중구,10,55,5,21.94,,,20-1,11140,11
26,,2014,,,2019,코발트팰리스,오장동,"22,500",중구,10,0,18,39.35,,,90-24,11140,13
27,,2013,,,2019,엘크루 메트로시티,충무로3가,"23,000",중구,10,0,5,28.1,,,49,11140,17
28,,2013,,,2019,엘크루 메트로시티,충무로3가,"1,000",중구,10,95,7,29.78,,,49,11140,15
29,,2013,,,2019,엘크루 메트로시티,충무로3가,"23,000",중구,10,0,29,26.27,,,49,11140,12
30,,2018,,,2019,제이매크로 타워,저동2가,"1,000",중구,10,80,26,19.35,,,7-2,11140,7
31,,2004,,,2019,JK오피스텔,신당동,"5,000",중구,10,30,3,22.75,,,353-22,11140,3
32,,2014,,,2019,신당아르브,신당동,"3,000",중구,10,50,13,21.31,,,160-5,11140,10
33,,2014,,,2019,신당아르브,신당동,"16,000",중구,10,0,15,21.31,,,160-5,11140,9
34,,2014,,,2019,신당아르브,신당동,"16,200",중구,10,0,17,21.31,,,160-5,11140,15
35,,2015,,,2019,승리빌딩,신당동,"12,000",중구,10,0,18,22.81,,,309-45,11140,5
36,,2018,,,2019,아리스타 에스디,신당동,"5,000",중구,10,59,22,18.66,,,160-1,11140,13
37,,2014,,,2019,신당아르브,신당동,"16,000",중구,10,0,30,21.31,,,160-5,11140,17
38,,2014,,,2019,청계천 두산위브더제니스,흥인동,"40,000",중구,10,200,8,46.74,,,13-1,11140,15
39,,2014,,,2019,청계천 두산위브더제니스,흥인동,"28,500",중구,10,0,8,39.33,,,13-1,11140,26
40,,2014,,,2019,청계천 두산위브더제니스,흥인동,"4,000",중구,10,84,24,35.77,,,13-1,11140,23
41,,2014,,,2019,청계천 두산위브더제니스,흥인동,"20,000",중구,10,270,26,46.23,,,13-1,11140,13
42,,2019,,,2019,MAVL PLACE,황학동,"16,500",중구,10,0,1,24.43,,,1596,11140,9
43,,2013,,,2019,한양 I-Class,황학동,500,중구,10,60,1,19.05,,,787,11140,2
44,,2014,,,2019,DUO302,황학동,"1,000",중구,10,65,2,22.52,,,819,11140,3
45,,2013,,,2019,한양 I-Class,황학동,"2,000",중구,10,50,4,19.05,,,787,11140,5
46,,2019,,,2019,소미골드라인,황학동,"24,500",중구,10,0,4,36.26,,,951,11140,5
47,,2017,,,2019,(1079),황학동,"26,500",중구,10,0,5,46.03,,,1079,11140,4
48,,2017,,,2019,(1079),황학동,"29,000",중구,10,0,5,49.99,,,1079,11140,4
49,,2017,,,2019,(1079),황학동,"27,000",중구,10,0,7,42.19,,,1079,11140,7
50,,2018,,,2019,청계리버팰리스B,황학동,"23,000",중구,10,0,8,37.26,,,2015,11140,3
51,,2019,,,2019,소미골드라인,황학동,"24,000",중구,10,0,9,33.98,,,955,11140,4
52,,2014,,,2019,DUO302,황학동,"5,000",중구,10,45,9,22.52,,,819,11140,10
53,,2004,,,2019,신당역올리브2,황학동,"2,000",중구,10,50,9,23.82,,,2484,11140,6
54,,2019,,,2019,소미골드라인,황학동,"23,500",중구,10,0,9,33.58,,,951,11140,6
55,,2019,,,2019,소미골드라인,황학동,"24,500",중구,10,0,11,39.14,,,951,11140,2
56,,2018,,,2019,청계 블루카운티,황학동,"18,900",중구,10,0,11,25.04,,,1720,11140,3
57,,2013,,,2019,한양 I-Class,황학동,"13,000",중구,10,0,11,19.05,,,787,11140,3
58,,2014,,,2019,아미인,황학동,"13,000",중구,10,0,12,18.62,,,836,11140,3
59,,2004,,,2019,올리브1,황학동,"2,000",중구,10,50,12,25.05,,,808,11140,10
60,,2019,,,2019,소미골드라인,황학동,"24,500",중구,10,0,13,36.36,,,955,11140,6
61,,2014,,,2019,다올노블리움A동,황학동,"1,000",중구,10,95,14,44.8,,,1744,11140,4
62,,2019,,,2019,소미골드라인,황학동,"23,500",중구,10,0,15,33.58,,,951,11140,4
63,,2003,,,2019,중앙시티빌,황학동,"1,000",중구,10,55,16,24.99,,,805,11140,7
64,,,,,2019,주건축물제1동,황학동,"15,500",중구,10,0,16,21.32,,,19,11140,4
65,,2019,,,2019,소미골드라인,황학동,"24,000",중구,10,0,17,36.36,,,955,11140,4
66,,2004,,,2019,올리브1,황학동,"12,000",중구,10,0,17,23.73,,,808,11140,13
67,,2019,,,2019,소미골드라인,황학동,"24,000",중구,10,0,18,35.67,,,955,11140,5
68,,2019,,,2019,소미골드라인,황학동,"24,500",중구,10,0,18,36.14,,,955,11140,4
69,,2013,,,2019,한양 I-Class,황학동,"1,000",중구,10,55,19,19.05,,,787,11140,9
70,,2019,,,2019,소미골드라인,황학동,"24,500",중구,10,0,19,35.67,,,955,11140,6
71,,2015,,,2019,(1542),황학동,"5,000",중구,10,90,19,52.1,,,1542,11140,3
72,,2019,,,2019,소미골드라인,황학동,"24,000",중구,10,0,21,36.14,,,955,11140,3
73,,2014,,,2019,아미인,황학동,"13,500",중구,10,0,21,18.23,,,836,11140,5
74,,2013,,,2019,한양 I-Class,황학동,"1,000",중구,10,60,21,19.05,,,787,11140,12
75,,2016,,,2019,신당블루카운티,황학동,"3,000",중구,10,75,22,28.58,,,846,11140,11
76,,2019,,,2019,소미골드라인,황학동,"24,000",중구,10,0,22,36.26,,,951,11140,3
77,,2004,,,2019,신당역올리브2,황학동,500,중구,10,60,22,23.82,,,2484,11140,14
78,,2019,,,2019,소미골드라인,황학동,"24,500",중구,10,0,23,36.31,,,951,11140,7
79,,2003,,,2019,중앙시티빌,황학동,"2,000",중구,10,50,25,24.99,,,805,11140,4
80,,2019,,,2019,소미골드라인,황학동,"24,000",중구,10,0,26,36.26,,,951,11140,2
81,,2019,,,2019,소미골드라인,황학동,"24,000",중구,10,0,29,36.36,,,955,11140,3
82,,2016,,,2019,신당블루카운티,황학동,"3,000",중구,10,100,31,44.66,,,846,11140,7
83,,2016,,,2019,덕수궁롯데캐슬,순화동,"26,460",중구,10,0,2,36.15,,,217,11140,2
84,,2016,,,2019,덕수궁롯데캐슬,순화동,"8,000",중구,10,80,2,41.14,,,217,11140,6
85,,2016,,,2019,덕수궁롯데캐슬,순화동,"34,000",중구,10,0,24,41.14,,,217,11140,8
86,,2016,,,2019,덕수궁롯데캐슬,순화동,"5,000",중구,10,80,26,36.15,,,217,11140,11
87,,2005,,,2019,바비엥-2,의주로1가,"36,000",중구,10,0,17,78.15,,,25-10,11140,9
88,,2005,,,2019,바비엥-2,의주로1가,"24,000",중구,10,0,26,40.22,,,25-10,11140,12
89,,2006,,,2019,브라운스톤서울,중림동,"42,000",중구,10,0,1,62.82,,,355,11140,5
90,,2006,,,2019,브라운스톤서울,중림동,"40,000",중구,10,0,18,68.04,,,355,11140,29
91,,2006,,,2019,브라운스톤서울,중림동,"18,000",중구,10,0,21,30.99,,,355,11140,7
92,,2006,,,2019,브라운스톤서울,중림동,"40,000",중구,10,0,21,62.82,,,355,11140,29
93,,2005,,,2019,서울역 디오빌,만리동1가,"37,000",중구,10,0,5,56.17,,,62-7,11140,5
94,,2005,,,2019,서울역 디오빌,만리동1가,"36,000",중구,10,0,21,56.17,,,62-7,11140,9
95,,2005,,19.11~21.10,2019,서울역 디오빌,만리동1가,"10,000",중구,10,80,28,56.17,,,62-7,11140,3
96,,2005,,,2019,서울역 디오빌,만리동1가,"5,000",중구,10,50,29,27.7,,,62-7,11140,6
97,,2004,,,2019,KCC 파크타운,만리동2가,"20,000",중구,10,0,4,32.02,,,11-1,11140,9
98,,2004,,,2019,KCC 파크타운,만리동2가,"17,000",중구,10,60,14,66.47,,,11-1,11140,10
0,,2007,,,2019,명동 엠퍼스트플레이스,충무로2가,"17,000",중구,11,0,1,18.6,,,48-2,11140,3
1,,2007,,,2019,명동 엠퍼스트플레이스,충무로2가,"3,000",중구,11,75,2,20.28,,,48-2,11140,10
2,,2007,,,2019,명동 엠퍼스트플레이스,충무로2가,"6,000",중구,11,55,2,21.52,,,48-2,11140,6
3,,2007,,,2019,명동 엠퍼스트플레이스,충무로2가,"10,000",중구,11,30,2,18.6,,,48-2,11140,2
4,,2007,,,2019,명동 엠퍼스트플레이스,충무로2가,"6,000",중구,11,60,2,18.6,,,48-2,11140,8
5,,2007,,,2019,명동 엠퍼스트플레이스,충무로2가,"19,000",중구,11,0,5,18.6,,,48-2,11140,7
6,,2007,,,2019,명동 엠퍼스트플레이스,충무로2가,"2,000",중구,11,200,10,41.29,,,48-2,11140,12
7,,2007,,,2019,명동 엠퍼스트플레이스,충무로2가,"5,000",중구,11,60,11,20.28,,,48-2,11140,9
8,,2007,,,2019,명동 엠퍼스트플레이스,충무로2가,"5,000",중구,11,53,11,18.6,,,48-2,11140,4
9,,2007,,,2019,명동 엠퍼스트플레이스,충무로2가,"1,000",중구,11,80,12,21.52,,,48-2,11140,8
10,,2007,,,2019,명동 엠퍼스트플레이스,충무로2가,"6,000",중구,11,60,13,20.84,,,48-2,11140,10
11,,2007,,,2019,명동 엠퍼스트플레이스,충무로2가,"5,000",중구,11,50,15,20.28,,,48-2,11140,5
12,,2007,,,2019,명동 엠퍼스트플레이스,충무로2가,"2,000",중구,11,60,15,17.59,,,48-2,11140,10
13,,2007,,,2019,명동 엠퍼스트플레이스,충무로2가,"35,000",중구,11,0,15,41.29,,,48-2,11140,11
14,,2007,,,2019,명동 엠퍼스트플레이스,충무로2가,"6,000",중구,11,50,17,20.84,,,48-2,11140,2
15,,2007,,,2019,명동 엠퍼스트플레이스,충무로2가,"20,000",중구,11,0,18,20.28,,,48-2,11140,4
16,,2007,,,2019,명동 엠퍼스트플레이스,충무로2가,"4,000",중구,11,60,18,18.6,,,48-2,11140,12
17,,2007,,,2019,명동 엠퍼스트플레이스,충무로2가,"20,000",중구,11,70,23,41.41,,,48-2,11140,11
18,,2007,,,2019,명동 엠퍼스트플레이스,충무로2가,"20,000",중구,11,0,23,18.6,,,48-2,11140,12
19,,2007,,,2019,명동 엠퍼스트플레이스,충무로2가,"7,000",중구,11,45,26,18.6,,,48-2,11140,10
20,,2007,,,2019,명동 엠퍼스트플레이스,충무로2가,"5,000",중구,11,55,27,18.6,,,48-2,11140,11
21,,2007,,,2019,명동 엠퍼스트플레이스,충무로2가,"18,500",중구,11,0,29,20.84,,,48-2,11140,2
22,,2007,,,2019,명동 엠퍼스트플레이스,충무로2가,"3,000",중구,11,60,29,18.6,,,48-2,11140,10
23,,2007,,,2019,명동 엠퍼스트플레이스,충무로2가,"1,000",중구,11,75,30,18.6,,,48-2,11140,6
24,,2016,,,2019,충무로엘크루메트로시티2,충무로5가,"1,000",중구,11,70,18,23.03,,,36-2,11140,9
25,,2016,,,2019,충무로엘크루메트로시티2,충무로5가,"18,000",중구,11,0,26,23.03,,,36-2,11140,10
26,,1999,,,2019,광희동금호트윈 오피스텔,광희동1가,500,중구,11,40,20,19.8,,,89-1,11140,15
27,,2019,,,2019,을지 웰 라이프,을지로4가,"27,500",중구,11,0,23,34.59,,,187-9,11140,10
28,,2014,,,2019,코발트팰리스,오장동,"13,000",중구,11,0,5,20.36,,,90-24,11140,14
29,,2013,,,2019,엘크루 메트로시티,충무로3가,"22,000",중구,11,0,30,26.78,,,49,11140,16
30,,2018,,,2019,제이매크로 타워,저동2가,"5,000",중구,11,55,14,19.35,,,7-2,11140,8
31,,2004,,,2019,JK오피스텔,신당동,"9,500",중구,11,0,11,22.75,,,353-22,11140,3
32,,2018,,,2019,아리스타 에스디,신당동,"1,000",중구,11,75,16,18.66,,,160-1,11140,9
33,,2015,,,2019,승리빌딩,신당동,"3,000",중구,11,55,16,21.09,,,309-45,11140,7
34,,2014,,,2019,신당아르브,신당동,"16,000",중구,11,0,19,21.31,,,160-5,11140,14
35,,2018,,,2019,아리스타 에스디,신당동,"1,000",중구,11,75,21,18.66,,,160-1,11140,10
36,,2006,,,2019,(340-73),신당동,"16,000",중구,11,0,21,35.6,,,340-73,11140,8
37,,2014,,,2019,신당아르브,신당동,"16,000",중구,11,0,21,21.31,,,160-5,11140,14
38,,2004,,,2019,JK오피스텔,신당동,"9,500",중구,11,0,22,22.75,,,353-22,11140,5
39,,2004,,,2019,JK오피스텔,신당동,"5,000",중구,11,30,29,22.75,,,353-22,11140,5
40,,2014,,,2019,동대문 와이즈 캐슬,흥인동,"14,100",중구,11,0,4,19.92,,,119,11140,3
41,,2016,,,2019,리마크빌 동대문,흥인동,"1,000",중구,11,74,6,24.65,,,86,11140,5
42,,2014,,,2019,청계천 두산위브더제니스,흥인동,"3,000",중구,11,100,7,40.89,,,13-1,11140,13
43,,2016,,,2019,리마크빌 동대문,흥인동,"1,000",중구,11,79,7,24.65,,,86,11140,15
44,,2016,,,2019,리마크빌 동대문,흥인동,"1,000",중구,11,77,8,24.96,,,86,11140,9
45,,2016,,,2019,리마크빌 동대문,흥인동,"1,000",중구,11,76,12,24.65,,,86,11140,10
46,,2013,,,2019,(91),흥인동,"17,000",중구,11,0,20,25.01,,,91,11140,4
47,,2013,,,2019,(91),흥인동,"15,000",중구,11,0,21,20.2,,,91,11140,8
48,,2016,,,2019,리마크빌 동대문,흥인동,"1,000",중구,11,78,27,24.65,,,86,11140,18
49,,2014,,,2019,청계천 두산위브더제니스,흥인동,"1,000",중구,11,100,30,34.61,,,13-1,11140,16
50,,2018,,,2019,위더스하임,흥인동,"20,000",중구,11,0,30,24.48,,,142-1,11140,6
51,,2018,,,2019,청계 블루카운티,황학동,"3,000",중구,11,70,1,26.19,,,1720,11140,11
52,,2014,,,2019,아미인,황학동,"16,500",중구,11,0,2,24.15,,,836,11140,6
53,,2019,,,2019,소미골드라인,황학동,"23,000",중구,11,0,5,33.58,,,951,11140,3
54,,2019,,,2019,소미골드라인,황학동,"24,000",중구,11,0,6,35.93,,,955,11140,4
55,,2004,,,2019,올리브1,황학동,"2,000",중구,11,50,6,25.05,,,808,11140,11
56,,2019,,,2019,소미골드라인,황학동,"23,000",중구,11,0,7,33.58,,,951,11140,4
57,,2019,,,2019,더큐브II,황학동,"33,000",중구,11,0,7,58.93,,,1448,11140,6
58,,2019,,,2019,소미골드라인,황학동,"24,000",중구,11,0,8,35.67,,,955,11140,4
59,,2003,,,2019,중앙시티빌,황학동,"1,000",중구,11,55,9,24.5,,,805,11140,6
60,,2013,,,2019,한양 I-Class,황학동,"13,000",중구,11,0,9,19.05,,,787,11140,6
61,,,,,2019,주건축물제1동,황학동,"24,000",중구,11,0,11,41.41,,,19,11140,6
62,,2013,,,2019,한양 I-Class,황학동,"12,000",중구,11,0,11,19.05,,,787,11140,4
63,,2004,,,2019,올리브1,황학동,"2,000",중구,11,50,11,25.05,,,808,11140,13
64,,2014,,,2019,DUO302,황학동,"4,000",중구,11,50,12,23.06,,,819,11140,18
65,,2019,,,2019,테인트리즈,황학동,"25,000",중구,11,0,14,38.07,,,1087,11140,2
66,,2004,,,2019,올리브1,황학동,"1,000",중구,11,55,14,25.05,,,808,11140,13
67,,2019,,,2019,소미골드라인,황학동,"23,500",중구,11,0,15,35.67,,,955,11140,2
68,,2016,,,2019,하늘드리움2차,황학동,"3,000",중구,11,90,17,38.32,,,876,11140,2
69,,2004,,,2019,신당역올리브2,황학동,"1,000",중구,11,55,19,23.82,,,2484,11140,14
70,,2019,,,2019,소미골드라인,황학동,"23,000",중구,11,0,21,33.58,,,951,11140,2
71,,2019,,,2019,소미골드라인,황학동,"24,000",중구,11,0,21,35.93,,,955,11140,3
72,,2014,,,2019,DUO302,황학동,"16,000",중구,11,0,21,22.52,,,819,11140,15
73,,2019,,,2019,소미골드라인,황학동,"24,000",중구,11,0,22,35.93,,,955,11140,2
74,,2004,,,2019,올리브1,황학동,"1,000",중구,11,65,22,23.73,,,808,11140,4
75,,2016,,,2019,하늘드리움2차,황학동,"3,000",중구,11,90,23,38.32,,,876,11140,5
76,,2014,,,2019,DUO302,황학동,"16,000",중구,11,0,23,22.52,,,819,11140,11
77,,2013,,,2019,한양 I-Class,황학동,"1,000",중구,11,55,23,19.05,,,787,11140,7
78,,2019,,,2019,더큐브II,황학동,"25,500",중구,11,0,23,44.29,,,1448,11140,6
79,,2019,,,2019,소미골드라인,황학동,"24,000",중구,11,0,24,35.67,,,955,11140,3
80,,2015,,,2019,(1546),황학동,"7,000",중구,11,64,25,39.57,,,1546,11140,5
81,,2013,,,2019,한양 I-Class,황학동,"11,000",중구,11,0,26,19.05,,,787,11140,3
82,,2019,,,2019,더큐브II,황학동,"33,000",중구,11,0,27,58.93,,,1448,11140,7
83,,2019,,,2019,더큐브II,황학동,"33,000",중구,11,0,27,58.93,,,1448,11140,7
84,,2003,,,2019,중앙시티빌,황학동,"13,000",중구,11,0,28,31.04,,,805,11140,4
85,,2016,,,2019,덕수궁롯데캐슬,순화동,"1,000",중구,11,95,1,32.35,,,217,11140,9
86,,2016,,,2019,덕수궁롯데캐슬,순화동,"1,000",중구,11,100,19,32.35,,,217,11140,12
87,,2005,,,2019,바비엥-2,의주로1가,"22,000",중구,11,0,8,29.48,,,25-10,11140,10
88,,2005,,,2019,바비엥-2,의주로1가,"1,000",중구,11,120,8,46.29,,,25-10,11140,18
89,,2005,,,2019,바비엥-2,의주로1가,"33,000",중구,11,0,21,67.72,,,25-10,11140,16
90,,2005,,,2019,바비엥-2,의주로1가,"24,000",중구,11,0,29,41.55,,,25-10,11140,18
91,,2005,,,2019,바비엥-2,의주로1가,"22,000",중구,11,0,29,29.23,,,25-10,11140,5
92,,2006,,,2019,브라운스톤서울,중림동,"22,000",중구,11,0,27,30.99,,,355,11140,4
93,,2005,,,2019,서울역 디오빌,만리동1가,"3,000",중구,11,60,9,27.74,,,62-7,11140,4
94,,2005,,,2019,서울역 디오빌,만리동1가,"1,000",중구,11,70,16,27.7,,,62-7,11140,2
95,,2005,,,2019,서울역 디오빌,만리동1가,"36,000",중구,11,0,16,56.17,,,62-7,11140,9
96,,2004,,,2019,KCC 파크타운,만리동2가,"35,000",중구,11,0,3,66.47,,,11-1,11140,3
97,,2004,,,2019,KCC 파크타운,만리동2가,"40,000",중구,11,0,9,66.47,,,11-1,11140,6
98,,2004,,,2019,KCC 파크타운,만리동2가,"38,000",중구,11,0,16,66.47,,,11-1,11140,4
99,,2004,,,2019,KCC 파크타운,만리동2가,"40,000",중구,11,0,25,66.47,,,11-1,11140,6
0,,2007,,,2019,명동 엠퍼스트플레이스,충무로2가,"5,000",중구,12,60,1,18.6,,,48-2,11140,12
1,,2007,,,2019,명동 엠퍼스트플레이스,충무로2가,"4,000",중구,12,65,3,20.28,,,48-2,11140,8
2,,2007,,,2019,명동 엠퍼스트플레이스,충무로2가,"5,000",중구,12,60,6,20.28,,,48-2,11140,4
3,,2007,,,2019,명동 엠퍼스트플레이스,충무로2가,"1,000",중구,12,75,8,18.6,,,48-2,11140,9
4,,2007,,,2019,명동 엠퍼스트플레이스,충무로2가,"5,000",중구,12,55,8,18.6,,,48-2,11140,11
5,,2007,,,2019,명동 엠퍼스트플레이스,충무로2가,"20,000",중구,12,0,12,18.6,,,48-2,11140,11
6,,2007,,,2019,명동 엠퍼스트플레이스,충무로2가,"2,000",중구,12,60,15,18.6,,,48-2,11140,8
7,,2007,,,2019,명동 엠퍼스트플레이스,충무로2가,"2,000",중구,12,65,16,18.6,,,48-2,11140,13
8,,2007,,,2019,명동 엠퍼스트플레이스,충무로2가,"2,000",중구,12,65,16,18.6,,,48-2,11140,11
9,,2007,,,2019,명동 엠퍼스트플레이스,충무로2가,"19,000",중구,12,0,17,18.6,,,48-2,11140,7
10,,2007,,,2019,명동 엠퍼스트플레이스,충무로2가,"4,000",중구,12,60,18,18.6,,,48-2,11140,12
11,,2007,,,2019,명동 엠퍼스트플레이스,충무로2가,"3,000",중구,12,60,20,18.6,,,48-2,11140,12
12,,2007,,,2019,명동 엠퍼스트플레이스,충무로2가,"19,000",중구,12,0,21,18.6,,,48-2,11140,7
13,,2007,,,2019,명동 엠퍼스트플레이스,충무로2가,"18,000",중구,12,0,21,18.6,,,48-2,11140,3
14,,2007,,,2019,명동 엠퍼스트플레이스,충무로2가,"18,000",중구,12,0,21,18.6,,,48-2,11140,3
15,,2007,,,2019,명동 엠퍼스트플레이스,충무로2가,"6,000",중구,12,45,22,18.6,,,48-2,11140,7
16,,2007,,,2019,명동 엠퍼스트플레이스,충무로2가,"3,000",중구,12,70,22,20.28,,,48-2,11140,10
17,,2007,,,2019,명동 엠퍼스트플레이스,충무로2가,"1,000",중구,12,65,23,17.59,,,48-2,11140,3
18,,2007,,,2019,명동 엠퍼스트플레이스,충무로2가,"1,000",중구,12,70,24,17.59,,,48-2,11140,7
19,,2007,,,2019,명동 엠퍼스트플레이스,충무로2가,"13,000",중구,12,30,25,20.28,,,48-2,11140,6
20,,2007,,,2019,명동 엠퍼스트플레이스,충무로2가,"3,000",중구,12,75,25,20.28,,,48-2,11140,6
21,,2007,,,2019,명동 엠퍼스트플레이스,충무로2가,"21,000",중구,12,0,26,20.84,,,48-2,11140,3
22,,2007,,,2019,명동 엠퍼스트플레이스,충무로2가,"21,000",중구,12,0,30,20.84,,,48-2,11140,3
23,,2016,,,2019,충무로엘크루메트로시티2,충무로5가,"28,000",중구,12,0,4,37.07,,,36-2,11140,15
24,,2016,,,2019,충무로엘크루메트로시티2,충무로5가,"1,000",중구,12,70,5,23.03,,,36-2,11140,15
25,,2016,,,2019,충무로엘크루메트로시티2,충무로5가,"5,000",중구,12,55,18,23.03,,,36-2,11140,19
26,,2016,,,2019,충무로엘크루메트로시티2,충무로5가,"1,000",중구,12,68,18,23.03,,,36-2,11140,2
27,,2016,,,2019,충무로엘크루메트로시티2,충무로5가,"1,000",중구,12,70,20,23.03,,,36-2,11140,14
28,,2019,,,2019,동원스위트을지,을지로6가,"23,000",중구,12,0,3,35.22,,,48,11140,4
29,,2019,,,2019,동원스위트을지,을지로6가,"24,000",중구,12,0,21,36.55,,,48,11140,2
30,,2019,,,2019,동원스위트을지,을지로6가,"24,000",중구,12,0,21,36.55,,,48,11140,4
31,,2019,,,2019,을지 웰 라이프,을지로4가,"26,000",중구,12,0,3,32.63,,,187-9,11140,4
32,,2019,,,2019,을지 웰 라이프,을지로4가,"25,000",중구,12,0,12,29.93,,,187-9,11140,5
33,,2019,,,2019,을지 웰 라이프,을지로4가,"26,000",중구,12,0,16,32.63,,,187-9,11140,5
34,,2019,,,2019,을지 웰 라이프,을지로4가,"15,000",중구,12,30,24,26.88,,,187-9,11140,8
35,,2019,,,2019,정석그라시아,오장동,"1,000",중구,12,80,3,20.81,,,90-8,11140,2
36,,2014,,,2019,코발트팰리스,오장동,"13,000",중구,12,0,6,20.36,,,90-24,11140,12
37,,2018,,,2019,이지마루 오장,오장동,"26,000",중구,12,0,11,34.55,,,206-34,11140,7
38,,2014,,,2019,코발트팰리스,오장동,"13,000",중구,12,0,24,20.36,,,90-24,11140,12
39,,2014,,,2019,코발트팰리스,오장동,"13,000",중구,12,0,27,20.36,,,90-24,11140,14
40,,2013,,,2019,엘크루 메트로시티,충무로3가,"22,000",중구,12,0,16,26.78,,,49,11140,11
41,,2018,,,2019,제이매크로 타워,저동2가,"5,000",중구,12,60,2,22.47,,,7-2,11140,5
42,,2018,,,2019,제이매크로 타워,저동2가,"5,000",중구,12,63,14,24.85,,,7-2,11140,13
43,,2018,,,2019,제이매크로 타워,저동2가,"2,000",중구,12,130,30,46.93,,,7-2,11140,11
44,,2014,,,2019,신당아르브,신당동,"1,000",중구,12,65,5,21.31,,,160-5,11140,13
45,,2015,,,2019,남산더힐A동,신당동,"22,000",중구,12,0,9,36.7,,,420-17,11140,6
46,,2006,,,2019,(340-73),신당동,"16,000",중구,12,0,14,35.6,,,340-73,11140,8
47,,2014,,,2019,신당아르브,신당동,"1,000",중구,12,65,19,21.31,,,160-5,11140,17
48,,2004,,,2019,JK오피스텔,신당동,"9,000",중구,12,0,20,24.3,,,353-22,11140,4
49,,2003,,,2019,(340-123),신당동,"15,000",중구,12,0,20,19.2,,,340-123,11140,5
50,,2003,,,2019,(340-123),신당동,"15,000",중구,12,0,27,22.4,,,340-123,11140,3
51,,2018,,,2019,아리스타 에스디,신당동,"2,000",중구,12,74,28,18.7,,,160-1,11140,12
52,,2003,,,2019,(340-123),신당동,"14,000",중구,12,0,30,20.89,,,340-123,11140,3
53,,2014,,,2019,신당아르브,신당동,"15,000",중구,12,0,30,21.31,,,160-5,11140,16
54,,2014,,,2019,동대문 와이즈 캐슬,흥인동,"7,000",중구,12,38,2,19.92,,,119,11140,3
55,,2016,,,2019,동대문솔하임,흥인동,"22,000",중구,12,0,3,25,,,8,11140,11
56,,2016,,,2019,리마크빌 동대문,흥인동,"1,000",중구,12,76,13,24.65,,,86,11140,10
57,,2014,,,2019,동대문 와이즈 캐슬,흥인동,"14,000",중구,12,0,17,21.35,,,119,11140,5
58,,2014,,,2019,청계천 두산위브더제니스,흥인동,"2,000",중구,12,130,21,46.74,,,13-1,11140,19
59,,2014,,,2019,청계천 두산위브더제니스,흥인동,"3,000",중구,12,90,27,34.61,,,13-1,11140,13
60,,2019,,,2019,유진빌딩,무학동,"2,000",중구,12,68,18,18.46,,,7-1,11140,3
61,,2013,,,2019,한양 I-Class,황학동,"12,000",중구,12,0,2,19.05,,,787,11140,4
62,,2013,,,2019,한양 I-Class,황학동,"12,500",중구,12,0,2,19.05,,,787,11140,8
63,,2018,,,2019,청계리버팰리스B,황학동,"23,000",중구,12,0,3,37.26,,,2015,11140,4
64,,2014,,,2019,DUO302,황학동,"1,000",중구,12,65,3,22.52,,,819,11140,4
65,,2019,,,2019,소미골드라인,황학동,"23,000",중구,12,0,4,33.98,,,955,11140,2
66,,2013,,,2019,한양 I-Class,황학동,"1,000",중구,12,58,4,19.05,,,787,11140,9
67,,2013,,,2019,한양 I-Class,황학동,"2,000",중구,12,55,4,19.05,,,787,11140,11
68,,2013,,,2019,한양 I-Class,황학동,"12,600",중구,12,0,5,19.05,,,787,11140,6
69,,2015,,,2019,골드캐슬Ⅰ,황학동,"21,500",중구,12,0,5,40.61,,,1725,11140,3
70,,2019,,,2019,더큐브II,황학동,"34,000",중구,12,0,6,58.93,,,1448,11140,5
71,,2014,,,2019,DUO302,황학동,"16,000",중구,12,0,6,22.52,,,819,11140,15
72,,2004,,,2019,올리브1,황학동,"5,000",중구,12,35,6,25.05,,,808,11140,7
73,,2014,,,2019,DUO302,황학동,"1,000",중구,12,60,6,22.52,,,819,11140,10
74,,2014,,,2019,블루카운티Ⅱ,황학동,"12,000",중구,12,5,6,22.81,,,1628,11140,4
75,,2010,,,2019,황학동 코아루,황학동,"24,500",중구,12,0,7,48.73,,,882,11140,7
76,,2015,,,2019,(1546),황학동,"22,500",중구,12,0,7,40.07,,,1546,11140,2
77,,,,,2019,주건축물제1동,황학동,"16,000",중구,12,0,8,23.61,,,19,11140,7
78,,2014,,,2019,DUO302,황학동,"2,000",중구,12,60,9,23.06,,,819,11140,18
79,,2019,,,2019,소미골드라인,황학동,"24,000",중구,12,0,11,36.36,,,955,11140,2
80,,2017,,,2019,골드캐슬Ⅲ,황학동,"25,000",중구,12,0,12,43.17,,,1743,11140,5
81,,2013,,,2019,한양 I-Class,황학동,"2,000",중구,12,55,14,19.05,,,787,11140,12
82,,2019,,,2019,MAVL PLACE,황학동,"17,000",중구,12,0,16,24.43,,,1596,11140,6
83,,2016,,,2019,하늘드리움2차,황학동,"3,000",중구,12,90,16,38.31,,,876,11140,4
84,,,,,2019,주건축물제1동,황학동,"15,500",중구,12,0,17,23.61,,,19,11140,6
85,,2017,,,2019,골드캐슬Ⅲ,황학동,"24,000",중구,12,0,18,39.02,,,1743,11140,5
86,,2017,,,2019,(1079),황학동,"27,000",중구,12,0,20,45.56,,,1079,11140,3
87,,2017,,,2019,주건축물제1동,황학동,"34,600",중구,12,0,21,59.01,,,1452,11140,10
88,,2019,,,2019,테인트리즈,황학동,"25,500",중구,12,0,22,37.57,,,1087,11140,7
89,,2014,,,2019,아미인,황학동,"13,000",중구,12,0,23,18.41,,,836,11140,7
90,,2017,,,2019,주건축물제1동,황학동,"32,000",중구,12,0,23,59.01,,,1452,11140,4
91,,2013,,,2019,한양 I-Class,황학동,"13,500",중구,12,0,28,19.05,,,787,11140,4
92,,2013,,,2019,한양 I-Class,황학동,"3,000",중구,12,50,30,19.05,,,787,11140,8
93,,2013,,,2019,한양 I-Class,황학동,"1,000",중구,12,60,31,19.05,,,787,11140,3
94,,2018,,,2019,청계리버팰리스B,황학동,"22,000",중구,12,0,31,37.26,,,2015,11140,3
95,,2016,,,2019,덕수궁롯데캐슬,순화동,"1,000",중구,12,100,27,38.79,,,217,11140,2
96,,2005,,,2019,바비엥-2,의주로1가,"40,000",중구,12,0,16,80.31,,,25-10,11140,10
97,,2005,,,2019,바비엥-2,의주로1가,"20,000",중구,12,8,18,29.48,,,25-10,11140,5
98,,2005,,,2019,서울역 디오빌,만리동1가,"38,000",중구,12,0,13,56.17,,,62-7,11140,8
99,,2005,,,2019,서울역 디오빌,만리동1가,"17,000",중구,12,0,20,27.7,,,62-7,11140,8
100,,2004,,,2019,KCC 파크타운,만리동2가,"39,500",중구,12,0,26,66.47,,,11-1,11140,15
0,,2007,,,2020,명동 엠퍼스트플레이스,충무로2가,"1,000",중구,1,75,2,18.6,,,48-2,11140,6
1,,2007,,,2020,명동 엠퍼스트플레이스,충무로2가,"20,000",중구,1,0,7,18.6,,,48-2,11140,5
2,,2007,,,2020,명동 엠퍼스트플레이스,충무로2가,"2,000",중구,1,70,7,18.6,,,48-2,11140,9
3,,2007,,,2020,명동 엠퍼스트플레이스,충무로2가,"1,000",중구,1,75,10,18.6,,,48-2,11140,11
4,,2007,,,2020,명동 엠퍼스트플레이스,충무로2가,"5,000",중구,1,60,14,20.28,,,48-2,11140,3
5,,2007,,,2020,명동 엠퍼스트플레이스,충무로2가,"22,000",중구,1,0,31,17.59,,,48-2,11140,13
6,,2016,,,2020,충무로엘크루메트로시티2,충무로5가,"2,000",중구,1,65,8,23.03,,,36-2,11140,9
7,,2016,,,2020,충무로엘크루메트로시티2,충무로5가,"1,000",중구,1,85,12,23.03,,,36-2,11140,20
8,,2016,,,2020,충무로엘크루메트로시티2,충무로5가,"1,000",중구,1,85,12,23.03,,,36-2,11140,20
9,,2016,,,2020,충무로엘크루메트로시티2,충무로5가,"1,000",중구,1,120,15,37.07,,,36-2,11140,6
10,,2016,,,2020,충무로엘크루메트로시티2,충무로5가,"1,000",중구,1,70,29,23.03,,,36-2,11140,12
11,,,,,2020,동원스위트광희,광희동2가,"24,000",중구,1,0,4,35.55,,,47-2,11140,8
12,,,,,2020,동원스위트광희,광희동2가,"27,000",중구,1,0,23,35.28,,,47-2,11140,8
13,,2019,,,2020,을지 웰 라이프,을지로4가,"1,000",중구,1,100,8,29.93,,,187-9,11140,7
14,,2019,,,2020,을지 웰 라이프,을지로4가,"23,000",중구,1,0,26,32.63,,,187-9,11140,3
15,,2018,,,2020,제이매크로 타워,저동2가,"1,000",중구,1,75,3,19.35,,,7-2,11140,12
16,,2018,,,2020,제이매크로 타워,저동2가,"22,000",중구,1,0,7,24.85,,,7-2,11140,12
17,,2018,,,2020,제이매크로 타워,저동2가,"2,000",중구,1,150,15,46.93,,,7-2,11140,13
18,,2018,,,2020,제이매크로 타워,저동2가,"5,000",중구,1,65,21,22.6,,,7-2,11140,5
19,,2003,,,2020,(340-123),신당동,"15,000",중구,1,0,2,22.08,,,340-123,11140,3
20,,2014,,,2020,신당아르브,신당동,"4,000",중구,1,50,3,21.31,,,160-5,11140,17
21,,2016,,,2020,신당역솔하임,신당동,"19,000",중구,1,0,6,18.8,,,140-23,11140,8
22,,2014,,,2020,신당아르브,신당동,"1,000",중구,1,65,7,21.31,,,160-5,11140,11
23,,2015,,,2020,승리빌딩,신당동,"11,000",중구,1,0,10,18.3,,,309-45,11140,6
24,,2014,,,2020,신당아르브,신당동,"14,700",중구,1,0,10,21.31,,,160-5,11140,12
25,,2003,,,2020,(340-123),신당동,"14,000",중구,1,0,10,22.08,,,340-123,11140,4
26,,2018,,,2020,아리스타 에스디,신당동,"3,000",중구,1,66,13,18.7,,,160-1,11140,11
27,,2003,,,2020,(340-123),신당동,"14,000",중구,1,0,15,20.89,,,340-123,11140,3
28,,2003,,,2020,(340-123),신당동,"15,000",중구,1,0,18,22.4,,,340-123,11140,2
29,,2013,,,2020,(91),흥인동,"16,000",중구,1,0,2,22.89,,,91,11140,4
30,,2014,,,2020,청계천 두산위브더제니스,흥인동,"2,000",중구,1,130,3,46.74,,,13-1,11140,16
31,,2016,,,2020,동대문솔하임,흥인동,"22,000",중구,1,0,16,25,,,8,11140,11
32,,2014,,,2020,청계천 두산위브더제니스,흥인동,"3,000",중구,1,125,30,46.23,,,13-1,11140,13
33,,2019,,,2020,유진빌딩,무학동,"2,000",중구,1,70,11,18.46,,,7-1,11140,3
34,,2019,,,2020,유진빌딩,무학동,"1,000",중구,1,75,28,17.91,,,7-1,11140,4
35,,2013,,,2020,한양 I-Class,황학동,"12,000",중구,1,0,2,19.05,,,787,11140,4
36,,2018,,,2020,청계리버팰리스B,황학동,"21,000",중구,1,0,2,35.48,,,2015,11140,3
37,,2014,,,2020,DUO302,황학동,"4,000",중구,1,50,3,22.52,,,819,11140,13
38,,2014,,,2020,블루카운티Ⅱ,황학동,"26,000",중구,1,0,4,48.22,,,1628,11140,6
39,,2014,,,2020,DUO302,황학동,"1,000",중구,1,65,5,22.52,,,819,11140,10
40,,2016,,,2020,해비치,황학동,"14,500",중구,1,0,6,24.8,,,1834,11140,2
41,,2015,,,2020,(1546),황학동,"21,600",중구,1,0,7,40.07,,,1546,11140,5
42,,2013,,,2020,한양 I-Class,황학동,"3,000",중구,1,50,8,19.05,,,787,11140,8
43,,2014,,,2020,DUO302,황학동,"5,000",중구,1,45,8,22.52,,,819,11140,14
44,,2004,,,2020,올리브1,황학동,"1,000",중구,1,55,9,25.05,,,808,11140,10
45,,2014,,,2020,DUO302,황학동,"1,000",중구,1,57,9,22.52,,,819,11140,3
46,,,,,2020,주건축물제1동,황학동,"25,000",중구,1,0,10,41.41,,,19,11140,5
47,,2019,,,2020,MAVL PLACE,황학동,"5,000",중구,1,65,10,28.13,,,1596,11140,15
48,,,,,2020,주건축물제1동,황학동,"16,200",중구,1,0,10,23.81,,,19,11140,6
49,,2014,,,2020,DUO302,황학동,"1,000",중구,1,65,10,22.52,,,819,11140,4
50,,2003,,,2020,중앙시티빌,황학동,"1,000",중구,1,55,10,25.5,,,805,11140,8
51,,2017,,,2020,골드캐슬Ⅲ,황학동,"24,000",중구,1,0,11,39.02,,,1743,11140,2
52,,2004,,,2020,신당역올리브2,황학동,500,중구,1,60,11,23.82,,,2484,11140,9
53,,2014,,,2020,DUO302,황학동,"16,500",중구,1,0,12,22.52,,,819,11140,18
54,,2003,,,2020,중앙시티빌,황학동,"1,000",중구,1,60,13,31.04,,,805,11140,6
55,,,,,2020,주건축물제1동,황학동,"16,200",중구,1,0,14,20.78,,,19,11140,10
56,,,,,2020,주건축물제1동,황학동,"15,750",중구,1,0,14,21.32,,,19,11140,9
57,,2014,,,2020,블루카운티Ⅱ,황학동,"13,500",중구,1,0,14,22.81,,,1628,11140,7
58,,2019,,,2020,청계리버팰리스A,황학동,"23,000",중구,1,0,15,44.4,,,2033,11140,2
59,,2003,,,2020,중앙시티빌,황학동,"2,000",중구,1,50,16,25.5,,,805,11140,12
60,,2013,,,2020,한양 I-Class,황학동,500,중구,1,60,17,19.05,,,787,11140,2
61,,2013,,,2020,한양 I-Class,황학동,"13,000",중구,1,0,17,19.05,,,787,11140,9
62,,2013,,,2020,한양 I-Class,황학동,"12,500",중구,1,0,17,19.05,,,787,11140,4
63,,2017,,,2020,(1079),황학동,"4,000",중구,1,100,18,45.56,,,1079,11140,8
64,,2014,,,2020,블루카운티Ⅱ,황학동,"6,000",중구,1,80,18,49.43,,,1628,11140,4
65,,2014,,,2020,아미인,황학동,"14,000",중구,1,0,18,18.62,,,836,11140,6
66,,2001,,,2020,골든빌,황학동,"12,000",중구,1,0,18,34.11,,,1752,11140,7
67,,2013,,,2020,한양 I-Class,황학동,"1,000",중구,1,55,18,19.05,,,787,11140,7
68,,2014,,,2020,아미인,황학동,"3,000",중구,1,46,20,18.41,,,836,11140,4
69,,2017,,,2020,골드캐슬Ⅲ,황학동,"25,000",중구,1,0,21,43.97,,,1743,11140,2
70,,2017,,,2020,골드캐슬Ⅲ,황학동,"25,500",중구,1,0,21,43.97,,,1743,11140,5
71,,,,,2020,주건축물제1동,황학동,"16,500",중구,1,0,21,23.81,,,19,11140,3
72,,2019,,,2020,MAVL PLACE,황학동,"1,000",중구,1,65,22,23.1,,,1596,11140,12
73,,2017,,,2020,골드캐슬Ⅲ,황학동,"2,000",중구,1,105,22,43.97,,,1743,11140,4
74,,2004,,,2020,올리브1,황학동,"4,000",중구,1,40,23,25.05,,,808,11140,14
75,,2017,,,2020,골드캐슬Ⅲ,황학동,"2,000",중구,1,100,23,40.31,,,1743,11140,4
76,,,,,2020,주건축물제1동,황학동,"16,500",중구,1,0,28,23.81,,,19,11140,9
77,,2018,,,2020,청계리버팰리스B,황학동,"20,000",중구,1,0,28,35.48,,,2015,11140,2
78,,2018,,,2020,청계리버팰리스B,황학동,"20,000",중구,1,0,28,35.48,,,2015,11140,2
79,,2014,,,2020,DUO302,황학동,"16,000",중구,1,0,29,23.06,,,819,11140,14
80,,2004,,,2020,올리브1,황학동,"1,000",중구,1,50,31,25.05,,,808,11140,5
81,,2019,,,2020,OR Plus Loft 오피스텔,황학동,"4,000",중구,1,55,31,20.98,,,1694,11140,2
82,,2013,,,2020,한양 I-Class,황학동,"1,000",중구,1,60,31,19.05,,,787,11140,7
83,,2003,,,2020,중앙시티빌,황학동,"1,000",중구,1,60,31,25,,,805,11140,3
84,,2016,,,2020,덕수궁롯데캐슬,순화동,"32,500",중구,1,0,18,41.14,,,217,11140,8
85,,2016,,,2020,덕수궁롯데캐슬,순화동,"1,000",중구,1,120,21,41.14,,,217,11140,4
86,,2016,,,2020,덕수궁롯데캐슬,순화동,"1,000",중구,1,95,30,32.35,,,217,11140,11
87,,2016,,,2020,덕수궁롯데캐슬,순화동,"10,000",중구,1,80,31,41.14,,,217,11140,10
88,,2005,,,2020,바비엥-2,의주로1가,"22,500",중구,1,0,9,29.48,,,25-10,11140,14
89,,2006,,,2020,브라운스톤서울,중림동,"20,000",중구,1,135,22,68.04,,,355,11140,24
90,,2006,,,2020,브라운스톤서울,중림동,"42,000",중구,1,0,29,68.04,,,355,11140,10
0,,2007,,,2020,명동 엠퍼스트플레이스,충무로2가,"15,000",중구,2,100,4,41.41,,,48-2,11140,12
1,,2007,,,2020,명동 엠퍼스트플레이스,충무로2가,"22,500",중구,2,20,16,17.59,,,48-2,11140,4
2,,2016,,,2020,충무로엘크루메트로시티2,충무로5가,"1,000",중구,2,70,1,23.03,,,36-2,11140,5
3,,2016,,,2020,충무로엘크루메트로시티2,충무로5가,"1,000",중구,2,70,15,23.03,,,36-2,11140,9
4,,2016,,,2020,충무로엘크루메트로시티2,충무로5가,"1,000",중구,2,70,24,23.03,,,36-2,11140,5
5,,,,,2020,동원스위트광희,광희동2가,"24,000",중구,2,0,21,35.28,,,47-2,11140,7
6,,2005,,,2020,성진오피스텔,광희동2가,"7,000",중구,2,20,29,22.8,,,194-1,11140,4
7,,2019,,,2020,동원스위트을지,을지로6가,"24,000",중구,2,0,3,35.22,,,48,11140,2
8,,2003,,,2020,정건벨라지오오피스텔,을지로5가,500,중구,2,55,7,21.94,,,20-1,11140,9
9,,2004,,,2020,삼성골드캐슬,을지로5가,"1,000",중구,2,60,22,24.92,,,273-2,11140,6
10,,2003,,,2020,정건벨라지오오피스텔,을지로5가,500,중구,2,55,24,21.94,,,20-1,11140,9
11,,2018,,,2020,이지마루 오장,오장동,"1,000",중구,2,70,1,19.89,,,206-34,11140,6
12,,2014,,,2020,코발트팰리스,오장동,"12,600",중구,2,0,14,20.36,,,90-24,11140,11
13,,2013,,,2020,엘크루 메트로시티,충무로3가,"26,500",중구,2,0,3,36.72,,,49,11140,12
14,,2018,,,2020,제이매크로 타워,저동2가,"10,000",중구,2,35,1,19.35,,,7-2,11140,13
15,,2018,,,2020,제이매크로 타워,저동2가,"1,000",중구,2,80,6,22.6,,,7-2,11140,13
16,,2018,,,2020,제이매크로 타워,저동2가,"3,000",중구,2,70,10,19.35,,,7-2,11140,7
17,,2018,,,2020,제이매크로 타워,저동2가,"1,000",중구,2,75,15,19.35,,,7-2,11140,9
18,,2018,,,2020,제이매크로 타워,저동2가,"10,000",중구,2,50,28,24.85,,,7-2,11140,10
19,,2018,,,2020,아리스타 에스디,신당동,"3,000",중구,2,67,1,18.7,,,160-1,11140,13
20,,2004,,,2020,JK오피스텔,신당동,"6,000",중구,2,20,1,25.41,,,353-22,11140,4
21,,2018,,,2020,대현프리몰,신당동,"1,000",중구,2,76,3,26.37,,,421-1,11140,4
22,,2016,,,2020,신당역솔하임,신당동,"14,300",중구,2,0,3,18.8,,,140-23,11140,3
23,,2015,,,2020,남산더힐A동,신당동,"24,200",중구,2,0,12,36.7,,,420-17,11140,7
24,,2015,,,2020,승리빌딩,신당동,"3,000",중구,2,45,17,17.52,,,309-45,11140,6
25,,2014,,,2020,신당아르브,신당동,"1,000",중구,2,65,18,21.31,,,160-5,11140,17
26,,2016,,,2020,신당역솔하임,신당동,"14,700",중구,2,0,21,18.8,,,140-23,11140,5
27,,2016,,,2020,신당역솔하임,신당동,"14,700",중구,2,0,21,18.8,,,140-23,11140,5
28,,2014,,,2020,신당아르브,신당동,"2,500",중구,2,60,28,21.31,,,160-5,11140,10
29,,2014,,,2020,신당아르브,신당동,"16,000",중구,2,0,29,21.31,,,160-5,11140,12
30,,2013,,,2020,(91),흥인동,"2,000",중구,2,50,6,20.98,,,91,11140,12
31,,2014,,,2020,동대문 와이즈 캐슬,흥인동,"1,000",중구,2,65,13,19.92,,,119,11140,6
32,,2014,,,2020,동대문 와이즈 캐슬,흥인동,"14,870",중구,2,0,13,21.35,,,119,11140,4
33,,2014,,,2020,청계천 두산위브더제니스,흥인동,"30,000",중구,2,0,22,46.74,,,13-1,11140,21
34,,2013,,,2020,(91),흥인동,"1,000",중구,2,62,22,22.33,,,91,11140,8
35,,2014,,,2020,청계천 두산위브더제니스,흥인동,"30,500",중구,2,0,26,46.74,,,13-1,11140,6
36,,2019,,,2020,유진빌딩,무학동,"3,000",중구,2,63,6,16.05,,,7-1,11140,4
37,,2019,,,2020,유진빌딩,무학동,"3,000",중구,2,63,18,16.05,,,7-1,11140,3
38,,2019,,,2020,유진빌딩,무학동,"1,000",중구,2,75,19,16.05,,,7-1,11140,4
39,,2019,,,2020,유진빌딩,무학동,"4,000",중구,2,60,22,16.05,,,7-1,11140,6
40,,2017,,,2020,주건축물제1동,황학동,"33,000",중구,2,0,1,57.81,,,1452,11140,10
41,,2017,,,2020,주건축물제1동,황학동,"34,300",중구,2,0,1,59.01,,,1452,11140,5
42,,2016,,,2020,해비치,황학동,"1,500",중구,2,100,1,37.09,,,1834,11140,6
43,,2013,,,2020,한양 I-Class,황학동,"1,000",중구,2,60,1,19.05,,,787,11140,12
44,,2004,,,2020,올리브1,황학동,"1,000",중구,2,55,3,25.05,,,808,11140,11
45,,2019,,,2020,OR Plus Loft 오피스텔,황학동,"3,000",중구,2,60,3,20.98,,,1694,11140,8
46,,2019,,,2020,OR Plus Loft 오피스텔,황학동,"6,000",중구,2,55,3,20.87,,,1694,11140,6
47,,2014,,,2020,DUO302,황학동,"16,000",중구,2,0,4,22.52,,,819,11140,6
48,,2019,,,2020,MAVL PLACE,황학동,"1,000",중구,2,75,5,23.01,,,1596,11140,16
49,,2014,,,2020,DUO302,황학동,"15,000",중구,2,0,5,22.52,,,819,11140,4
50,,2019,,,2020,OR Plus Loft 오피스텔,황학동,"10,000",중구,2,50,5,27.09,,,1694,11140,7
51,,2013,,,2020,한양 I-Class,황학동,"1,000",중구,2,57,6,19.05,,,787,11140,3
52,,2015,,,2020,(1546),황학동,"22,000",중구,2,0,8,40.74,,,1546,11140,2
53,,2001,,,2020,골든빌,황학동,"10,000",중구,2,0,8,34.11,,,1752,11140,5
54,,2004,,,2020,올리브1,황학동,"2,000",중구,2,45,8,25.05,,,808,11140,13
55,,2019,,,2020,MAVL PLACE,황학동,"1,000",중구,2,80,11,23.1,,,1596,11140,16
56,,2001,,,2020,골든빌,황학동,"10,000",중구,2,0,11,34.11,,,1752,11140,5
57,,2014,,,2020,아미인,황학동,"13,500",중구,2,0,12,18.23,,,836,11140,6
58,,2018,,,2020,청계 블루카운티,황학동,"2,000",중구,2,75,13,26.19,,,1720,11140,3
59,,2001,,,2020,골든빌,황학동,"13,000",중구,2,0,17,33.27,,,1752,11140,7
60,,,,,2020,주건축물제1동,황학동,"16,250",중구,2,0,17,23.81,,,19,11140,7
61,,2014,,,2020,DUO302,황학동,"15,000",중구,2,0,17,23.06,,,819,11140,2
62,,2017,,,2020,골드캐슬Ⅲ,황학동,"24,500",중구,2,0,18,39.02,,,1743,11140,4
63,,2004,,,2020,올리브1,황학동,"1,000",중구,2,50,18,23.73,,,808,11140,9
64,,2013,,,2020,한양 I-Class,황학동,"12,500",중구,2,0,19,19.05,,,787,11140,7
65,,,,,2020,주건축물제1동,황학동,"15,500",중구,2,0,19,21.32,,,19,11140,7
66,,2019,,,2020,OR Plus Loft 오피스텔,황학동,"5,000",중구,2,65,21,22.09,,,1694,11140,10
67,,2010,,,2020,황학동 코아루,황학동,"22,000",중구,2,0,21,37.3,,,882,11140,9
68,,2013,,,2020,한양 I-Class,황학동,"11,000",중구,2,0,21,19.05,,,787,11140,2
69,,2003,,,2020,중앙시티빌,황학동,"14,500",중구,2,0,21,31.04,,,805,11140,10
70,,2017,,,2020,(1079),황학동,"1,000",중구,2,90,24,46.03,,,1079,11140,7
71,,2013,,,2020,한양 I-Class,황학동,"12,800",중구,2,0,24,19.05,,,787,11140,5
72,,,,,2020,주건축물제1동,황학동,"16,200",중구,2,0,25,23.23,,,19,11140,9
73,,2004,,,2020,신당역올리브2,황학동,"1,000",중구,2,55,26,26.47,,,2484,11140,5
74,,2013,,,2020,한양 I-Class,황학동,"1,000",중구,2,60,26,19.05,,,787,11140,2
75,,2019,,,2020,OR Plus Loft 오피스텔,황학동,"1,000",중구,2,85,28,24.17,,,1694,11140,12
76,,2019,,,2020,소미골드라인,황학동,"23,500",중구,2,0,29,33.98,,,955,11140,6
77,,2013,,,2020,한양 I-Class,황학동,"3,000",중구,2,50,29,19.05,,,787,11140,11
78,,2014,,,2020,DUO302,황학동,"15,000",중구,2,0,29,23.06,,,819,11140,17
79,,2018,,,2020,골드캐슬Ⅳ,황학동,"23,000",중구,2,0,29,41.2,,,1733,11140,6
80,,2018,,,2020,골드캐슬Ⅳ,황학동,"23,000",중구,2,0,29,43.78,,,1733,11140,5
81,,2016,,,2020,덕수궁롯데캐슬,순화동,"1,000",중구,2,100,6,36.15,,,217,11140,9
82,,2016,,,2020,덕수궁롯데캐슬,순화동,"29,000",중구,2,0,22,41.14,,,217,11140,3
83,,2005,,,2020,바비엥-2,의주로1가,"24,000",중구,2,0,14,40.22,,,25-10,11140,4
84,,2005,,,2020,서울역 디오빌,만리동1가,"14,000",중구,2,25,14,27.74,,,62-7,11140,3
85,,2005,,,2020,서울역 디오빌,만리동1가,"38,000",중구,2,0,15,56.17,,,62-7,11140,6
86,,2004,,,2020,KCC 파크타운,만리동2가,"1,000",중구,2,130,8,66.47,,,11-1,11140,5
87,,2004,,,2020,KCC 파크타운,만리동2가,"10,000",중구,2,100,12,66.47,,,11-1,11140,14
88,,2004,,,2020,KCC 파크타운,만리동2가,"40,000",중구,2,0,29,66.47,,,11-1,11140,6
0,,2007,,,2020,명동 엠퍼스트플레이스,충무로2가,"7,000",중구,3,50,23,20.28,,,48-2,11140,6
1,,2007,,,2020,명동 엠퍼스트플레이스,충무로2가,"3,000",중구,3,60,28,17.59,,,48-2,11140,10
2,,2005,,,2020,대성을지로오피스텔,을지로5가,"15,000",중구,3,0,2,25.49,,,77-2,11140,2
3,,2005,,,2020,대성을지로오피스텔,을지로5가,"15,000",중구,3,5,4,25.49,,,77-2,11140,2
4,,2014,,20.03~22.03,2020,코발트팰리스,오장동,"12,700",중구,3,0,2,20.36,,,90-24,11140,10
5,,2014,,,2020,코발트팰리스,오장동,"13,000",중구,3,0,6,20.07,,,90-24,11140,12
6,,2014,,20.03~22.03,2020,코발트팰리스,오장동,"12,700",중구,3,0,13,20.36,,,90-24,11140,11
7,,2014,,,2020,코발트팰리스,오장동,"13,000",중구,3,0,18,20.36,,,90-24,11140,10
8,,2014,,,2020,코발트팰리스,오장동,"13,000",중구,3,0,18,20.36,,,90-24,11140,11
9,,2013,,,2020,엘크루 메트로시티,충무로3가,"22,000",중구,3,0,27,26.78,,,49,11140,14
10,,2018,,,2020,제이매크로 타워,저동2가,"3,000",중구,3,70,12,19.35,,,7-2,11140,6
11,,2018,,,2020,제이매크로 타워,저동2가,"5,000",중구,3,65,14,22.6,,,7-2,11140,7
12,,2014,,,2020,신당아르브,신당동,"1,000",중구,3,65,3,21.31,,,160-5,11140,8
13,,2014,,,2020,신당아르브,신당동,"14,700",중구,3,0,14,21.31,,,160-5,11140,12
14,,2014,,,2020,신당아르브,신당동,"1,000",중구,3,65,14,21.31,,,160-5,11140,15
15,,2014,,,2020,신당아르브,신당동,"17,000",중구,3,0,16,21.31,,,160-5,11140,14
16,,2014,,,2020,청계천 두산위브더제니스,흥인동,"2,000",중구,3,130,6,46.23,,,13-1,11140,17
17,,2014,,,2020,동대문 와이즈 캐슬,흥인동,"14,500",중구,3,0,6,19.92,,,119,11140,7
18,,2014,,,2020,청계천 두산위브더제니스,흥인동,"25,000",중구,3,0,18,35.77,,,13-1,11140,18
19,,2018,,,2020,위더스하임,흥인동,"19,000",중구,3,0,27,24.48,,,142-1,11140,5
20,,2014,,,2020,블루카운티Ⅱ,황학동,"26,000",중구,3,0,2,48.42,,,1628,11140,8
21,,2019,,,2020,OR Plus Loft 오피스텔,황학동,"3,000",중구,3,73,3,22.63,,,1694,11140,5
22,,2019,,,2020,OR Plus Loft 오피스텔,황학동,"15,000",중구,3,70,3,39.04,,,1694,11140,13
23,,2014,,,2020,아미인,황학동,"13,500",중구,3,0,3,18.62,,,836,11140,6
24,,2013,,,2020,한양 I-Class,황학동,"3,000",중구,3,50,4,19.05,,,787,11140,8
25,,2014,,,2020,다올 노블리움 B동,황학동,"23,000",중구,3,0,5,46.2,,,1744-1,11140,2
26,,2018,,,2020,청계 블루카운티,황학동,"3,000",중구,3,70,6,26.19,,,1720,11140,5
27,,2017,,,2020,골드캐슬Ⅲ,황학동,"2,000",중구,3,100,6,40.47,,,1743,11140,2
28,,,,,2020,주건축물제1동,황학동,"16,000",중구,3,0,7,23.81,,,19,11140,5
29,,2019,,,2020,OR Plus Loft 오피스텔,황학동,"1,000",중구,3,70,7,18.05,,,1694,11140,3
30,,2017,,,2020,골드캐슬Ⅲ,황학동,"25,000",중구,3,0,7,43.17,,,1743,11140,3
31,,2014,,,2020,블루카운티Ⅱ,황학동,"26,000",중구,3,0,8,48.22,,,1628,11140,5
32,,2015,,,2020,골드캐슬Ⅰ,황학동,"1,000",중구,3,95,9,40.04,,,1725,11140,6
33,,2014,,,2020,아미인,황학동,"13,000",중구,3,0,10,18.41,,,836,11140,5
34,,2019,,,2020,MAVL PLACE,황학동,"1,000",중구,3,75,11,23.01,,,1596,11140,14
35,,2019,,,2020,MAVL PLACE,황학동,"2,000",중구,3,70,11,24.43,,,1596,11140,17
36,,2014,,,2020,DUO302,황학동,"1,000",중구,3,65,14,22.52,,,819,11140,9
37,,2015,,,2020,(1542),황학동,"24,000",중구,3,0,14,45.5,,,1542,11140,4
38,,2018,,,2020,청계 블루카운티,황학동,"32,000",중구,3,0,14,51.43,,,1720,11140,4
39,,2019,,,2020,OR Plus Loft 오피스텔,황학동,"2,000",중구,3,75,14,20.87,,,1694,11140,2
40,,2015,,,2020,(1542),황학동,"1,500",중구,3,79,15,52.1,,,1542,11140,6
41,,2014,,,2020,DUO302,황학동,"2,000",중구,3,60,17,22.52,,,819,11140,19
42,,2004,,,2020,올리브1,황학동,500,중구,3,65,17,25.05,,,808,11140,4
43,,,,,2020,주건축물제1동,황학동,"15,000",중구,3,0,18,20.78,,,19,11140,6
44,,2014,,,2020,DUO302,황학동,"3,000",중구,3,55,18,22.52,,,819,11140,14
45,,2019,,,2020,OR Plus Loft 오피스텔,황학동,"2,000",중구,3,85,18,27.09,,,1694,11140,4
46,,2017,,,2020,골드캐슬Ⅲ,황학동,"25,000",중구,3,0,19,43.97,,,1743,11140,2
47,,2019,,,2020,베네스트,황학동,"24,000",중구,3,0,19,36.97,,,855,11140,11
48,,2014,,,2020,아미인,황학동,"14,000",중구,3,0,21,18.62,,,836,11140,5
49,,2004,,,2020,신당역올리브2,황학동,"1,000",중구,3,55,21,23.82,,,2484,11140,9
50,,2015,,,2020,(1542),황학동,"24,000",중구,3,0,22,52.1,,,1542,11140,4
51,,2016,,,2020,하늘드리움2차,황학동,"24,670",중구,3,0,26,38.32,,,876,11140,6
52,,2018,,,2020,청계 블루카운티,황학동,"31,000",중구,3,0,28,51.43,,,1720,11140,8
53,,2018,,,2020,청계 블루카운티,황학동,"30,000",중구,3,0,28,52.37,,,1720,11140,9
54,,2018,,,2020,청계 블루카운티,황학동,"30,000",중구,3,0,28,52.37,,,1720,11140,4
55,,2018,,,2020,청계 블루카운티,황학동,"30,450",중구,3,0,28,52.37,,,1720,11140,10
56,,2004,,,2020,올리브1,황학동,"13,000",중구,3,0,30,25.05,,,808,11140,7
57,,2014,,,2020,DUO302,황학동,"3,000",중구,3,55,30,22.52,,,819,11140,19
58,,2013,,,2020,한양 I-Class,황학동,"5,000",중구,3,38,30,19.05,,,787,11140,6
59,,2019,,,2020,OR Plus Loft 오피스텔,황학동,"5,000",중구,3,68,31,22.63,,,1694,11140,12
60,,2016,,,2020,덕수궁롯데캐슬,순화동,"33,000",중구,3,0,26,36.15,,,217,11140,9
61,,2006,,,2020,브라운스톤서울,중림동,"1,000",중구,3,160,9,62.82,,,355,11140,5
62,,2006,,,2020,브라운스톤서울,중림동,"40,000",중구,3,40,27,113.2,,,355,11140,12
63,,2006,,,2020,브라운스톤서울,중림동,"40,000",중구,3,0,30,62.82,,,355,11140,29
64,,2005,,,2020,서울역 디오빌,만리동1가,"36,000",중구,3,0,20,56.17,,,62-7,11140,5
65,,2005,,,2020,서울역 디오빌,만리동1가,"38,000",중구,3,0,23,56.17,,,62-7,11140,9
66,,2004,,,2020,KCC 파크타운,만리동2가,"39,000",중구,3,0,21,66.47,,,11-1,11140,14
67,,2004,,,2020,KCC 파크타운,만리동2가,"40,000",중구,3,0,23,66.47,,,11-1,11140,7
0,,2007,,,2020,명동 엠퍼스트플레이스,충무로2가,"1,000",중구,4,80,2,20.28,,,48-2,11140,8
1,,2007,,,2020,명동 엠퍼스트플레이스,충무로2가,"1,000",중구,4,75,28,18.6,,,48-2,11140,8
2,,2016,,,2020,충무로엘크루메트로시티2,충무로5가,"17,500",중구,4,0,4,23.03,,,36-2,11140,18
3,,2016,,,2020,충무로엘크루메트로시티2,충무로5가,"1,000",중구,4,70,4,23.03,,,36-2,11140,20
4,,2020,,,2020,이지마루 충무로,충무로5가,"26,000",중구,4,0,6,35.57,,,36-19,11140,6
5,,2016,,,2020,충무로엘크루메트로시티2,충무로5가,"1,000",중구,4,70,16,23.03,,,36-2,11140,6
6,,2005,,,2020,대성을지로오피스텔,을지로5가,"17,000",중구,4,0,13,33.95,,,77-2,11140,12
7,,2006,,,2020,삼성파크빌,을지로5가,"2,000",중구,4,130,24,97.46,,,39-1,11140,2
8,,2014,,,2020,코발트팰리스,오장동,"11,550",중구,4,0,10,19.68,,,90-24,11140,11
9,,2013,,,2020,엘크루 메트로시티,충무로3가,"1,000",중구,4,85,4,29.78,,,49,11140,18
10,,2013,,,2020,엘크루 메트로시티,충무로3가,"20,000",중구,4,0,7,26.78,,,49,11140,7
11,,2013,,,2020,엘크루 메트로시티,충무로3가,"18,000",중구,4,0,13,29.46,,,49,11140,19
12,,2013,,,2020,엘크루 메트로시티,충무로3가,"5,000",중구,4,65,20,28.1,,,49,11140,18
13,,2013,,,2020,엘크루 메트로시티,충무로3가,"25,000",중구,4,0,30,37.77,,,49,11140,13
14,,2018,,,2020,제이매크로 타워,저동2가,"18,500",중구,4,0,15,19.35,,,7-2,11140,13
15,,2018,,,2020,제이매크로 타워,저동2가,"2,000",중구,4,65,17,19.35,,,7-2,11140,3
16,,2018,,,2020,대현프리몰,신당동,"1,000",중구,4,85,20,27.32,,,421-1,11140,6
17,,2014,,,2020,신당아르브,신당동,"1,000",중구,4,65,23,21.31,,,160-5,11140,11
18,,2006,,,2020,(340-73),신당동,"17,000",중구,4,0,27,41.7,,,340-73,11140,8
19,,2018,,,2020,위더스하임,흥인동,"18,900",중구,4,0,11,24.48,,,142-1,11140,3
20,,2014,,,2020,동대문 와이즈 캐슬,흥인동,500,중구,4,50,20,19.92,,,119,11140,7
21,,2014,,,2020,동대문 와이즈 캐슬,흥인동,"14,700",중구,4,0,27,21.35,,,119,11140,2
22,,2019,,,2020,유진빌딩,무학동,"1,000",중구,4,73,21,16.05,,,7-1,11140,4
23,,2013,,,2020,한양 I-Class,황학동,"1,000",중구,4,55,1,19.05,,,787,11140,2
24,,2019,,,2020,베네스트,황학동,"20,500",중구,4,0,2,33.52,,,855,11140,7
25,,2019,,,2020,베네스트,황학동,"21,500",중구,4,0,2,33.52,,,855,11140,7
26,,2013,,,2020,한양 I-Class,황학동,"11,500",중구,4,0,2,19.05,,,787,11140,5
27,,2017,,,2020,(2022),황학동,"25,000",중구,4,0,2,42.53,,,2022,11140,7
28,,2013,,,2020,한양 I-Class,황학동,"12,500",중구,4,0,2,19.05,,,787,11140,4
29,,2014,,,2020,DUO302,황학동,"17,000",중구,4,0,4,22.52,,,819,11140,6
30,,2018,,,2020,골드캐슬Ⅳ,황학동,"24,500",중구,4,0,4,44.34,,,1733,11140,6
31,,2019,,,2020,OR Plus Loft 오피스텔,황학동,"8,000",중구,4,55,6,27.09,,,1694,11140,8
32,,2017,,,2020,골드캐슬Ⅲ,황학동,"24,000",중구,4,0,8,40.32,,,1743,11140,2
33,,2013,,,2020,한양 I-Class,황학동,"1,000",중구,4,55,8,19.05,,,787,11140,3
34,,2017,,,2020,(1079),황학동,"21,000",중구,4,0,9,29.16,,,1079,11140,7
35,,2013,,,2020,한양 I-Class,황학동,"13,000",중구,4,0,11,19.05,,,787,11140,6
36,,2017,,,2020,(2022),황학동,"3,000",중구,4,40,11,19.58,,,2022,11140,7
37,,2014,,,2020,블루카운티Ⅱ,황학동,"26,000",중구,4,0,13,49.43,,,1628,11140,7
38,,2013,,,2020,한양 I-Class,황학동,"13,000",중구,4,0,14,19.05,,,787,11140,6
39,,2014,,,2020,아미인,황학동,"13,500",중구,4,0,15,18.23,,,836,11140,3
40,,2018,,,2020,위너빌(Winnervill),황학동,"24,900",중구,4,0,16,35.56,,,1200,11140,3
41,,2017,,,2020,(2022),황학동,"26,000",중구,4,0,17,46.68,,,2022,11140,5
42,,2018,,,2020,동광팰리스,황학동,"24,000",중구,4,0,17,35.94,,,1572,11140,4
43,,2018,,,2020,동광팰리스,황학동,"24,000",중구,4,0,17,36.41,,,1572,11140,6
44,,2019,,,2020,베네스트,황학동,"23,600",중구,4,0,18,35.11,,,855,11140,10
45,,2013,,,2020,한양 I-Class,황학동,"1,000",중구,4,55,18,19.05,,,787,11140,2
46,,2015,,,2020,골드캐슬Ⅰ,황학동,"21,000",중구,4,0,20,40.61,,,1725,11140,4
47,,2019,,,2020,OR Plus Loft 오피스텔,황학동,"7,000",중구,4,55,20,23.98,,,1694,11140,8
48,,2004,,,2020,신당역올리브2,황학동,"1,000",중구,4,50,20,23.82,,,2484,11140,12
49,,2014,,,2020,DUO302,황학동,"1,000",중구,4,65,21,22.52,,,819,11140,16
50,,,,,2020,주건축물제1동,황학동,"25,000",중구,4,0,25,41.41,,,19,11140,10
51,,2004,,,2020,신당역올리브2,황학동,"1,000",중구,4,55,29,23.82,,,2484,11140,12
52,,2018,,,2020,청계 블루카운티,황학동,"30,000",중구,4,0,30,51.43,,,1720,11140,9
53,,2016,,,2020,덕수궁롯데캐슬,순화동,"1,000",중구,4,110,18,38.79,,,217,11140,8
54,,2003,,,2020,바비엥-1,의주로1가,"40,000",중구,4,0,14,83.05,,,32-2,11140,18
55,,2005,,,2020,바비엥-2,의주로1가,"40,000",중구,4,0,14,80.31,,,25-10,11140,8
56,,2006,,,2020,브라운스톤서울,중림동,"8,000",중구,4,40,3,30.99,,,355,11140,5
57,,2006,,,2020,브라운스톤서울,중림동,"40,000",중구,4,40,3,113.2,,,355,11140,12
58,,2005,,,2020,서울역 디오빌,만리동1가,"1,000",중구,4,70,6,27.74,,,62-7,11140,4
59,,2004,,,2020,KCC 파크타운,만리동2가,"37,000",중구,4,0,4,66.47,,,11-1,11140,4
60,,2004,,,2020,KCC 파크타운,만리동2가,"20,000",중구,4,0,9,32.02,,,11-1,11140,12
61,,2004,,,2020,KCC 파크타운,만리동2가,"3,000",중구,4,130,24,66.47,,,11-1,11140,12
0,,2007,,,2020,명동 엠퍼스트플레이스,충무로2가,"2,000",중구,5,170,9,41.29,,,48-2,11140,13
1,,2007,,,2020,명동 엠퍼스트플레이스,충무로2가,"5,000",중구,5,60,23,20.28,,,48-2,11140,3
2,,2020,,,2020,이지마루 충무로,충무로5가,"26,000",중구,5,0,14,35.57,,,36-19,11140,6
3,,2020,,,2020,이지마루 충무로,충무로5가,"29,000",중구,5,0,23,35.57,,,36-19,11140,7
4,,2016,,,2020,충무로엘크루메트로시티2,충무로5가,"2,000",중구,5,65,30,23.03,,,36-2,11140,14
5,,2016,,,2020,충무로엘크루메트로시티2,충무로5가,"3,000",중구,5,60,30,23.03,,,36-2,11140,19
6,,2003,,,2020,정건벨라지오오피스텔,을지로5가,"9,000",중구,5,0,9,21.94,,,20-1,11140,7
7,,2019,,,2020,정석그라시아,오장동,100,중구,5,31,15,20.81,,,90-8,11140,4
8,,2019,,,2020,정석그라시아,오장동,100,중구,5,31,15,20.81,,,90-8,11140,4
9,,2019,,,2020,정석그라시아,오장동,100,중구,5,31,15,20.81,,,90-8,11140,6
10,,2019,,,2020,정석그라시아,오장동,100,중구,5,31,15,20.81,,,90-8,11140,3
11,,2019,,,2020,정석그라시아,오장동,100,중구,5,32,15,21.17,,,90-8,11140,6
12,,2019,,,2020,정석그라시아,오장동,100,중구,5,31,15,20.81,,,90-8,11140,5
13,,2019,,,2020,정석그라시아,오장동,100,중구,5,31,15,20.81,,,90-8,11140,5
14,,2019,,,2020,정석그라시아,오장동,100,중구,5,31,15,20.81,,,90-8,11140,6
15,,2019,,,2020,정석그라시아,오장동,100,중구,5,31,15,20.81,,,90-8,11140,4
16,,2019,,,2020,정석그라시아,오장동,100,중구,5,31,15,20.81,,,90-8,11140,3
17,,2019,,,2020,정석그라시아,오장동,100,중구,5,32,16,21.17,,,90-8,11140,4
18,,2019,,,2020,정석그라시아,오장동,100,중구,5,31,16,20.81,,,90-8,11140,6
19,,2019,,,2020,정석그라시아,오장동,100,중구,5,32,16,21.17,,,90-8,11140,5
20,,2019,,,2020,정석그라시아,오장동,100,중구,5,31,17,20.81,,,90-8,11140,7
21,,2019,,,2020,정석그라시아,오장동,100,중구,5,32,17,21.17,,,90-8,11140,3
22,,2019,,,2020,정석그라시아,오장동,100,중구,5,31,18,20.81,,,90-8,11140,4
23,,2019,,,2020,정석그라시아,오장동,100,중구,5,31,18,20.81,,,90-8,11140,7
24,,2019,,,2020,정석그라시아,오장동,100,중구,5,31,18,20.81,,,90-8,11140,5
25,,2019,,,2020,정석그라시아,오장동,100,중구,5,31,18,20.81,,,90-8,11140,2
26,,2019,,,2020,정석그라시아,오장동,100,중구,5,31,18,20.81,,,90-8,11140,5
27,,2019,,,2020,정석그라시아,오장동,100,중구,5,31,19,20.81,,,90-8,11140,3
28,,2019,,,2020,정석그라시아,오장동,100,중구,5,31,19,20.81,,,90-8,11140,3
29,,2013,,,2020,엘크루 메트로시티,충무로3가,"21,000",중구,5,0,13,26.78,,,49,11140,16
30,,2013,,,2020,엘크루 메트로시티,충무로3가,"20,000",중구,5,0,17,26.65,,,49,11140,17
31,,2013,,,2020,엘크루 메트로시티,충무로3가,"1,000",중구,5,80,26,28.94,,,49,11140,10
32,,2018,,,2020,제이매크로 타워,저동2가,"16,800",중구,5,0,9,19.35,,,7-2,11140,8
33,,2018,,,2020,제이매크로 타워,저동2가,"1,000",중구,5,75,19,19.35,,,7-2,11140,6
34,,2018,,,2020,제이매크로 타워,저동2가,"10,000",중구,5,30,20,19.35,,,7-2,11140,10
35,,2018,,,2020,제이매크로 타워,저동2가,"3,000",중구,5,70,27,19.35,,,7-2,11140,12
36,,2018,,,2020,제이매크로 타워,저동2가,"17,850",중구,5,0,30,19.35,,,7-2,11140,10
37,,2018,,,2020,아리스타 에스디,신당동,"5,000",중구,5,60,14,18.7,,,160-1,11140,15
38,,2014,,,2020,신당아르브,신당동,"14,500",중구,5,0,20,21.31,,,160-5,11140,12
39,,2018,,,2020,아리스타 에스디,신당동,"3,000",중구,5,68,20,18.7,,,160-1,11140,10
40,,2014,,,2020,신당아르브,신당동,"15,000",중구,5,0,26,21.31,,,160-5,11140,12
41,,2018,,,2020,대현프리몰,신당동,"1,000",중구,5,67,26,21.37,,,421-1,11140,7
42,,2018,,,2020,위더스하임,흥인동,"23,000",중구,5,0,1,29.76,,,142-1,11140,3
43,,2014,,,2020,청계천 두산위브더제니스,흥인동,"77,000",중구,5,0,7,46.74,,,13-1,11140,10
44,,2018,,,2020,위더스하임,흥인동,"19,000",중구,5,0,26,24.48,,,142-1,11140,4
45,,2004,,,2020,신당역올리브2,황학동,"2,000",중구,5,50,1,23.82,,,2484,11140,7
46,,2013,,,2020,한양 I-Class,황학동,"6,000",중구,5,22,1,19.05,,,787,11140,9
47,,2014,,,2020,DUO302,황학동,"1,000",중구,5,60,6,22.52,,,819,11140,2
48,,2018,,,2020,벨로하우스황학,황학동,"17,300",중구,5,0,7,26.47,,,1565,11140,2
49,,2010,,,2020,황학동 코아루,황학동,"24,100",중구,5,0,9,41.68,,,882,11140,5
50,,2018,,,2020,골드캐슬Ⅳ,황학동,"25,000",중구,5,0,12,44.29,,,1733,11140,6
51,,2016,,,2020,하늘드리움2차,황학동,"1,000",중구,5,100,14,38.31,,,876,11140,4
52,,2018,,,2020,청계 블루카운티,황학동,"20,000",중구,5,0,15,26.19,,,1720,11140,7
53,,2014,,,2020,DUO302,황학동,"2,000",중구,5,60,16,22.52,,,819,11140,17
54,,2016,,,2020,하늘드리움2차,황학동,"24,500",중구,5,0,16,38.32,,,876,11140,2
55,,2004,,,2020,신당역올리브2,황학동,"11,000",중구,5,0,16,23.82,,,2484,11140,6
56,,2004,,,2020,올리브1,황학동,"5,000",중구,5,30,16,25.05,,,808,11140,12
57,,2019,,,2020,MAVL PLACE,황학동,"1,000",중구,5,77,17,23.1,,,1596,11140,14
58,,2015,,,2020,하늘드리움,황학동,"26,000",중구,5,0,20,55.73,,,656,11140,8
59,,2019,,,2020,MAVL PLACE,황학동,"1,000",중구,5,80,21,26.75,,,1596,11140,13
60,,2014,,,2020,DUO302,황학동,"16,000",중구,5,0,23,22.52,,,819,11140,3
61,,2014,,,2020,DUO302,황학동,"10,000",중구,5,23,23,22.52,,,819,11140,5
62,,2016,,,2020,신당블루카운티,황학동,"3,000",중구,5,95,26,44.66,,,846,11140,9
63,,2018,,,2020,동광팰리스,황학동,"24,000",중구,5,0,27,36.6,,,1572,11140,3
64,,2019,,,2020,OR Plus Loft 오피스텔,황학동,"5,000",중구,5,73,28,27.09,,,1694,11140,5
65,,2013,,,2020,한양 I-Class,황학동,"4,000",중구,5,40,29,19.05,,,787,11140,11
66,,2014,,,2020,DUO302,황학동,"12,000",중구,5,0,30,22.52,,,819,11140,9
67,,2018,,,2020,골드캐슬Ⅳ,황학동,"23,000",중구,5,0,30,43.78,,,1733,11140,2
68,,2013,,,2020,한양 I-Class,황학동,"3,000",중구,5,47,30,19.05,,,787,11140,6
69,,2014,,,2020,DUO302,황학동,"3,000",중구,5,55,30,23.06,,,819,11140,8
70,,2016,,,2020,덕수궁롯데캐슬,순화동,"29,200",중구,5,0,5,36.15,,,217,11140,7
71,,2005,,,2020,바비엥-2,의주로1가,"1,000",중구,5,100,23,41.55,,,25-10,11140,13
72,,2005,,,2020,서울역 디오빌,만리동1가,"3,000",중구,5,120,6,56.17,,,62-7,11140,9
73,,2005,,,2020,서울역 디오빌,만리동1가,"38,000",중구,5,0,9,56.17,,,62-7,11140,2
74,,2005,,,2020,서울역 디오빌,만리동1가,"32,500",중구,5,0,23,56.17,,,62-7,11140,4
75,,2004,,,2020,KCC 파크타운,만리동2가,"40,000",중구,5,0,16,66.47,,,11-1,11140,7
0,,2007,,,2020,명동 엠퍼스트플레이스,충무로2가,"3,000",중구,6,60,2,18.6,,,48-2,11140,10
1,,2007,,,2020,명동 엠퍼스트플레이스,충무로2가,"3,000",중구,6,60,3,18.6,,,48-2,11140,4
2,,2007,,,2020,명동 엠퍼스트플레이스,충무로2가,"2,000",중구,6,60,5,18.6,,,48-2,11140,8
3,,2007,,,2020,명동 엠퍼스트플레이스,충무로2가,"1,000",중구,6,70,15,18.6,,,48-2,11140,8
4,,2007,,,2020,명동 엠퍼스트플레이스,충무로2가,"8,000",중구,6,40,26,17.59,,,48-2,11140,4
5,,2016,,,2020,충무로엘크루메트로시티2,충무로5가,"28,000",중구,6,0,12,41.41,,,36-2,11140,19
6,,2016,,,2020,충무로엘크루메트로시티2,충무로5가,"16,800",중구,6,0,16,23.03,,,36-2,11140,7
7,,2016,,,2020,충무로엘크루메트로시티2,충무로5가,"24,000",중구,6,8,16,41.41,,,36-2,11140,14
8,,2016,,,2020,충무로엘크루메트로시티2,충무로5가,"16,500",중구,6,0,24,23.03,,,36-2,11140,6
9,,2016,,,2020,충무로엘크루메트로시티2,충무로5가,"17,000",중구,6,0,26,23.03,,,36-2,11140,7
10,,2003,,,2020,스타빌딩,필동1가,"5,000",중구,6,60,30,27.43,,,22-2,11140,6
11,,2019,,,2020,을지 웰 라이프,을지로4가,"1,000",중구,6,85,5,26.88,,,187-9,11140,6
12,,2004,,,2020,삼성골드캐슬,을지로5가,"11,000",중구,6,0,6,22.74,,,273-2,11140,5
13,,2019,,,2020,정석그라시아,오장동,100,중구,6,31,25,20.81,,,90-8,11140,2
14,,2019,,,2020,정석그라시아,오장동,100,중구,6,31,25,20.81,,,90-8,11140,2
15,,2013,,,2020,엘크루 메트로시티,충무로3가,"24,000",중구,6,0,6,36.46,,,49,11140,14
16,,2013,,,2020,엘크루 메트로시티,충무로3가,"20,000",중구,6,0,10,26.78,,,49,11140,10
17,,2013,,,2020,엘크루 메트로시티,충무로3가,"22,000",중구,6,0,11,28.1,,,49,11140,9
18,,2018,,,2020,제이매크로 타워,저동2가,"18,000",중구,6,0,1,22.6,,,7-2,11140,8
19,,2018,,,2020,제이매크로 타워,저동2가,"19,500",중구,6,0,4,22.6,,,7-2,11140,6
20,,2018,,,2020,제이매크로 타워,저동2가,"18,375",중구,6,0,9,19.35,,,7-2,11140,7
21,,2018,,,2020,제이매크로 타워,저동2가,"17,000",중구,6,0,12,22.47,,,7-2,11140,13
22,,2018,,,2020,제이매크로 타워,저동2가,"5,000",중구,6,55,16,19.35,,,7-2,11140,7
23,,2018,,,2020,제이매크로 타워,저동2가,"2,000",중구,6,68,17,19.35,,,7-2,11140,12
24,,2018,,,2020,제이매크로 타워,저동2가,"17,850",중구,6,0,20,19.35,,,7-2,11140,13
25,,2018,,,2020,제이매크로 타워,저동2가,"18,200",중구,6,0,25,19.35,,,7-2,11140,5
26,,2015,,,2020,남산더힐B동,신당동,"3,000",중구,6,85,6,36.97,,,420-23,11140,7
27,,2015,,,2020,남산더힐B동,신당동,"23,000",중구,6,0,6,34.71,,,420-23,11140,7
28,,2018,,,2020,대현프리몰,신당동,"1,000",중구,6,67,9,21.37,,,421-1,11140,6
29,,2014,,,2020,신당아르브,신당동,"16,500",중구,6,0,10,21.31,,,160-5,11140,13
30,,2003,,,2020,(340-123),신당동,"15,000",중구,6,0,16,19.52,,,340-123,11140,5
31,,2016,,,2020,신당역솔하임,신당동,"4,000",중구,6,55,16,18.8,,,140-23,11140,13
32,,2015,,,2020,남산더힐A동,신당동,"24,000",중구,6,0,19,34.71,,,420-17,11140,6
33,,2015,,,2020,남산더힐A동,신당동,"25,000",중구,6,0,19,34.71,,,420-17,11140,6
34,,2016,,,2020,신당역솔하임,신당동,"4,000",중구,6,55,19,18.8,,,140-23,11140,13
35,,2015,,,2020,남산더힐B동,신당동,"2,000",중구,6,82,24,34.71,,,420-23,11140,6
36,,2004,,,2020,JK오피스텔,신당동,"10,000",중구,6,0,30,22.75,,,353-22,11140,4
37,,2014,,,2020,동대문 와이즈 캐슬,흥인동,"1,000",중구,6,60,3,19.92,,,119,11140,6
38,,2014,,,2020,동대문 와이즈 캐슬,흥인동,"1,000",중구,6,50,4,19.92,,,119,11140,6
39,,2016,,,2020,리마크빌 동대문,흥인동,"1,000",중구,6,80,19,24.65,,,86,11140,16
40,,2014,,,2020,동대문 와이즈 캐슬,흥인동,"14,700",중구,6,0,25,19.92,,,119,11140,4
41,,2018,,,2020,위더스하임,흥인동,"25,000",중구,6,0,25,29.76,,,142-1,11140,3
42,,2014,,,2020,청계천 두산위브더제니스,흥인동,"7,000",중구,6,80,26,46.23,,,13-1,11140,4
43,,2018,,,2020,동광팰리스,황학동,"1,000",중구,6,105,2,36.11,,,1572,11140,2
44,,2013,,,2020,한양 I-Class,황학동,"3,000",중구,6,45,2,19.05,,,787,11140,10
45,,2016,,,2020,신당블루카운티,황학동,"23,000",중구,6,0,4,28.58,,,846,11140,7
46,,2014,,,2020,DUO302,황학동,"1,000",중구,6,63,6,22.52,,,819,11140,12
47,,2004,,,2020,올리브1,황학동,500,중구,6,55,6,25.05,,,808,11140,10
48,,,,,2020,주건축물제1동,황학동,"15,500",중구,6,0,8,21.32,,,19,11140,6
49,,2017,,,2020,(1079),황학동,"28,000",중구,6,0,8,46.03,,,1079,11140,5
50,,2017,,,2020,주건축물제1동,황학동,"25,000",중구,6,0,8,41.58,,,1452,11140,9
51,,2014,,,2020,블루카운티Ⅱ,황학동,"25,000",중구,6,0,9,48.42,,,1628,11140,9
52,,2018,,,2020,청계리버팰리스B,황학동,"21,000",중구,6,0,11,35.48,,,2015,11140,3
53,,2018,,,2020,청계리버팰리스B,황학동,"21,000",중구,6,0,11,35.48,,,2015,11140,3
54,,2017,,,2020,(1079),황학동,"2,000",중구,6,75,11,29.16,,,1079,11140,3
55,,2019,,,2020,OR Plus Loft 오피스텔,황학동,"4,000",중구,6,68,12,22.63,,,1694,11140,4
56,,2018,,,2020,청계 블루카운티,황학동,"30,000",중구,6,0,13,51.43,,,1720,11140,6
57,,2013,,,2020,한양 I-Class,황학동,"13,000",중구,6,0,13,19.05,,,787,11140,8
58,,2019,,,2020,소미골드라인,황학동,"24,000",중구,6,0,13,35.93,,,955,11140,4
59,,2014,,,2020,다올 노블리움 B동,황학동,"2,000",중구,6,100,13,56.15,,,1744-1,11140,4
60,,2018,,,2020,벨로하우스황학,황학동,"17,300",중구,6,0,14,26.47,,,1565,11140,3
61,,2018,,,2020,청계 블루카운티,황학동,"39,000",중구,6,0,15,66.86,,,1720,11140,5
62,,,,,2020,주건축물제1동,황학동,"15,500",중구,6,0,15,23.23,,,19,11140,2
63,,,,,2020,밸류 에스엘,황학동,"1,000",중구,6,105,17,42.7,,,1496,11140,5
64,,2004,,,2020,올리브1,황학동,"2,000",중구,6,50,19,25.05,,,808,11140,13
65,,2013,,,2020,한양 I-Class,황학동,"13,100",중구,6,0,20,19.05,,,787,11140,9
66,,2014,,,2020,DUO302,황학동,"4,500",중구,6,50,20,23.06,,,819,11140,10
67,,2018,,,2020,골드캐슬Ⅳ,황학동,"32,000",중구,6,0,20,54.47,,,1733,11140,3
68,,2015,,,2020,골드캐슬Ⅰ,황학동,"21,000",중구,6,0,20,40.87,,,1725,11140,3
69,,2003,,,2020,중앙시티빌,황학동,"2,000",중구,6,50,23,25.5,,,805,11140,3
70,,2004,,,2020,신당역올리브2,황학동,500,중구,6,55,25,23.82,,,2484,11140,11
71,,2017,,,2020,(2022),황학동,"4,000",중구,6,42,26,19.58,,,2022,11140,8
72,,2004,,,2020,올리브1,황학동,"1,000",중구,6,50,27,23.73,,,808,11140,14
73,,2018,,,2020,청계 블루카운티,황학동,"19,900",중구,6,0,27,25.04,,,1720,11140,8
74,,2013,,,2020,한양 I-Class,황학동,"1,000",중구,6,55,27,19.05,,,787,11140,4
75,,2004,,,2020,올리브1,황학동,"1,000",중구,6,50,29,25.05,,,808,11140,12
76,,2001,,,2020,골든빌,황학동,"10,000",중구,6,0,30,23.52,,,1752,11140,4
77,,2016,,,2020,덕수궁롯데캐슬,순화동,"3,000",중구,6,90,24,38.79,,,217,11140,5
78,,2005,,,2020,바비엥-2,의주로1가,"24,000",중구,6,0,1,41.55,,,25-10,11140,9
79,,2005,,,2020,바비엥-2,의주로1가,"20,000",중구,6,0,26,44.48,,,25-10,11140,10
80,,2006,,,2020,브라운스톤서울,중림동,"42,000",중구,6,0,26,68.04,,,355,11140,11
0,,2007,,,2020,명동 엠퍼스트플레이스,충무로2가,"2,000",중구,7,63,1,20.84,,,48-2,11140,7
1,,2007,,,2020,명동 엠퍼스트플레이스,충무로2가,"2,000",중구,7,70,3,20.28,,,48-2,11140,10
2,,2007,,,2020,명동 엠퍼스트플레이스,충무로2가,"3,000",중구,7,70,23,20.28,,,48-2,11140,10
3,,2007,,,2020,명동 엠퍼스트플레이스,충무로2가,"19,000",중구,7,0,25,18.6,,,48-2,11140,2
4,,2020,,,2020,이지마루 충무로,충무로5가,"25,500",중구,7,0,1,35.57,,,36-19,11140,5
5,,2016,,,2020,충무로엘크루메트로시티2,충무로5가,"1,000",중구,7,68,1,23.03,,,36-2,11140,16
6,,2020,,,2020,이지마루 충무로,충무로5가,"27,500",중구,7,0,2,36.48,,,36-19,11140,7
7,,2016,,,2020,충무로엘크루메트로시티2,충무로5가,"2,000",중구,7,65,2,23.03,,,36-2,11140,10
8,,2016,,,2020,충무로엘크루메트로시티2,충무로5가,"2,000",중구,7,65,6,23.03,,,36-2,11140,8
9,,2020,,,2020,이지마루 충무로,충무로5가,"27,000",중구,7,0,11,36.48,,,36-19,11140,5
10,,2016,,,2020,충무로엘크루메트로시티2,충무로5가,"2,000",중구,7,53,16,23.03,,,36-2,11140,3
11,,2020,,,2020,이지마루 충무로,충무로5가,"25,500",중구,7,0,17,35.57,,,36-19,11140,5
12,,2020,,,2020,이지마루 충무로,충무로5가,"26,000",중구,7,0,18,36.48,,,36-19,11140,7
13,,2005,,,2020,성진오피스텔,광희동2가,"7,000",중구,7,0,16,22.8,,,194-1,11140,5
14,,2005,,,2020,성진오피스텔,광희동2가,"7,000",중구,7,10,16,22.8,,,194-1,11140,5
15,,2005,,,2020,성진오피스텔,광희동2가,"7,000",중구,7,10,30,22.8,,,194-1,11140,3
16,,2019,,,2020,을지 웰 라이프,을지로4가,"26,000",중구,7,0,7,29.93,,,187-9,11140,10
17,,2013,,,2020,엘크루 메트로시티,충무로3가,"5,000",중구,7,55,1,28.94,,,49,11140,18
18,,2013,,,2020,엘크루 메트로시티,충무로3가,"1,000",중구,7,95,4,28.1,,,49,11140,15
19,,2013,,,2020,엘크루 메트로시티,충무로3가,"6,000",중구,7,55,8,28.1,,,49,11140,18
20,,2013,,,2020,엘크루 메트로시티,충무로3가,"1,000",중구,7,50,10,26.78,,,49,11140,9
21,,2013,,,2020,엘크루 메트로시티,충무로3가,"21,000",중구,7,0,22,28.1,,,49,11140,13
22,,2013,,,2020,엘크루 메트로시티,충무로3가,"25,000",중구,7,0,24,36.72,,,49,11140,10
23,,2013,,,2020,엘크루 메트로시티,충무로3가,"10,000",중구,7,45,31,29.46,,,49,11140,7
24,,2018,,,2020,제이매크로 타워,저동2가,"18,900",중구,7,0,2,22.6,,,7-2,11140,7
25,,2018,,,2020,제이매크로 타워,저동2가,"5,000",중구,7,50,6,19.35,,,7-2,11140,4
26,,2018,,,2020,제이매크로 타워,저동2가,"22,000",중구,7,0,6,24.85,,,7-2,11140,8
27,,2018,,,2020,제이매크로 타워,저동2가,"9,000",중구,7,30,9,19.35,,,7-2,11140,9
28,,2018,,,2020,제이매크로 타워,저동2가,"17,850",중구,7,0,23,19.35,,,7-2,11140,11
29,,2018,,,2020,제이매크로 타워,저동2가,"17,850",중구,7,0,24,19.35,,,7-2,11140,7
30,,2018,,,2020,제이매크로 타워,저동2가,"2,000",중구,7,70,31,22.47,,,7-2,11140,12
31,,2014,,,2020,신당아르브,신당동,"15,900",중구,7,0,1,21.31,,,160-5,11140,8
32,,2014,,,2020,신당아르브,신당동,"16,800",중구,7,0,1,21.31,,,160-5,11140,17
33,,2016,,,2020,신당역솔하임,신당동,"11,000",중구,7,25,4,18.8,,,140-23,11140,5
34,,2016,,,2020,신당역솔하임,신당동,"11,000",중구,7,25,4,18.8,,,140-23,11140,5
35,,2018,,,2020,대현프리몰,신당동,"1,000",중구,7,67,4,21.37,,,421-1,11140,8
36,,2015,,,2020,승리빌딩,신당동,"11,000",중구,7,0,10,22.81,,,309-45,11140,4
37,,2014,,,2020,신당아르브,신당동,"3,000",중구,7,55,10,21.31,,,160-5,11140,17
38,,2014,,,2020,신당아르브,신당동,"5,000",중구,7,45,11,21.31,,,160-5,11140,17
39,,2018,,,2020,아리스타 에스디,신당동,"1,000",중구,7,73,11,18.66,,,160-1,11140,5
40,,2018,,,2020,대현프리몰,신당동,"1,000",중구,7,67,17,21.37,,,421-1,11140,5
41,,2016,,,2020,신당역솔하임,신당동,"18,000",중구,7,0,17,18.8,,,140-23,11140,9
42,,2014,,,2020,신당아르브,신당동,"5,000",중구,7,45,18,21.31,,,160-5,11140,13
43,,2014,,,2020,신당아르브,신당동,"16,000",중구,7,0,18,21.31,,,160-5,11140,16
44,,2018,,,2020,아리스타 에스디,신당동,"2,000",중구,7,70,18,18.66,,,160-1,11140,10
45,,2016,,,2020,신당역솔하임,신당동,"10,000",중구,7,35,20,18.8,,,140-23,11140,9
46,,2003,,,2020,(340-123),신당동,"15,000",중구,7,0,21,22.4,,,340-123,11140,2
47,,2018,,,2020,대현프리몰,신당동,"1,000",중구,7,64,27,18.18,,,421-1,11140,5
48,,2020,,,2020,은수빌딩,신당동,"16,000",중구,7,0,28,20.19,,,120-1,11140,11
49,,2020,,,2020,은수빌딩,신당동,"22,000",중구,7,0,31,29.82,,,120-1,11140,14
50,,2014,,,2020,청계천 두산위브더제니스,흥인동,"1,000",중구,7,130,3,46.74,,,13-1,11140,12
51,,2014,,,2020,청계천 두산위브더제니스,흥인동,"2,000",중구,7,120,10,46.74,,,13-1,11140,20
52,,2014,,,2020,동대문 와이즈 캐슬,흥인동,"14,000",중구,7,0,11,19.92,,,119,11140,6
53,,2016,,,2020,동대문솔하임,흥인동,"23,000",중구,7,0,13,29.83,,,8,11140,10
54,,2014,,,2020,청계천 두산위브더제니스,흥인동,"25,000",중구,7,0,14,35.77,,,13-1,11140,6
55,,2014,,,2020,청계천 두산위브더제니스,흥인동,"32,000",중구,7,0,16,46.74,,,13-1,11140,18
56,,2016,,,2020,리마크빌 동대문,흥인동,"1,000",중구,7,88,22,30.3,,,86,11140,7
57,,2014,,,2020,동대문 와이즈 캐슬,흥인동,"5,000",중구,7,32,24,19.92,,,119,11140,4
58,,2014,,,2020,동대문 와이즈 캐슬,흥인동,"1,000",중구,7,60,25,19.92,,,119,11140,6
59,,2014,,,2020,동대문 와이즈 캐슬,흥인동,"14,500",중구,7,0,30,19.92,,,119,11140,3
60,,2018,,,2020,벨로하우스황학,황학동,"22,500",중구,7,0,1,34.9,,,1565,11140,4
61,,2001,,,2020,골든빌,황학동,500,중구,7,58,1,34.11,,,1752,11140,4
62,,2014,,,2020,블루카운티Ⅱ,황학동,"26,000",중구,7,0,4,48.22,,,1628,11140,4
63,,,,,2020,밸류 에스엘,황학동,"24,000",중구,7,0,4,43.56,,,1496,11140,4
64,,2014,,,2020,블루카운티Ⅱ,황학동,"13,000",중구,7,0,4,22.81,,,1628,11140,5
65,,2013,,,2020,한양 I-Class,황학동,"12,500",중구,7,0,8,19.05,,,787,11140,4
66,,2019,,,2020,더큐브II,황학동,"3,000",중구,7,75,8,28.3,,,1448,11140,6
67,,2014,,,2020,다올노블리움A동,황학동,"24,000",중구,7,0,9,44.8,,,1744,11140,5
68,,2014,,,2020,DUO302,황학동,"16,000",중구,7,0,11,22.52,,,819,11140,11
69,,2018,,,2020,청계 블루카운티,황학동,"21,000",중구,7,0,11,25.04,,,1720,11140,9
70,,2014,,,2020,다올 노블리움 B동,황학동,"22,000",중구,7,0,11,46.2,,,1744-1,11140,4
71,,2018,,,2020,벨로하우스황학,황학동,"19,400",중구,7,0,13,26.47,,,1565,11140,6
72,,2018,,,2020,벨로하우스황학,황학동,"19,900",중구,7,0,14,26.47,,,1565,11140,5
73,,2014,,,2020,DUO302,황학동,"2,000",중구,7,60,15,23.06,,,819,11140,11
74,,2013,,,2020,한양 I-Class,황학동,"6,900",중구,7,17,17,19.05,,,787,11140,9
75,,2013,,,2020,한양 I-Class,황학동,"6,900",중구,7,20,17,19.05,,,787,11140,9
76,,2014,,,2020,다올노블리움A동,황학동,"2,000",중구,7,85,18,44.8,,,1744,11140,5
77,,2010,,,2020,황학동 코아루,황학동,"25,000",중구,7,0,18,48.73,,,882,11140,2
78,,2004,,,2020,신당역올리브2,황학동,"1,000",중구,7,60,20,26.47,,,2484,11140,3
79,,2018,,,2020,동광팰리스,황학동,"24,000",중구,7,0,20,35.94,,,1572,11140,2
80,,2018,,,2020,골드캐슬Ⅳ,황학동,"22,500",중구,7,0,21,43.78,,,1733,11140,4
81,,2004,,,2020,올리브1,황학동,"5,000",중구,7,40,21,25.05,,,808,11140,6
82,,2018,,,2020,벨로하우스황학,황학동,"22,000",중구,7,0,22,33.98,,,1565,11140,5
83,,2014,,,2020,DUO302,황학동,"2,000",중구,7,59,25,22.52,,,819,11140,13
84,,2018,,,2020,벨로하우스황학,황학동,"23,600",중구,7,0,25,34.9,,,1565,11140,3
85,,2016,,,2020,하늘드리움2차,황학동,"24,675",중구,7,0,25,38.32,,,876,11140,6
86,,,,,2020,주건축물제1동,황학동,"16,200",중구,7,0,25,23.23,,,19,11140,9
87,,2018,,,2020,벨로하우스황학,황학동,"23,000",중구,7,0,26,34.12,,,1565,11140,4
88,,2018,,,2020,청계 블루카운티,황학동,"21,000",중구,7,0,29,26.19,,,1720,11140,8
89,,2017,,,2020,주건축물제1동,황학동,"3,000",중구,7,90,29,41.58,,,1452,11140,10
90,,2020,,,2020,케렌시아청계,황학동,"31,000",중구,7,0,31,29.98,,,1749,11140,10
91,,2016,,,2020,덕수궁롯데캐슬,순화동,"35,000",중구,7,0,3,41.14,,,217,11140,3
92,,2016,,,2020,덕수궁롯데캐슬,순화동,"35,000",중구,7,0,31,41.14,,,217,11140,4
93,,2005,,,2020,바비엥-2,의주로1가,"22,500",중구,7,0,13,29.48,,,25-10,11140,13
94,,2005,,,2020,바비엥-2,의주로1가,"25,000",중구,7,0,17,41.55,,,25-10,11140,16
95,,2006,,,2020,브라운스톤서울,중림동,"20,000",중구,7,70,27,62.82,,,355,11140,28
96,,2005,,,2020,서울역 디오빌,만리동1가,"38,000",중구,7,0,27,56.17,,,62-7,11140,9
97,,2004,,,2020,KCC 파크타운,만리동2가,"40,000",중구,7,0,18,66.47,,,11-1,11140,9
98,,2004,,,2020,KCC 파크타운,만리동2가,"40,000",중구,7,0,29,66.47,,,11-1,11140,1
99,,2004,,,2020,KCC 파크타운,만리동2가,"2,000",중구,7,70,30,32.02,,,11-1,11140,10
100,,2004,,,2020,KCC 파크타운,만리동2가,"1,000",중구,7,70,30,32.02,,,11-1,11140,13
101,,2004,,,2020,KCC 파크타운,만리동2가,"43,000",중구,7,0,31,66.47,,,11-1,11140,8
102,,2004,,,2020,KCC 파크타운,만리동2가,"2,000",중구,7,140,31,66.47,,,11-1,11140,1
0,,2007,,,2020,명동 엠퍼스트플레이스,충무로2가,"1,000",중구,8,75,4,20.28,,,48-2,11140,8
1,,2007,,,2020,명동 엠퍼스트플레이스,충무로2가,"3,000",중구,8,70,10,18.6,,,48-2,11140,4
2,,2007,,,2020,명동 엠퍼스트플레이스,충무로2가,"6,000",중구,8,45,10,21.52,,,48-2,11140,4
3,,2007,,,2020,명동 엠퍼스트플레이스,충무로2가,"22,000",중구,8,0,21,21.52,,,48-2,11140,10
4,,2007,,,2020,명동 엠퍼스트플레이스,충무로2가,"19,950",중구,8,0,26,20.28,,,48-2,11140,7
5,,2007,,,2020,명동 엠퍼스트플레이스,충무로2가,"21,000",중구,8,0,26,21.52,,,48-2,11140,9
6,,2016,,,2020,충무로엘크루메트로시티2,충무로5가,"17,000",중구,8,0,1,23.03,,,36-2,11140,4
7,,2020,,,2020,이지마루 충무로,충무로5가,"27,000",중구,8,0,7,36.48,,,36-19,11140,4
8,,2020,,,2020,이지마루 충무로,충무로5가,"26,500",중구,8,0,8,35.57,,,36-19,11140,3
9,,2020,,,2020,이지마루 충무로,충무로5가,"27,000",중구,8,0,8,36.48,,,36-19,11140,5
10,,2016,,,2020,충무로엘크루메트로시티2,충무로5가,"2,000",중구,8,65,8,23.03,,,36-2,11140,17
11,,2016,,,2020,충무로엘크루메트로시티2,충무로5가,"5,000",중구,8,48,8,23.03,,,36-2,11140,11
12,,2020,,,2020,이지마루 충무로,충무로5가,"27,500",중구,8,0,11,36.48,,,36-19,11140,6
13,,2016,,,2020,충무로엘크루메트로시티2,충무로5가,"5,000",중구,8,55,13,23.03,,,36-2,11140,19
14,,2020,,,2020,이지마루 충무로,충무로5가,"26,500",중구,8,0,13,35.57,,,36-19,11140,3
15,,2016,,,2020,충무로엘크루메트로시티2,충무로5가,"20,000",중구,8,0,14,23.03,,,36-2,11140,9
16,,2020,,,2020,이지마루 충무로,충무로5가,"26,500",중구,8,0,19,35.57,,,36-19,11140,2
17,,2020,,,2020,이지마루 충무로,충무로5가,"26,500",중구,8,0,21,36.48,,,36-19,11140,3
18,,2016,,,2020,충무로엘크루메트로시티2,충무로5가,"18,000",중구,8,0,26,23.03,,,36-2,11140,17
19,,,,,2020,동원스위트광희,광희동2가,"26,000",중구,8,0,11,35.76,,,47-2,11140,10
20,,,,,2020,동원스위트광희,광희동2가,"25,200",중구,8,0,22,35.76,,,47-2,11140,7
21,,2004,,,2020,타임캐슬 오피스텔,을지로6가,"1,000",중구,8,60,10,23.27,,,23,11140,9
22,,2019,,,2020,동원스위트을지,을지로6가,"2,000",중구,8,95,13,36.89,,,48,11140,3
23,,2003,,,2020,정건벨라지오오피스텔,을지로5가,500,중구,8,55,13,21.94,,,20-1,11140,9
24,,2005,,,2020,대성을지로오피스텔,을지로5가,"1,000",중구,8,65,21,25.49,,,77-2,11140,12
25,,2003,,,2020,정건벨라지오오피스텔,을지로5가,500,중구,8,50,25,21.94,,,20-1,11140,10
26,,2020,,,2020,오렌지카운티을지로,오장동,"16,000",중구,8,0,15,18.36,,,145-1,11140,7
27,,2013,,,2020,엘크루 메트로시티,충무로3가,"22,000",중구,8,0,6,28.1,,,49,11140,12
28,,2013,,,2020,엘크루 메트로시티,충무로3가,500,중구,8,85,20,28.1,,,49,11140,7
29,,2013,,,2020,엘크루 메트로시티,충무로3가,"10,000",중구,8,40,25,29.46,,,49,11140,9
30,,2013,,,2020,엘크루 메트로시티,충무로3가,"30,000",중구,8,0,26,44.55,,,49,11140,11
31,,2018,,,2020,제이매크로 타워,저동2가,"19,950",중구,8,0,4,22.6,,,7-2,11140,12
32,,2018,,,2020,제이매크로 타워,저동2가,"18,900",중구,8,0,5,22.6,,,7-2,11140,4
33,,2018,,,2020,제이매크로 타워,저동2가,"19,950",중구,8,0,12,22.6,,,7-2,11140,13
34,,2018,,,2020,제이매크로 타워,저동2가,"18,300",중구,8,0,17,19.35,,,7-2,11140,13
35,,2018,,,2020,제이매크로 타워,저동2가,"10,000",중구,8,40,26,22.6,,,7-2,11140,11
36,,2018,,,2020,제이매크로 타워,저동2가,"19,000",중구,8,0,29,22.47,,,7-2,11140,9
37,,2020,,,2020,은수빌딩,신당동,"16,000",중구,8,0,3,20.19,,,120-1,11140,9
38,,2020,,,2020,은수빌딩,신당동,"16,000",중구,8,0,3,20.19,,,120-1,11140,12
39,,2018,,,2020,아리스타 에스디,신당동,"3,000",중구,8,72,3,18.66,,,160-1,11140,12
40,,2018,,,2020,대현프리몰,신당동,"1,000",중구,8,82,4,26.37,,,421-1,11140,5
41,,2004,,,2020,JK오피스텔,신당동,"9,450",중구,8,0,7,22.75,,,353-22,11140,4
42,,2004,,,2020,JK오피스텔,신당동,"9,500",중구,8,0,7,22.75,,,353-22,11140,4
43,,2020,,,2020,은수빌딩,신당동,"14,000",중구,8,0,12,17.22,,,120-1,11140,12
44,,2020,,,2020,은수빌딩,신당동,"16,000",중구,8,0,13,20.19,,,120-1,11140,9
45,,2020,,,2020,은수빌딩,신당동,"14,000",중구,8,0,13,17.22,,,120-1,11140,12
46,,2020,,,2020,은수빌딩,신당동,"16,000",중구,8,0,13,20.19,,,120-1,11140,11
47,,2020,,,2020,은수빌딩,신당동,"14,000",중구,8,0,14,17.22,,,120-1,11140,13
48,,2020,,,2020,은수빌딩,신당동,"16,000",중구,8,0,14,20.19,,,120-1,11140,11
49,,2016,,,2020,신당역솔하임,신당동,"18,000",중구,8,0,15,18.8,,,140-23,11140,12
50,,2020,,,2020,은수빌딩,신당동,"14,000",중구,8,0,18,17.22,,,120-1,11140,9
51,,2020,,,2020,은수빌딩,신당동,"16,000",중구,8,0,18,20.19,,,120-1,11140,13
52,,2020,,,2020,은수빌딩,신당동,"14,000",중구,8,0,18,17.22,,,120-1,11140,13
53,,2004,,,2020,JK오피스텔,신당동,"10,000",중구,8,0,19,22.75,,,353-22,11140,4
54,,2003,,,2020,(340-123),신당동,"15,000",중구,8,0,20,20.89,,,340-123,11140,4
55,,2014,,,2020,신당아르브,신당동,"1,000",중구,8,65,21,21.31,,,160-5,11140,15
56,,2014,,,2020,신당아르브,신당동,"2,000",중구,8,60,22,21.31,,,160-5,11140,16
57,,2014,,,2020,신당아르브,신당동,"16,000",중구,8,0,22,21.31,,,160-5,11140,8
58,,2014,,,2020,신당아르브,신당동,"1,000",중구,8,64,24,21.31,,,160-5,11140,17
59,,2020,,,2020,은수빌딩,신당동,"16,000",중구,8,0,25,20.19,,,120-1,11140,10
60,,2014,,,2020,신당아르브,신당동,"3,000",중구,8,50,25,21.31,,,160-5,11140,10
61,,2020,,,2020,은수빌딩,신당동,"22,000",중구,8,0,29,29.82,,,120-1,11140,14
62,,2020,,,2020,(251-10),신당동,100,중구,8,39,31,22.29,,,251-10,11140,4
63,,2016,,,2020,리마크빌 동대문,흥인동,"1,000",중구,8,77,3,24.65,,,86,11140,12
64,,2018,,,2020,위더스하임,흥인동,"25,000",중구,8,0,5,29.76,,,142-1,11140,6
65,,2016,,,2020,동대문솔하임,흥인동,"23,000",중구,8,0,14,25,,,8,11140,13
66,,2014,,,2020,청계천 두산위브더제니스,흥인동,"2,000",중구,8,110,15,40.89,,,13-1,11140,19
67,,2014,,,2020,동대문 와이즈 캐슬,흥인동,"14,000",중구,8,0,18,19.92,,,119,11140,6
68,,2014,,,2020,청계천 두산위브더제니스,흥인동,"2,000",중구,8,126,19,46.74,,,13-1,11140,12
69,,2018,,,2020,위더스하임,흥인동,"20,000",중구,8,0,21,24.48,,,142-1,11140,7
70,,2018,,,2020,청계 블루카운티,황학동,"20,000",중구,8,0,1,26.19,,,1720,11140,9
71,,2018,,,2020,벨로하우스황학,황학동,"22,000",중구,8,0,1,34.12,,,1565,11140,5
72,,2018,,,2020,벨로하우스황학,황학동,"23,500",중구,8,0,2,34.9,,,1565,11140,6
73,,2013,,,2020,한양 I-Class,황학동,"2,000",중구,8,50,3,19.05,,,787,11140,2
74,,2016,,,2020,하늘드리움2차,황학동,"3,000",중구,8,90,3,38.31,,,876,11140,4
75,,2019,,,2020,청계리버팰리스A,황학동,"23,000",중구,8,0,3,44.4,,,2033,11140,2
76,,2017,,,2020,골드캐슬Ⅲ,황학동,"26,000",중구,8,0,4,40.31,,,1743,11140,3
77,,2019,,,2020,OR Plus Loft 오피스텔,황학동,"3,000",중구,8,50,4,20.98,,,1694,11140,3
78,,2019,,,2020,소미골드라인,황학동,"24,500",중구,8,0,4,39.14,,,951,11140,2
79,,2016,,,2020,하늘드리움2차,황학동,"2,000",중구,8,90,4,38.31,,,876,11140,6
80,,2014,,,2020,아미인,황학동,"16,000",중구,8,0,6,24.15,,,836,11140,7
81,,2013,,,2020,한양 I-Class,황학동,"1,000",중구,8,58,7,19.05,,,787,11140,5
82,,2013,,,2020,한양 I-Class,황학동,500,중구,8,60,7,19.05,,,787,11140,3
83,,2014,,,2020,DUO302,황학동,"15,500",중구,8,0,8,22.52,,,819,11140,5
84,,2018,,,2020,청계 블루카운티,황학동,"19,500",중구,8,0,8,25.04,,,1720,11140,4
85,,,,,2020,주건축물제1동,황학동,"15,225",중구,8,0,8,20.78,,,19,11140,4
86,,2013,,,2020,한양 I-Class,황학동,"3,000",중구,8,50,10,19.05,,,787,11140,11
87,,2013,,,2020,한양 I-Class,황학동,"17,500",중구,8,0,10,29.64,,,787,11140,2
88,,2004,,,2020,신당역올리브2,황학동,"1,000",중구,8,55,11,23.82,,,2484,11140,13
89,,2003,,,2020,중앙시티빌,황학동,"3,000",중구,8,55,11,31.04,,,805,11140,12
90,,2004,,,2020,올리브1,황학동,"3,000",중구,8,40,11,25.05,,,808,11140,6
91,,2013,,,2020,한양 I-Class,황학동,"3,000",중구,8,48,11,19.05,,,787,11140,10
92,,2017,,,2020,주건축물제1동,황학동,"32,500",중구,8,0,13,57.81,,,1452,11140,5
93,,2017,,,2020,(2022),황학동,"22,050",중구,8,0,15,42.53,,,2022,11140,6
94,,2013,,,2020,한양 I-Class,황학동,"2,000",중구,8,52,17,19.05,,,787,11140,7
95,,2014,,,2020,DUO302,황학동,"4,000",중구,8,55,18,22.52,,,819,11140,5
96,,2018,,,2020,벨로하우스황학,황학동,"21,500",중구,8,0,19,34.9,,,1565,11140,2
97,,2004,,,2020,올리브1,황학동,500,중구,8,55,19,25.05,,,808,11140,8
98,,2018,,,2020,벨로하우스황학,황학동,"21,300",중구,8,0,20,34.12,,,1565,11140,6
99,,2018,,,2020,벨로하우스황학,황학동,"17,300",중구,8,0,21,26.47,,,1565,11140,4
100,,2016,,,2020,해비치,황학동,"2,000",중구,8,90,21,38.33,,,1834,11140,6
101,,2019,,,2020,OR Plus Loft 오피스텔,황학동,"9,000",중구,8,58,21,45.97,,,1694,11140,12
102,,2018,,,2020,청계리버팰리스B,황학동,"23,000",중구,8,0,21,35.48,,,2015,11140,4
103,,2014,,,2020,DUO302,황학동,"2,000",중구,8,60,22,22.52,,,819,11140,18
104,,2014,,,2020,DUO302,황학동,"5,000",중구,8,45,23,22.52,,,819,11140,9
105,,2019,,,2020,테인트리즈,황학동,"26,200",중구,8,0,23,38.26,,,1087,11140,3
106,,2004,,,2020,신당역올리브2,황학동,"1,000",중구,8,65,25,23.82,,,2484,11140,3
107,,2014,,,2020,DUO302,황학동,700,중구,8,65,26,22.52,,,819,11140,7
108,,2004,,,2020,올리브1,황학동,500,중구,8,55,27,25.05,,,808,11140,13
109,,2004,,,2020,신당역올리브2,황학동,500,중구,8,55,28,23.82,,,2484,11140,6
110,,2018,,,2020,청계 블루카운티,황학동,"31,500",중구,8,0,28,52.37,,,1720,11140,11
111,,2017,,,2020,주건축물제1동,황학동,"26,000",중구,8,0,28,41.58,,,1452,11140,2
112,,2013,,,2020,한양 I-Class,황학동,"2,000",중구,8,53,30,19.05,,,787,11140,9
113,,2016,,,2020,덕수궁롯데캐슬,순화동,"27,000",중구,8,0,22,32.35,,,217,11140,9
114,,2016,,,2020,덕수궁롯데캐슬,순화동,"31,000",중구,8,0,24,32.35,,,217,11140,12
115,,2004,,,2020,KCC 파크타운,만리동2가,"1,000",중구,8,140,1,66.47,,,11-1,11140,3
0,,2007,,,2020,명동 엠퍼스트플레이스,충무로2가,"18,000",중구,9,0,2,17.59,,,48-2,11140,8
1,,2007,,,2020,명동 엠퍼스트플레이스,충무로2가,"9,000",중구,9,35,10,18.6,,,48-2,11140,4
2,,2007,,,2020,명동 엠퍼스트플레이스,충무로2가,"5,000",중구,9,55,12,18.6,,,48-2,11140,11
3,,2007,,,2020,명동 엠퍼스트플레이스,충무로2가,"21,000",중구,9,0,17,20.28,,,48-2,11140,5
4,,2007,,,2020,명동 엠퍼스트플레이스,충무로2가,"9,000",중구,9,45,25,20.28,,,48-2,11140,8
5,,2007,,,2020,명동 엠퍼스트플레이스,충무로2가,"19,900",중구,9,0,28,18.6,,,48-2,11140,3
6,,2020,,,2020,이지마루 충무로,충무로5가,"26,000",중구,9,0,11,36.48,,,36-19,11140,7
7,,2005,,,2020,성진오피스텔,광희동2가,"7,000",중구,9,10,16,22.8,,,194-1,11140,9
8,,,,,2020,동원스위트광희,광희동2가,"10,000",중구,9,70,25,35.55,,,47-2,11140,7
9,,2014,,,2020,코발트팰리스,오장동,"13,000",중구,9,0,4,20.36,,,90-24,11140,11
10,,2020,,,2020,오렌지카운티을지로,오장동,"15,000",중구,9,0,5,16.32,,,145-1,11140,6
11,,2020,,,2020,오렌지카운티을지로,오장동,"20,000",중구,9,0,11,21.12,,,145-1,11140,7
12,,2013,,,2020,엘크루 메트로시티,충무로3가,"27,000",중구,9,0,5,36.53,,,49,11140,15
13,,2013,,,2020,엘크루 메트로시티,충무로3가,"23,000",중구,9,0,12,28.94,,,49,11140,13
14,,2013,,,2020,엘크루 메트로시티,충무로3가,"1,000",중구,9,90,23,36.53,,,49,11140,17
15,,2013,,,2020,엘크루 메트로시티,충무로3가,"26,000",중구,9,0,27,37.77,,,49,11140,13
16,,2018,,,2020,제이매크로 타워,저동2가,"19,800",중구,9,0,3,22.6,,,7-2,11140,4
17,,2018,,,2020,제이매크로 타워,저동2가,"10,000",중구,9,38,4,19.35,,,7-2,11140,14
18,,2018,,,2020,제이매크로 타워,저동2가,"17,000",중구,9,0,9,19.35,,,7-2,11140,7
19,,2018,,,2020,제이매크로 타워,저동2가,"19,500",중구,9,0,9,22.6,,,7-2,11140,8
20,,2018,,,2020,제이매크로 타워,저동2가,"19,950",중구,9,0,9,22.47,,,7-2,11140,11
21,,2018,,,2020,제이매크로 타워,저동2가,"17,500",중구,9,0,15,19.35,,,7-2,11140,14
22,,2018,,,2020,제이매크로 타워,저동2가,"11,000",중구,9,30,17,19.35,,,7-2,11140,5
23,,2018,,,2020,제이매크로 타워,저동2가,"6,000",중구,9,50,20,19.35,,,7-2,11140,13
24,,2018,,,2020,제이매크로 타워,저동2가,"1,000",중구,9,80,21,22.6,,,7-2,11140,13
25,,2018,,,2020,제이매크로 타워,저동2가,"20,000",중구,9,0,28,22.47,,,7-2,11140,9
26,,2020,,,2020,은수빌딩,신당동,"16,000",중구,9,0,1,20.19,,,120-1,11140,12
27,,2016,,,2020,신당역솔하임,신당동,"1,000",중구,9,90,1,26.72,,,140-23,11140,6
28,,2014,,,2020,신당아르브,신당동,"16,500",중구,9,0,2,21.31,,,160-5,11140,12
29,,2014,,,2020,신당아르브,신당동,"15,960",중구,9,0,4,21.31,,,160-5,11140,14
30,,2014,,,2020,신당아르브,신당동,"15,000",중구,9,0,9,21.31,,,160-5,11140,16
31,,2014,,,2020,신당아르브,신당동,"1,000",중구,9,63,10,21.31,,,160-5,11140,9
32,,2014,,,2020,신당아르브,신당동,"16,800",중구,9,0,18,21.31,,,160-5,11140,15
33,,2014,,,2020,신당아르브,신당동,"1,000",중구,9,65,21,21.31,,,160-5,11140,14
34,,2018,,,2020,아리스타 에스디,신당동,"5,000",중구,9,55,22,18.7,,,160-1,11140,6
35,,2004,,,2020,JK오피스텔,신당동,"10,000",중구,9,0,22,22.75,,,353-22,11140,5
36,,2014,,,2020,신당아르브,신당동,"17,000",중구,9,0,27,21.31,,,160-5,11140,12
37,,2006,,,2020,디오트,신당동,"25,000",중구,9,0,28,39.7,,,193-2,11140,6
38,,2014,,,2020,동대문 와이즈 캐슬,흥인동,"15,000",중구,9,0,2,19.92,,,119,11140,2
39,,2014,,,2020,청계천 두산위브더제니스,흥인동,"32,300",중구,9,0,14,46.74,,,13-1,11140,15
40,,2014,,,2020,청계천 두산위브더제니스,흥인동,"1,000",중구,9,100,15,34.61,,,13-1,11140,5
41,,2014,,,2020,동대문 와이즈 캐슬,흥인동,"13,000",중구,9,0,19,21.35,,,119,11140,2
42,,2014,,,2020,청계천 두산위브더제니스,흥인동,"2,000",중구,9,125,19,46.74,,,13-1,11140,8
43,,2014,,,2020,동대문 와이즈 캐슬,흥인동,"1,000",중구,9,55,21,19.92,,,119,11140,3
44,,2018,,,2020,위더스하임,흥인동,"24,885",중구,9,0,25,29.76,,,142-1,11140,4
45,,2018,,,2020,위더스하임,흥인동,"25,000",중구,9,0,28,29.76,,,142-1,11140,4
46,,2019,,,2020,유진빌딩,무학동,"1,000",중구,9,72,7,18.46,,,7-1,11140,4
47,,2019,,,2020,유진빌딩,무학동,"3,000",중구,9,55,16,16.05,,,7-1,11140,3
48,,2019,,,2020,유진빌딩,무학동,"1,000",중구,9,77,16,18.46,,,7-1,11140,6
49,,,,,2020,주건축물제1동,황학동,"15,700",중구,9,0,3,20.78,,,19,11140,8
50,,2004,,,2020,신당역올리브2,황학동,"22,000",중구,9,0,4,50.29,,,2484,11140,10
51,,2019,,,2020,소미골드라인,황학동,"25,000",중구,9,0,4,33.98,,,955,11140,4
52,,2004,,,2020,신당역올리브2,황학동,"12,900",중구,9,0,5,26.47,,,2484,11140,9
53,,2004,,,2020,올리브1,황학동,"1,000",중구,9,60,5,25.05,,,808,11140,4
54,,2019,,,2020,테인트리즈,황학동,"27,000",중구,9,0,5,37.57,,,1087,11140,3
55,,2013,,,2020,한양 I-Class,황학동,"3,000",중구,9,50,6,19.05,,,787,11140,5
56,,2018,,,2020,골드캐슬Ⅳ,황학동,"30,970",중구,9,0,8,54.47,,,1733,11140,4
57,,2014,,,2020,아미인,황학동,"5,000",중구,9,50,11,24.15,,,836,11140,4
58,,2017,,,2020,(2022),황학동,"26,000",중구,9,0,12,41.75,,,2022,11140,5
59,,2014,,,2020,다올노블리움A동,황학동,"23,600",중구,9,0,15,44.8,,,1744,11140,6
60,,2013,,,2020,한양 I-Class,황학동,"1,000",중구,9,60,15,19.05,,,787,11140,10
61,,2017,,,2020,주건축물제1동,황학동,"26,000",중구,9,0,17,41.58,,,1452,11140,11
62,,2014,,,2020,다올 노블리움 B동,황학동,"29,000",중구,9,0,21,56.15,,,1744-1,11140,6
63,,2014,,,2020,블루카운티Ⅱ,황학동,"14,000",중구,9,0,21,22.81,,,1628,11140,5
64,,2018,,,2020,벨로하우스황학,황학동,"2,000",중구,9,80,24,33.98,,,1565,11140,3
65,,2019,,,2020,OR Plus Loft 오피스텔,황학동,"3,500",중구,9,63,24,22.09,,,1694,11140,3
66,,2015,,,2020,(1542),황학동,"24,000",중구,9,0,25,45.5,,,1542,11140,5
67,,2014,,,2020,다올 노블리움 B동,황학동,"27,000",중구,9,0,26,56.15,,,1744-1,11140,2
68,,2017,,,2020,골드캐슬Ⅲ,황학동,"25,000",중구,9,0,26,40.31,,,1743,11140,5
69,,2013,,,2020,한양 I-Class,황학동,"3,000",중구,9,50,29,19.05,,,787,11140,8
70,,2016,,,2020,덕수궁롯데캐슬,순화동,"34,000",중구,9,0,9,41.14,,,217,11140,3
71,,2016,,,2020,덕수궁롯데캐슬,순화동,"2,000",중구,9,100,25,36.15,,,217,11140,11
72,,2016,,,2020,덕수궁롯데캐슬,순화동,"28,508",중구,9,0,29,36.15,,,217,11140,2
73,,2006,,,2020,브라운스톤서울,중림동,"42,000",중구,9,0,19,62.82,,,355,11140,19
74,,2005,,,2020,서울역 디오빌,만리동1가,"34,600",중구,9,0,4,56.17,,,62-7,11140,2
75,,2005,,,2020,서울역 디오빌,만리동1가,"41,000",중구,9,0,11,56.17,,,62-7,11140,5
76,,2005,,,2020,서울역 디오빌,만리동1가,"1,000",중구,9,120,12,56.17,,,62-7,11140,8
77,,2005,,,2020,서울역 디오빌,만리동1가,"36,700",중구,9,0,19,56.17,,,62-7,11140,7
78,,2004,,,2020,KCC 파크타운,만리동2가,"39,500",중구,9,0,9,66.47,,,11-1,11140,10
79,,2004,,,2020,KCC 파크타운,만리동2가,"45,000",중구,9,0,21,66.47,,,11-1,11140,15
80,,2004,,,2020,KCC 파크타운,만리동2가,"42,000",중구,9,0,26,66.47,,,11-1,11140,5
81,,2004,,,2020,KCC 파크타운,만리동2가,"45,000",중구,9,0,29,66.47,,,11-1,11140,14
0,,2007,,,2020,명동 엠퍼스트플레이스,충무로2가,"18,500",중구,10,0,6,20.28,,,48-2,11140,2
1,,2007,,,2020,명동 엠퍼스트플레이스,충무로2가,"18,500",중구,10,0,6,20.28,,,48-2,11140,2
2,,2007,,,2020,명동 엠퍼스트플레이스,충무로2가,"18,000",중구,10,0,20,20.28,,,48-2,11140,7
3,,2007,,,2020,명동 엠퍼스트플레이스,충무로2가,"20,000",중구,10,0,28,20.28,,,48-2,11140,7
4,,2016,,,2020,충무로엘크루메트로시티2,충무로5가,"17,500",중구,10,0,26,23.03,,,36-2,11140,17
5,,2003,,,2020,스타빌딩,필동1가,"16,000",중구,10,0,12,26.44,,,22-2,11140,10
6,,2005,,,2020,대성을지로오피스텔,을지로5가,"16,100",중구,10,0,29,33.95,,,77-2,11140,12
7,,2020,,,2020,오렌지카운티을지로,오장동,"13,000",중구,10,0,26,16.32,,,145-1,11140,3
8,,2020,,,2020,오렌지카운티을지로,오장동,"14,500",중구,10,0,31,16.32,,,145-1,11140,3
9,,2018,,,2020,제이매크로 타워,저동2가,"18,000",중구,10,0,17,19.35,,,7-2,11140,13
10,,2018,,,2020,제이매크로 타워,저동2가,"19,900",중구,10,0,17,22.47,,,7-2,11140,11
11,,2020,,,2020,은수빌딩,신당동,"2,000",중구,10,60,8,17.22,,,120-1,11140,7
12,,2014,,,2020,신당아르브,신당동,"15,000",중구,10,0,9,21.31,,,160-5,11140,16
13,,2014,,,2020,신당아르브,신당동,"16,800",중구,10,0,9,21.31,,,160-5,11140,15
14,,2016,,,2020,신당역솔하임,신당동,"5,000",중구,10,70,13,26.72,,,140-23,11140,7
15,,2015,,,2020,승리빌딩,신당동,"12,000",중구,10,0,13,22.81,,,309-45,11140,5
16,,2020,,,2020,은수빌딩,신당동,"1,000",중구,10,60,16,17.22,,,120-1,11140,4
17,,2005,,,2020,남산정은스카이,신당동,"1,000",중구,10,80,16,29.93,,,366-126,11140,1
18,,2018,,,2020,아리스타 에스디,신당동,"3,000",중구,10,70,26,18.66,,,160-1,11140,15
19,,2014,,,2020,동대문 와이즈 캐슬,흥인동,"15,000",중구,10,0,7,19.92,,,119,11140,5
20,,2014,,,2020,청계천 두산위브더제니스,흥인동,"10,000",중구,10,50,8,35.77,,,13-1,11140,26
21,,2016,,,2020,동대문솔하임,흥인동,"1,000",중구,10,80,13,25,,,8,11140,6
22,,2014,,,2020,동대문 와이즈 캐슬,흥인동,"16,500",중구,10,0,22,21.35,,,119,11140,5
23,,2018,,,2020,위더스하임,흥인동,"26,000",중구,10,0,30,29.76,,,142-1,11140,7
24,,2014,,,2020,청계천 두산위브더제니스,흥인동,"2,000",중구,10,120,31,40.89,,,13-1,11140,4
25,,2019,,,2020,유진빌딩,무학동,"16,000",중구,10,0,20,18.46,,,7-1,11140,6
26,,2014,,,2020,아미인,황학동,"13,000",중구,10,0,5,18.41,,,836,11140,3
27,,,,,2020,주건축물제1동,황학동,"15,750",중구,10,0,6,21.32,,,19,11140,9
28,,2016,,,2020,신당블루카운티,황학동,"23,000",중구,10,0,9,28.58,,,846,11140,8
29,,2016,,,2020,하늘드리움2차,황학동,"3,000",중구,10,92,9,38.32,,,876,11140,5
30,,2015,,,2020,(1542),황학동,"23,000",중구,10,0,10,52.1,,,1542,11140,4
31,,2019,,,2020,MAVL PLACE,황학동,"1,000",중구,10,65,12,24.43,,,1596,11140,8
32,,2016,,,2020,신당블루카운티,황학동,"29,000",중구,10,0,12,44.66,,,846,11140,8
33,,2016,,,2020,신당블루카운티,황학동,"22,500",중구,10,0,13,28.58,,,846,11140,10
34,,2013,,,2020,한양 I-Class,황학동,"12,500",중구,10,0,14,19.05,,,787,11140,9
35,,2018,,,2020,청계 블루카운티,황학동,"23,000",중구,10,0,14,25.04,,,1720,11140,11
36,,,,,2020,주건축물제1동,황학동,"10,000",중구,10,60,14,41.41,,,19,11140,4
37,,2018,,,2020,벨로하우스황학,황학동,"21,000",중구,10,0,14,33.98,,,1565,11140,2
38,,2015,,,2020,골드캐슬Ⅱ,황학동,"24,000",중구,10,0,15,39.6,,,1758,11140,3
39,,,,,2020,밸류 에스엘,황학동,"24,000",중구,10,0,15,42.7,,,1496,11140,2
40,,2003,,,2020,중앙시티빌,황학동,"3,000",중구,10,45,15,25,,,805,11140,12
41,,,,,2020,밸류 에스엘,황학동,"24,000",중구,10,0,15,42.7,,,1496,11140,2
42,,2013,,,2020,한양 I-Class,황학동,"1,000",중구,10,71,16,29.64,,,787,11140,11
43,,2017,,,2020,(1079),황학동,"21,000",중구,10,0,19,29.16,,,1079,11140,8
44,,2018,,,2020,위너빌(Winnervill),황학동,"25,500",중구,10,0,20,35.08,,,1200,11140,3
45,,2014,,,2020,다올노블리움A동,황학동,"29,000",중구,10,0,20,58.5,,,1744,11140,5
46,,2013,,,2020,한양 I-Class,황학동,"2,000",중구,10,50,22,19.05,,,787,11140,5
47,,,,,2020,주건축물제1동,황학동,"16,000",중구,10,0,24,23.61,,,19,11140,7
48,,2010,,,2020,황학동 코아루,황학동,"25,500",중구,10,0,25,46.63,,,882,11140,7
49,,2003,,,2020,중앙시티빌,황학동,"2,000",중구,10,50,26,25,,,805,11140,11
50,,2001,,,2020,골든빌,황학동,500,중구,10,50,27,23.52,,,1752,11140,4
51,,2019,,,2020,베네스트,황학동,"21,000",중구,10,0,30,33.52,,,855,11140,6
52,,2016,,,2020,하늘드리움2차,황학동,"24,600",중구,10,0,31,38.32,,,876,11140,5
53,,2015,,,2020,골드캐슬Ⅰ,황학동,"22,000",중구,10,0,31,40.87,,,1725,11140,2
54,,2016,,,2020,신당블루카운티,황학동,"24,000",중구,10,0,31,28.58,,,846,11140,2
55,,2016,,,2020,덕수궁롯데캐슬,순화동,"21,000",중구,10,40,2,41.14,,,217,11140,4
56,,2016,,,2020,덕수궁롯데캐슬,순화동,"28,600",중구,10,0,12,38.79,,,217,11140,10
57,,2016,,,2020,덕수궁롯데캐슬,순화동,"26,000",중구,10,0,19,36.15,,,217,11140,9
58,,2016,,,2020,덕수궁롯데캐슬,순화동,"1,000",중구,10,98,23,32.35,,,217,11140,3
59,,2016,,,2020,덕수궁롯데캐슬,순화동,"1,000",중구,10,100,28,41.14,,,217,11140,7
60,,2005,,,2020,바비엥-2,의주로1가,"21,000",중구,10,0,24,29.48,,,25-10,11140,8
61,,2006,,,2020,브라운스톤서울,중림동,"70,000",중구,10,0,12,113.2,,,355,11140,28
62,,2006,,,2020,브라운스톤서울,중림동,"40,000",중구,10,0,12,49.39,,,355,11140,6
63,,2006,,,2020,브라운스톤서울,중림동,"39,690",중구,10,0,12,62.82,,,355,11140,7
64,,2006,,,2020,브라운스톤서울,중림동,"50,000",중구,10,0,29,68.04,,,355,11140,28
65,,2005,,,2020,서울역 디오빌,만리동1가,"38,000",중구,10,0,14,56.17,,,62-7,11140,6
66,,2005,,,2020,서울역 디오빌,만리동1가,"20,000",중구,10,50,24,56.17,,,62-7,11140,5
67,,2005,,,2020,서울역 디오빌,만리동1가,"40,000",중구,10,0,27,56.17,,,62-7,11140,9
68,,2004,,,2020,KCC 파크타운,만리동2가,"45,000",중구,10,0,15,66.47,,,11-1,11140,12
0,,2007,,,2020,명동 엠퍼스트플레이스,충무로2가,"6,000",중구,11,60,3,20.84,,,48-2,11140,10
1,,2007,,,2020,명동 엠퍼스트플레이스,충무로2가,"3,000",중구,11,62,28,18.6,,,48-2,11140,12
2,,2007,,,2020,명동 엠퍼스트플레이스,충무로2가,"22,000",중구,11,0,30,17.59,,,48-2,11140,4
3,,2007,,,2020,명동 엠퍼스트플레이스,충무로2가,"1,000",중구,11,65,30,18.6,,,48-2,11140,6
4,,2016,,,2020,충무로엘크루메트로시티2,충무로5가,"1,000",중구,11,68,4,23.03,,,36-2,11140,10
5,,2016,,,2020,충무로엘크루메트로시티2,충무로5가,"18,000",중구,11,0,24,23.03,,,36-2,11140,20
6,,2004,,,2020,삼성골드캐슬,을지로5가,"1,000",중구,11,58,10,19.92,,,273-2,11140,11
7,,2004,,,2020,삼성골드캐슬,을지로5가,500,중구,11,65,18,24.92,,,273-2,11140,5
8,,2020,,,2020,오렌지카운티을지로,오장동,"15,000",중구,11,0,6,16.15,,,145-1,11140,7
9,,2018,,,2020,이지마루 오장,오장동,"15,000",중구,11,50,18,34.52,,,206-34,11140,2
10,,2013,,,2020,엘크루 메트로시티,충무로3가,"1,000",중구,11,90,15,28.94,,,49,11140,19
11,,2013,,,2020,엘크루 메트로시티,충무로3가,"26,000",중구,11,0,19,36.46,,,49,11140,11
12,,2018,,,2020,제이매크로 타워,저동2가,"23,000",중구,11,0,3,24.85,,,7-2,11140,11
13,,2018,,,2020,제이매크로 타워,저동2가,"17,000",중구,11,0,5,19.35,,,7-2,11140,5
14,,2018,,,2020,제이매크로 타워,저동2가,"19,000",중구,11,0,14,19.35,,,7-2,11140,3
15,,2018,,,2020,제이매크로 타워,저동2가,"2,000",중구,11,75,19,22.6,,,7-2,11140,11
16,,2018,,,2020,제이매크로 타워,저동2가,"18,500",중구,11,0,21,19.35,,,7-2,11140,4
17,,2018,,,2020,제이매크로 타워,저동2가,"1,000",중구,11,70,29,19.35,,,7-2,11140,8
18,,2015,,,2020,남산더힐A동,신당동,"25,200",중구,11,0,4,36.97,,,420-17,11140,7
19,,2014,,,2020,신당아르브,신당동,"14,000",중구,11,6,4,21.31,,,160-5,11140,14
20,,2015,,,2020,장충아이빌2,신당동,"23,000",중구,11,0,7,29.96,,,420-16,11140,6
21,,2014,,,2020,신당아르브,신당동,"16,500",중구,11,0,9,21.31,,,160-5,11140,10
22,,2003,,,2020,(340-123),신당동,"14,000",중구,11,0,18,22.08,,,340-123,11140,2
23,,2004,,,2020,JK오피스텔,신당동,"11,000",중구,11,0,20,22.13,,,353-22,11140,4
24,,2018,,,2020,아리스타 에스디,신당동,"1,000",중구,11,77,27,18.7,,,160-1,11140,14
25,,2014,,,2020,청계천 두산위브더제니스,흥인동,"38,000",중구,11,0,1,59.91,,,13-1,11140,9
26,,2014,,,2020,동대문 와이즈 캐슬,흥인동,"2,000",중구,11,50,5,19.92,,,119,11140,4
27,,2014,,,2020,청계천 두산위브더제니스,흥인동,"30,000",중구,11,0,7,39.33,,,13-1,11140,26
28,,2014,,,2020,동대문 와이즈 캐슬,흥인동,"1,000",중구,11,50,9,21.35,,,119,11140,3
29,,2014,,,2020,동대문 와이즈 캐슬,흥인동,"13,000",중구,11,0,14,19.92,,,119,11140,3
30,,2014,,,2020,동대문 와이즈 캐슬,흥인동,"5,000",중구,11,30,14,19.92,,,119,11140,5
31,,2014,,,2020,청계천 두산위브더제니스,흥인동,"5,000",중구,11,150,17,54.53,,,13-1,11140,18
32,,2014,,,2020,청계천 두산위브더제니스,흥인동,"78,750",중구,11,0,19,46.74,,,13-1,11140,8
33,,2014,,,2020,동대문 와이즈 캐슬,흥인동,"15,000",중구,11,0,23,19.92,,,119,11140,4
34,,2014,,,2020,동대문 와이즈 캐슬,흥인동,"16,000",중구,11,0,26,19.92,,,119,11140,3
35,,2014,,,2020,동대문 와이즈 캐슬,흥인동,"15,000",중구,11,0,26,19.92,,,119,11140,2
36,,2019,,,2020,유진빌딩,무학동,"1,000",중구,11,65,11,16.05,,,7-1,11140,5
37,,2016,,,2020,신당블루카운티,황학동,"30,000",중구,11,0,2,44.66,,,846,11140,11
38,,2014,,,2020,다올노블리움A동,황학동,"23,000",중구,11,0,4,44.8,,,1744,11140,2
39,,2019,,,2020,소미골드라인,황학동,"25,700",중구,11,0,6,36.36,,,955,11140,6
40,,2016,,,2020,하늘드리움2차,황학동,"24,500",중구,11,0,7,38.31,,,876,11140,5
41,,,,,2020,주건축물제1동,황학동,"27,000",중구,11,0,9,41.41,,,19,11140,3
42,,2019,,,2020,더큐브II,황학동,"1,000",중구,11,82,12,28.3,,,1448,11140,7
43,,2019,,,2020,청계리버팰리스A,황학동,"24,100",중구,11,0,12,44.4,,,2033,11140,4
44,,2004,,,2020,올리브1,황학동,"1,000",중구,11,54,14,25.05,,,808,11140,11
45,,2018,,,2020,동광팰리스,황학동,"23,625",중구,11,0,14,36.41,,,1572,11140,3
46,,2004,,,2020,신당역올리브2,황학동,"16,000",중구,11,0,17,23.82,,,2484,11140,4
47,,,,,2020,주건축물제1동,황학동,"14,500",중구,11,0,18,20.78,,,19,11140,7
48,,2013,,,2020,한양 I-Class,황학동,"13,000",중구,11,0,18,19.05,,,787,11140,5
49,,2019,,,2020,MAVL PLACE,황학동,"1,000",중구,11,80,18,23.96,,,1596,11140,12
50,,,,,2020,밸류 에스엘,황학동,"2,000",중구,11,100,19,42.7,,,1496,11140,6
51,,2010,,,2020,황학동 코아루,황학동,"26,000",중구,11,0,20,41.68,,,882,11140,5
52,,2014,,,2020,DUO302,황학동,"1,000",중구,11,65,20,22.52,,,819,11140,16
53,,2018,,,2020,위너빌(Winnervill),황학동,"24,150",중구,11,0,20,35.56,,,1200,11140,2
54,,2016,,,2020,해비치,황학동,"23,000",중구,11,0,21,37.09,,,1834,11140,4
55,,2014,,,2020,DUO302,황학동,"4,000",중구,11,50,23,23.06,,,819,11140,18
56,,2013,,,2020,한양 I-Class,황학동,"18,000",중구,11,0,23,29.64,,,787,11140,7
57,,,,,2020,주건축물제1동,황학동,"17,500",중구,11,0,26,23.23,,,19,11140,3
58,,2003,,,2020,중앙시티빌,황학동,"4,000",중구,11,35,27,25,,,805,11140,13
59,,2015,,,2020,(1542),황학동,"3,000",중구,11,90,27,52.1,,,1542,11140,6
60,,2019,,,2020,OR Plus Loft 오피스텔,황학동,"5,000",중구,11,70,28,22.63,,,1694,11140,13
61,,2016,,,2020,해비치,황학동,"2,000",중구,11,88,29,38.33,,,1834,11140,4
62,,2014,,,2020,DUO302,황학동,"3,000",중구,11,55,30,23.06,,,819,11140,18
63,,2014,,,2020,DUO302,황학동,"2,000",중구,11,60,30,22.52,,,819,11140,13
64,,2016,,,2020,덕수궁롯데캐슬,순화동,"2,000",중구,11,91,25,36.15,,,217,11140,11
65,,2003,,,2020,바비엥-1,의주로1가,"3,000",중구,11,150,15,83.05,,,32-2,11140,16
66,,2005,,,2020,바비엥-2,의주로1가,"1,000",중구,11,80,27,29.48,,,25-10,11140,9
67,,2005,,,2020,서울역 디오빌,만리동1가,"36,750",중구,11,0,16,56.17,,,62-7,11140,6
68,,2004,,,2020,KCC 파크타운,만리동2가,"39,900",중구,11,0,21,66.47,,,11-1,11140,4
0,,2007,,,2020,명동 엠퍼스트플레이스,충무로2가,"3,000",중구,12,60,2,18.6,,,48-2,11140,10
1,,2007,,,2020,명동 엠퍼스트플레이스,충무로2가,"2,500",중구,12,60,9,20.28,,,48-2,11140,10
2,,2007,,,2020,명동 엠퍼스트플레이스,충무로2가,"7,000",중구,12,45,13,18.6,,,48-2,11140,10
3,,2007,,,2020,명동 엠퍼스트플레이스,충무로2가,"8,000",중구,12,45,14,20.28,,,48-2,11140,2
4,,2007,,,2020,명동 엠퍼스트플레이스,충무로2가,"8,000",중구,12,45,14,20.28,,,48-2,11140,2
5,,2007,,,2020,명동 엠퍼스트플레이스,충무로2가,"5,000",중구,12,55,20,18.6,,,48-2,11140,5
6,,2007,,,2020,명동 엠퍼스트플레이스,충무로2가,"3,000",중구,12,65,21,20.28,,,48-2,11140,10
7,,2007,,,2020,명동 엠퍼스트플레이스,충무로2가,"2,000",중구,12,63,26,20.84,,,48-2,11140,7
8,,2016,,,2020,충무로엘크루메트로시티2,충무로5가,"3,000",중구,12,60,23,23.03,,,36-2,11140,9
9,,1999,,,2020,광희동금호트윈 오피스텔,광희동1가,300,중구,12,30,10,22.14,,,89-1,11140,12
10,,2020,,,2020,남산 오렌지카운티,쌍림동,"1,000",중구,12,70,7,18.49,,,106-14,11140,10
11,,2020,,,2020,남산 오렌지카운티,쌍림동,"10,000",중구,12,45,10,18.49,,,106-14,11140,4
12,,2005,,,2020,대성을지로오피스텔,을지로5가,"1,000",중구,12,60,12,25.49,,,77-2,11140,12
13,,2005,,,2020,대성을지로오피스텔,을지로5가,"15,000",중구,12,0,22,28.04,,,77-2,11140,2
14,,2020,,,2020,오렌지카운티을지로,오장동,"10,000",중구,12,35,9,21.12,,,145-1,11140,4
15,,2020,,,2020,오렌지카운티을지로,오장동,"18,000",중구,12,0,15,18.36,,,145-1,11140,7
16,,2020,,,2020,오렌지카운티을지로,오장동,500,중구,12,60,24,16.32,,,145-1,11140,6
17,,2020,,,2020,오렌지카운티을지로,오장동,"17,000",중구,12,0,28,18.36,,,145-1,11140,2
18,,2020,,,2020,오렌지카운티을지로,오장동,"15,000",중구,12,0,31,16.15,,,145-1,11140,2
19,,2013,,,2020,엘크루 메트로시티,충무로3가,"23,000",중구,12,0,15,28.94,,,49,11140,19
20,,2013,,,2020,엘크루 메트로시티,충무로3가,"22,000",중구,12,0,17,26.65,,,49,11140,13
21,,2013,,,2020,엘크루 메트로시티,충무로3가,"1,000",중구,12,75,18,28.1,,,49,11140,12
22,,2013,,,2020,엘크루 메트로시티,충무로3가,"22,000",중구,12,0,19,26.65,,,49,11140,14
23,,2018,,,2020,제이매크로 타워,저동2가,"21,000",중구,12,0,7,22.6,,,7-2,11140,3
24,,2018,,,2020,제이매크로 타워,저동2가,"5,000",중구,12,66,14,24.85,,,7-2,11140,13
25,,2018,,,2020,제이매크로 타워,저동2가,"19,000",중구,12,0,19,19.35,,,7-2,11140,11
26,,2018,,,2020,제이매크로 타워,저동2가,"3,000",중구,12,70,26,22.6,,,7-2,11140,5
27,,2018,,,2020,제이매크로 타워,저동2가,"5,000",중구,12,65,27,22.6,,,7-2,11140,5
28,,2018,,,2020,제이매크로 타워,저동2가,"18,350",중구,12,0,31,19.35,,,7-2,11140,14
29,,2014,,,2020,신당아르브,신당동,"1,000",중구,12,65,5,21.31,,,160-5,11140,13
30,,2014,,,2020,신당아르브,신당동,"10,000",중구,12,25,12,21.31,,,160-5,11140,10
31,,2018,,,2020,아리스타 에스디,신당동,"1,000",중구,12,76,14,18.66,,,160-1,11140,14
32,,2018,,,2020,아리스타 에스디,신당동,"1,000",중구,12,72,16,18.66,,,160-1,11140,10
33,,2020,,,2020,은수빌딩,신당동,"4,000",중구,12,55,21,20.19,,,120-1,11140,4
34,,2018,,,2020,아리스타 에스디,신당동,"1,000",중구,12,73,24,18.66,,,160-1,11140,5
35,,2015,,,2020,(420-9),신당동,"15,000",중구,12,0,24,33.01,,,420-9,11140,2
36,,2004,,,2020,JK오피스텔,신당동,"9,450",중구,12,0,28,25.91,,,353-22,11140,5
37,,2004,,,2020,JK오피스텔,신당동,"6,300",중구,12,25,29,22.75,,,353-22,11140,4
38,,2020,,,2020,은수빌딩,신당동,"2,000",중구,12,55,30,17.22,,,120-1,11140,3
39,,2014,,,2020,동대문 와이즈 캐슬,흥인동,"1,000",중구,12,55,10,19.92,,,119,11140,7
40,,2014,,,2020,청계천 두산위브더제니스,흥인동,"2,000",중구,12,115,15,40.89,,,13-1,11140,14
41,,2013,,,2020,한양 I-Class,황학동,"13,500",중구,12,0,2,19.05,,,787,11140,4
42,,2004,,,2020,신당역올리브2,황학동,"1,000",중구,12,50,4,23.82,,,2484,11140,14
43,,2019,,,2020,베네스트,황학동,"23,100",중구,12,0,4,36.97,,,855,11140,8
44,,2015,,,2020,골드캐슬Ⅰ,황학동,"25,000",중구,12,0,5,40.04,,,1725,11140,4
45,,2004,,,2020,올리브1,황학동,"5,000",중구,12,35,7,25.05,,,808,11140,7
46,,2019,,,2020,황학동 1931 주거복합 시설,황학동,"28,300",중구,12,0,7,41.18,,,1930,11140,9
47,,2014,,,2020,DUO302,황학동,"16,000",중구,12,0,7,23.06,,,819,11140,4
48,,,,,2020,주건축물제1동,황학동,"1,000",중구,12,55,7,21.32,,,19,11140,8
49,,2013,,,2020,한양 I-Class,황학동,"13,000",중구,12,0,8,19.05,,,787,11140,6
50,,2014,,,2020,DUO302,황학동,"2,000",중구,12,60,9,23.06,,,819,11140,9
51,,2013,,,2020,한양 I-Class,황학동,500,중구,12,60,10,19.05,,,787,11140,11
52,,,,,2020,주건축물제1동,황학동,"16,200",중구,12,0,11,23.61,,,19,11140,6
53,,,,,2020,밸류 에스엘,황학동,"3,000",중구,12,90,11,43.56,,,1496,11140,2
54,,2004,,,2020,올리브1,황학동,"14,000",중구,12,0,11,25.05,,,808,11140,8
55,,,,,2020,주건축물제1동,황학동,"24,670",중구,12,0,11,41.41,,,19,11140,2
56,,2014,,,2020,DUO302,황학동,"10,000",중구,12,32,12,22.52,,,819,11140,18
57,,2016,,,2020,해비치,황학동,"2,000",중구,12,95,12,37.09,,,1834,11140,6
58,,2013,,,2020,한양 I-Class,황학동,"8,000",중구,12,20,12,19.05,,,787,11140,7
59,,2014,,,2020,블루카운티Ⅱ,황학동,"1,000",중구,12,60,14,22.81,,,1628,11140,8
60,,2014,,,2020,DUO302,황학동,"5,000",중구,12,45,16,23.06,,,819,11140,10
61,,2019,,,2020,MAVL PLACE,황학동,"2,000",중구,12,59,17,29.86,,,1596,11140,7
62,,2019,,,2020,MAVL PLACE,황학동,"2,000",중구,12,54,17,29.86,,,1596,11140,7
63,,2019,,,2020,OR Plus Loft 오피스텔,황학동,"3,000",중구,12,53,18,18.05,,,1694,11140,5
64,,,,,2020,주건축물제1동,황학동,"15,750",중구,12,0,18,23.61,,,19,11140,4
65,,2019,,,2020,OR Plus Loft 오피스텔,황학동,"1,000",중구,12,70,18,22.63,,,1694,11140,2
66,,2015,,,2020,(1546),황학동,"23,000",중구,12,0,19,39.57,,,1546,11140,5
67,,2013,,,2020,한양 I-Class,황학동,"18,800",중구,12,0,21,29.64,,,787,11140,12
68,,2019,,,2020,OR Plus Loft 오피스텔,황학동,"3,000",중구,12,50,21,20.98,,,1694,11140,3
69,,,,,2020,주건축물제1동,황학동,"17,500",중구,12,0,22,23.61,,,19,11140,9
70,,2004,,,2020,신당역올리브2,황학동,"1,000",중구,12,55,22,23.82,,,2484,11140,9
71,,2013,,,2020,한양 I-Class,황학동,"13,000",중구,12,0,23,19.05,,,787,11140,9
72,,2013,,,2020,한양 I-Class,황학동,"13,000",중구,12,0,23,19.05,,,787,11140,12
73,,2016,,,2020,해비치,황학동,"23,000",중구,12,0,24,37.09,,,1834,11140,5
74,,2013,,,2020,한양 I-Class,황학동,"2,000",중구,12,50,24,19.05,,,787,11140,6
75,,2019,,,2020,청계리버팰리스A,황학동,"23,000",중구,12,0,26,37.66,,,2033,11140,2
76,,2004,,,2020,올리브1,황학동,500,중구,12,55,28,23.73,,,808,11140,14
77,,2014,,,2020,DUO302,황학동,"5,000",중구,12,45,29,22.52,,,819,11140,14
78,,,,,2020,주건축물제1동,황학동,"15,500",중구,12,0,29,20.78,,,19,11140,4
79,,2016,,,2020,덕수궁롯데캐슬,순화동,"33,000",중구,12,0,2,38.79,,,217,11140,4
80,,2016,,,2020,덕수궁롯데캐슬,순화동,"33,000",중구,12,0,4,41.14,,,217,11140,5
81,,2016,,,2020,덕수궁롯데캐슬,순화동,"1,000",중구,12,99,15,36.15,,,217,11140,11
82,,2016,,,2020,덕수궁롯데캐슬,순화동,"33,600",중구,12,0,21,41.14,,,217,11140,8
83,,2016,,,2020,덕수궁롯데캐슬,순화동,"32,000",중구,12,0,22,36.15,,,217,11140,8
84,,2006,,,2020,브라운스톤서울,중림동,"22,000",중구,12,0,11,30.99,,,355,11140,4
85,,2005,,,2020,서울역 디오빌,만리동1가,"40,000",중구,12,0,7,56.17,,,62-7,11140,4
86,,2005,,,2020,서울역 디오빌,만리동1가,"1,000",중구,12,60,19,27.7,,,62-7,11140,7
87,,2004,,,2020,KCC 파크타운,만리동2가,"23,000",중구,12,0,1,32.02,,,11-1,11140,10
88,,2004,,,2020,KCC 파크타운,만리동2가,"50,000",중구,12,0,12,66.47,,,11-1,11140,15
0,,2007,,,2021,명동 엠퍼스트플레이스,충무로2가,"1,000",중구,1,70,2,18.6,,,48-2,11140,4
1,,2007,,,2021,명동 엠퍼스트플레이스,충무로2가,"3,000",중구,1,65,3,20.28,,,48-2,11140,6
2,,2007,,,2021,명동 엠퍼스트플레이스,충무로2가,"3,000",중구,1,60,6,18.6,,,48-2,11140,9
3,,2007,,,2021,명동 엠퍼스트플레이스,충무로2가,"1,000",중구,1,65,11,17.59,,,48-2,11140,10
4,,2007,,,2021,명동 엠퍼스트플레이스,충무로2가,"6,000",중구,1,45,13,21.52,,,48-2,11140,5
5,,2007,,,2021,명동 엠퍼스트플레이스,충무로2가,"4,500",중구,1,55,14,18.6,,,48-2,11140,10
6,,2007,,,2021,명동 엠퍼스트플레이스,충무로2가,"19,500",중구,1,0,14,18.6,,,48-2,11140,2
7,,2007,,,2021,명동 엠퍼스트플레이스,충무로2가,"2,000",중구,1,70,14,20.28,,,48-2,11140,8
8,,2007,,,2021,명동 엠퍼스트플레이스,충무로2가,"1,000",중구,1,65,15,17.59,,,48-2,11140,11
9,,2007,,,2021,명동 엠퍼스트플레이스,충무로2가,"1,000",중구,1,70,16,18.6,,,48-2,11140,11
10,,2007,,,2021,명동 엠퍼스트플레이스,충무로2가,"7,000",중구,1,45,17,18.6,,,48-2,11140,9
11,,2007,,,2021,명동 엠퍼스트플레이스,충무로2가,"2,000",중구,1,60,18,18.6,,,48-2,11140,5
12,,2007,,,2021,명동 엠퍼스트플레이스,충무로2가,"1,000",중구,1,70,20,18.6,,,48-2,11140,6
13,,2007,,,2021,명동 엠퍼스트플레이스,충무로2가,"2,000",중구,1,60,23,18.6,,,48-2,11140,8
14,,2007,,,2021,명동 엠퍼스트플레이스,충무로2가,"1,000",중구,1,70,29,18.6,,,48-2,11140,6
15,,2007,,,2021,명동 엠퍼스트플레이스,충무로2가,"4,000",중구,1,52,31,17.59,,,48-2,11140,8
16,,2016,,,2021,충무로엘크루메트로시티2,충무로5가,"2,000",중구,1,65,2,23.03,,,36-2,11140,11
17,,2016,,,2021,충무로엘크루메트로시티2,충무로5가,"17,500",중구,1,0,9,23.03,,,36-2,11140,18
18,,2016,,,2021,충무로엘크루메트로시티2,충무로5가,"1,000",중구,1,70,9,23.03,,,36-2,11140,10
19,,2016,,,2021,충무로엘크루메트로시티2,충무로5가,"18,500",중구,1,0,14,23.03,,,36-2,11140,20
20,,2016,,,2021,충무로엘크루메트로시티2,충무로5가,"1,000",중구,1,65,16,23.03,,,36-2,11140,2
21,,2016,,,2021,충무로엘크루메트로시티2,충무로5가,"18,000",중구,1,0,20,23.03,,,36-2,11140,19
22,,2016,,,2021,충무로엘크루메트로시티2,충무로5가,"1,000",중구,1,70,20,23.03,,,36-2,11140,20
23,,2016,,,2021,충무로엘크루메트로시티2,충무로5가,"1,000",중구,1,68,21,23.03,,,36-2,11140,10
24,,2016,,,2021,충무로엘크루메트로시티2,충무로5가,"3,000",중구,1,58,21,23.03,,,36-2,11140,2
25,,2016,,,2021,충무로엘크루메트로시티2,충무로5가,"1,000",중구,1,70,22,23.03,,,36-2,11140,17
26,,2016,,,2021,충무로엘크루메트로시티2,충무로5가,"1,000",중구,1,70,23,23.03,,,36-2,11140,20
27,,2016,,,2021,충무로엘크루메트로시티2,충무로5가,"1,000",중구,1,68,28,23.03,,,36-2,11140,6
28,,2016,,,2021,충무로엘크루메트로시티2,충무로5가,"1,000",중구,1,70,30,23.03,,,36-2,11140,14
29,,2016,,,2021,충무로엘크루메트로시티2,충무로5가,"3,000",중구,1,60,30,23.03,,,36-2,11140,12
30,,2003,,,2021,스타빌딩,필동1가,"16,000",중구,1,0,8,26.44,,,22-2,11140,10
31,,1999,,,2021,광희동금호트윈 오피스텔,광희동1가,"8,500",중구,1,0,9,19.8,,,89-1,11140,3
32,,2003,,,2021,코업레지던스,을지로6가,500,중구,1,40,17,15.94,,,32,11140,15
33,,2003,,,2021,코업레지던스,을지로6가,"3,000",중구,1,33,18,15.94,,,32,11140,2
34,,2019,,,2021,동원스위트을지,을지로6가,"26,500",중구,1,0,23,35.22,,,48,11140,3
35,,2019,,,2021,을지 웰 라이프,을지로4가,"27,300",중구,1,0,11,32.63,,,187-9,11140,5
36,,2019,,,2021,을지 웰 라이프,을지로4가,"1,000",중구,1,105,23,32.63,,,187-9,11140,10
37,,2020,,,2021,오렌지카운티을지로,오장동,"19,000",중구,1,0,4,21.12,,,145-1,11140,4
38,,2020,,,2021,오렌지카운티을지로,오장동,"17,000",중구,1,0,7,18.18,,,145-1,11140,2
39,,2018,,,2021,이지마루 오장,오장동,"16,500",중구,1,0,8,19.89,,,206-34,11140,3
40,,2021,,,2021,오장동 오팰리오,오장동,"18,000",중구,1,0,11,18.12,,,139-7,11140,4
41,,2021,,,2021,오장동 오팰리오,오장동,"17,000",중구,1,0,14,18.12,,,139-7,11140,2
42,,2020,,,2021,오렌지카운티을지로,오장동,"18,200",중구,1,0,18,18.18,,,145-1,11140,4
43,,2020,,,2021,오렌지카운티을지로,오장동,"18,500",중구,1,0,22,18.36,,,145-1,11140,4
44,,2014,,,2021,코발트팰리스,오장동,"13,000",중구,1,0,22,20.36,,,90-24,11140,11
45,,2013,,,2021,엘크루 메트로시티,충무로3가,"27,000",중구,1,0,4,36.53,,,49,11140,9
46,,2013,,,2021,엘크루 메트로시티,충무로3가,"1,000",중구,1,70,7,26.27,,,49,11140,16
47,,2013,,,2021,엘크루 메트로시티,충무로3가,"3,000",중구,1,60,20,26.27,,,49,11140,17
48,,2013,,,2021,엘크루 메트로시티,충무로3가,"3,000",중구,1,67,23,26.27,,,49,11140,15
49,,2013,,,2021,엘크루 메트로시티,충무로3가,"25,000",중구,1,0,24,36.72,,,49,11140,9
50,,2013,,,2021,엘크루 메트로시티,충무로3가,"1,000",중구,1,70,26,26.78,,,49,11140,9
51,,2018,,,2021,제이매크로 타워,저동2가,"1,500",중구,1,70,14,19.35,,,7-2,11140,6
52,,2018,,,2021,제이매크로 타워,저동2가,"1,000",중구,1,85,18,24.85,,,7-2,11140,4
53,,2018,,,2021,제이매크로 타워,저동2가,"10,000",중구,1,35,22,19.35,,,7-2,11140,13
54,,2018,,,2021,제이매크로 타워,저동2가,500,중구,1,67,23,19.35,,,7-2,11140,3
55,,2015,,,2021,승리빌딩,신당동,"10,000",중구,1,0,5,17.52,,,309-45,11140,5
56,,2018,,,2021,아리스타 에스디,신당동,"4,000",중구,1,66,5,18.66,,,160-1,11140,9
57,,2004,,,2021,JK오피스텔,신당동,"5,500",중구,1,35,6,24.3,,,353-22,11140,5
58,,2004,,,2021,JK오피스텔,신당동,"6,000",중구,1,20,6,25.41,,,353-22,11140,4
59,,2005,,,2021,남산정은스카이,신당동,"19,000",중구,1,0,7,29.93,,,366-126,11140,1
60,,2014,,,2021,신당아르브,신당동,"3,000",중구,1,55,17,21.31,,,160-5,11140,12
61,,2016,,,2021,신당역솔하임,신당동,"1,000",중구,1,65,18,18.8,,,140-23,11140,2
62,,2016,,,2021,신당역솔하임,신당동,"1,000",중구,1,70,18,18.8,,,140-23,11140,10
63,,2004,,,2021,JK오피스텔,신당동,"5,900",중구,1,30,23,22.75,,,353-22,11140,5
64,,2015,,,2021,승리빌딩,신당동,"9,000",중구,1,0,25,18.78,,,309-45,11140,5
65,,2014,,,2021,동대문 와이즈 캐슬,흥인동,"1,000",중구,1,55,3,19.92,,,119,11140,2
66,,2014,,,2021,동대문 와이즈 캐슬,흥인동,"1,000",중구,1,55,6,21.35,,,119,11140,6
67,,2014,,,2021,동대문 와이즈 캐슬,흥인동,"14,000",중구,1,0,14,19.92,,,119,11140,3
68,,2014,,,2021,동대문 와이즈 캐슬,흥인동,"14,500",중구,1,0,20,19.92,,,119,11140,5
69,,2014,,,2021,청계천 두산위브더제니스,흥인동,"32,000",중구,1,0,30,46.74,,,13-1,11140,4
70,,2019,,,2021,유진빌딩,무학동,"2,000",중구,1,57,16,16.05,,,7-1,11140,4
71,,2019,,,2021,유진빌딩,무학동,"10,000",중구,1,35,22,16.05,,,7-1,11140,5
72,,2019,,,2021,OR Plus Loft 오피스텔,황학동,"2,000",중구,1,55,2,18.05,,,1694,11140,2
73,,2019,,,2021,OR Plus Loft 오피스텔,황학동,"9,000",중구,1,30,4,20.87,,,1694,11140,5
74,,2019,,,2021,MAVL PLACE,황학동,"1,000",중구,1,37,4,23.01,,,1596,11140,15
75,,2015,,,2021,(1546),황학동,"23,000",중구,1,0,4,40.07,,,1546,11140,4
76,,2016,,,2021,신당블루카운티,황학동,"25,000",중구,1,0,4,28.58,,,846,11140,6
77,,2014,,,2021,DUO302,황학동,"1,000",중구,1,65,5,22.52,,,819,11140,14
78,,2013,,,2021,한양 I-Class,황학동,"18,500",중구,1,0,5,29.64,,,787,11140,6
79,,2004,,,2021,올리브1,황학동,"3,000",중구,1,45,5,25.05,,,808,11140,7
80,,2003,,,2021,중앙시티빌,황학동,"8,000",중구,1,30,6,24.5,,,805,11140,4
81,,2019,,,2021,OR Plus Loft 오피스텔,황학동,"13,000",중구,1,30,7,23.98,,,1694,11140,13
82,,2019,,,2021,OR Plus Loft 오피스텔,황학동,"6,000",중구,1,55,7,23.98,,,1694,11140,4
83,,2018,,,2021,위너빌(Winnervill),황학동,"23,100",중구,1,0,7,29.71,,,1200,11140,3
84,,2017,,,2021,주건축물제1동,황학동,"27,000",중구,1,0,8,41.58,,,1452,11140,5
85,,2017,,,2021,(1079),황학동,"26,700",중구,1,0,8,42.19,,,1079,11140,4
86,,2004,,,2021,신당역올리브2,황학동,500,중구,1,55,9,23.82,,,2484,11140,7
87,,2016,,,2021,신당블루카운티,황학동,"31,000",중구,1,0,9,44.66,,,846,11140,11
88,,2019,,,2021,베네스트,황학동,"23,100",중구,1,0,9,35.11,,,855,11140,7
89,,2018,,,2021,청계리버팰리스B,황학동,"24,100",중구,1,0,9,35.48,,,2015,11140,4
90,,2014,,,2021,DUO302,황학동,"6,000",중구,1,35,11,22.52,,,819,11140,2
91,,2019,,,2021,OR Plus Loft 오피스텔,황학동,"12,000",중구,1,30,11,23.98,,,1694,11140,12
92,,2014,,,2021,DUO302,황학동,"2,000",중구,1,60,12,22.52,,,819,11140,12
93,,2013,,,2021,한양 I-Class,황학동,"2,000",중구,1,50,12,19.05,,,787,11140,6
94,,2014,,,2021,블루카운티Ⅱ,황학동,"2,000",중구,1,100,12,49.43,,,1628,11140,8
95,,2019,,,2021,베네스트,황학동,"21,500",중구,1,0,14,34.89,,,855,11140,6
96,,2003,,,2021,중앙시티빌,황학동,"11,000",중구,1,0,15,25,,,805,11140,6
97,,2018,,,2021,골드캐슬Ⅳ,황학동,"29,900",중구,1,0,16,54.47,,,1733,11140,2
98,,2004,,,2021,신당역올리브2,황학동,"5,000",중구,1,30,19,23.82,,,2484,11140,11
99,,2013,,,2021,한양 I-Class,황학동,"13,000",중구,1,0,19,19.05,,,787,11140,6
100,,2014,,,2021,DUO302,황학동,"1,000",중구,1,65,20,22.52,,,819,11140,12
101,,2014,,,2021,다올노블리움A동,황학동,"23,000",중구,1,0,20,44.8,,,1744,11140,7
102,,2014,,,2021,아미인,황학동,"3,000",중구,1,50,20,18.41,,,836,11140,4
103,,2018,,,2021,청계 블루카운티,황학동,"19,000",중구,1,0,20,26.19,,,1720,11140,7
104,,2003,,,2021,중앙시티빌,황학동,"2,000",중구,1,50,21,25.5,,,805,11140,8
105,,2014,,21.01~23.01,2021,다올 노블리움 B동,황학동,"1,000",중구,1,50,21,22.44,,,1744-1,11140,3
106,,2013,,,2021,한양 I-Class,황학동,"3,000",중구,1,50,22,19.05,,,787,11140,11
107,,2018,,,2021,청계 블루카운티,황학동,"22,000",중구,1,0,22,26.19,,,1720,11140,7
108,,2004,,,2021,신당역올리브2,황학동,"14,000",중구,1,0,23,23.82,,,2484,11140,12
109,,2014,,,2021,아미인,황학동,"13,650",중구,1,0,23,18.23,,,836,11140,7
110,,2013,,,2021,한양 I-Class,황학동,"13,100",중구,1,0,23,19.05,,,787,11140,5
111,,2019,,,2021,OR Plus Loft 오피스텔,황학동,"1,000",중구,1,63,23,20.98,,,1694,11140,5
112,,2019,,,2021,청계리버팰리스A,황학동,"26,770",중구,1,0,25,44.4,,,2033,11140,3
113,,2013,,,2021,한양 I-Class,황학동,"18,000",중구,1,0,26,29.64,,,787,11140,4
114,,2019,,,2021,청계리버팰리스A,황학동,"2,000",중구,1,95,26,34.02,,,2033,11140,3
115,,2019,,,2021,OR Plus Loft 오피스텔,황학동,"2,000",중구,1,55,26,20.98,,,1694,11140,2
116,,2019,,,2021,테인트리즈,황학동,"26,770",중구,1,0,27,38.41,,,1087,11140,5
117,,2019,,,2021,테인트리즈,황학동,"26,770",중구,1,0,27,38.41,,,1087,11140,5
118,,2020,,,2021,케렌시아청계,황학동,"28,000",중구,1,0,27,29.98,,,1749,11140,7
119,,2013,,,2021,한양 I-Class,황학동,"2,000",중구,1,55,28,19.05,,,787,11140,2
120,,2019,,,2021,OR Plus Loft 오피스텔,황학동,"1,000",중구,1,70,28,18.05,,,1694,11140,12
121,,2019,,,2021,소미골드라인,황학동,"25,200",중구,1,0,29,35.93,,,955,11140,3
122,,2019,,,2021,OR Plus Loft 오피스텔,황학동,"3,000",중구,1,60,29,18.05,,,1694,11140,11
123,,2014,,,2021,DUO302,황학동,"1,500",중구,1,62,29,22.52,,,819,11140,14
124,,2014,,,2021,DUO302,황학동,"16,000",중구,1,0,30,22.52,,,819,11140,3
125,,2014,,,2021,다올노블리움A동,황학동,"23,000",중구,1,0,30,44.8,,,1744,11140,2
126,,2016,,,2021,덕수궁롯데캐슬,순화동,"27,000",중구,1,0,15,41.14,,,217,11140,5
127,,2016,,,2021,덕수궁롯데캐슬,순화동,"33,000",중구,1,0,18,36.15,,,217,11140,9
128,,2016,,,2021,덕수궁롯데캐슬,순화동,"1,000",중구,1,125,27,41.14,,,217,11140,4
129,,2016,,,2021,덕수궁롯데캐슬,순화동,"1,000",중구,1,120,27,41.14,,,217,11140,5
130,,2016,,,2021,덕수궁롯데캐슬,순화동,"34,500",중구,1,5,30,41.14,,,217,11140,3
131,,2016,,,2021,덕수궁롯데캐슬,순화동,"35,000",중구,1,0,30,41.14,,,217,11140,3
132,,2005,,,2021,바비엥-2,의주로1가,"1,000",중구,1,90,11,29.48,,,25-10,11140,12
133,,2006,,,2021,브라운스톤서울,중림동,"2,000",중구,1,150,12,62.82,,,355,11140,16
134,,2005,,,2021,서울역 디오빌,만리동1가,"23,000",중구,1,54,8,56.17,,,62-7,11140,9
135,,2020,,,2021,하람휴,만리동1가,"30,000",중구,1,0,9,28.82,,,32-1,11140,9
136,,2005,,,2021,서울역 디오빌,만리동1가,"37,800",중구,1,0,13,56.17,,,62-7,11140,9
137,,2004,,,2021,KCC 파크타운,만리동2가,"10,000",중구,1,90,2,66.47,,,11-1,11140,13
0,,2007,,,2021,명동 엠퍼스트플레이스,충무로2가,"3,000",중구,2,60,6,18.6,,,48-2,11140,4
1,,2007,,,2021,명동 엠퍼스트플레이스,충무로2가,"7,500",중구,2,40,6,18.6,,,48-2,11140,7
2,,2007,,,2021,명동 엠퍼스트플레이스,충무로2가,"22,000",중구,2,0,7,17.59,,,48-2,11140,13
3,,2007,,,2021,명동 엠퍼스트플레이스,충무로2가,"22,000",중구,2,0,7,20.84,,,48-2,11140,3
4,,2007,,,2021,명동 엠퍼스트플레이스,충무로2가,"6,000",중구,2,60,17,18.6,,,48-2,11140,8
5,,2007,,,2021,명동 엠퍼스트플레이스,충무로2가,"1,000",중구,2,65,27,17.59,,,48-2,11140,9
6,,2016,,,2021,충무로엘크루메트로시티2,충무로5가,"2,000",중구,2,65,5,23.03,,,36-2,11140,9
7,,2016,,,2021,충무로엘크루메트로시티2,충무로5가,"1,000",중구,2,67,5,23.03,,,36-2,11140,2
8,,2016,,,2021,충무로엘크루메트로시티2,충무로5가,"1,000",중구,2,70,5,23.03,,,36-2,11140,12
9,,2016,,,2021,충무로엘크루메트로시티2,충무로5가,"17,500",중구,2,0,10,23.03,,,36-2,11140,17
10,,2020,,,2021,이지마루 충무로,충무로5가,"2,000",중구,2,110,16,35.57,,,36-19,11140,4
11,,2016,,,2021,충무로엘크루메트로시티2,충무로5가,"1,000",중구,2,68,18,23.03,,,36-2,11140,2
12,,2016,,,2021,충무로엘크루메트로시티2,충무로5가,"1,000",중구,2,70,18,23.03,,,36-2,11140,17
13,,2016,,,2021,충무로엘크루메트로시티2,충무로5가,"17,800",중구,2,0,20,23.03,,,36-2,11140,14
14,,2020,,,2021,남산 오렌지카운티,쌍림동,"24,500",중구,2,0,10,18.49,,,106-14,11140,10
15,,2020,,,2021,남산 오렌지카운티,쌍림동,"3,000",중구,2,60,27,18.49,,,106-14,11140,4
16,,2004,,,2021,타임캐슬 오피스텔,을지로6가,"1,000",중구,2,60,9,23.27,,,23,11140,9
17,,2003,,,2021,정건벨라지오오피스텔,을지로5가,500,중구,2,45,17,21.94,,,20-1,11140,9
18,,2020,,,2021,오렌지카운티을지로,오장동,"2,000",중구,2,70,1,18.36,,,145-1,11140,7
19,,2021,,,2021,오장동 오팰리오,오장동,"31,000",중구,2,0,1,29.95,,,139-7,11140,7
20,,2021,,,2021,오장동 오팰리오,오장동,"22,500",중구,2,0,4,22.63,,,139-7,11140,2
21,,2021,,,2021,오장동 오팰리오,오장동,"22,500",중구,2,0,6,18.12,,,139-7,11140,6
22,,2020,,,2021,오렌지카운티을지로,오장동,"3,000",중구,2,52,6,18.36,,,145-1,11140,5
23,,2021,,,2021,오장동 오팰리오,오장동,"18,000",중구,2,0,10,18.12,,,139-7,11140,3
24,,2014,,,2021,코발트팰리스,오장동,"13,000",중구,2,0,14,20.36,,,90-24,11140,11
25,,2020,,,2021,오렌지카운티을지로,오장동,"21,700",중구,2,0,15,21.12,,,145-1,11140,6
26,,2021,,,2021,오장동 오팰리오,오장동,"1,000",중구,2,75,23,18.12,,,139-7,11140,7
27,,2021,,,2021,오장동 오팰리오,오장동,"22,000",중구,2,0,23,18.12,,,139-7,11140,5
28,,2020,,,2021,오렌지카운티을지로,오장동,"1,000",중구,2,80,26,18.36,,,145-1,11140,4
29,,2018,,,2021,이지마루 오장,오장동,"1,000",중구,2,65,26,19.89,,,206-34,11140,6
30,,2014,,,2021,코발트팰리스,오장동,"13,000",중구,2,0,27,20.36,,,90-24,11140,12
31,,2013,,,2021,엘크루 메트로시티,충무로3가,"23,000",중구,2,0,2,28.94,,,49,11140,7
32,,2013,,,2021,엘크루 메트로시티,충무로3가,"23,000",중구,2,0,23,28.94,,,49,11140,19
33,,2018,,,2021,제이매크로 타워,저동2가,"1,000",중구,2,83,8,22.6,,,7-2,11140,9
34,,2018,,,2021,제이매크로 타워,저동2가,"1,000",중구,2,75,9,19.35,,,7-2,11140,9
35,,2018,,,2021,제이매크로 타워,저동2가,"1,000",중구,2,75,22,19.35,,,7-2,11140,11
36,,2016,,,2021,신당역솔하임,신당동,"18,500",중구,2,0,1,18.8,,,140-23,11140,4
37,,2016,,,2021,신당역솔하임,신당동,"18,500",중구,2,0,2,18.8,,,140-23,11140,4
38,,2014,,,2021,신당아르브,신당동,"17,000",중구,2,0,4,21.31,,,160-5,11140,14
39,,2004,,,2021,JK오피스텔,신당동,"5,900",중구,2,30,8,24.3,,,353-22,11140,3
40,,2018,,,2021,아리스타 에스디,신당동,"1,000",중구,2,76,8,18.66,,,160-1,11140,12
41,,2003,,,2021,(340-123),신당동,"14,000",중구,2,0,14,18.6,,,340-123,11140,5
42,,2016,,,2021,신당역솔하임,신당동,"18,000",중구,2,0,18,18.8,,,140-23,11140,7
43,,2003,,,2021,(340-123),신당동,"12,000",중구,2,10,19,18.6,,,340-123,11140,5
44,,2003,,,2021,(340-123),신당동,"14,000",중구,2,0,20,19.52,,,340-123,11140,5
45,,2018,,,2021,대현프리몰,신당동,"1,000",중구,2,67,20,21.37,,,421-1,11140,8
46,,2018,,,2021,대현프리몰,신당동,"1,000",중구,2,78,22,27.32,,,421-1,11140,3
47,,2005,,,2021,남산정은스카이,신당동,"1,000",중구,2,82,22,29.93,,,366-126,11140,2
48,,2016,,,2021,신당역솔하임,신당동,"17,700",중구,2,0,22,20.69,,,140-23,11140,10
49,,2018,,,2021,대현프리몰,신당동,"1,000",중구,2,76,24,26.37,,,421-1,11140,4
50,,2014,,,2021,신당아르브,신당동,"1,000",중구,2,65,25,21.31,,,160-5,11140,8
51,,2014,,,2021,신당아르브,신당동,"16,500",중구,2,0,27,21.31,,,160-5,11140,9
52,,2014,,,2021,신당아르브,신당동,"1,000",중구,2,65,27,21.31,,,160-5,11140,8
53,,2014,,,2021,신당아르브,신당동,"5,000",중구,2,45,27,21.31,,,160-5,11140,13
54,,2013,,,2021,(91),흥인동,"2,000",중구,2,50,2,20.98,,,91,11140,12
55,,2014,,,2021,동대문 와이즈 캐슬,흥인동,"1,000",중구,2,55,15,21.35,,,119,11140,3
56,,2014,,,2021,동대문 와이즈 캐슬,흥인동,"2,000",중구,2,50,16,19.92,,,119,11140,7
57,,2016,,,2021,리마크빌 동대문,흥인동,"1,000",중구,2,79,17,24.65,,,86,11140,21
58,,2014,,21.02~23.02,2021,청계천 두산위브더제니스,흥인동,"90,000",중구,2,0,26,46.74,,,13-1,11140,18
59,,2010,,,2021,홍순빌딩,무학동,"1,000",중구,2,80,8,33.09,,,6,11140,3
60,,2019,,,2021,유진빌딩,무학동,"1,000",중구,2,60,9,16.05,,,7-1,11140,3
61,,2019,,,2021,유진빌딩,무학동,"1,000",중구,2,60,19,16.05,,,7-1,11140,4
62,,2013,,,2021,한양 I-Class,황학동,"2,000",중구,2,50,1,19.05,,,787,11140,2
63,,,,,2021,주건축물제1동,황학동,"16,500",중구,2,0,1,20.78,,,19,11140,10
64,,2004,,,2021,올리브1,황학동,"1,000",중구,2,55,1,25.05,,,808,11140,5
65,,2014,,,2021,아미인,황학동,"13,000",중구,2,0,2,18.62,,,836,11140,3
66,,2013,,,2021,블루카운티,황학동,"25,000",중구,2,0,3,41.87,,,1519,11140,6
67,,2020,,,2021,케렌시아청계,황학동,"27,500",중구,2,0,3,29.98,,,1749,11140,2
68,,2013,,,2021,블루카운티,황학동,"24,000",중구,2,0,3,41.87,,,1519,11140,6
69,,2020,,,2021,케렌시아청계,황학동,"27,300",중구,2,0,3,29.98,,,1749,11140,3
70,,2016,,,2021,신당블루카운티,황학동,"23,000",중구,2,0,4,28.58,,,846,11140,4
71,,2017,,,2021,주건축물제1동,황학동,"33,000",중구,2,0,5,57.81,,,1452,11140,10
72,,2018,,,2021,청계 블루카운티,황학동,"29,000",중구,2,0,5,52.37,,,1720,11140,8
73,,2019,,,2021,베네스트,황학동,"25,000",중구,2,0,5,35.11,,,855,11140,11
74,,2016,,,2021,하늘드리움2차,황학동,"24,500",중구,2,0,5,38.32,,,876,11140,2
75,,2019,,,2021,베네스트,황학동,"23,600",중구,2,0,6,35.11,,,855,11140,9
76,,2019,,,2021,베네스트,황학동,"23,600",중구,2,0,6,35.55,,,855,11140,9
77,,2014,,,2021,DUO302,황학동,"1,000",중구,2,65,6,22.52,,,819,11140,11
78,,,,,2021,주건축물제1동,황학동,"2,000",중구,2,50,9,21.32,,,19,11140,6
79,,2015,,,2021,(1542),황학동,"24,150",중구,2,0,10,52.1,,,1542,11140,3
80,,2015,,,2021,(1542),황학동,"2,000",중구,2,95,15,44.04,,,1542,11140,5
81,,2013,,,2021,한양 I-Class,황학동,"1,000",중구,2,55,16,19.05,,,787,11140,11
82,,2013,,,2021,한양 I-Class,황학동,"11,000",중구,2,0,16,19.05,,,787,11140,2
83,,2020,,,2021,케렌시아청계,황학동,"28,700",중구,2,0,18,29.98,,,1749,11140,6
84,,2019,,,2021,OR Plus Loft 오피스텔,황학동,"2,000",중구,2,75,19,22.09,,,1694,11140,6
85,,2019,,,2021,OR Plus Loft 오피스텔,황학동,"1,000",중구,2,65,19,20.98,,,1694,11140,6
86,,2004,,,2021,신당역올리브2,황학동,"1,000",중구,2,65,20,26.47,,,2484,11140,4
87,,2014,,,2021,DUO302,황학동,"1,000",중구,2,65,20,22.52,,,819,11140,9
88,,2019,,,2021,OR Plus Loft 오피스텔,황학동,"3,000",중구,2,60,20,20.87,,,1694,11140,6
89,,2019,,,2021,OR Plus Loft 오피스텔,황학동,"2,000",중구,2,60,20,20.98,,,1694,11140,10
90,,2019,,,2021,베네스트,황학동,"22,000",중구,2,0,20,35.55,,,855,11140,8
91,,2019,,,2021,베네스트,황학동,"23,500",중구,2,0,21,36.97,,,855,11140,10
92,,2014,,,2021,DUO302,황학동,"4,000",중구,2,50,23,22.52,,,819,11140,19
93,,2004,,,2021,올리브1,황학동,"14,500",중구,2,0,23,25.05,,,808,11140,5
94,,2018,,,2021,청계 블루카운티,황학동,"20,000",중구,2,0,23,26.19,,,1720,11140,2
95,,2019,,,2021,MAVL PLACE,황학동,"17,850",중구,2,0,24,26.75,,,1596,11140,7
96,,2018,,,2021,청계 블루카운티,황학동,"1,000",중구,2,75,24,25.04,,,1720,11140,2
97,,2019,,,2021,MAVL PLACE,황학동,"18,900",중구,2,0,24,29.86,,,1596,11140,5
98,,2004,,,2021,신당역올리브2,황학동,"1,000",중구,2,55,25,23.82,,,2484,11140,7
99,,2004,,,2021,신당역올리브2,황학동,"1,000",중구,2,55,26,23.82,,,2484,11140,12
100,,2018,,,2021,위너빌(Winnervill),황학동,"25,000",중구,2,0,26,33.41,,,1200,11140,2
101,,2019,,,2021,MAVL PLACE,황학동,"18,900",중구,2,0,27,23.96,,,1596,11140,14
102,,2005,,,2021,바비엥-2,의주로1가,"1,000",중구,2,95,17,41.55,,,25-10,11140,16
103,,2003,,,2021,바비엥-1,의주로1가,"58,500",중구,2,0,22,95.39,,,32-2,11140,9
104,,2005,,,2021,바비엥-2,의주로1가,"23,100",중구,2,0,25,29.23,,,25-10,11140,5
105,,2006,,,2021,브라운스톤서울,중림동,"50,000",중구,2,0,6,62.82,,,355,11140,9
106,,2004,,,2021,KCC 파크타운,만리동2가,"55,000",중구,2,0,8,66.47,,,11-1,11140,5
0,,2007,,,2021,명동 엠퍼스트플레이스,충무로2가,"21,000",중구,3,0,6,17.59,,,48-2,11140,12
1,,2007,,,2021,명동 엠퍼스트플레이스,충무로2가,"17,850",중구,3,0,14,18.6,,,48-2,11140,3
2,,2016,,,2021,충무로엘크루메트로시티2,충무로5가,"1,000",중구,3,70,1,23.03,,,36-2,11140,16
3,,2016,,,2021,충무로엘크루메트로시티2,충무로5가,"1,000",중구,3,70,5,23.03,,,36-2,11140,16
4,,2016,,,2021,충무로엘크루메트로시티2,충무로5가,"2,000",중구,3,110,6,37.07,,,36-2,11140,13
5,,2016,,,2021,충무로엘크루메트로시티2,충무로5가,"1,000",중구,3,70,9,23.03,,,36-2,11140,15
6,,2016,,,2021,충무로엘크루메트로시티2,충무로5가,"35,000",중구,3,0,12,41.41,,,36-2,11140,16
7,,2016,,,2021,충무로엘크루메트로시티2,충무로5가,"2,000",중구,3,120,16,41.41,,,36-2,11140,10
8,,2016,,,2021,충무로엘크루메트로시티2,충무로5가,"1,000",중구,3,70,20,23.03,,,36-2,11140,8
9,,2016,,,2021,충무로엘크루메트로시티2,충무로5가,"1,000",중구,3,70,27,23.03,,,36-2,11140,6
10,,2020,,,2021,남산 오렌지카운티,쌍림동,"24,500",중구,3,0,8,18.49,,,106-14,11140,11
11,,2019,,,2021,동원스위트을지,을지로6가,"24,000",중구,3,0,14,35.22,,,48,11140,2
12,,2019,,,2021,을지 웰 라이프,을지로4가,"25,000",중구,3,0,11,29.93,,,187-9,11140,4
13,,2019,,,2021,을지 웰 라이프,을지로4가,"27,300",중구,3,0,26,34.59,,,187-9,11140,7
14,,2019,,,2021,을지 웰 라이프,을지로4가,"20,400",중구,3,0,27,23.75,,,187-9,11140,10
15,,2006,,,2021,삼성파크빌,을지로5가,"45,000",중구,3,0,2,97.34,,,39-1,11140,2
16,,2020,,,2021,오렌지카운티을지로,오장동,500,중구,3,60,20,16.32,,,145-1,11140,6
17,,2021,,,2021,오장동 오팰리오,오장동,"22,000",중구,3,0,26,18.12,,,139-7,11140,5
18,,2020,,,2021,오렌지카운티을지로,오장동,"19,300",중구,3,0,29,18.36,,,145-1,11140,6
19,,2020,,,2021,오렌지카운티을지로,오장동,"18,100",중구,3,0,29,18.36,,,145-1,11140,2
20,,2013,,,2021,엘크루 메트로시티,충무로3가,"1,000",중구,3,75,13,26.27,,,49,11140,8
21,,2013,,,2021,엘크루 메트로시티,충무로3가,"1,000",중구,3,80,19,28.94,,,49,11140,14
22,,2013,,,2021,엘크루 메트로시티,충무로3가,"2,000",중구,3,65,25,26.27,,,49,11140,10
23,,2013,,,2021,엘크루 메트로시티,충무로3가,"25,000",중구,3,0,31,36.72,,,49,11140,13
24,,2018,,,2021,제이매크로 타워,저동2가,"7,000",중구,3,50,5,19.35,,,7-2,11140,14
25,,2018,,,2021,제이매크로 타워,저동2가,500,중구,3,75,31,19.35,,,7-2,11140,6
26,,2016,,,2021,신당역솔하임,신당동,"2,000",중구,3,70,3,20.69,,,140-23,11140,9
27,,2018,,,2021,대현프리몰,신당동,"1,000",중구,3,62,3,18.18,,,421-1,11140,4
28,,2003,,,2021,(340-123),신당동,"14,500",중구,3,0,12,19.52,,,340-123,11140,5
29,,2014,,,2021,신당아르브,신당동,"16,800",중구,3,0,13,21.31,,,160-5,11140,12
30,,2018,,,2021,대현프리몰,신당동,"1,000",중구,3,78,18,25.58,,,421-1,11140,8
31,,2015,,,2021,남산더힐A동,신당동,"25,400",중구,3,0,18,36.7,,,420-17,11140,7
32,,2005,,,2021,남산정은스카이,신당동,"21,000",중구,3,0,18,29.93,,,366-126,11140,6
33,,2021,,,2021,자강헌,신당동,"1,000",중구,3,75,20,24.05,,,367-12,11140,3
34,,2003,,,2021,(340-123),신당동,"17,000",중구,3,0,27,22.4,,,340-123,11140,4
35,,2004,,,2021,JK오피스텔,신당동,"9,450",중구,3,0,31,25.41,,,353-22,11140,2
36,,2016,,,2021,동대문솔하임,흥인동,"2,000",중구,3,75,9,25,,,8,11140,11
37,,2014,,,2021,동대문 와이즈 캐슬,흥인동,"2,000",중구,3,50,11,21.35,,,119,11140,7
38,,2018,,,2021,위더스하임,흥인동,"25,000",중구,3,0,13,29.76,,,142-1,11140,2
39,,2016,,,2021,리마크빌 동대문,흥인동,"1,000",중구,3,81,23,24.65,,,86,11140,16
40,,2014,,,2021,청계천 두산위브더제니스,흥인동,"33,000",중구,3,0,26,46.74,,,13-1,11140,6
41,,2004,,,2021,신당역올리브2,황학동,"5,000",중구,3,30,1,23.82,,,2484,11140,5
42,,2014,,,2021,다올 노블리움 B동,황학동,"2,000",중구,3,100,3,48.31,,,1744-1,11140,6
43,,2015,,,2021,골드캐슬Ⅰ,황학동,"20,000",중구,3,0,4,40.04,,,1725,11140,3
44,,2013,,,2021,한양 I-Class,황학동,"12,000",중구,3,0,5,19.05,,,787,11140,10
45,,2018,,,2021,청계 블루카운티,황학동,"33,000",중구,3,0,5,52.37,,,1720,11140,5
46,,,,,2021,주건축물제1동,황학동,"16,800",중구,3,0,6,23.81,,,19,11140,2
47,,2017,,,2021,골드캐슬Ⅲ,황학동,"25,000",중구,3,0,6,39.02,,,1743,11140,2
48,,2013,,,2021,한양 I-Class,황학동,"1,000",중구,3,55,6,19.05,,,787,11140,2
49,,2004,,,2021,올리브1,황학동,"14,000",중구,3,0,8,25.05,,,808,11140,5
50,,2017,,,2021,(2022),황학동,"28,000",중구,3,0,8,42.53,,,2022,11140,3
51,,2014,,,2021,블루카운티Ⅱ,황학동,"3,000",중구,3,100,8,48.42,,,1628,11140,6
52,,2014,,,2021,다올 노블리움 B동,황학동,"5,000",중구,3,110,13,56.15,,,1744-1,11140,3
53,,2019,,,2021,베네스트,황학동,"22,000",중구,3,0,13,33.52,,,855,11140,10
54,,2018,,,2021,청계 블루카운티,황학동,"39,000",중구,3,0,13,66.86,,,1720,11140,3
55,,2019,,,2021,청계리버팰리스A,황학동,"23,000",중구,3,0,14,36.18,,,2033,11140,2
56,,2017,,,2021,주건축물제1동,황학동,"25,000",중구,3,0,15,41.58,,,1452,11140,3
57,,2013,,,2021,한양 I-Class,황학동,"1,000",중구,3,60,15,19.05,,,787,11140,10
58,,2013,,,2021,한양 I-Class,황학동,"13,200",중구,3,0,16,19.05,,,787,11140,5
59,,2019,,,2021,OR Plus Loft 오피스텔,황학동,"2,000",중구,3,70,16,22.63,,,1694,11140,7
60,,2013,,,2021,한양 I-Class,황학동,"19,000",중구,3,0,16,29.64,,,787,11140,10
61,,2015,,,2021,골드캐슬Ⅰ,황학동,"22,000",중구,3,0,17,40.87,,,1725,11140,3
62,,2018,,,2021,위너빌(Winnervill),황학동,"23,100",중구,3,0,19,35.08,,,1200,11140,2
63,,2014,,,2021,아미인,황학동,"13,700",중구,3,0,20,24.15,,,836,11140,6
64,,2020,,,2021,케렌시아청계,황학동,"29,000",중구,3,0,21,29.98,,,1749,11140,10
65,,2019,,,2021,베네스트,황학동,"22,575",중구,3,0,22,35.55,,,855,11140,11
66,,2019,,21.04~22.04,2021,MAVL PLACE,황학동,"1,000",중구,3,80,22,24.43,,,1596,11140,16
67,,2014,,,2021,DUO302,황학동,"3,000",중구,3,55,23,22.52,,,819,11140,19
68,,2020,,,2021,케렌시아청계,황학동,"28,200",중구,3,0,23,29.98,,,1749,11140,4
69,,2019,,,2021,베네스트,황학동,"22,000",중구,3,0,24,34.89,,,855,11140,9
70,,2015,,,2021,골드캐슬Ⅰ,황학동,"2,000",중구,3,90,24,40.61,,,1725,11140,2
71,,2013,,,2021,한양 I-Class,황학동,"13,200",중구,3,0,25,19.05,,,787,11140,6
72,,2019,,,2021,베네스트,황학동,"23,500",중구,3,0,25,35.55,,,855,11140,10
73,,2017,,,2021,(1079),황학동,"3,000",중구,3,100,25,46.03,,,1079,11140,6
74,,2019,,,2021,베네스트,황학동,"23,000",중구,3,0,26,33.52,,,855,11140,9
75,,2018,,,2021,위너빌(Winnervill),황학동,"22,050",중구,3,0,26,29.71,,,1200,11140,2
76,,,,,2021,주건축물제1동,황학동,"15,500",중구,3,0,27,20.78,,,19,11140,6
77,,2014,,,2021,아미인,황학동,"13,500",중구,3,0,28,18.62,,,836,11140,4
78,,2019,,,2021,청계리버팰리스A,황학동,"24,150",중구,3,0,29,36.74,,,2033,11140,2
79,,2019,,,2021,청계리버팰리스A,황학동,"24,150",중구,3,0,29,36.18,,,2033,11140,4
80,,2019,,,2021,청계리버팰리스A,황학동,"24,150",중구,3,0,29,36.18,,,2033,11140,4
81,,2019,,,2021,OR Plus Loft 오피스텔,황학동,"1,000",중구,3,58,31,18.05,,,1694,11140,9
82,,2019,,,2021,베네스트,황학동,"23,625",중구,3,0,31,36.97,,,855,11140,9
83,,2016,,,2021,신당블루카운티,황학동,"3,000",중구,3,75,31,28.58,,,846,11140,11
84,,2016,,,2021,덕수궁롯데캐슬,순화동,"30,500",중구,3,0,9,36.15,,,217,11140,7
85,,2016,,,2021,덕수궁롯데캐슬,순화동,"1,000",중구,3,120,27,41.14,,,217,11140,8
86,,2005,,,2021,바비엥-2,의주로1가,"48,000",중구,3,0,15,60.88,,,25-10,11140,19
87,,2006,,,2021,브라운스톤서울,중림동,"50,000",중구,3,0,5,68.04,,,355,11140,15
88,,2005,,,2021,서울역 디오빌,만리동1가,"42,500",중구,3,0,18,56.17,,,62-7,11140,2
89,,2004,,,2021,KCC 파크타운,만리동2가,"55,000",중구,3,0,12,66.47,,,11-1,11140,5
90,,2004,,,2021,KCC 파크타운,만리동2가,"27,210",중구,3,40,27,66.47,,,11-1,11140,9
0,,2007,,,2021,명동 엠퍼스트플레이스,충무로2가,"1,000",중구,4,65,5,18.6,,,48-2,11140,6
1,,2007,,,2021,명동 엠퍼스트플레이스,충무로2가,"1,000",중구,4,75,9,18.6,,,48-2,11140,8
2,,2007,,,2021,명동 엠퍼스트플레이스,충무로2가,"1,000",중구,4,70,16,17.59,,,48-2,11140,7
3,,2007,,,2021,명동 엠퍼스트플레이스,충무로2가,"21,000",중구,4,0,17,17.59,,,48-2,11140,12
4,,2007,,21.05~22.05,2021,명동 엠퍼스트플레이스,충무로2가,"1,000",중구,4,80,23,20.28,,,48-2,11140,9
5,,2007,,,2021,명동 엠퍼스트플레이스,충무로2가,"1,000",중구,4,80,27,20.28,,,48-2,11140,9
6,,2016,,,2021,충무로엘크루메트로시티2,충무로5가,"1,000",중구,4,68,3,23.03,,,36-2,11140,6
7,,2016,,,2021,충무로엘크루메트로시티2,충무로5가,"1,000",중구,4,70,20,23.03,,,36-2,11140,9
8,,2021,,,2021,충무로역 스위트엠,묵정동,"20,000",중구,4,0,6,18.57,,,32-5,11140,9
9,,2021,,,2021,충무로역 스위트엠,묵정동,"19,000",중구,4,0,19,18.57,,,32-5,11140,8
10,,2021,,,2021,충무로역 스위트엠,묵정동,"19,000",중구,4,0,27,18.57,,,32-5,11140,6
11,,2021,,,2021,충무로역 스위트엠,묵정동,"22,000",중구,4,0,29,18.57,,,32-5,11140,12
12,,2005,,,2021,성진오피스텔,광희동2가,"7,000",중구,4,10,22,22.8,,,194-1,11140,3
13,,2020,,,2021,남산 오렌지카운티,쌍림동,"1,000",중구,4,77,4,18.49,,,106-14,11140,10
14,,2019,,,2021,을지 웰 라이프,을지로4가,"22,000",중구,4,0,17,26.88,,,187-9,11140,4
15,,2019,,,2021,을지 웰 라이프,을지로4가,"26,200",중구,4,0,17,32.63,,,187-9,11140,9
16,,2019,,,2021,을지 웰 라이프,을지로4가,"28,300",중구,4,0,20,34.59,,,187-9,11140,8
17,,2019,,,2021,을지 웰 라이프,을지로4가,"21,000",중구,4,0,26,26.88,,,187-9,11140,3
18,,2019,,,2021,을지 웰 라이프,을지로4가,"26,000",중구,4,0,29,32.63,,,187-9,11140,8
19,,2018,,,2021,제이매크로 타워,저동2가,"20,000",중구,4,0,5,19.35,,,7-2,11140,11
20,,2018,,,2021,제이매크로 타워,저동2가,"7,000",중구,4,46,8,22.6,,,7-2,11140,11
21,,2018,,,2021,제이매크로 타워,저동2가,"19,950",중구,4,0,15,22.47,,,7-2,11140,4
22,,2018,,,2021,제이매크로 타워,저동2가,"5,000",중구,4,63,19,22.6,,,7-2,11140,8
23,,2021,,,2021,(372-49),신당동,"4,000",중구,4,65,1,20.34,,,372-49,11140,2
24,,2021,,,2021,자강헌,신당동,"2,000",중구,4,85,3,23.93,,,367-12,11140,3
25,,2003,,,2021,(340-123),신당동,"12,000",중구,4,15,6,18.6,,,340-123,11140,5
26,,2014,,,2021,신당아르브,신당동,"5,000",중구,4,40,8,21.31,,,160-5,11140,15
27,,2020,,,2021,(251-10),신당동,100,중구,4,40,8,22.29,,,251-10,11140,6
28,,2016,,21.04~22.04,2021,신당역솔하임,신당동,"1,000",중구,4,70,9,18.8,,,140-23,11140,3
29,,2018,,,2021,대현프리몰,신당동,"1,000",중구,4,62,9,18.18,,,421-1,11140,3
30,,2018,,,2021,아리스타 에스디,신당동,"1,000",중구,4,77,10,18.66,,,160-1,11140,14
31,,2006,,,2021,(340-73),신당동,"17,000",중구,4,0,14,35.6,,,340-73,11140,7
32,,2015,,,2021,(420-9),신당동,"21,000",중구,4,0,19,45.86,,,420-9,11140,3
33,,2014,,21.05~22.05,2021,신당아르브,신당동,"6,000",중구,4,40,21,21.31,,,160-5,11140,15
34,,2021,,,2021,(372-49),신당동,"22,000",중구,4,0,21,20.76,,,372-49,11140,6
35,,2004,,,2021,JK오피스텔,신당동,"9,450",중구,4,0,23,22.75,,,353-22,11140,2
36,,2021,,,2021,자강헌,신당동,"8,000",중구,4,60,25,26.05,,,367-12,11140,3
37,,2018,,21.05~22.05,2021,아리스타 에스디,신당동,"1,000",중구,4,75,26,18.7,,,160-1,11140,6
38,,2014,,,2021,청계천 두산위브더제니스,흥인동,"2,000",중구,4,130,1,46.74,,,13-1,11140,20
39,,2014,,,2021,청계천 두산위브더제니스,흥인동,"29,925",중구,4,0,5,40.89,,,13-1,11140,14
40,,2014,,,2021,청계천 두산위브더제니스,흥인동,"31,500",중구,4,0,9,46.74,,,13-1,11140,10
41,,2016,,,2021,리마크빌 동대문,흥인동,"1,000",중구,4,92,12,30.26,,,86,11140,18
42,,2018,,,2021,위더스하임,흥인동,"2,000",중구,4,120,19,29.76,,,142-1,11140,5
43,,2013,,,2021,(91),흥인동,"16,000",중구,4,0,21,21.88,,,91,11140,15
44,,2016,,,2021,동대문솔하임,흥인동,"21,000",중구,4,0,24,24.67,,,8,11140,4
45,,2016,,,2021,리마크빌 동대문,흥인동,"1,000",중구,4,77,26,24.65,,,86,11140,13
46,,2019,,,2021,유진빌딩,무학동,"1,000",중구,4,60,21,16.05,,,7-1,11140,5
47,,2019,,,2021,유진빌딩,무학동,"1,000",중구,4,60,22,16.05,,,7-1,11140,5
48,,2004,,,2021,올리브1,황학동,500,중구,4,70,1,25.05,,,808,11140,3
49,,2013,,,2021,한양 I-Class,황학동,"10,000",중구,4,0,1,19.05,,,787,11140,10
50,,2019,,,2021,OR Plus Loft 오피스텔,황학동,"2,000",중구,4,53,5,18.05,,,1694,11140,8
51,,2019,,,2021,소미골드라인,황학동,"25,700",중구,4,0,7,36.31,,,951,11140,2
52,,2019,,,2021,소미골드라인,황학동,"25,300",중구,4,0,7,36.31,,,951,11140,2
53,,2018,,,2021,동광팰리스,황학동,"2,000",중구,4,100,8,35.94,,,1572,11140,6
54,,2014,,,2021,DUO302,황학동,"1,000",중구,4,60,10,22.52,,,819,11140,2
55,,2001,,,2021,골든빌,황학동,500,중구,4,40,14,23.52,,,1752,11140,5
56,,2004,,,2021,신당역올리브2,황학동,"1,000",중구,4,50,16,23.82,,,2484,11140,12
57,,2013,,,2021,한양 I-Class,황학동,"13,000",중구,4,0,16,19.05,,,787,11140,6
58,,2014,,,2021,아미인,황학동,"13,500",중구,4,0,19,18.23,,,836,11140,6
59,,2019,,,2021,베네스트,황학동,"22,000",중구,4,0,19,35.55,,,855,11140,6
60,,2013,,21.10~23.10,2021,한양 I-Class,황학동,"12,000",중구,4,0,20,19.05,,,787,11140,5
61,,2004,,,2021,올리브1,황학동,"3,000",중구,4,45,21,23.73,,,808,11140,13
62,,2013,,,2021,한양 I-Class,황학동,"2,000",중구,4,55,21,19.05,,,787,11140,12
63,,2019,,,2021,OR Plus Loft 오피스텔,황학동,"2,000",중구,4,78,22,22.63,,,1694,11140,5
64,,2019,,,2021,황학동 1931 주거복합 시설,황학동,"2,000",중구,4,61,23,20.75,,,1930,11140,3
65,,2019,,,2021,OR Plus Loft 오피스텔,황학동,"2,000",중구,4,55,23,18.05,,,1694,11140,10
66,,2019,,,2021,황학동 1931 주거복합 시설,황학동,"29,400",중구,4,0,23,49.25,,,1930,11140,9
67,,2019,,,2021,OR Plus Loft 오피스텔,황학동,"2,000",중구,4,75,24,20.87,,,1694,11140,7
68,,2019,,,2021,OR Plus Loft 오피스텔,황학동,"1,000",중구,4,73,24,22.09,,,1694,11140,8
69,,2014,,,2021,DUO302,황학동,"3,000",중구,4,55,26,22.52,,,819,11140,13
70,,2018,,,2021,위너빌(Winnervill),황학동,"22,050",중구,4,0,27,33.14,,,1200,11140,3
71,,,,21.05~23.05,2021,밸류 에스엘,황학동,"1,000",중구,4,110,29,43.56,,,1496,11140,5
72,,2016,,,2021,덕수궁롯데캐슬,순화동,"35,000",중구,4,0,10,41.14,,,217,11140,3
73,,2016,,,2021,덕수궁롯데캐슬,순화동,"31,800",중구,4,0,24,38.79,,,217,11140,3
74,,2005,,,2021,바비엥-2,의주로1가,"22,500",중구,4,0,9,29.48,,,25-10,11140,10
75,,2005,,,2021,바비엥-2,의주로1가,"22,000",중구,4,0,28,29.23,,,25-10,11140,4
76,,2005,,,2021,서울역 디오빌,만리동1가,"42,000",중구,4,0,18,56.17,,,62-7,11140,9
77,,2004,,,2021,KCC 파크타운,만리동2가,"54,000",중구,4,0,27,66.47,,,11-1,11140,5
0,,2007,,,2021,명동 엠퍼스트플레이스,충무로2가,"1,000",중구,5,83,2,18.6,,,48-2,11140,11
1,,2007,,21.06~22.06,2021,명동 엠퍼스트플레이스,충무로2가,"3,000",중구,5,63,20,18.6,,,48-2,11140,4
2,,2007,,21.06~23.06,2021,명동 엠퍼스트플레이스,충무로2가,"21,000",중구,5,0,30,20.28,,,48-2,11140,2
3,,2007,,21.07~22.07,2021,명동 엠퍼스트플레이스,충무로2가,"4,000",중구,5,65,31,20.28,,,48-2,11140,4
4,,2016,,,2021,충무로엘크루메트로시티2,충무로5가,"29,400",중구,5,0,1,41.41,,,36-2,11140,17
5,,2021,,,2021,충무로역 스위트엠,묵정동,"20,500",중구,5,0,3,18.57,,,32-5,11140,6
6,,2021,,,2021,충무로역 스위트엠,묵정동,"20,000",중구,5,0,3,18.57,,,32-5,11140,8
7,,2021,,,2021,충무로역 스위트엠,묵정동,500,중구,5,85,3,18.57,,,32-5,11140,14
8,,2021,,,2021,충무로역 스위트엠,묵정동,"5,000",중구,5,75,3,18.97,,,32-5,11140,13
9,,2021,,,2021,충무로역 스위트엠,묵정동,"5,000",중구,5,75,3,18.57,,,32-5,11140,13
10,,2021,,,2021,충무로역 스위트엠,묵정동,"34,000",중구,5,0,4,24.31,,,32-5,11140,14
11,,2021,,,2021,충무로역 스위트엠,묵정동,"20,000",중구,5,0,4,18.57,,,32-5,11140,6
12,,2021,,21.05~22.05,2021,충무로역 스위트엠,묵정동,"2,000",중구,5,80,5,18.57,,,32-5,11140,14
13,,2021,,,2021,충무로역 스위트엠,묵정동,"22,000",중구,5,0,8,18.57,,,32-5,11140,12
14,,2021,,,2021,충무로역 스위트엠,묵정동,"20,000",중구,5,0,8,18.47,,,32-5,11140,9
15,,2021,,,2021,충무로역 스위트엠,묵정동,"1,500",중구,5,70,12,18.97,,,32-5,11140,11
16,,2021,,,2021,충무로역 스위트엠,묵정동,"20,000",중구,5,0,13,18.57,,,32-5,11140,7
17,,2021,,,2021,충무로역 스위트엠,묵정동,"3,000",중구,5,70,15,18.57,,,32-5,11140,11
18,,2021,,,2021,충무로역 스위트엠,묵정동,"21,000",중구,5,0,17,18.57,,,32-5,11140,13
19,,2021,,21.06~23.06,2021,충무로역 스위트엠,묵정동,"20,000",중구,5,0,18,18.57,,,32-5,11140,12
20,,2021,,21.06~22.06,2021,충무로역 스위트엠,묵정동,"5,000",중구,5,60,22,18.57,,,32-5,11140,10
21,,2021,,,2021,충무로역 스위트엠,묵정동,"1,000",중구,5,70,23,18.97,,,32-5,11140,9
22,,2021,,21.05~22.05,2021,충무로역 스위트엠,묵정동,"1,000",중구,5,75,23,18.57,,,32-5,11140,7
23,,2005,,,2021,성진오피스텔,광희동2가,"7,000",중구,5,10,28,22.8,,,194-1,11140,8
24,,2020,,,2021,남산 오렌지카운티,쌍림동,"2,000",중구,5,70,4,18.49,,,106-14,11140,5
25,,2019,,,2021,을지 웰 라이프,을지로4가,"22,000",중구,5,0,12,26.88,,,187-9,11140,9
26,,2019,,21.07~23.06,2021,을지 웰 라이프,을지로4가,"25,700",중구,5,0,15,34.59,,,187-9,11140,3
27,,2003,,21.05~23.05,2021,정건벨라지오오피스텔,을지로5가,500,중구,5,20,29,21.94,,,20-1,11140,11
28,,2021,,,2021,오장동 오팰리오,오장동,"18,000",중구,5,0,10,18.12,,,139-7,11140,3
29,,2013,,,2021,엘크루 메트로시티,충무로3가,"21,000",중구,5,0,1,26.65,,,49,11140,17
30,,2013,,,2021,엘크루 메트로시티,충무로3가,"21,000",중구,5,0,7,28.94,,,49,11140,8
31,,2013,,21.06~23.06,2021,엘크루 메트로시티,충무로3가,"8,000",중구,5,65,8,36.46,,,49,11140,12
32,,2013,,21.06~23.06,2021,엘크루 메트로시티,충무로3가,"23,000",중구,5,0,15,28.94,,,49,11140,8
33,,2018,,,2021,제이매크로 타워,저동2가,"2,000",중구,5,160,6,55.19,,,7-2,11140,14
34,,2018,,,2021,제이매크로 타워,저동2가,"3,000",중구,5,70,17,19.35,,,7-2,11140,12
35,,2018,,,2021,제이매크로 타워,저동2가,"10,000",중구,5,40,24,19.35,,,7-2,11140,6
36,,2021,,,2021,(372-49),신당동,"20,000",중구,5,0,1,20.34,,,372-49,11140,4
37,,2021,,,2021,(372-49),신당동,"22,000",중구,5,0,3,20.34,,,372-49,11140,5
38,,2021,,,2021,(372-49),신당동,"20,000",중구,5,0,3,20.34,,,372-49,11140,2
39,,2021,,,2021,(372-49),신당동,"20,000",중구,5,0,3,20.34,,,372-49,11140,2
40,,2021,,,2021,(372-49),신당동,"20,000",중구,5,0,3,20.34,,,372-49,11140,2
41,,2004,,,2021,JK오피스텔,신당동,"9,450",중구,5,0,3,22.75,,,353-22,11140,2
42,,2021,,,2021,(372-49),신당동,"20,000",중구,5,0,3,20.34,,,372-49,11140,4
43,,2021,,,2021,(372-49),신당동,"22,000",중구,5,0,4,20.76,,,372-49,11140,10
44,,2021,,,2021,(372-49),신당동,"21,000",중구,5,0,4,20.76,,,372-49,11140,10
45,,2021,,,2021,(372-49),신당동,"20,000",중구,5,0,4,20.34,,,372-49,11140,5
46,,2021,,,2021,(372-49),신당동,"22,000",중구,5,0,5,20.34,,,372-49,11140,7
47,,2021,,,2021,(372-49),신당동,"22,000",중구,5,0,7,20.34,,,372-49,11140,7
48,,2014,,,2021,신당아르브,신당동,"15,000",중구,5,0,7,21.31,,,160-5,11140,12
49,,2014,,21.06~21.11,2021,신당아르브,신당동,"1,000",중구,5,65,8,21.31,,,160-5,11140,16
50,,2021,,,2021,(372-49),신당동,"20,000",중구,5,0,8,20.34,,,372-49,11140,4
51,,2021,,,2021,(372-49),신당동,"20,000",중구,5,0,8,20.34,,,372-49,11140,9
52,,2021,,,2021,(372-49),신당동,"20,000",중구,5,0,8,20.34,,,372-49,11140,3
53,,2020,,,2021,(251-10),신당동,"4,000",중구,5,21,9,22.29,,,251-10,11140,7
54,,2021,,,2021,(372-49),신당동,"20,000",중구,5,0,11,20.34,,,372-49,11140,2
55,,2021,,,2021,(372-49),신당동,"20,000",중구,5,0,13,20.34,,,372-49,11140,4
56,,2021,,21.05~23.05,2021,자강헌,신당동,"10,000",중구,5,56,15,26.05,,,367-12,11140,4
57,,2014,,,2021,신당아르브,신당동,"16,800",중구,5,0,15,21.31,,,160-5,11140,15
58,,2004,,,2021,JK오피스텔,신당동,"13,000",중구,5,0,18,22.75,,,353-22,11140,2
59,,2016,,21.07~23.07,2021,신당역솔하임,신당동,"18,000",중구,5,0,21,18.8,,,140-23,11140,13
60,,2004,,21.07~23.07,2021,JK오피스텔,신당동,"10,000",중구,5,0,22,25.91,,,353-22,11140,2
61,,2021,,,2021,(372-49),신당동,"20,000",중구,5,0,24,20.34,,,372-49,11140,2
62,,2021,,,2021,(372-49),신당동,"20,000",중구,5,0,25,20.34,,,372-49,11140,5
63,,2004,,21.05~22.05,2021,신당동 오피스텔,신당동,300,중구,5,37,26,14.06,,,294-64,11140,5
64,,2021,,,2021,(372-49),신당동,"20,000",중구,5,0,26,20.34,,,372-49,11140,6
65,,2014,,21.06~22.06,2021,신당아르브,신당동,"6,000",중구,5,40,28,21.31,,,160-5,11140,16
66,,2021,,21.06~23.06,2021,자강헌,신당동,"2,000",중구,5,75,29,24.05,,,367-12,11140,4
67,,2014,,21.06~23.06,2021,동대문 와이즈 캐슬,흥인동,"15,000",중구,5,0,22,19.92,,,119,11140,5
68,,2018,,21.08~23.08,2021,위더스하임,흥인동,"19,200",중구,5,0,26,24.48,,,142-1,11140,5
69,,2017,,,2021,주건축물제1동,황학동,"29,000",중구,5,0,1,41.58,,,1452,11140,12
70,,2014,,,2021,DUO302,황학동,"1,000",중구,5,65,1,22.52,,,819,11140,4
71,,2017,,21.06~23.06,2021,(1079),황학동,"19,000",중구,5,0,5,29.16,,,1079,11140,2
72,,2016,,,2021,신당블루카운티,황학동,"24,000",중구,5,0,6,28.58,,,846,11140,7
73,,2016,,,2021,신당블루카운티,황학동,"20,000",중구,5,0,6,28.58,,,846,11140,7
74,,2013,,,2021,블루카운티,황학동,"26,000",중구,5,0,6,41.87,,,1519,11140,5
75,,2016,,21.06~23.06,2021,신당블루카운티,황학동,"24,000",중구,5,0,6,28.58,,,846,11140,7
76,,2019,,,2021,OR Plus Loft 오피스텔,황학동,"2,000",중구,5,65,7,22.63,,,1694,11140,10
77,,2014,,,2021,아미인,황학동,"17,000",중구,5,0,7,24.15,,,836,11140,3
78,,2019,,,2021,베네스트,황학동,"21,800",중구,5,0,7,34.89,,,855,11140,11
79,,2019,,,2021,베네스트,황학동,"23,500",중구,5,0,9,35.11,,,855,11140,6
80,,2013,,,2021,한양 I-Class,황학동,"5,000",중구,5,40,10,19.05,,,787,11140,4
81,,2020,,,2021,케렌시아청계,황학동,"30,000",중구,5,0,10,29.98,,,1749,11140,9
82,,2013,,,2021,한양 I-Class,황학동,"17,500",중구,5,0,11,29.64,,,787,11140,2
83,,2019,,21.06~22.06,2021,OR Plus Loft 오피스텔,황학동,"5,000",중구,5,65,11,23.98,,,1694,11140,10
84,,2019,,,2021,청계리버팰리스A,황학동,"23,500",중구,5,0,12,37.66,,,2033,11140,3
85,,2014,,,2021,DUO302,황학동,"1,000",중구,5,65,13,22.52,,,819,11140,4
86,,2004,,,2021,신당역올리브2,황학동,"1,000",중구,5,55,15,23.82,,,2484,11140,8
87,,2019,,,2021,소미골드라인,황학동,"24,100",중구,5,0,15,33.58,,,951,11140,3
88,,2019,,,2021,베네스트,황학동,"23,600",중구,5,0,15,36.97,,,855,11140,6
89,,2019,,,2021,테인트리즈,황학동,"26,700",중구,5,0,16,37.57,,,1087,11140,6
90,,2014,,,2021,블루카운티Ⅱ,황학동,"30,000",중구,5,0,17,48.22,,,1628,11140,8
91,,2019,,,2021,테인트리즈,황학동,"26,250",중구,5,0,18,38.26,,,1087,11140,6
92,,2017,,,2021,골드캐슬Ⅲ,황학동,"26,250",중구,5,0,18,43.97,,,1743,11140,2
93,,2013,,,2021,블루카운티,황학동,"26,000",중구,5,0,22,42.84,,,1519,11140,5
94,,2013,,21.06~22.06,2021,한양 I-Class,황학동,"1,000",중구,5,55,22,19.05,,,787,11140,11
95,,2014,,21.06~23.06,2021,DUO302,황학동,"3,000",중구,5,55,25,23.06,,,819,11140,15
96,,,,,2021,주건축물제1동,황학동,"15,700",중구,5,0,25,21.32,,,19,11140,5
97,,2019,,,2021,OR Plus Loft 오피스텔,황학동,"2,000",중구,5,75,25,20.87,,,1694,11140,2
98,,2014,,,2021,블루카운티Ⅱ,황학동,"28,000",중구,5,0,26,49.43,,,1628,11140,3
99,,2013,,21.06~22.06,2021,한양 I-Class,황학동,"1,000",중구,5,60,26,19.05,,,787,11140,8
100,,2013,,21.07~23.07,2021,한양 I-Class,황학동,"12,500",중구,5,0,26,19.05,,,787,11140,5
101,,2017,,21.07~23.07,2021,주건축물제1동,황학동,"33,000",중구,5,0,27,57.81,,,1452,11140,9
102,,2014,,21.06~23.06,2021,블루카운티Ⅱ,황학동,"26,200",중구,5,0,28,49.43,,,1628,11140,9
103,,,,,2021,밸류 에스엘,황학동,"25,800",중구,5,0,28,42.7,,,1496,11140,3
104,,,,21.06~23.06,2021,주건축물제1동,황학동,"16,200",중구,5,0,29,23.23,,,19,11140,9
105,,,,21.06~22.06,2021,주건축물제1동,황학동,"15,225",중구,5,0,29,21.32,,,19,11140,9
106,,2014,,,2021,DUO302,황학동,"12,600",중구,5,0,29,23.06,,,819,11140,6
107,,2016,,21.08~23.08,2021,덕수궁롯데캐슬,순화동,"36,000",중구,5,0,26,41.14,,,217,11140,4
108,,2016,,,2021,덕수궁롯데캐슬,순화동,"29,000",중구,5,0,26,36.15,,,217,11140,12
109,,2005,,21.07~23.07,2021,바비엥-2,의주로1가,"22,500",중구,5,0,31,29.48,,,25-10,11140,7
110,,2006,,,2021,브라운스톤서울,중림동,"10,000",중구,5,91,8,62.82,,,355,11140,28
111,,2005,,,2021,서울역 디오빌,만리동1가,"20,000",중구,5,0,3,27.74,,,62-7,11140,4
112,,2005,,21.05~22.05,2021,서울역 디오빌,만리동1가,"7,500",중구,5,35,31,27.74,,,62-7,11140,4
113,,2004,,,2021,KCC 파크타운,만리동2가,"34,650",중구,5,0,13,66.47,,,11-1,11140,1
114,,2004,,21.07~23.10,2021,KCC 파크타운,만리동2가,"10,000",중구,5,115,22,66.47,,,11-1,11140,12
115,,2004,,,2021,KCC 파크타운,만리동2가,"55,000",중구,5,0,29,66.47,,,11-1,11140,6
116,,2004,,,2021,KCC 파크타운,만리동2가,"55,000",중구,5,0,29,66.47,,,11-1,11140,4
117,,2004,,,2021,KCC 파크타운,만리동2가,"55,000",중구,5,0,29,66.47,,,11-1,11140,6
0,,2007,,21.06~22.06,2021,명동 엠퍼스트플레이스,충무로2가,"2,000",중구,6,70,19,20.28,,,48-2,11140,9
1,,2007,,21.06~22.06,2021,명동 엠퍼스트플레이스,충무로2가,"2,000",중구,6,72,21,20.28,,,48-2,11140,6
2,,2016,신규,21.07~22.06,2021,충무로엘크루메트로시티2,충무로5가,"5,000",중구,6,48,4,23.03,,,36-2,11140,2
3,,2016,신규,21.07~22.06,2021,충무로엘크루메트로시티2,충무로5가,"1,000",중구,6,68,15,23.03,,,36-2,11140,13
4,,2016,,,2021,충무로엘크루메트로시티2,충무로5가,"27,500",중구,6,0,15,37.07,,,36-2,11140,19
5,,2016,신규,21.06~22.06,2021,충무로엘크루메트로시티2,충무로5가,"1,000",중구,6,70,16,23.03,,,36-2,11140,11
6,,2016,신규,21.08~23.08,2021,충무로엘크루메트로시티2,충무로5가,"17,500",중구,6,0,26,23.03,,,36-2,11140,6
7,,2016,신규,21.06~22.06,2021,충무로엘크루메트로시티2,충무로5가,"1,000",중구,6,70,28,23.03,,,36-2,11140,10
8,,2016,신규,21.06~22.06,2021,충무로엘크루메트로시티2,충무로5가,"1,000",중구,6,70,30,23.03,,,36-2,11140,12
9,,2021,신규,21.06~22.12,2021,충무로역 스위트엠,묵정동,"4,000",중구,6,68,8,18.47,,,32-5,11140,10
10,,2021,신규,21.06~23.06,2021,충무로역 스위트엠,묵정동,"3,500",중구,6,50,10,24.31,,,32-5,11140,10
11,,2021,신규,21.06~23.06,2021,충무로역 스위트엠,묵정동,"18,500",중구,6,0,10,18.57,,,32-5,11140,6
12,,2021,신규,21.07~23.07,2021,충무로역 스위트엠,묵정동,"20,000",중구,6,0,16,18.57,,,32-5,11140,9
13,,2021,신규,21.07~23.07,2021,충무로역 스위트엠,묵정동,"23,000",중구,6,0,17,18.97,,,32-5,11140,12
14,,2021,신규,21.07~22.07,2021,충무로역 스위트엠,묵정동,"1,000",중구,6,78,18,18.57,,,32-5,11140,7
15,,2021,신규,21.06~23.06,2021,충무로역 스위트엠,묵정동,"22,000",중구,6,0,25,18.57,,,32-5,11140,12
16,,2021,신규,21.06~22.06,2021,충무로역 스위트엠,묵정동,"1,000",중구,6,100,25,18.57,,,32-5,11140,14
17,,2021,신규,21.07~23.07,2021,충무로역 스위트엠,묵정동,"19,500",중구,6,0,29,18.97,,,32-5,11140,10
18,,2021,신규,21.08~23.08,2021,충무로역 스위트엠,묵정동,"22,000",중구,6,0,30,18.57,,,32-5,11140,9
19,,2021,신규,21.07~23.07,2021,충무로역 스위트엠,묵정동,"3,000",중구,6,70,30,18.57,,,32-5,11140,11
20,,2020,신규,21.07~23.07,2021,남산 오렌지카운티,쌍림동,"23,500",중구,6,0,28,18.49,,,106-14,11140,4
21,,2003,신규,21.07~23.07,2021,코업레지던스,을지로6가,500,중구,6,45,24,15.94,,,32,11140,2
22,,2019,,21.06~23.06,2021,을지 웰 라이프,을지로4가,"19,950",중구,6,0,12,23.75,,,187-9,11140,4
23,,2019,,21.06~23.06,2021,을지 웰 라이프,을지로4가,"26,775",중구,6,0,12,34.59,,,187-9,11140,6
24,,2003,,21.06~22.06,2021,정건벨라지오오피스텔,을지로5가,500,중구,6,50,14,29.25,,,20-1,11140,7
25,,2020,신규,21.07~22.07,2021,오렌지카운티을지로,오장동,"2,000",중구,6,60,25,18.36,,,145-1,11140,6
26,,2013,신규,21.07~23.07,2021,엘크루 메트로시티,충무로3가,"26,500",중구,6,0,9,26.78,,,49,11140,13
27,,2013,신규,21.06~22.06,2021,엘크루 메트로시티,충무로3가,"1,000",중구,6,75,14,28.94,,,49,11140,15
28,,2013,신규,21.07~22.07,2021,엘크루 메트로시티,충무로3가,"1,000",중구,6,80,24,29.78,,,49,11140,12
29,,2013,신규,21.06~22.06,2021,엘크루 메트로시티,충무로3가,"1,000",중구,6,80,24,29.78,,,49,11140,18
30,,2013,신규,21.07~22.06,2021,엘크루 메트로시티,충무로3가,"3,000",중구,6,70,25,28.94,,,49,11140,14
31,,2018,,21.06~23.03,2021,제이매크로 타워,저동2가,"18,300",중구,6,0,7,19.35,,,7-2,11140,11
32,,2018,,21.06~23.06,2021,제이매크로 타워,저동2가,"8,000",중구,6,45,11,19.35,,,7-2,11140,7
33,,2018,,21.07~22.07,2021,제이매크로 타워,저동2가,"19,950",중구,6,0,26,22.6,,,7-2,11140,7
34,,2018,,21.07~22.07,2021,제이매크로 타워,저동2가,"5,000",중구,6,67,30,22.47,,,7-2,11140,3
35,,2021,신규,21.06~23.06,2021,(372-49),신당동,"20,000",중구,6,0,1,20.34,,,372-49,11140,9
36,,2021,신규,21.06~23.06,2021,(372-49),신당동,"20,000",중구,6,0,1,20.34,,,372-49,11140,7
37,,2021,신규,21.07~23.07,2021,(372-49),신당동,"22,000",중구,6,0,2,20.34,,,372-49,11140,5
38,,2004,,21.06~23.06,2021,JK오피스텔,신당동,"6,700",중구,6,20,4,22.75,,,353-22,11140,3
39,,2021,신규,21.07~23.07,2021,(372-49),신당동,"20,000",중구,6,0,4,20.34,,,372-49,11140,8
40,,2021,신규,21.07~23.07,2021,(372-49),신당동,"20,000",중구,6,0,4,20.34,,,372-49,11140,9
41,,2014,,21.06~23.06,2021,신당아르브,신당동,"17,000",중구,6,0,5,21.31,,,160-5,11140,13
42,,2016,,21.06~22.06,2021,신당역솔하임,신당동,"1,000",중구,6,65,5,20.69,,,140-23,11140,2
43,,2018,,21.08~21.12,2021,아리스타 에스디,신당동,"3,000",중구,6,63,7,18.66,,,160-1,11140,3
44,,2004,,21.07~23.07,2021,JK오피스텔,신당동,"9,450",중구,6,0,8,22.75,,,353-22,11140,3
45,,2018,갱신,21.06~22.06,2021,대현프리몰,신당동,"1,000",중구,6,81,8,25.58,"1,000",78,421-1,11140,5
46,,2018,갱신,21.06~22.06,2021,대현프리몰,신당동,"1,000",중구,6,78,8,25.58,"1,000",75,421-1,11140,3
47,,2021,,,2021,(372-49),신당동,"1,000",중구,6,80,9,20.34,,,372-49,11140,6
48,,2003,신규,21.07~22.07,2021,(340-123),신당동,"15,000",중구,6,8,10,22.4,,,340-123,11140,3
49,,2003,신규,21.06~23.06,2021,(340-123),신당동,"14,000",중구,6,0,10,20.1,,,340-123,11140,5
50,,2021,신규,21.06~23.06,2021,(372-49),신당동,"21,000",중구,6,0,12,20.34,,,372-49,11140,10
51,,2021,신규,21.07~23.07,2021,(372-49),신당동,"20,000",중구,6,0,12,20.34,,,372-49,11140,6
52,,2021,신규,21.07~23.07,2021,(372-49),신당동,"21,000",중구,6,0,14,20.76,,,372-49,11140,6
53,,2021,,21.07~23.07,2021,(372-49),신당동,"21,000",중구,6,0,14,20.34,,,372-49,11140,10
54,,2015,신규,21.07~23.07,2021,남산더힐B동,신당동,"26,000",중구,6,0,15,36.7,,,420-23,11140,7
55,,2021,신규,21.07~23.07,2021,(372-49),신당동,"20,000",중구,6,0,16,20.34,,,372-49,11140,8
56,,2018,신규,21.07~23.07,2021,대현프리몰,신당동,"1,000",중구,6,77,16,26.37,,,421-1,11140,5
57,,2004,,21.08~23.08,2021,JK오피스텔,신당동,"11,000",중구,6,0,17,24.3,,,353-22,11140,2
58,,2021,신규,21.07~23.07,2021,(372-49),신당동,"20,000",중구,6,0,17,20.34,,,372-49,11140,6
59,,2021,신규,,2021,(372-49),신당동,"21,000",중구,6,0,21,20.34,,,372-49,11140,10
60,,2021,신규,21.07~23.07,2021,(372-49),신당동,"21,000",중구,6,0,21,20.34,,,372-49,11140,10
61,,2021,신규,21.07~22.07,2021,(372-49),신당동,"1,000",중구,6,80,21,20.34,,,372-49,11140,4
62,,2021,,21.06~23.06,2021,(372-49),신당동,"22,000",중구,6,0,22,20.76,,,372-49,11140,8
63,,2021,,21.07~23.07,2021,(372-49),신당동,"20,000",중구,6,0,24,20.34,,,372-49,11140,7
64,,2018,신규,21.08~23.08,2021,대현프리몰,신당동,"1,000",중구,6,66,24,18.18,,,421-1,11140,8
65,,2021,신규,21.07~23.07,2021,(372-49),신당동,"21,000",중구,6,0,24,20.34,,,372-49,11140,8
66,,2018,신규,21.07~23.07,2021,대현프리몰,신당동,"1,000",중구,6,66,24,18.18,,,421-1,11140,6
67,,2021,신규,21.07~23.07,2021,(372-49),신당동,"21,000",중구,6,0,26,20.34,,,372-49,11140,8
68,,2004,,,2021,JK오피스텔,신당동,"5,500",중구,6,30,28,22.75,,,353-22,11140,2
69,,2016,,21.07~22.07,2021,신당역솔하임,신당동,"1,000",중구,6,70,28,18.6,,,140-23,11140,10
70,,2013,,,2021,(91),흥인동,"1,000",중구,6,60,2,20.09,,,91,11140,8
71,,2013,,21.06~22.06,2021,(91),흥인동,"1,000",중구,6,55,2,21.88,,,91,11140,15
72,,2016,,21.08~22.08,2021,리마크빌 동대문,흥인동,"1,000",중구,6,78,3,24.65,,,86,11140,7
73,,2013,,,2021,(91),흥인동,"14,000",중구,6,0,4,21.88,,,91,11140,7
74,,2014,,21.06~22.06,2021,동대문 와이즈 캐슬,흥인동,"1,000",중구,6,60,5,19.92,,,119,11140,4
75,,2014,신규,21.07~22.07,2021,청계천 두산위브더제니스,흥인동,"2,000",중구,6,130,9,46.74,,,13-1,11140,12
76,,2014,신규,21.06~22.06,2021,동대문 와이즈 캐슬,흥인동,"1,000",중구,6,65,12,19.92,,,119,11140,6
77,,2016,신규,21.06~22.06,2021,동대문솔하임,흥인동,"1,000",중구,6,75,18,28.88,,,8,11140,10
78,,2014,,21.07~23.07,2021,청계천 두산위브더제니스,흥인동,"15,000",중구,6,80,23,59.91,,,13-1,11140,10
79,,2014,신규,21.07~22.07,2021,청계천 두산위브더제니스,흥인동,"2,000",중구,6,95,25,35.77,,,13-1,11140,9
80,,2016,,21.07~23.07,2021,동대문솔하임,흥인동,"23,000",중구,6,0,30,25,,,8,11140,11
81,,2013,신규,21.07~22.07,2021,(91),흥인동,"1,000",중구,6,65,30,22.33,,,91,11140,14
82,,2015,신규,21.06~22.06,2021,(1542),황학동,"1,000",중구,6,95,2,45.5,,,1542,11140,3
83,,2019,갱신,21.07~23.06,2021,테인트리즈,황학동,"26,775",중구,6,0,2,37.57,"25,500",,1087,11140,5
84,,2013,신규,21.07~22.07,2021,한양 I-Class,황학동,"3,000",중구,6,40,2,19.05,,,787,11140,9
85,,2004,신규,21.06~22.06,2021,신당역올리브2,황학동,"1,000",중구,6,55,2,23.82,,,2484,11140,7
86,,2016,신규,21.07~22.07,2021,하늘드리움2차,황학동,"1,000",중구,6,100,2,38.32,,,876,11140,3
87,,2003,신규,21.06~22.06,2021,중앙시티빌,황학동,500,중구,6,55,4,25,,,805,11140,9
88,,2018,,21.07~23.07,2021,청계 블루카운티,황학동,"33,000",중구,6,0,4,51.43,,,1720,11140,10
89,,,,21.06~23.06,2021,주건축물제1동,황학동,"1,000",중구,6,65,5,23.81,,,19,11140,9
90,,2013,,21.06~22.06,2021,한양 I-Class,황학동,"1,000",중구,6,55,7,19.05,,,787,11140,3
91,,2019,,21.07~23.07,2021,테인트리즈,황학동,"26,775",중구,6,0,7,37.57,,,1087,11140,4
92,,2014,,21.06~22.06,2021,DUO302,황학동,"15,700",중구,6,0,8,22.52,,,819,11140,8
93,,2014,,21.07~23.07,2021,DUO302,황학동,"15,000",중구,6,0,9,23.06,,,819,11140,7
94,,2018,신규,21.07~23.07,2021,청계리버팰리스B,황학동,"22,000",중구,6,0,12,35.48,,,2015,11140,3
95,,2019,,21.07~23.07,2021,테인트리즈,황학동,"26,700",중구,6,0,14,38.41,,,1087,11140,6
96,,2004,신규,21.06~22.06,2021,올리브1,황학동,500,중구,6,65,15,25.05,,,808,11140,15
97,,2014,,21.08~23.08,2021,DUO302,황학동,"17,000",중구,6,0,16,22.52,,,819,11140,4
98,,2013,신규,21.07~22.07,2021,한양 I-Class,황학동,"1,000",중구,6,58,16,19.05,,,787,11140,9
99,,2014,,21.07~22.02,2021,DUO302,황학동,"16,000",중구,6,0,16,22.52,,,819,11140,16
100,,2004,신규,21.06~22.06,2021,올리브1,황학동,"2,000",중구,6,50,17,25.05,,,808,11140,9
101,,2015,,21.06~22.06,2021,골드캐슬Ⅱ,황학동,"1,000",중구,6,90,17,38.44,,,1758,11140,4
102,,2003,신규,21.07~22.07,2021,중앙시티빌,황학동,700,중구,6,58,17,25,,,805,11140,3
103,,2013,신규,21.08~23.08,2021,블루카운티,황학동,"26,000",중구,6,0,18,42.84,,,1519,11140,4
104,,2016,,21.07~22.06,2021,하늘드리움2차,황학동,"5,000",중구,6,70,18,38.31,,,876,11140,6
105,,2018,신규,21.10~23.10,2021,청계 블루카운티,황학동,"42,000",중구,6,0,18,66.86,,,1720,11140,8
106,,2018,신규,21.10~23.10,2021,청계 블루카운티,황학동,"42,000",중구,6,0,19,66.86,,,1720,11140,8
107,,2019,,21.09~23.09,2021,소미골드라인,황학동,"25,000",중구,6,0,19,35.93,,,955,11140,4
108,,2004,신규,21.07~23.07,2021,올리브1,황학동,"12,000",중구,6,0,19,25.05,,,808,11140,9
109,,2013,신규,21.08~22.08,2021,한양 I-Class,황학동,500,중구,6,60,19,19.05,,,787,11140,5
110,,2019,,21.08~23.08,2021,테인트리즈,황학동,"26,700",중구,6,0,19,38.41,,,1087,11140,4
111,,2019,신규,21.06~22.06,2021,OR Plus Loft 오피스텔,황학동,"4,000",중구,6,70,21,23.98,,,1694,11140,9
112,,2019,신규,21.08~22.08,2021,OR Plus Loft 오피스텔,황학동,"2,000",중구,6,70,21,22.63,,,1694,11140,9
113,,2001,,,2021,골든빌,황학동,"11,000",중구,6,0,21,23.52,,,1752,11140,8
114,,2014,신규,21.07~22.07,2021,DUO302,황학동,"3,000",중구,6,55,23,22.52,,,819,11140,7
115,,2019,신규,21.06~22.06,2021,OR Plus Loft 오피스텔,황학동,"2,000",중구,6,85,24,23.98,,,1694,11140,2
116,,2017,신규,21.07~22.06,2021,(2022),황학동,"1,000",중구,6,47,25,19.58,,,2022,11140,11
117,,2014,신규,21.07~22.07,2021,DUO302,황학동,"1,000",중구,6,65,25,22.52,,,819,11140,6
118,,2013,,21.07~23.07,2021,한양 I-Class,황학동,"13,100",중구,6,0,25,19.05,,,787,11140,5
119,,2017,신규,21.10~23.09,2021,(1079),황학동,"30,000",중구,6,0,26,45.56,,,1079,11140,5
120,,2013,신규,21.07~22.06,2021,한양 I-Class,황학동,"1,000",중구,6,60,26,19.05,,,787,11140,12
121,,2013,신규,21.07~23.07,2021,한양 I-Class,황학동,"13,000",중구,6,0,26,19.05,,,787,11140,11
122,,2004,신규,21.07~22.07,2021,올리브1,황학동,"1,000",중구,6,55,28,25.05,,,808,11140,13
123,,2004,신규,21.06~22.06,2021,올리브1,황학동,500,중구,6,55,29,25.05,,,808,11140,7
124,사용,2016,갱신,21.07~22.07,2021,덕수궁롯데캐슬,순화동,"2,000",중구,6,110,9,41.14,"2,000",105,217,11140,5
125,,2016,,,2021,덕수궁롯데캐슬,순화동,"1,000",중구,6,94,21,32.35,,,217,11140,10
126,,2005,신규,21.07~23.07,2021,바비엥-2,의주로1가,"21,500",중구,6,0,19,29.48,,,25-10,11140,9
127,,2005,신규,21.08~23.08,2021,바비엥-2,의주로1가,"22,400",중구,6,0,22,29.23,,,25-10,11140,8
128,,2006,,,2021,브라운스톤서울,중림동,"55,000",중구,6,0,15,62.82,,,355,11140,16
129,,2006,신규,21.07~23.07,2021,브라운스톤서울,중림동,"24,000",중구,6,10,16,30.99,,,355,11140,6
130,,2006,신규,21.10~23.10,2021,브라운스톤서울,중림동,"41,670",중구,6,0,22,62.82,,,355,11140,7
131,,2005,신규,21.06~22.06,2021,서울역 디오빌,만리동1가,"1,000",중구,6,70,3,27.74,,,62-7,11140,4
132,,2005,신규,21.08~23.08,2021,서울역 디오빌,만리동1가,"39,900",중구,6,0,29,56.17,,,62-7,11140,7
133,,2005,갱신,21.07~23.07,2021,서울역 디오빌,만리동1가,"36,750",중구,6,0,30,56.17,"35,000",,62-7,11140,9
134,,2004,,21.07~23.07,2021,KCC 파크타운,만리동2가,"48,000",중구,6,0,8,66.47,,,11-1,11140,11
135,,2004,신규,21.09~23.09,2021,KCC 파크타운,만리동2가,"55,000",중구,6,0,26,66.47,,,11-1,11140,6
136,,2004,신규,21.08~23.08,2021,KCC 파크타운,만리동2가,"6,000",중구,6,50,29,32.02,,,11-1,11140,2
0,,2007,,21.07~22.07,2021,명동 엠퍼스트플레이스,충무로2가,"1,000",중구,7,75,21,18.6,,,48-2,11140,6
1,,2007,,21.08~23.01,2021,명동 엠퍼스트플레이스,충무로2가,"3,000",중구,7,67,27,18.6,,,48-2,11140,10
2,,2016,갱신,,2021,충무로엘크루메트로시티2,충무로5가,"17,000",중구,7,0,1,23.03,"16,000",,36-2,11140,12
3,,2016,신규,21.07~22.07,2021,충무로엘크루메트로시티2,충무로5가,"5,000",중구,7,50,14,23.03,,,36-2,11140,15
4,,2016,갱신,21.08~23.08,2021,충무로엘크루메트로시티2,충무로5가,"18,900",중구,7,0,15,23.03,"18,000",,36-2,11140,15
5,,2016,신규,21.07~22.07,2021,충무로엘크루메트로시티2,충무로5가,"1,000",중구,7,70,24,23.03,,,36-2,11140,19
6,,2021,신규,21.07~22.06,2021,충무로역 스위트엠,묵정동,"1,000",중구,7,80,1,18.47,,,32-5,11140,7
7,,2021,신규,21.07~22.06,2021,충무로역 스위트엠,묵정동,"2,000",중구,7,80,1,18.47,,,32-5,11140,12
8,,2021,신규,21.07~23.07,2021,충무로역 스위트엠,묵정동,"20,000",중구,7,0,2,18.97,,,32-5,11140,6
9,,2021,신규,21.07~22.07,2021,충무로역 스위트엠,묵정동,"1,000",중구,7,87,3,18.47,,,32-5,11140,13
10,,2021,신규,21.07~22.07,2021,충무로역 스위트엠,묵정동,"1,000",중구,7,80,3,18.57,,,32-5,11140,8
11,,2021,신규,21.08~22.08,2021,충무로역 스위트엠,묵정동,"2,000",중구,7,75,9,18.57,,,32-5,11140,8
12,,1999,신규,21.07~22.07,2021,광희동금호트윈 오피스텔,광희동1가,500,중구,7,40,6,19.8,,,89-1,11140,4
13,,1999,신규,21.07~22.07,2021,광희동금호트윈 오피스텔,광희동1가,500,중구,7,45,20,22.14,,,89-1,11140,11
14,,2005,신규,21.08~23.08,2021,성진오피스텔,광희동2가,"7,000",중구,7,10,28,22.8,,,194-1,11140,3
15,,2019,신규,21.09~23.09,2021,동원스위트을지,을지로6가,"25,200",중구,7,0,21,36.98,,,48,11140,3
16,,2019,,21.07~23.07,2021,을지 웰 라이프,을지로4가,"25,725",중구,7,0,2,32.63,,,187-9,11140,6
17,,2020,신규,21.08~23.08,2021,오렌지카운티을지로,오장동,"20,500",중구,7,0,8,21.12,,,145-1,11140,5
18,,2018,신규,21.07~22.07,2021,이지마루 오장,오장동,"2,000",중구,7,55,10,19.89,,,206-34,11140,4
19,,2021,신규,21.07~23.07,2021,오장동 오팰리오,오장동,"17,000",중구,7,0,12,18.12,,,139-7,11140,2
20,,2013,갱신,21.08~22.08,2021,엘크루 메트로시티,충무로3가,"10,000",중구,7,48,12,29.46,"10,000",45,49,11140,7
21,,2013,신규,21.08~22.08,2021,엘크루 메트로시티,충무로3가,"1,000",중구,7,90,30,36.46,,,49,11140,15
22,,2018,,21.08~22.08,2021,제이매크로 타워,저동2가,"18,743",중구,7,0,12,19.35,,,7-2,11140,10
23,,2020,신규,21.07~23.06,2021,(251-73),신당동,"1,000",중구,7,88,1,18.7,,,251-73,11140,4
24,,2016,,,2021,신당역솔하임,신당동,"18,000",중구,7,0,2,18.6,,,140-23,11140,3
25,,2014,,21.07~23.07,2021,신당아르브,신당동,"17,500",중구,7,0,3,21.31,,,160-5,11140,13
26,,2014,,21.07~23.07,2021,신당아르브,신당동,"17,000",중구,7,0,3,21.31,,,160-5,11140,16
27,,2020,신규,21.07~22.07,2021,(251-10),신당동,"1,000",중구,7,100,5,22.29,,,251-10,11140,9
28,,2014,신규,21.07~22.07,2021,신당아르브,신당동,"1,000",중구,7,65,7,21.31,,,160-5,11140,10
29,,2020,신규,21.07~22.07,2021,(251-73),신당동,"1,000",중구,7,85,7,18.7,,,251-73,11140,4
30,,2020,신규,21.07~22.07,2021,(251-10),신당동,"2,000",중구,7,70,9,22.29,,,251-10,11140,11
31,,2021,신규,21.07~23.07,2021,(372-49),신당동,"21,000",중구,7,0,10,20.34,,,372-49,11140,10
32,,2014,신규,21.09~23.09,2021,신당아르브,신당동,"17,500",중구,7,0,13,21.31,,,160-5,11140,13
33,,2021,,,2021,(372-49),신당동,"20,000",중구,7,0,13,20.34,,,372-49,11140,8
34,,2018,신규,21.08~23.08,2021,대현프리몰,신당동,"1,000",중구,7,85,15,27.32,,,421-1,11140,8
35,,2021,,,2021,(372-49),신당동,"1,000",중구,7,80,17,20.34,,,372-49,11140,9
36,,2021,신규,21.07~23.07,2021,(372-49),신당동,"3,000",중구,7,70,19,20.34,,,372-49,11140,5
37,,2020,신규,21.08~22.08,2021,(251-73),신당동,"1,000",중구,7,92,19,18.7,,,251-73,11140,5
38,,2018,,21.07~22.01,2021,아리스타 에스디,신당동,"1,000",중구,7,73,21,18.66,,,160-1,11140,5
39,,2021,신규,21.07~22.07,2021,(372-49),신당동,"5,000",중구,7,60,22,20.34,,,372-49,11140,10
40,,2020,신규,21.07~22.07,2021,(251-73),신당동,"3,000",중구,7,85,24,18.7,,,251-73,11140,5
41,,2018,신규,21.08~23.08,2021,대현프리몰,신당동,"1,000",중구,7,83,26,26.37,,,421-1,11140,7
42,,2004,,21.07~23.03,2021,JK오피스텔,신당동,"9,450",중구,7,0,27,22.13,,,353-22,11140,2
43,,2016,,21.08~22.08,2021,신당역솔하임,신당동,"2,000",중구,7,80,29,26.72,,,140-23,11140,10
44,,2016,,21.07~22.07,2021,리마크빌 동대문,흥인동,"1,000",중구,7,86,1,28.62,,,86,11140,14
45,,2016,신규,21.07~22.07,2021,동대문솔하임,흥인동,"1,000",중구,7,80,5,24.29,,,8,11140,13
46,,2018,신규,21.07~22.08,2021,위더스하임,흥인동,"24,000",중구,7,0,8,24.48,,,142-1,11140,3
47,,2014,신규,21.08~22.08,2021,청계천 두산위브더제니스,흥인동,"1,000",중구,7,130,21,46.23,,,13-1,11140,19
48,,2013,신규,21.08~22.08,2021,(91),흥인동,"1,000",중구,7,50,28,21.88,,,91,11140,5
49,,2019,신규,21.07~22.07,2021,OR Plus Loft 오피스텔,황학동,"2,000",중구,7,80,1,22.63,,,1694,11140,3
50,,2019,신규,21.08~22.08,2021,OR Plus Loft 오피스텔,황학동,"1,000",중구,7,80,1,27.09,,,1694,11140,2
51,,2018,,21.09~23.09,2021,청계 블루카운티,황학동,"44,000",중구,7,0,2,66.86,,,1720,11140,11
52,,2019,,21.08~23.08,2021,테인트리즈,황학동,"26,770",중구,7,0,3,38.07,,,1087,11140,5
53,,2018,,,2021,벨로하우스황학,황학동,"18,000",중구,7,0,3,26.47,,,1565,11140,3
54,,2014,신규,21.07~22.07,2021,DUO302,황학동,"1,000",중구,7,65,4,22.52,,,819,11140,12
55,,2019,신규,21.08~22.08,2021,OR Plus Loft 오피스텔,황학동,"7,000",중구,7,60,5,22.15,,,1694,11140,11
56,,2014,신규,21.07~22.07,2021,DUO302,황학동,"10,000",중구,7,25,6,23.06,,,819,11140,7
57,,2017,신규,21.09~23.09,2021,(1079),황학동,"30,000",중구,7,0,6,46.03,,,1079,11140,5
58,,2017,신규,21.08~22.08,2021,(1079),황학동,"1,000",중구,7,80,6,29.16,,,1079,11140,6
59,,2019,,,2021,MAVL PLACE,황학동,"1,000",중구,7,80,7,28.13,,,1596,11140,16
60,,2014,신규,21.07~22.07,2021,DUO302,황학동,"2,000",중구,7,60,7,22.52,,,819,11140,3
61,,2014,갱신,21.08~22.08,2021,DUO302,황학동,"2,000",중구,7,60,7,23.06,"2,000",60,819,11140,11
62,,2017,,21.07~23.07,2021,(2022),황학동,"27,300",중구,7,0,8,46.68,,,2022,11140,9
63,사용,2019,갱신,21.09~23.09,2021,테인트리즈,황학동,"26,775",중구,7,0,10,37.57,"25,500",,1087,11140,2
64,,2019,신규,21.07~22.07,2021,OR Plus Loft 오피스텔,황학동,"2,000",중구,7,70,13,20.98,,,1694,11140,2
65,,2019,신규,21.07~22.07,2021,OR Plus Loft 오피스텔,황학동,"2,000",중구,7,73,13,20.87,,,1694,11140,10
66,,2017,,,2021,골드캐슬Ⅲ,황학동,"25,700",중구,7,0,14,39.02,,,1743,11140,4
67,,2019,,21.07~22.07,2021,황학동 1931 주거복합 시설,황학동,500,중구,7,66,14,20.1,,,1930,11140,3
68,,2017,신규,21.08~22.08,2021,주건축물제1동,황학동,"2,000",중구,7,100,15,41.58,,,1452,11140,10
69,,2019,신규,21.07~22.07,2021,OR Plus Loft 오피스텔,황학동,"3,000",중구,7,70,15,18.05,,,1694,11140,7
70,,2016,신규,21.07~22.07,2021,하늘드리움2차,황학동,"1,000",중구,7,99,15,38.31,,,876,11140,3
71,,2019,,,2021,소미골드라인,황학동,"23,500",중구,7,0,15,33.58,,,951,11140,7
72,,2020,신규,21.08~23.08,2021,케렌시아청계,황학동,"29,500",중구,7,0,16,29.98,,,1749,11140,4
73,,2019,,21.08~23.08,2021,베네스트,황학동,"22,000",중구,7,0,16,34.89,,,855,11140,10
74,,2015,신규,21.07~22.07,2021,(1546),황학동,"3,500",중구,7,80,16,40.74,,,1546,11140,4
75,,2004,신규,21.08~22.08,2021,신당역올리브2,황학동,"1,000",중구,7,55,17,23.82,,,2484,11140,12
76,,2014,신규,21.08~23.08,2021,DUO302,황학동,"15,000",중구,7,0,17,22.52,,,819,11140,4
77,,2003,신규,21.08~22.08,2021,중앙시티빌,황학동,"2,000",중구,7,50,17,24.5,,,805,11140,8
78,사용,2018,갱신,21.08~23.08,2021,청계 블루카운티,황학동,"19,950",중구,7,0,17,26.19,"19,000",,1720,11140,4
79,,2013,,21.08~22.08,2021,한양 I-Class,황학동,"6,900",중구,7,17,21,19.05,,,787,11140,9
80,,2017,신규,21.07~23.07,2021,(1079),황학동,"1,000",중구,7,110,21,45.56,,,1079,11140,7
81,,2014,신규,21.08~22.08,2021,DUO302,황학동,"2,000",중구,7,60,23,22.52,,,819,11140,13
82,,2019,,21.08~23.08,2021,테인트리즈,황학동,"26,250",중구,7,0,24,38.07,,,1087,11140,4
83,,2020,신규,21.09~23.09,2021,케렌시아청계,황학동,"30,000",중구,7,0,24,29.98,,,1749,11140,7
84,,2014,,21.08~23.08,2021,DUO302,황학동,"16,000",중구,7,0,24,23.06,,,819,11140,16
85,,2015,,21.11~23.11,2021,골드캐슬Ⅰ,황학동,"22,050",중구,7,0,26,40.04,,,1725,11140,2
86,,2017,신규,21.08~23.08,2021,(1079),황학동,"2,000",중구,7,90,27,42.19,,,1079,11140,5
87,,2019,신규,21.10~23.10,2021,테인트리즈,황학동,"26,250",중구,7,0,27,38.26,,,1087,11140,6
88,,2019,,,2021,소미골드라인,황학동,"25,700",중구,7,0,27,36.26,,,951,11140,7
89,,2014,신규,21.08~22.08,2021,DUO302,황학동,"3,000",중구,7,55,27,22.52,,,819,11140,18
90,,2019,,21.07~23.08,2021,테인트리즈,황학동,"27,000",중구,7,0,29,38.26,,,1087,11140,5
91,,2001,신규,21.08~23.08,2021,골든빌,황학동,"2,000",중구,7,40,29,33.27,,,1752,11140,4
92,,2013,신규,21.09~23.09,2021,블루카운티,황학동,"27,000",중구,7,0,29,41.87,,,1519,11140,6
93,,2016,,21.08~23.08,2021,해비치,황학동,"2,000",중구,7,100,30,38.33,,,1834,11140,3
94,,2004,신규,21.08~22.07,2021,신당역올리브2,황학동,"1,000",중구,7,55,30,23.82,,,2484,11140,5
95,,2014,신규,21.08~22.08,2021,DUO302,황학동,"5,000",중구,7,45,30,22.52,,,819,11140,11
96,,2019,,21.11~23.11,2021,소미골드라인,황학동,"25,700",중구,7,0,30,36.31,,,951,11140,7
97,,2016,신규,21.08~23.08,2021,해비치,황학동,"2,000",중구,7,99,30,38.33,,,1834,11140,3
98,,2013,,21.08~22.08,2021,한양 I-Class,황학동,"1,000",중구,7,58,30,19.05,,,787,11140,5
99,사용,2017,갱신,21.08~23.08,2021,주건축물제1동,황학동,"34,500",중구,7,0,31,59.01,"33,000",,1452,11140,7
100,사용,2016,갱신,21.08~23.08,2021,하늘드리움2차,황학동,"24,200",중구,7,0,31,38.31,"23,500",,876,11140,6
101,,2018,신규,21.08~23.08,2021,위너빌(Winnervill),황학동,"28,000",중구,7,0,31,35.08,,,1200,11140,3
102,,2016,신규,,2021,덕수궁롯데캐슬,순화동,"37,000",중구,7,0,16,41.14,,,217,11140,3
103,사용,2016,갱신,21.09~22.09,2021,덕수궁롯데캐슬,순화동,"32,000",중구,7,0,31,32.35,"31,000",,217,11140,12
104,,2005,신규,21.07~22.07,2021,바비엥-2,의주로1가,"9,000",중구,7,50,1,29.48,,,25-10,11140,16
105,,2006,신규,21.07~22.07,2021,브라운스톤서울,중림동,"5,000",중구,7,70,1,30.99,,,355,11140,5
106,,2006,,,2021,브라운스톤서울,중림동,"42,000",중구,7,0,6,62.82,,,355,11140,29
107,,2006,갱신,21.08~23.08,2021,브라운스톤서울,중림동,"42,000",중구,7,0,6,62.82,"40,000",,355,11140,29
108,,2006,신규,21.07~23.07,2021,브라운스톤서울,중림동,"50,000",중구,7,0,7,68.04,,,355,11140,29
109,,2006,신규,21.07~22.11,2021,브라운스톤서울,중림동,"59,850",중구,7,0,13,107.96,,,355,11140,28
110,,2006,신규,21.08~23.08,2021,브라운스톤서울,중림동,"25,000",중구,7,0,22,30.99,,,355,11140,4
111,,2004,신규,21.10~23.10,2021,KCC 파크타운,만리동2가,"14,000",중구,7,27,14,32.02,,,11-1,11140,7
112,,2004,신규,21.08~23.08,2021,KCC 파크타운,만리동2가,"55,000",중구,7,0,17,66.47,,,11-1,11140,9
113,,2004,갱신,21.09~23.09,2021,KCC 파크타운,만리동2가,"45,000",중구,7,0,24,66.47,"36,000",,11-1,11140,13
114,,2004,신규,21.08~23.08,2021,KCC 파크타운,만리동2가,"2,000",중구,7,140,26,66.47,,,11-1,11140,1
0,,2007,,21.08~23.08,2021,명동 엠퍼스트플레이스,충무로2가,"19,000",중구,8,0,4,18.6,,,48-2,11140,11
1,,2007,,21.08~22.08,2021,명동 엠퍼스트플레이스,충무로2가,"5,000",중구,8,133,5,41.41,,,48-2,11140,11
2,,2007,,21.08~22.08,2021,명동 엠퍼스트플레이스,충무로2가,"3,000",중구,8,60,5,18.6,,,48-2,11140,9
3,,2007,,21.08~23.08,2021,명동 엠퍼스트플레이스,충무로2가,"21,000",중구,8,0,6,20.28,,,48-2,11140,9
4,,2007,,21.09~23.08,2021,명동 엠퍼스트플레이스,충무로2가,"21,000",중구,8,0,7,20.28,,,48-2,11140,4
5,,2007,,21.10~23.10,2021,명동 엠퍼스트플레이스,충무로2가,"21,000",중구,8,0,10,20.28,,,48-2,11140,9
6,,2007,,21.09~23.09,2021,명동 엠퍼스트플레이스,충무로2가,"21,000",중구,8,0,11,20.28,,,48-2,11140,9
7,,2007,,21.10~22.10,2021,명동 엠퍼스트플레이스,충무로2가,"22,050",중구,8,0,11,21.52,,,48-2,11140,9
8,,2007,,,2021,명동 엠퍼스트플레이스,충무로2가,"19,950",중구,8,0,11,18.6,,,48-2,11140,13
9,,2007,,21.08~23.09,2021,명동 엠퍼스트플레이스,충무로2가,"19,950",중구,8,0,13,20.28,,,48-2,11140,10
10,,2007,,,2021,명동 엠퍼스트플레이스,충무로2가,"20,000",중구,8,0,13,20.28,,,48-2,11140,4
11,,2007,,21.09~22.09,2021,명동 엠퍼스트플레이스,충무로2가,"5,000",중구,8,55,14,18.6,,,48-2,11140,11
12,,2007,,21.09~23.09,2021,명동 엠퍼스트플레이스,충무로2가,"36,750",중구,8,0,15,41.29,,,48-2,11140,11
13,,2007,,,2021,명동 엠퍼스트플레이스,충무로2가,"48,300",중구,8,0,16,41.29,,,48-2,11140,13
14,,2007,신규,21.10~24.01,2021,명동 엠퍼스트플레이스,충무로2가,"22,000",중구,8,0,16,20.28,,,48-2,11140,10
15,,2007,,21.09~22.04,2021,명동 엠퍼스트플레이스,충무로2가,"1,000",중구,8,80,16,20.28,,,48-2,11140,3
16,,2007,,21.09~22.09,2021,명동 엠퍼스트플레이스,충무로2가,"5,000",중구,8,45,17,18.6,,,48-2,11140,4
17,,2016,신규,21.08~22.08,2021,충무로엘크루메트로시티2,충무로5가,"1,000",중구,8,70,7,23.03,,,36-2,11140,11
18,,2016,,,2021,충무로엘크루메트로시티2,충무로5가,"17,300",중구,8,0,10,23.03,,,36-2,11140,16
19,,2016,신규,21.08~22.08,2021,충무로엘크루메트로시티2,충무로5가,"1,000",중구,8,70,17,23.03,,,36-2,11140,7
20,,2016,신규,21.08~23.02,2021,충무로엘크루메트로시티2,충무로5가,"2,000",중구,8,120,26,37.07,,,36-2,11140,17
21,,2016,신규,21.09~23.09,2021,충무로엘크루메트로시티2,충무로5가,"18,000",중구,8,0,26,23.03,,,36-2,11140,20
22,,2016,신규,21.08~22.08,2021,충무로엘크루메트로시티2,충무로5가,"1,000",중구,8,70,30,23.03,,,36-2,11140,7
23,,2021,신규,21.09~22.09,2021,충무로역 스위트엠,묵정동,"1,000",중구,8,100,25,18.57,,,32-5,11140,13
24,,2021,신규,21.08~22.08,2021,충무로역 스위트엠,묵정동,"1,000",중구,8,80,27,18.97,,,32-5,11140,7
25,,2001,신규,21.09~23.09,2021,(143-2),광희동1가,"1,300",중구,8,100,24,43.68,,,143-2,11140,10
26,,2005,,21.08~23.08,2021,성진오피스텔,광희동2가,"7,000",중구,8,10,4,22.8,,,194-1,11140,4
27,,,신규,21.09~23.09,2021,동원스위트광희,광희동2가,"25,200",중구,8,0,31,35.28,,,47-2,11140,6
28,,2019,,21.08~23.09,2021,을지 웰 라이프,을지로4가,"25,700",중구,8,0,13,29.93,,,187-9,11140,9
29,,2003,,21.08~22.08,2021,정건벨라지오오피스텔,을지로5가,"7,000",중구,8,15,16,21.94,,,20-1,11140,13
30,,2018,신규,21.08~22.08,2021,이지마루 오장,오장동,"2,000",중구,8,100,9,36.04,,,206-34,11140,2
31,,2013,신규,21.09~23.09,2021,엘크루 메트로시티,충무로3가,"23,000",중구,8,0,5,26.27,,,49,11140,7
32,,2013,신규,21.09~23.09,2021,엘크루 메트로시티,충무로3가,"22,000",중구,8,0,16,26.27,,,49,11140,14
33,,2013,신규,21.10~23.10,2021,엘크루 메트로시티,충무로3가,"26,500",중구,8,0,28,36.72,,,49,11140,12
34,,2018,,21.12~22.02,2021,제이매크로 타워,저동2가,"17,850",중구,8,0,10,19.35,,,7-2,11140,5
35,,2018,,21.09~22.09,2021,제이매크로 타워,저동2가,"2,000",중구,8,70,12,19.35,,,7-2,11140,5
36,,2018,,21.09~22.09,2021,제이매크로 타워,저동2가,"1,000",중구,8,73,12,22.47,,,7-2,11140,7
37,,2018,,21.08~23.09,2021,제이매크로 타워,저동2가,"17,500",중구,8,0,13,19.35,,,7-2,11140,14
38,,2018,,21.09~22.09,2021,제이매크로 타워,저동2가,"2,000",중구,8,65,13,19.35,,,7-2,11140,3
39,,2018,,21.08~22.08,2021,제이매크로 타워,저동2가,"18,700",중구,8,0,13,19.35,,,7-2,11140,11
40,,2018,,21.09~22.09,2021,제이매크로 타워,저동2가,"18,900",중구,8,0,14,19.35,,,7-2,11140,9
41,,2018,,21.09~22.09,2021,제이매크로 타워,저동2가,"10,000",중구,8,38,14,19.35,,,7-2,11140,14
42,,2018,,,2021,제이매크로 타워,저동2가,"1,000",중구,8,77,14,22.6,,,7-2,11140,6
43,,2018,,21.10~22.12,2021,제이매크로 타워,저동2가,"14,500",중구,8,10,14,19.35,,,7-2,11140,8
44,,2018,,21.11~23.11,2021,제이매크로 타워,저동2가,"19,950",중구,8,0,15,22.47,,,7-2,11140,9
45,,2018,,21.10~22.10,2021,제이매크로 타워,저동2가,"10,000",중구,8,38,16,22.47,,,7-2,11140,10
46,,2018,,21.09~22.09,2021,제이매크로 타워,저동2가,"1,000",중구,8,77,26,19.35,,,7-2,11140,10
47,,2021,신규,21.08~23.08,2021,(372-49),신당동,"2,000",중구,8,80,3,20.76,,,372-49,11140,7
48,,2018,신규,21.08~22.08,2021,아리스타 에스디,신당동,"2,000",중구,8,75,3,18.66,,,160-1,11140,11
49,,2014,신규,21.08~22.08,2021,신당아르브,신당동,"2,000",중구,8,60,4,21.31,,,160-5,11140,16
50,,2018,신규,21.08~22.08,2021,아리스타 에스디,신당동,"1,000",중구,8,79,4,18.7,,,160-1,11140,12
51,,2016,신규,21.08~22.08,2021,신당역솔하임,신당동,"3,000",중구,8,60,6,18.8,,,140-23,11140,10
52,,2005,신규,21.09~23.09,2021,남산정은스카이,신당동,"1,000",중구,8,85,7,33.05,,,366-126,11140,5
53,,2020,신규,21.08~23.08,2021,(251-73),신당동,"1,000",중구,8,90,7,18.7,,,251-73,11140,5
54,,2016,,,2021,신당역솔하임,신당동,"25,000",중구,8,0,9,26.72,,,140-23,11140,11
55,,2016,신규,21.08~23.08,2021,신당역솔하임,신당동,"25,000",중구,8,0,10,26.72,,,140-23,11140,12
56,,2016,갱신,21.08~22.08,2021,신당역솔하임,신당동,"1,000",중구,8,70,13,18.8,"1,000",70,140-23,11140,13
57,,2014,,,2021,신당아르브,신당동,"17,000",중구,8,0,13,21.31,,,160-5,11140,11
58,,2004,,21.09~23.09,2021,JK오피스텔,신당동,"5,200",중구,8,35,16,22.75,,,353-22,11140,4
59,,2014,신규,21.09~23.09,2021,신당아르브,신당동,"17,500",중구,8,0,17,21.31,,,160-5,11140,16
60,,2004,,21.09~23.09,2021,JK오피스텔,신당동,"10,000",중구,8,0,17,22.75,,,353-22,11140,3
61,,2016,,21.09~22.08,2021,신당역솔하임,신당동,"1,000",중구,8,70,23,18.8,,,140-23,11140,12
62,,2018,,,2021,아리스타 에스디,신당동,"1,000",중구,8,70,23,18.7,,,160-1,11140,11
63,,2018,,,2021,아리스타 에스디,신당동,"1,000",중구,8,76,26,18.7,,,160-1,11140,9
64,,2016,신규,21.09~22.09,2021,신당역솔하임,신당동,"1,000",중구,8,90,26,26.72,,,140-23,11140,6
65,,2005,신규,21.09~23.09,2021,남산정은스카이,신당동,"10,000",중구,8,40,27,29.93,,,366-126,11140,4
66,,2020,,21.10~23.10,2021,(251-10),신당동,"28,000",중구,8,0,27,22.29,,,251-10,11140,9
67,,2018,갱신,,2021,아리스타 에스디,신당동,"1,000",중구,8,78,28,18.66,"1,000",78,160-1,11140,10
68,,2014,,,2021,신당아르브,신당동,"1,000",중구,8,65,28,21.31,,,160-5,11140,11
69,,2020,,,2021,(251-10),신당동,100,중구,8,40,31,22.29,,,251-10,11140,5
70,,2020,,,2021,(251-10),신당동,100,중구,8,39,31,22.29,,,251-10,11140,4
71,,2020,,,2021,(251-10),신당동,100,중구,8,39,31,22.29,,,251-10,11140,3
72,,2020,,21.08~23.12,2021,(251-10),신당동,100,중구,8,39,31,22.29,,,251-10,11140,2
73,,2020,,,2021,(251-10),신당동,100,중구,8,40,31,22.29,,,251-10,11140,5
74,,2014,신규,21.08~22.08,2021,동대문 와이즈 캐슬,흥인동,"1,000",중구,8,60,7,21.35,,,119,11140,7
75,,2014,신규,21.08~22.08,2021,청계천 두산위브더제니스,흥인동,"1,000",중구,8,110,17,34.61,,,13-1,11140,4
76,,2016,,21.08~22.08,2021,리마크빌 동대문,흥인동,"1,000",중구,8,75,20,24.65,,,86,11140,4
77,,2013,,,2021,(91),흥인동,"3,000",중구,8,30,23,24.85,,,91,11140,9
78,,2013,신규,21.10~23.10,2021,(91),흥인동,"16,000",중구,8,0,24,22.89,,,91,11140,4
79,,2016,,,2021,리마크빌 동대문,흥인동,"1,000",중구,8,78,24,24.65,,,86,11140,20
80,,2013,,,2021,(91),흥인동,"2,000",중구,8,63,25,24.85,,,91,11140,10
81,,2014,신규,21.08~22.08,2021,동대문 와이즈 캐슬,흥인동,"1,000",중구,8,60,26,19.92,,,119,11140,6
82,,2019,,21.09~22.09,2021,유진빌딩,무학동,"1,000",중구,8,60,25,16.05,,,7-1,11140,4
83,,2004,신규,21.08~22.08,2021,올리브1,황학동,500,중구,8,65,2,25.05,,,808,11140,15
84,,2013,,21.08~22.08,2021,한양 I-Class,황학동,"1,000",중구,8,60,3,19.05,,,787,11140,11
85,,2013,신규,21.08~22.08,2021,한양 I-Class,황학동,"1,000",중구,8,60,4,19.05,,,787,11140,7
86,,2013,신규,21.09~22.09,2021,한양 I-Class,황학동,500,중구,8,60,4,19.05,,,787,11140,2
87,,2019,,,2021,소미골드라인,황학동,"25,200",중구,8,0,4,36.36,,,955,11140,4
88,사용,2019,갱신,21.10~23.10,2021,소미골드라인,황학동,"24,570",중구,8,0,4,33.58,"23,400",,951,11140,5
89,,2019,,,2021,소미골드라인,황학동,"25,200",중구,8,0,5,35.67,,,955,11140,3
90,,2014,신규,21.08~22.08,2021,아미인,황학동,"1,000",중구,8,50,5,18.62,,,836,11140,7
91,,2018,,,2021,골드캐슬Ⅳ,황학동,"24,000",중구,8,0,6,41.2,,,1733,11140,6
92,,2019,,,2021,소미골드라인,황학동,"25,700",중구,8,0,6,36.36,,,955,11140,5
93,,2019,,,2021,소미골드라인,황학동,"25,000",중구,8,0,6,35.67,,,955,11140,4
94,,2015,,,2021,(1542),황학동,"24,000",중구,8,0,6,52.1,,,1542,11140,4
95,,2019,,21.09~23.09,2021,소미골드라인,황학동,"25,200",중구,8,0,7,36.31,,,951,11140,4
96,,2013,신규,21.08~22.08,2021,한양 I-Class,황학동,"2,000",중구,8,52,7,19.05,,,787,11140,9
97,,2013,신규,21.09~22.09,2021,한양 I-Class,황학동,"3,000",중구,8,47,9,19.05,,,787,11140,12
98,,2019,,,2021,소미골드라인,황학동,"25,700",중구,8,0,9,36.31,,,951,11140,6
99,,2019,,21.12~23.12,2021,소미골드라인,황학동,"24,600",중구,8,0,9,35.67,,,955,11140,2
100,,2014,,21.09~23.09,2021,DUO302,황학동,"16,538",중구,8,0,10,22.52,,,819,11140,15
101,,2019,,,2021,소미골드라인,황학동,"25,700",중구,8,0,10,36.14,,,955,11140,5
102,,2016,신규,,2021,신당블루카운티,황학동,"1,000",중구,8,85,11,28.58,,,846,11140,3
103,,2019,,21.08~22.08,2021,MAVL PLACE,황학동,"1,000",중구,8,80,11,24.43,,,1596,11140,15
104,,,,21.10~23.10,2021,밸류 에스엘,황학동,"24,000",중구,8,0,12,41.51,,,1496,11140,3
105,,2004,신규,21.08~22.08,2021,올리브1,황학동,500,중구,8,55,12,25.05,,,808,11140,11
106,,2019,,21.08~22.08,2021,황학동 1931 주거복합 시설,황학동,"1,000",중구,8,63,13,20.75,,,1930,11140,2
107,,2014,신규,21.08~23.08,2021,다올 노블리움 B동,황학동,"2,000",중구,8,100,13,48.31,,,1744-1,11140,8
108,,2004,신규,21.08~23.08,2021,신당역올리브2,황학동,500,중구,8,55,13,23.82,,,2484,11140,10
109,,2019,,,2021,소미골드라인,황학동,"24,500",중구,8,0,13,36.26,,,951,11140,5
110,,2021,신규,21.09~23.09,2021,한양립스 이노와이즈,황학동,"18,000",중구,8,0,13,21.72,,,1257,11140,2
111,,2018,,21.11~23.11,2021,청계 블루카운티,황학동,"19,800",중구,8,0,14,25.04,,,1720,11140,3
112,,2017,,21.08~23.08,2021,(2022),황학동,"23,100",중구,8,0,14,41.75,,,2022,11140,8
113,사용,2015,갱신,21.09~23.09,2021,(1542),황학동,"18,900",중구,8,0,14,36.49,"18,000",,1542,11140,5
114,,2019,,21.09~23.09,2021,테인트리즈,황학동,"25,720",중구,8,0,14,38.07,,,1087,11140,3
115,,2014,,21.08~22.08,2021,DUO302,황학동,"2,000",중구,8,60,14,22.52,,,819,11140,2
116,,2019,,,2021,소미골드라인,황학동,"25,000",중구,8,0,16,39.14,,,951,11140,3
117,,2019,신규,21.12~23.12,2021,더큐브II,황학동,"34,650",중구,8,0,17,58.93,,,1448,11140,6
118,사용,2017,갱신,21.10~23.10,2021,더큐브,황학동,"24,150",중구,8,0,17,33.75,"23,000",,893,11140,4
119,,2017,갱신,21.09~23.08,2021,주건축물제1동,황학동,"34,500",중구,8,0,17,59.01,"33,000",,1452,11140,9
120,,2019,,,2021,소미골드라인,황학동,"25,700",중구,8,0,17,35.93,,,955,11140,6
121,,2004,신규,21.10~23.10,2021,신당역올리브2,황학동,"1,000",중구,8,55,20,23.82,,,2484,11140,13
122,,2019,신규,21.09~22.09,2021,OR Plus Loft 오피스텔,황학동,"4,000",중구,8,60,21,20.98,,,1694,11140,6
123,,2003,신규,21.09~22.09,2021,중앙시티빌,황학동,"2,000",중구,8,50,23,25.5,,,805,11140,3
124,,2013,신규,21.08~22.08,2021,한양 I-Class,황학동,500,중구,8,60,23,19.05,,,787,11140,2
125,,2021,신규,21.09~23.09,2021,한양립스 이노와이즈,황학동,"18,000",중구,8,0,24,18.56,,,1257,11140,5
126,,2014,신규,21.08~23.08,2021,DUO302,황학동,"1,000",중구,8,65,25,22.52,,,819,11140,7
127,,2019,,,2021,소미골드라인,황학동,"25,700",중구,8,0,25,35.93,,,955,11140,5
128,,2004,신규,21.08~22.06,2021,올리브1,황학동,500,중구,8,65,26,25.05,,,808,11140,15
129,,2020,신규,21.10~23.10,2021,케렌시아청계,황학동,"30,500",중구,8,0,26,29.98,,,1749,11140,5
130,,2004,신규,21.08~22.08,2021,신당역올리브2,황학동,"1,000",중구,8,65,27,23.82,,,2484,11140,3
131,,2021,,21.09~23.09,2021,한양립스 이노와이즈,황학동,"20,000",중구,8,0,27,21.72,,,1257,11140,11
132,,2021,신규,21.09~23.09,2021,한양립스 이노와이즈,황학동,"18,000",중구,8,0,28,21.72,,,1257,11140,7
133,,2004,신규,21.08~22.08,2021,신당역올리브2,황학동,"1,000",중구,8,55,28,23.82,,,2484,11140,14
134,,2004,신규,21.09~23.09,2021,올리브1,황학동,"5,000",중구,8,35,28,25.05,,,808,11140,9
135,,2004,신규,21.09~22.09,2021,올리브1,황학동,500,중구,8,65,28,25.05,,,808,11140,4
136,,2014,,21.10~23.10,2021,아미인,황학동,"13,500",중구,8,0,28,18.41,,,836,11140,3
137,,2019,,,2021,소미골드라인,황학동,"25,700",중구,8,0,28,39.14,,,951,11140,5
138,,2021,신규,21.09~23.09,2021,한양립스 이노와이즈,황학동,"18,000",중구,8,0,30,21.72,,,1257,11140,8
139,,2005,신규,21.08~23.08,2021,바비엥-2,의주로1가,"46,000",중구,8,0,6,80.31,,,25-10,11140,11
140,,2005,신규,21.09~22.09,2021,바비엥-2,의주로1가,"1,000",중구,8,120,16,44.48,,,25-10,11140,12
141,,2006,신규,21.09~22.09,2021,브라운스톤서울,중림동,"2,000",중구,8,150,7,62.82,,,355,11140,21
142,,2006,,21.09~22.09,2021,브라운스톤서울,중림동,"8,000",중구,8,32,14,30.99,,,355,11140,5
143,,2006,신규,21.10~22.10,2021,브라운스톤서울,중림동,"5,000",중구,8,65,19,30.99,,,355,11140,4
144,,2005,,22.04~23.10,2021,서울역 디오빌,만리동1가,"39,900",중구,8,0,14,56.17,,,62-7,11140,6
145,,2005,신규,21.10~23.10,2021,서울역 디오빌,만리동1가,"1,000",중구,8,130,19,56.17,,,62-7,11140,7
0,,2007,,,2021,명동 엠퍼스트플레이스,충무로2가,"1,000",중구,9,80,4,21.52,,,48-2,11140,8
1,,2007,,21.10~22.09,2021,명동 엠퍼스트플레이스,충무로2가,500,중구,9,75,7,18.6,,,48-2,11140,2
2,,1999,신규,21.09~22.09,2021,광희동금호트윈 오피스텔,광희동1가,300,중구,9,50,7,24.84,,,89-1,11140,10
3,,2005,신규,21.10~23.10,2021,성진오피스텔,광희동2가,"7,000",중구,9,10,17,22.8,,,194-1,11140,5
4,,2019,신규,21.10~23.10,2021,동원스위트을지,을지로6가,"24,000",중구,9,0,11,35.22,,,48,11140,6
5,,2021,신규,21.10~23.10,2021,오장동 오팰리오,오장동,"16,200",중구,9,0,10,18.12,,,139-7,11140,2
6,,2020,신규,21.09~22.09,2021,오렌지카운티을지로,오장동,"1,000",중구,9,78,18,21.12,,,145-1,11140,4
7,,2020,신규,21.12~23.12,2021,오렌지카운티을지로,오장동,"22,000",중구,9,0,28,21.12,,,145-1,11140,4
8,,2013,신규,21.09~22.09,2021,엘크루 메트로시티,충무로3가,"1,000",중구,9,70,4,26.78,,,49,11140,15
9,,2013,신규,21.09~22.09,2021,엘크루 메트로시티,충무로3가,"1,000",중구,9,90,7,37.77,,,49,11140,11
10,,2013,신규,21.09~22.09,2021,엘크루 메트로시티,충무로3가,"1,000",중구,9,90,13,29.46,,,49,11140,13
11,,2013,신규,21.10~23.10,2021,엘크루 메트로시티,충무로3가,"23,000",중구,9,0,13,28.94,,,49,11140,16
12,,2013,,21.10~23.10,2021,엘크루 메트로시티,충무로3가,"23,000",중구,9,0,17,28.94,,,49,11140,7
13,,2014,신규,22.04~24.04,2021,신당아르브,신당동,"16,000",중구,9,0,10,21.31,,,160-5,11140,15
14,,2014,신규,21.10~23.10,2021,신당아르브,신당동,"17,500",중구,9,0,11,21.31,,,160-5,11140,9
15,,2021,신규,,2021,(372-49),신당동,"3,000",중구,9,70,13,20.34,,,372-49,11140,5
16,,2018,갱신,21.10~22.10,2021,대현프리몰,신당동,"1,000",중구,9,66,14,18.18,"1,000",64,421-1,11140,7
17,,2018,신규,21.09~22.09,2021,아리스타 에스디,신당동,"1,000",중구,9,74,15,18.66,,,160-1,11140,9
18,,2014,신규,21.09~22.09,2021,신당아르브,신당동,"1,000",중구,9,65,15,21.31,,,160-5,11140,8
19,,2015,,,2021,남산더힐B동,신당동,"3,000",중구,9,82,15,34.71,,,420-23,11140,6
20,,2020,신규,21.10~22.09,2021,(251-10),신당동,"2,000",중구,9,70,16,22.29,,,251-10,11140,9
21,,2020,신규,21.10~22.10,2021,(251-73),신당동,"1,000",중구,9,88,16,18.7,,,251-73,11140,4
22,,2015,,,2021,남산더힐B동,신당동,"24,000",중구,9,0,20,36.7,,,420-23,11140,6
23,,2020,,21.10~23.10,2021,(251-10),신당동,"28,000",중구,9,0,24,22.29,,,251-10,11140,9
24,,2021,신규,21.10~23.10,2021,(372-49),신당동,"4,000",중구,9,65,27,20.34,,,372-49,11140,6
25,,2016,신규,21.10~22.10,2021,신당역솔하임,신당동,"1,000",중구,9,78,28,18.8,,,140-23,11140,7
26,,2018,갱신,21.10~23.10,2021,대현프리몰,신당동,"1,000",중구,9,79,30,26.37,"1,000",78,421-1,11140,4
27,,2013,신규,21.10~22.10,2021,(91),흥인동,500,중구,9,55,3,20.98,,,91,11140,5
28,,2014,,,2021,청계천 두산위브더제니스,흥인동,"27,000",중구,9,0,13,34.61,,,13-1,11140,7
29,,2016,신규,21.10~23.10,2021,동대문솔하임,흥인동,"20,000",중구,9,0,16,24.29,,,8,11140,3
30,,2013,신규,21.09~22.09,2021,(91),흥인동,"1,000",중구,9,65,24,25.01,,,91,11140,6
31,,2016,,,2021,리마크빌 동대문,흥인동,"1,000",중구,9,77,27,24.65,,,86,11140,7
32,,2014,신규,21.11~23.10,2021,청계천 두산위브더제니스,흥인동,"3,000",중구,9,130,27,46.23,,,13-1,11140,13
33,,2018,,,2021,위더스하임,흥인동,"13,000",중구,9,16,27,24.48,,,142-1,11140,6
34,,2014,갱신,21.11~23.11,2021,청계천 두산위브더제니스,흥인동,"55,700",중구,9,200,30,46.23,"50,000",200,13-1,11140,4
35,,2019,,,2021,유진빌딩,무학동,"1,000",중구,9,77,4,18.46,,,7-1,11140,6
36,,2004,신규,21.09~22.09,2021,올리브1,황학동,"1,000",중구,9,55,3,23.73,,,808,11140,5
37,,2021,,21.09~22.09,2021,한양립스 이노와이즈,황학동,"1,000",중구,9,70,3,21.72,,,1257,11140,12
38,,2021,,21.09~22.09,2021,한양립스 이노와이즈,황학동,"5,000",중구,9,47,3,21.72,,,1257,11140,6
39,,2019,,,2021,소미골드라인,황학동,"25,700",중구,9,0,4,36.31,,,951,11140,3
40,,2014,,21.11~23.11,2021,아미인,황학동,"14,000",중구,9,0,4,18.41,,,836,11140,6
41,,2021,,21.09~23.09,2021,한양립스 이노와이즈,황학동,"18,000",중구,9,0,4,21.72,,,1257,11140,5
42,,2021,신규,21.10~23.10,2021,한양립스 이노와이즈,황학동,"1,000",중구,9,70,4,21.72,,,1257,11140,3
43,,2021,신규,21.09~22.09,2021,한양립스 이노와이즈,황학동,"1,000",중구,9,70,4,21.72,,,1257,11140,10
44,,2019,신규,21.09~22.09,2021,MAVL PLACE,황학동,"1,000",중구,9,65,4,22.89,,,1596,11140,10
45,,2019,신규,21.09~22.09,2021,OR Plus Loft 오피스텔,황학동,"5,000",중구,9,135,4,39.04,,,1694,11140,13
46,,2021,,21.10~23.10,2021,한양립스 이노와이즈,황학동,"19,000",중구,9,0,6,21.72,,,1257,11140,8
47,,2014,신규,21.10~22.10,2021,DUO302,황학동,"4,000",중구,9,50,6,22.52,,,819,11140,19
48,,2019,,,2021,소미골드라인,황학동,"25,700",중구,9,0,6,35.93,,,955,11140,5
49,,2020,,,2021,케렌시아청계,황학동,"29,500",중구,9,0,6,29.98,,,1749,11140,4
50,,2021,,21.10~23.10,2021,한양립스 이노와이즈,황학동,"18,000",중구,9,0,6,18.56,,,1257,11140,9
51,,2018,,21.09~23.09,2021,청계 블루카운티,황학동,"22,000",중구,9,0,6,26.19,,,1720,11140,5
52,,2021,,21.10~22.10,2021,한양립스 이노와이즈,황학동,"5,000",중구,9,53,7,21.72,,,1257,11140,11
53,,2013,,21.10~23.10,2021,한양 I-Class,황학동,"12,000",중구,9,0,7,19.05,,,787,11140,3
54,,2021,신규,21.09~22.09,2021,한양립스 이노와이즈,황학동,"2,000",중구,9,110,7,36.07,,,1257,11140,6
55,,2021,신규,21.10~23.10,2021,한양립스 이노와이즈,황학동,"35,000",중구,9,0,7,36.07,,,1257,11140,12
56,,2014,신규,21.10~22.10,2021,DUO302,황학동,"1,000",중구,9,65,8,22.52,,,819,11140,16
57,,2021,,21.09~22.09,2021,한양립스 이노와이즈,황학동,"1,000",중구,9,100,8,30.79,,,1257,11140,11
58,,,,,2021,주건축물제1동,황학동,"15,750",중구,9,0,9,23.61,,,19,11140,4
59,,2021,,21.10~23.09,2021,한양립스 이노와이즈,황학동,"18,000",중구,9,0,9,21.72,,,1257,11140,5
60,,2019,,,2021,소미골드라인,황학동,"25,720",중구,9,0,10,36.14,,,955,11140,4
61,,2004,신규,21.10~22.10,2021,올리브1,황학동,"1,000",중구,9,60,11,25.05,,,808,11140,15
62,,2021,신규,21.10~23.10,2021,메트하임 신당역 오피스텔,황학동,"45,000",중구,9,0,11,46.17,,,1074-2,11140,15
63,,2014,신규,21.09~22.09,2021,DUO302,황학동,"1,000",중구,9,65,11,22.52,,,819,11140,16
64,,2016,,,2021,하늘드리움2차,황학동,"3,000",중구,9,95,16,38.31,,,876,11140,4
65,,2021,신규,21.10~23.10,2021,한양립스 이노와이즈,황학동,"19,000",중구,9,0,16,21.72,,,1257,11140,8
66,,2014,신규,21.10~23.10,2021,DUO302,황학동,"12,000",중구,9,20,16,23.06,,,819,11140,13
67,,2017,갱신,21.09~23.09,2021,주건축물제1동,황학동,"35,000",중구,9,0,16,57.81,"33,000",,1452,11140,11
68,,2003,,,2021,중앙시티빌,황학동,"12,000",중구,9,0,16,25,,,805,11140,13
69,,2014,신규,21.09~23.09,2021,DUO302,황학동,"14,500",중구,9,0,17,22.52,,,819,11140,2
70,,2021,,21.10~23.10,2021,한양립스 이노와이즈,황학동,"26,500",중구,9,0,17,30.79,,,1257,11140,8
71,,2021,,21.10~23.10,2021,한양립스 이노와이즈,황학동,"17,000",중구,9,0,17,18.56,,,1257,11140,12
72,,2021,,21.10~23.10,2021,한양립스 이노와이즈,황학동,"18,000",중구,9,0,18,18.56,,,1257,11140,7
73,사용,2017,갱신,21.12~23.12,2021,(1079),황학동,"29,925",중구,9,0,22,49.99,"28,500",,1079,11140,5
74,,2021,신규,21.10~23.10,2021,한양립스 이노와이즈,황학동,"18,000",중구,9,0,22,21.72,,,1257,11140,9
75,,2021,신규,21.09~22.09,2021,한양립스 이노와이즈,황학동,"2,000",중구,9,65,23,21.72,,,1257,11140,6
76,,2021,신규,21.09~23.09,2021,한양립스 이노와이즈,황학동,"19,000",중구,9,0,23,21.72,,,1257,11140,7
77,,2014,,21.10~22.10,2021,DUO302,황학동,"2,000",중구,9,60,24,22.52,,,819,11140,4
78,,2021,신규,21.10~22.10,2021,한양립스 이노와이즈,황학동,"1,000",중구,9,70,24,21.72,,,1257,11140,9
79,,2021,신규,21.11~23.11,2021,메트하임 신당역 오피스텔,황학동,"38,200",중구,9,0,25,40.47,,,1074-2,11140,9
80,,2021,신규,21.11~23.11,2021,메트하임 신당역 오피스텔,황학동,"38,000",중구,9,0,25,40.47,,,1074-2,11140,11
81,,2004,신규,21.10~22.09,2021,신당역올리브2,황학동,"1,000",중구,9,55,25,23.82,,,2484,11140,6
82,,2021,,,2021,메트하임 신당역 오피스텔,황학동,"2,000",중구,9,75,26,24.19,,,1074-2,11140,14
83,,2021,신규,21.10~23.10,2021,한양립스 이노와이즈,황학동,"19,000",중구,9,0,26,21.72,,,1257,11140,10
84,,2021,신규,21.09~23.09,2021,한양립스 이노와이즈,황학동,"18,000",중구,9,0,26,21.72,,,1257,11140,8
85,,2021,,21.10~23.10,2021,한양립스 이노와이즈,황학동,"19,000",중구,9,0,26,21.72,,,1257,11140,6
86,,2021,,21.10~22.10,2021,한양립스 이노와이즈,황학동,"17,000",중구,9,0,27,18.56,,,1257,11140,8
87,,2017,,,2021,주건축물제1동,황학동,"27,000",중구,9,0,27,41.58,,,1452,11140,7
88,,2021,,21.10~23.10,2021,한양립스 이노와이즈,황학동,"20,000",중구,9,0,27,21.72,,,1257,11140,7
89,,2021,,21.11~23.11,2021,한양립스 이노와이즈,황학동,"18,500",중구,9,0,28,21.72,,,1257,11140,8
90,,2013,신규,21.10~23.10,2021,한양 I-Class,황학동,"12,000",중구,9,0,28,19.05,,,787,11140,6
91,,2014,신규,21.10~22.10,2021,DUO302,황학동,"1,000",중구,9,65,28,22.52,,,819,11140,5
92,,2013,신규,21.10~22.10,2021,한양 I-Class,황학동,"1,000",중구,9,58,28,19.05,,,787,11140,12
93,,2021,,21.10~22.10,2021,한양립스 이노와이즈,황학동,"1,000",중구,9,70,29,21.72,,,1257,11140,5
94,,2021,신규,21.11~23.11,2021,메트하임 신당역 오피스텔,황학동,"35,100",중구,9,0,29,37.44,,,1074-2,11140,9
95,,2004,신규,21.10~22.10,2021,올리브1,황학동,"3,000",중구,9,40,30,25.05,,,808,11140,13
96,,2016,신규,21.09~23.09,2021,덕수궁롯데캐슬,순화동,"10,000",중구,9,90,15,41.14,,,217,11140,10
97,,2003,신규,21.11~23.11,2021,바비엥-1,의주로1가,"45,150",중구,9,0,28,95.39,,,32-2,11140,6
98,사용,2006,갱신,21.10~22.10,2021,브라운스톤서울,중림동,"44,000",중구,9,0,6,62.82,"42,000",,355,11140,5
99,사용,2004,갱신,21.10~23.10,2021,KCC 파크타운,만리동2가,"36,750",중구,9,0,4,66.47,"35,000",,11-1,11140,3
100,,2004,갱신,21.11~23.10,2021,KCC 파크타운,만리동2가,"17,000",중구,9,65,9,66.47,"17,000",60,11-1,11140,10
0,,2007,,,2021,명동 엠퍼스트플레이스,충무로2가,"15,000",중구,10,9,2,18.6,,,48-2,11140,7
1,,2007,,21.11~23.11,2021,명동 엠퍼스트플레이스,충무로2가,"19,950",중구,10,0,9,18.6,,,48-2,11140,7
2,,2007,,21.10~22.10,2021,명동 엠퍼스트플레이스,충무로2가,"4,500",중구,10,55,12,18.6,,,48-2,11140,10
3,,2007,,21.11~23.11,2021,명동 엠퍼스트플레이스,충무로2가,"18,900",중구,10,0,18,18.6,,,48-2,11140,5
4,,2007,,,2021,명동 엠퍼스트플레이스,충무로2가,"3,700",중구,10,69,28,20.84,,,48-2,11140,10
5,,2007,,,2021,명동 엠퍼스트플레이스,충무로2가,"2,000",중구,10,63,30,20.84,,,48-2,11140,7
6,,2007,,,2021,명동 엠퍼스트플레이스,충무로2가,"48,000",중구,10,0,30,41.41,,,48-2,11140,11
7,,2016,신규,21.10~22.09,2021,충무로엘크루메트로시티2,충무로5가,"1,000",중구,10,70,1,23.03,,,36-2,11140,6
8,,2016,신규,21.11~22.11,2021,충무로엘크루메트로시티2,충무로5가,"1,000",중구,10,70,16,23.03,,,36-2,11140,6
9,,1999,신규,21.10~22.12,2021,광희동금호트윈 오피스텔,광희동1가,"7,000",중구,10,8,16,19.8,,,89-1,11140,12
10,,2020,신규,21.11~23.11,2021,남산 오렌지카운티,쌍림동,"18,000",중구,10,20,7,18.49,,,106-14,11140,11
11,,2020,신규,21.11~23.01,2021,남산 오렌지카운티,쌍림동,"1,000",중구,10,78,9,18.49,,,106-14,11140,6
12,,2020,신규,21.10~22.10,2021,남산 오렌지카운티,쌍림동,"3,000",중구,10,60,23,18.49,,,106-14,11140,4
13,,2019,,,2021,동원스위트을지,을지로6가,"24,900",중구,10,0,31,34.01,,,48,11140,3
14,,2019,,,2021,을지 웰 라이프,을지로4가,"27,300",중구,10,0,17,32.63,,,187-9,11140,4
15,,2003,,21.10~23.03,2021,정건벨라지오오피스텔,을지로5가,500,중구,10,50,6,21.94,,,20-1,11140,13
16,,2003,,,2021,정건벨라지오오피스텔,을지로5가,500,중구,10,50,9,21.94,,,20-1,11140,6
17,,2005,,21.10~22.10,2021,대성을지로오피스텔,을지로5가,"1,000",중구,10,60,12,25.49,,,77-2,11140,12
18,,2004,,,2021,삼성골드캐슬,을지로5가,"12,000",중구,10,0,28,20.18,,,273-2,11140,7
19,,2020,신규,21.10~22.01,2021,오렌지카운티을지로,오장동,500,중구,10,60,5,16.32,,,145-1,11140,6
20,,2020,신규,22.01~22.10,2021,오렌지카운티을지로,오장동,"1,000",중구,10,60,5,16.32,,,145-1,11140,6
21,,2018,신규,21.10~23.10,2021,이지마루 오장,오장동,"1,000",중구,10,60,7,19.89,,,206-34,11140,7
22,,2014,신규,21.10~22.10,2021,코발트팰리스,오장동,"1,000",중구,10,65,12,20.36,,,90-24,11140,12
23,사용,2014,갱신,21.11~23.11,2021,코발트팰리스,오장동,"23,100",중구,10,0,19,39.35,"22,500",,90-24,11140,13
24,,2014,,,2021,코발트팰리스,오장동,"12,900",중구,10,0,26,20.07,,,90-24,11140,12
25,,2013,신규,21.10~23.10,2021,엘크루 메트로시티,충무로3가,"25,000",중구,10,0,1,29.46,,,49,11140,18
26,,2013,신규,21.10~23.10,2021,엘크루 메트로시티,충무로3가,"10,000",중구,10,50,1,29.46,,,49,11140,9
27,,2013,신규,21.10~23.05,2021,엘크루 메트로시티,충무로3가,"1,000",중구,10,80,12,26.65,,,49,11140,9
28,,2013,신규,21.11~23.11,2021,엘크루 메트로시티,충무로3가,"25,000",중구,10,0,24,36.72,,,49,11140,9
29,,2013,신규,21.12~23.12,2021,엘크루 메트로시티,충무로3가,"23,000",중구,10,0,30,26.78,,,49,11140,16
30,,2018,,,2021,제이매크로 타워,저동2가,"18,900",중구,10,0,8,19.35,,,7-2,11140,13
31,,2018,,,2021,제이매크로 타워,저동2가,"2,000",중구,10,73,15,22.47,,,7-2,11140,12
32,,2006,신규,21.11~23.11,2021,(340-73),신당동,"18,000",중구,10,0,5,35.6,,,340-73,11140,8
33,,2018,신규,21.10~22.10,2021,아리스타 에스디,신당동,"1,000",중구,10,74,5,18.66,,,160-1,11140,8
34,,2018,,,2021,아리스타 에스디,신당동,"3,000",중구,10,66,6,18.66,,,160-1,11140,3
35,,2014,,21.11~23.11,2021,신당아르브,신당동,"17,000",중구,10,0,16,21.31,,,160-5,11140,15
36,,2020,신규,21.10~22.10,2021,은수빌딩,신당동,"1,000",중구,10,70,18,20.19,,,120-1,11140,3
37,,2021,,21.10~22.10,2021,(372-49),신당동,"3,000",중구,10,75,19,20.76,,,372-49,11140,3
38,,2018,신규,21.11~23.11,2021,대현프리몰,신당동,"1,000",중구,10,70,27,21.37,,,421-1,11140,8
39,,2015,신규,21.11~23.11,2021,남산더힐A동,신당동,"26,000",중구,10,0,30,36.97,,,420-17,11140,6
40,,2003,,,2021,(340-123),신당동,"14,000",중구,10,0,30,20.89,,,340-123,11140,3
41,,2004,,,2021,JK오피스텔,신당동,"11,500",중구,10,0,31,22.13,,,353-22,11140,4
42,,2014,,,2021,청계천 두산위브더제니스,흥인동,"3,000",중구,10,90,4,32.97,,,13-1,11140,29
43,,2014,갱신,21.11~22.11,2021,동대문 와이즈 캐슬,흥인동,"2,000",중구,10,55,5,19.92,"2,000",50,119,11140,4
44,,2016,,,2021,리마크빌 동대문,흥인동,"1,000",중구,10,91,5,30.3,,,86,11140,12
45,,2013,신규,21.10~22.10,2021,(91),흥인동,"1,000",중구,10,60,5,22.33,,,91,11140,11
46,,2014,신규,21.10~22.06,2021,청계천 두산위브더제니스,흥인동,"3,000",중구,10,180,10,59.91,,,13-1,11140,6
47,,2016,,,2021,리마크빌 동대문,흥인동,"1,000",중구,10,79,13,24.65,,,86,11140,18
48,,2014,신규,21.11~23.11,2021,청계천 두산위브더제니스,흥인동,"29,000",중구,10,0,16,35.77,,,13-1,11140,22
49,,2016,,,2021,리마크빌 동대문,흥인동,"1,000",중구,10,74,21,24.65,,,86,11140,8
50,,2013,신규,21.11~22.11,2021,(91),흥인동,"1,000",중구,10,55,26,21.88,,,91,11140,5
51,,2013,신규,21.12~22.12,2021,(91),흥인동,"8,000",중구,10,30,27,21.88,,,91,11140,13
52,,2016,,,2021,리마크빌 동대문,흥인동,"2,000",중구,10,153,27,57.57,,,86,11140,20
53,,2014,신규,21.10~22.12,2021,청계천 두산위브더제니스,흥인동,"3,000",중구,10,90,28,34.61,,,13-1,11140,13
54,,2013,,,2021,(91),흥인동,"17,000",중구,10,0,30,25.01,,,91,11140,4
55,,2021,신규,21.10~22.10,2021,한양립스 이노와이즈,황학동,"1,000",중구,10,70,1,21.72,,,1257,11140,10
56,,2019,,,2021,더큐브II,황학동,"26,250",중구,10,0,1,44.29,,,1448,11140,7
57,,2017,,,2021,골드캐슬Ⅲ,황학동,"2,000",중구,10,100,1,43.17,,,1743,11140,4
58,,2021,,21.10~22.10,2021,한양립스 이노와이즈,황학동,"3,000",중구,10,63,2,21.72,,,1257,11140,6
59,,2021,,,2021,메트하임 신당역 오피스텔,황학동,"19,000",중구,10,0,2,22.31,,,1074-2,11140,5
60,,2003,,,2021,중앙시티빌,황학동,"13,000",중구,10,0,2,31.04,,,805,11140,4
61,,2021,,,2021,메트하임 신당역 오피스텔,황학동,"21,000",중구,10,0,2,22.31,,,1074-2,11140,14
62,,2014,신규,21.10~22.10,2021,DUO302,황학동,"1,000",중구,10,65,2,22.52,,,819,11140,19
63,,2014,,21.11~23.11,2021,아미인,황학동,"16,800",중구,10,0,4,24.15,,,836,11140,5
64,,2021,,21.11~23.11,2021,메트하임 신당역 오피스텔,황학동,"44,000",중구,10,0,4,46.17,,,1074-2,11140,12
65,,2021,,21.10~22.11,2021,한양립스 이노와이즈,황학동,"6,000",중구,10,50,5,21.72,,,1257,11140,6
66,,2021,신규,21.11~23.11,2021,한양립스 이노와이즈,황학동,"20,000",중구,10,0,5,21.72,,,1257,11140,12
67,,2021,신규,21.10~23.10,2021,메트하임 신당역 오피스텔,황학동,"22,500",중구,10,0,5,24.19,,,1074-2,11140,6
68,,2021,신규,21.10~23.10,2021,메트하임 신당역 오피스텔,황학동,"19,500",중구,10,0,5,22.31,,,1074-2,11140,9
69,,2021,,,2021,한양립스 이노와이즈,황학동,"18,500",중구,10,0,6,21.72,,,1257,11140,5
70,,2017,,,2021,골드캐슬Ⅲ,황학동,"26,200",중구,10,0,6,43.17,,,1743,11140,5
71,,2021,,21.10~23.10,2021,한양립스 이노와이즈,황학동,"33,500",중구,10,0,7,36.07,,,1257,11140,7
72,,2021,,21.11~23.11,2021,한양립스 이노와이즈,황학동,"19,000",중구,10,0,7,21.72,,,1257,11140,10
73,,2021,,21.11~23.11,2021,한양립스 이노와이즈,황학동,"18,000",중구,10,0,7,21.72,,,1257,11140,3
74,,2019,,21.11~23.10,2021,MAVL PLACE,황학동,"17,325",중구,10,0,7,24.43,,,1596,11140,9
75,,2021,신규,21.11~23.11,2021,메트하임 신당역 오피스텔,황학동,"34,700",중구,10,0,7,37.44,,,1074-2,11140,6
76,,2021,,21.11~23.11,2021,한양립스 이노와이즈,황학동,"19,500",중구,10,0,8,21.72,,,1257,11140,8
77,,2021,신규,21.10~23.10,2021,한양립스 이노와이즈,황학동,"1,000",중구,10,70,9,21.72,,,1257,11140,3
78,,2014,신규,21.11~23.11,2021,블루카운티Ⅱ,황학동,"29,000",중구,10,0,9,49.43,,,1628,11140,6
79,,2021,,21.10~22.10,2021,한양립스 이노와이즈,황학동,"1,000",중구,10,65,9,18.56,,,1257,11140,10
80,,2021,,21.10~22.10,2021,한양립스 이노와이즈,황학동,"1,000",중구,10,67,9,18.56,,,1257,11140,11
81,,2021,신규,21.10~23.10,2021,한양립스 이노와이즈,황학동,"19,000",중구,10,0,11,21.72,,,1257,11140,12
82,,2016,신규,21.10~23.10,2021,하늘드리움2차,황학동,"2,000",중구,10,98,11,38.31,,,876,11140,2
83,,2021,신규,21.11~23.11,2021,메트하임 신당역 오피스텔,황학동,"21,000",중구,10,0,11,22.31,,,1074-2,11140,17
84,,2019,,,2021,소미골드라인,황학동,"25,200",중구,10,0,11,36.14,,,955,11140,3
85,,2021,,21.11~23.11,2021,한양립스 이노와이즈,황학동,"19,000",중구,10,0,12,21.72,,,1257,11140,9
86,,2016,,,2021,하늘드리움2차,황학동,"1,000",중구,10,105,12,38.31,,,876,11140,4
87,,2021,신규,21.11~23.11,2021,메트하임 신당역 오피스텔,황학동,"20,000",중구,10,0,12,22.31,,,1074-2,11140,5
88,,2021,신규,21.11~23.11,2021,메트하임 신당역 오피스텔,황학동,"21,000",중구,10,0,12,22.31,,,1074-2,11140,17
89,,2019,,,2021,더큐브II,황학동,"34,000",중구,10,4,12,58.93,,,1448,11140,5
90,,2019,,,2021,더큐브II,황학동,"34,000",중구,10,4,12,58.93,,,1448,11140,5
91,,2021,신규,21.11~23.11,2021,메트하임 신당역 오피스텔,황학동,"21,000",중구,10,0,12,22.31,,,1074-2,11140,15
92,,2021,신규,21.11~23.11,2021,메트하임 신당역 오피스텔,황학동,"18,700",중구,10,0,12,22.31,,,1074-2,11140,4
93,,2013,신규,21.10~23.10,2021,한양 I-Class,황학동,"13,000",중구,10,0,13,19.05,,,787,11140,10
94,,2021,신규,21.11~23.11,2021,메트하임 신당역 오피스텔,황학동,"38,200",중구,10,0,13,40.47,,,1074-2,11140,13
95,,2021,신규,21.10~23.10,2021,한양립스 이노와이즈,황학동,"1,000",중구,10,60,13,18.56,,,1257,11140,3
96,,2017,갱신,21.10~23.10,2021,(1079),황학동,"28,300",중구,10,0,14,45.56,"27,000",,1079,11140,4
97,,2021,,21.11~23.11,2021,한양립스 이노와이즈,황학동,"19,000",중구,10,0,14,21.72,,,1257,11140,9
98,,2021,,21.11~23.11,2021,한양립스 이노와이즈,황학동,"16,000",중구,10,0,14,18.56,,,1257,11140,4
99,,2021,신규,21.11~23.11,2021,메트하임 신당역 오피스텔,황학동,"23,000",중구,10,0,14,24.19,,,1074-2,11140,5
100,,2021,신규,21.11~23.11,2021,메트하임 신당역 오피스텔,황학동,"18,000",중구,10,0,15,22.31,,,1074-2,11140,4
101,,2021,신규,21.10~23.10,2021,한양립스 이노와이즈,황학동,"16,500",중구,10,0,15,18.56,,,1257,11140,11
102,,2021,신규,21.11~23.11,2021,한양립스 이노와이즈,황학동,"33,000",중구,10,0,15,36.07,,,1257,11140,8
103,,2015,신규,21.12~23.12,2021,골드캐슬Ⅰ,황학동,"22,500",중구,10,0,15,40.61,,,1725,11140,3
104,,2021,,21.10~22.10,2021,한양립스 이노와이즈,황학동,"1,000",중구,10,65,15,21.72,,,1257,11140,2
105,,2021,신규,21.11~23.11,2021,메트하임 신당역 오피스텔,황학동,"32,000",중구,10,0,15,37.44,,,1074-2,11140,12
106,,2014,신규,21.11~23.11,2021,DUO302,황학동,"17,000",중구,10,0,16,22.52,,,819,11140,7
107,,2021,,,2021,메트하임 신당역 오피스텔,황학동,"41,000",중구,10,0,16,46.17,,,1074-2,11140,8
108,,2021,,,2021,한양립스 이노와이즈,황학동,"3,000",중구,10,60,16,18.56,,,1257,11140,6
109,,2021,,,2021,한양립스 이노와이즈,황학동,"5,000",중구,10,35,16,18.56,,,1257,11140,3
110,사용,2016,갱신,21.10~22.10,2021,하늘드리움2차,황학동,"3,000",중구,10,92,18,38.32,"3,000",92,876,11140,5
111,,2021,신규,21.11~22.11,2021,한양립스 이노와이즈,황학동,"17,000",중구,10,0,18,21.72,,,1257,11140,2
112,,2021,신규,21.10~23.10,2021,한양립스 이노와이즈,황학동,"35,000",중구,10,0,19,36.07,,,1257,11140,6
113,,2019,,,2021,소미골드라인,황학동,"25,000",중구,10,0,19,36.26,,,951,11140,2
114,,2021,신규,21.12~23.12,2021,다베로,황학동,"44,500",중구,10,0,19,45.84,,,970,11140,9
115,,2021,신규,21.11~23.11,2021,메트하임 신당역 오피스텔,황학동,"38,200",중구,10,0,19,40.47,,,1074-2,11140,18
116,,2018,,21.11~23.11,2021,벨로하우스황학,황학동,"22,000",중구,10,0,20,34.9,,,1565,11140,5
117,,2021,신규,21.11~22.11,2021,한양립스 이노와이즈,황학동,"1,500",중구,10,110,22,36.07,,,1257,11140,2
118,,2017,,,2021,(1079),황학동,"3,000",중구,10,70,22,29.16,,,1079,11140,5
119,,2014,신규,21.11~23.11,2021,DUO302,황학동,"15,000",중구,10,0,22,22.52,,,819,11140,5
120,,2019,,,2021,더큐브II,황학동,"13,000",중구,10,33,22,44.29,,,1448,11140,5
121,,2021,,21.10~23.10,2021,한양립스 이노와이즈,황학동,"17,000",중구,10,0,22,21.72,,,1257,11140,5
122,,2021,,,2021,한양립스 이노와이즈,황학동,"30,000",중구,10,0,23,36.07,,,1257,11140,2
123,,2014,신규,21.11~22.11,2021,DUO302,황학동,"3,000",중구,10,55,23,23.06,,,819,11140,8
124,,2014,신규,21.12~22.12,2021,DUO302,황학동,"2,000",중구,10,60,24,22.52,,,819,11140,18
125,,2014,신규,21.12~22.12,2021,DUO302,황학동,"2,000",중구,10,60,24,23.06,,,819,11140,18
126,,2021,,,2021,메트하임 신당역 오피스텔,황학동,"34,700",중구,10,0,25,37.44,,,1074-2,11140,6
127,,2021,,,2021,한양립스 이노와이즈,황학동,"3,000",중구,10,60,26,21.72,,,1257,11140,3
128,,2019,,,2021,소미골드라인,황학동,"24,675",중구,10,0,26,33.58,,,951,11140,6
129,,2004,신규,21.11~22.11,2021,신당역올리브2,황학동,"1,000",중구,10,55,26,23.82,,,2484,11140,14
130,,2021,신규,21.11~23.11,2021,한양립스 이노와이즈,황학동,"20,000",중구,10,0,27,21.72,,,1257,11140,7
131,,2014,신규,21.10~22.10,2021,아미인,황학동,500,중구,10,60,27,18.41,,,836,11140,4
132,,2021,,21.11~23.11,2021,한양립스 이노와이즈,황학동,"16,000",중구,10,0,28,18.56,,,1257,11140,12
133,,2019,신규,21.10~22.10,2021,OR Plus Loft 오피스텔,황학동,"3,000",중구,10,60,28,20.98,,,1694,11140,8
134,,2021,신규,21.10~22.10,2021,한양립스 이노와이즈,황학동,"1,000",중구,10,75,29,21.72,,,1257,11140,11
135,,2021,신규,21.11~23.11,2021,한양립스 이노와이즈,황학동,"19,500",중구,10,0,30,21.72,,,1257,11140,12
136,,2021,,,2021,메트하임 신당역 오피스텔,황학동,"21,500",중구,10,0,31,22.31,,,1074-2,11140,12
137,,2021,,,2021,메트하임 신당역 오피스텔,황학동,"21,300",중구,10,0,31,22.31,,,1074-2,11140,10
138,,2021,,,2021,메트하임 신당역 오피스텔,황학동,"21,500",중구,10,0,31,22.31,,,1074-2,11140,12
139,사용,2016,갱신,21.11~22.11,2021,덕수궁롯데캐슬,순화동,"10,000",중구,10,59,16,36.15,"10,000",56,217,11140,3
140,,2005,신규,21.11~22.11,2021,바비엥-2,의주로1가,"25,200",중구,10,0,6,40.22,,,25-10,11140,5
141,,2006,신규,21.10~22.10,2021,브라운스톤서울,중림동,"2,000",중구,10,183,13,62.82,,,355,11140,39
142,사용,2006,갱신,21.10~23.10,2021,브라운스톤서울,중림동,"63,000",중구,10,0,22,113.2,"60,000",,355,11140,13
143,,2005,신규,21.10~23.10,2021,서울역 디오빌,만리동1가,"7,500",중구,10,35,2,27.74,,,62-7,11140,4
144,,2005,신규,21.11~23.11,2021,서울역 디오빌,만리동1가,"45,000",중구,10,0,11,56.17,,,62-7,11140,5
145,,2004,신규,21.11~23.11,2021,KCC 파크타운,만리동2가,"29,500",중구,10,0,1,32.02,,,11-1,11140,5
146,,2004,신규,21.10~23.10,2021,KCC 파크타운,만리동2가,"55,000",중구,10,0,8,66.47,,,11-1,11140,14
147,,2004,신규,22.01~24.01,2021,KCC 파크타운,만리동2가,"60,000",중구,10,0,14,66.47,,,11-1,11140,9
148,,2004,신규,21.12~23.12,2021,KCC 파크타운,만리동2가,"57,500",중구,10,0,16,66.47,,,11-1,11140,8
149,,2004,신규,21.10~23.10,2021,KCC 파크타운,만리동2가,"68,500",중구,10,0,20,66.47,,,11-1,11140,11
150,,2004,갱신,21.11~23.11,2021,KCC 파크타운,만리동2가,"35,000",중구,10,0,25,66.47,"30,000",,11-1,11140,1
0,사용,2007,갱신,21.11~23.11,2021,명동 엠퍼스트플레이스,충무로2가,500,중구,11,73,4,18.6,500,70,48-2,11140,3
1,,2007,,,2021,명동 엠퍼스트플레이스,충무로2가,"3,700",중구,11,60,6,18.6,,,48-2,11140,11
2,,2007,,,2021,명동 엠퍼스트플레이스,충무로2가,500,중구,11,70,8,20.28,,,48-2,11140,3
3,,2007,,,2021,명동 엠퍼스트플레이스,충무로2가,"1,000",중구,11,70,14,18.6,,,48-2,11140,11
4,,2007,,,2021,명동 엠퍼스트플레이스,충무로2가,"4,000",중구,11,60,24,18.6,,,48-2,11140,11
5,,2007,,,2021,명동 엠퍼스트플레이스,충무로2가,"3,000",중구,11,65,29,18.6,,,48-2,11140,12
6,,2016,신규,21.12~23.12,2021,충무로엘크루메트로시티2,충무로5가,"17,800",중구,11,0,23,23.03,,,36-2,11140,19
7,,2016,신규,21.11~22.11,2021,충무로엘크루메트로시티2,충무로5가,"1,000",중구,11,70,29,23.03,,,36-2,11140,11
8,,1999,신규,21.12~23.12,2021,광희동금호트윈 오피스텔,광희동1가,"12,000",중구,11,0,1,19.8,,,89-1,11140,5
9,,1999,,,2021,광희동금호트윈 오피스텔,광희동1가,500,중구,11,30,17,19.8,,,89-1,11140,15
10,,2005,신규,21.12~23.12,2021,성진오피스텔,광희동2가,"7,000",중구,11,10,26,22.8,,,194-1,11140,4
11,,2003,신규,22.01~23.01,2021,코업레지던스,을지로6가,500,중구,11,45,23,15.94,,,32,11140,15
12,,2019,신규,22.01~24.01,2021,을지 웰 라이프,을지로4가,"26,200",중구,11,0,24,29.93,,,187-9,11140,5
13,,2003,신규,21.11~22.10,2021,정건벨라지오오피스텔,을지로5가,500,중구,11,50,1,21.94,,,20-1,11140,6
14,,2004,신규,21.12~23.12,2021,삼성골드캐슬,을지로5가,"1,000",중구,11,60,23,24.92,,,273-2,11140,4
15,,2013,,,2021,엘크루 메트로시티,충무로3가,"24,000",중구,11,0,4,28.1,,,49,11140,17
16,,2013,신규,21.11~22.11,2021,엘크루 메트로시티,충무로3가,"2,000",중구,11,80,12,28.94,,,49,11140,17
17,,2013,신규,21.12~22.12,2021,엘크루 메트로시티,충무로3가,"1,000",중구,11,75,14,26.78,,,49,11140,14
18,,2013,신규,21.11~22.11,2021,엘크루 메트로시티,충무로3가,"1,000",중구,11,90,15,28.94,,,49,11140,15
19,,2013,신규,21.12~23.12,2021,엘크루 메트로시티,충무로3가,"5,000",중구,11,50,16,26.78,,,49,11140,12
20,,2013,갱신,21.11~22.11,2021,엘크루 메트로시티,충무로3가,"1,000",중구,11,95,20,28.94,"1,000",90,49,11140,19
21,,2018,,,2021,제이매크로 타워,저동2가,"5,000",중구,11,69,8,24.85,,,7-2,11140,13
22,,2014,신규,21.11~22.11,2021,신당아르브,신당동,"16,000",중구,11,0,2,21.31,,,160-5,11140,17
23,,2014,신규,21.11~22.11,2021,신당아르브,신당동,500,중구,11,68,6,21.31,,,160-5,11140,9
24,,2018,,,2021,아리스타 에스디,신당동,"1,000",중구,11,77,8,18.7,,,160-1,11140,14
25,,2020,,,2021,(251-10),신당동,"4,720",중구,11,16,9,22.29,,,251-10,11140,4
26,,2004,,,2021,JK오피스텔,신당동,"9,950",중구,11,0,11,22.75,,,353-22,11140,3
27,,2018,,,2021,대현프리몰,신당동,"1,000",중구,11,70,14,21.37,,,421-1,11140,8
28,,2020,,,2021,은수빌딩,신당동,"1,000",중구,11,60,17,17.22,,,120-1,11140,3
29,,2014,신규,21.12~22.12,2021,신당아르브,신당동,"3,000",중구,11,55,20,21.31,,,160-5,11140,13
30,,2015,,,2021,남산더힐A동,신당동,"4,500",중구,11,80,23,34.71,,,420-17,11140,7
31,,2016,신규,21.11~22.11,2021,신당역솔하임,신당동,"1,000",중구,11,78,24,20.69,,,140-23,11140,5
32,,2018,갱신,22.01~23.01,2021,대현프리몰,신당동,"1,000",중구,11,68,24,18.18,"1,000",64,421-1,11140,5
33,,2016,,,2021,리마크빌 동대문,흥인동,"1,000",중구,11,78,4,24.65,,,86,11140,14
34,,2014,,,2021,동대문 와이즈 캐슬,흥인동,"1,000",중구,11,60,5,19.92,,,119,11140,6
35,,2014,,,2021,동대문 와이즈 캐슬,흥인동,"1,000",중구,11,60,9,21.35,,,119,11140,3
36,,2014,,,2021,동대문 와이즈 캐슬,흥인동,"14,265",중구,11,2,11,19.92,,,119,11140,3
37,,2013,,,2021,(91),흥인동,"15,000",중구,11,0,12,21.88,,,91,11140,12
38,,2013,신규,21.11~22.11,2021,(91),흥인동,"1,000",중구,11,60,13,22.33,,,91,11140,11
39,,2014,신규,21.11~22.11,2021,청계천 두산위브더제니스,흥인동,"2,000",중구,11,120,15,40.89,,,13-1,11140,4
40,,2016,,,2021,리마크빌 동대문,흥인동,"1,000",중구,11,76,16,24.65,,,86,11140,4
41,,2014,신규,21.12~23.12,2021,청계천 두산위브더제니스,흥인동,"37,000",중구,11,0,18,46.74,,,13-1,11140,9
42,,2013,신규,21.11~22.11,2021,(91),흥인동,"2,000",중구,11,60,25,24.35,,,91,11140,7
43,,2016,,,2021,동대문솔하임,흥인동,"3,000",중구,11,70,27,25,,,8,11140,4
44,,2013,,,2021,(91),흥인동,"15,000",중구,11,0,27,20.09,,,91,11140,9
45,,2013,신규,21.11~22.11,2021,(91),흥인동,"1,000",중구,11,60,28,21.88,,,91,11140,10
46,,2013,신규,21.12~22.12,2021,(91),흥인동,"2,000",중구,11,60,29,24.35,,,91,11140,13
47,,2019,신규,21.11~22.11,2021,OR Plus Loft 오피스텔,황학동,"3,000",중구,11,70,1,18.05,,,1694,11140,2
48,사용,,갱신,21.12~22.11,2021,밸류 에스엘,황학동,"2,000",중구,11,100,2,42.7,"2,000",100,1496,11140,6
49,,2015,신규,21.12~23.12,2021,(1542),황학동,"3,000",중구,11,110,3,52.1,,,1542,11140,6
50,,2021,,,2021,한양립스 이노와이즈,황학동,"8,000",중구,11,30,5,18.56,,,1257,11140,4
51,,2021,신규,21.11~22.11,2021,메트하임 신당역 오피스텔,황학동,"3,000",중구,11,130,5,46.17,,,1074-2,11140,17
52,,2019,,,2021,소미골드라인,황학동,"24,150",중구,11,0,6,33.98,,,955,11140,2
53,,2021,,,2021,메트하임 신당역 오피스텔,황학동,"23,000",중구,11,0,6,24.19,,,1074-2,11140,11
54,,2021,신규,21.11~22.09,2021,한양립스 이노와이즈,황학동,"1,000",중구,11,65,6,18.56,,,1257,11140,2
55,,2019,,,2021,MAVL PLACE,황학동,"1,000",중구,11,41,6,24.43,,,1596,11140,11
56,,2019,,,2021,MAVL PLACE,황학동,"1,000",중구,11,41,6,23.01,,,1596,11140,17
57,,2021,신규,21.11~23.11,2021,메트하임 신당역 오피스텔,황학동,"34,000",중구,11,0,6,37.44,,,1074-2,11140,14
58,,2021,,,2021,다베로,황학동,"44,800",중구,11,0,6,45.84,,,970,11140,6
59,사용,2015,갱신,22.01~24.01,2021,(1546),황학동,"23,625",중구,11,0,6,40.07,"22,500",,1546,11140,2
60,,2014,신규,21.11~22.11,2021,DUO302,황학동,"2,000",중구,11,60,6,23.06,,,819,11140,16
61,,2021,신규,21.11~23.11,2021,메트하임 신당역 오피스텔,황학동,"33,000",중구,11,0,6,37.44,,,1074-2,11140,11
62,,2021,,,2021,메트하임 신당역 오피스텔,황학동,"21,000",중구,11,0,7,22.31,,,1074-2,11140,18
63,,2021,신규,21.12~23.12,2021,한양립스 이노와이즈,황학동,"15,500",중구,11,0,7,18.56,,,1257,11140,8
64,,2021,신규,21.12~23.12,2021,다베로,황학동,"33,000",중구,11,0,8,29.64,,,970,11140,11
65,,2019,갱신,21.12~23.12,2021,테인트리즈,황학동,"26,250",중구,11,0,8,38.07,"25,000",,1087,11140,2
66,,,,,2021,주건축물제1동,황학동,"16,500",중구,11,0,9,21.32,,,19,11140,9
67,,2021,신규,21.11~23.11,2021,한양립스 이노와이즈,황학동,"16,000",중구,11,0,9,18.56,,,1257,11140,4
68,,2021,신규,21.12~22.12,2021,메트하임 신당역 오피스텔,황학동,"7,000",중구,11,100,9,37.44,,,1074-2,11140,4
69,,2021,신규,21.11~23.11,2021,한양립스 이노와이즈,황학동,"20,000",중구,11,0,9,21.72,,,1257,11140,11
70,,2013,,,2021,한양 I-Class,황학동,500,중구,11,60,9,19.05,,,787,11140,5
71,,2021,신규,21.12~23.12,2021,한양립스 이노와이즈,황학동,"16,000",중구,11,0,10,18.56,,,1257,11140,6
72,,2021,신규,22.01~24.01,2021,다베로,황학동,"54,500",중구,11,0,10,59.35,,,970,11140,6
73,,2021,신규,21.11~22.11,2021,메트하임 신당역 오피스텔,황학동,"19,800",중구,11,0,10,22.31,,,1074-2,11140,15
74,,2021,신규,21.11~23.11,2021,메트하임 신당역 오피스텔,황학동,"21,000",중구,11,0,11,22.31,,,1074-2,11140,16
75,,2017,,,2021,(1079),황학동,"30,450",중구,11,0,11,49.99,,,1079,11140,4
76,,2021,,,2021,한양립스 이노와이즈,황학동,"16,250",중구,11,0,11,18.56,,,1257,11140,6
77,,2021,,,2021,한양립스 이노와이즈,황학동,"16,500",중구,11,0,11,18.56,,,1257,11140,4
78,,2013,,,2021,한양 I-Class,황학동,"13,200",중구,11,0,11,19.05,,,787,11140,5
79,,2021,신규,21.11~23.11,2021,다베로,황학동,"45,000",중구,11,0,11,45.84,,,970,11140,10
80,,2018,신규,21.12~23.12,2021,청계 블루카운티,황학동,"44,000",중구,11,0,11,66.86,,,1720,11140,7
81,,2021,신규,21.12~23.12,2021,메트하임 신당역 오피스텔,황학동,"20,000",중구,11,0,11,22.31,,,1074-2,11140,14
82,,2021,신규,21.11~22.11,2021,한양립스 이노와이즈,황학동,"1,000",중구,11,65,12,18.56,,,1257,11140,5
83,,2019,,,2021,소미골드라인,황학동,"25,200",중구,11,0,12,35.93,,,955,11140,2
84,,2014,신규,21.12~22.12,2021,DUO302,황학동,"2,000",중구,11,60,12,22.52,,,819,11140,13
85,,2021,신규,21.11~23.11,2021,한양립스 이노와이즈,황학동,"16,000",중구,11,0,12,18.56,,,1257,11140,8
86,,2021,,,2021,한양립스 이노와이즈,황학동,"20,000",중구,11,0,12,21.72,,,1257,11140,7
87,,2013,신규,21.11~22.11,2021,한양 I-Class,황학동,500,중구,11,60,13,19.05,,,787,11140,2
88,,2004,신규,21.11~22.11,2021,올리브1,황학동,"3,000",중구,11,40,13,25.05,,,808,11140,13
89,사용,2015,갱신,21.11~23.11,2021,골드캐슬Ⅰ,황학동,"10,500",중구,11,0,13,17.71,"10,000",,1725,11140,5
90,,2021,신규,21.11~23.11,2021,메트하임 신당역 오피스텔,황학동,"36,000",중구,11,0,13,40.47,,,1074-2,11140,8
91,,2021,,21.12~23.12,2021,한양립스 이노와이즈,황학동,"10,000",중구,11,30,13,18.56,,,1257,11140,9
92,,2021,신규,21.12~23.12,2021,메트하임 신당역 오피스텔,황학동,"33,600",중구,11,0,14,37.44,,,1074-2,11140,16
93,,2021,,,2021,다베로,황학동,"35,000",중구,11,0,15,29.64,,,970,11140,9
94,,2021,신규,21.12~23.12,2021,다베로,황학동,"45,000",중구,11,0,17,45.84,,,970,11140,2
95,,2004,신규,21.12~22.12,2021,신당역올리브2,황학동,"1,000",중구,11,55,17,23.82,,,2484,11140,9
96,,2021,,,2021,메트하임 신당역 오피스텔,황학동,"10,000",중구,11,110,17,46.17,,,1074-2,11140,7
97,,2021,,,2021,한양립스 이노와이즈,황학동,"10,000",중구,11,30,17,18.56,,,1257,11140,3
98,,2021,,,2021,한양립스 이노와이즈,황학동,"8,000",중구,11,45,17,21.72,,,1257,11140,3
99,,2021,신규,21.12~23.12,2021,다베로,황학동,"45,000",중구,11,0,18,45.84,,,970,11140,5
100,,2021,신규,21.12~23.12,2021,다베로,황학동,"54,500",중구,11,0,18,59.35,,,970,11140,9
101,,2021,신규,21.11~23.11,2021,다베로,황학동,"54,500",중구,11,0,19,59.35,,,970,11140,8
102,,2013,신규,21.12~23.05,2021,한양 I-Class,황학동,"1,000",중구,11,60,20,19.05,,,787,11140,6
103,,2013,,,2021,한양 I-Class,황학동,"3,000",중구,11,50,20,19.05,,,787,11140,6
104,,2021,,,2021,메트하임 신당역 오피스텔,황학동,"19,500",중구,11,0,20,22.31,,,1074-2,11140,7
105,,2021,,,2021,한양립스 이노와이즈,황학동,"8,000",중구,11,37,20,18.56,,,1257,11140,3
106,,2021,신규,21.12~23.12,2021,다베로,황학동,"33,000",중구,11,0,21,29.64,,,970,11140,10
107,,2015,,,2021,(1542),황학동,"24,000",중구,11,0,22,52.1,,,1542,11140,4
108,,2021,,,2021,다베로,황학동,"56,000",중구,11,0,22,53.85,,,970,11140,11
109,,2021,신규,21.12~23.12,2021,한양립스 이노와이즈,황학동,"16,500",중구,11,0,22,18.56,,,1257,11140,3
110,,2021,신규,21.12~23.12,2021,메트하임 신당역 오피스텔,황학동,"20,000",중구,11,0,22,22.31,,,1074-2,11140,13
111,,2021,신규,21.12~23.12,2021,한양립스 이노와이즈,황학동,"18,000",중구,11,0,23,21.72,,,1257,11140,3
112,,2014,신규,21.12~22.12,2021,DUO302,황학동,"1,000",중구,11,65,23,23.06,,,819,11140,9
113,,2021,,,2021,한양립스 이노와이즈,황학동,"16,500",중구,11,0,23,18.56,,,1257,11140,12
114,,2013,신규,21.12~22.12,2021,한양 I-Class,황학동,"2,000",중구,11,55,24,19.05,,,787,11140,12
115,,2021,신규,22.02~24.02,2021,다베로,황학동,"31,800",중구,11,0,25,27.69,,,970,11140,11
116,,2013,신규,21.12~23.12,2021,한양 I-Class,황학동,"14,500",중구,11,0,25,19.05,,,787,11140,5
117,,2013,신규,21.12~22.12,2021,한양 I-Class,황학동,"1,000",중구,11,60,25,19.05,,,787,11140,4
118,,2021,신규,22.02~24.02,2021,다베로,황학동,"54,500",중구,11,0,25,59.35,,,970,11140,7
119,,2021,신규,21.11~23.11,2021,메트하임 신당역 오피스텔,황학동,"21,000",중구,11,0,25,22.31,,,1074-2,11140,6
120,,2021,신규,21.12~23.12,2021,메트하임 신당역 오피스텔,황학동,"21,000",중구,11,0,25,22.31,,,1074-2,11140,16
121,,2004,,,2021,신당역올리브2,황학동,"1,000",중구,11,55,25,23.82,,,2484,11140,6
122,,2021,신규,21.11~23.11,2021,한양립스 이노와이즈,황학동,"16,000",중구,11,0,26,18.56,,,1257,11140,10
123,,2019,,,2021,황학동 1931 주거복합 시설,황학동,"1,000",중구,11,63,26,20.75,,,1930,11140,2
124,,2021,신규,21.12~23.12,2021,다베로,황학동,"46,000",중구,11,0,27,45.84,,,970,11140,3
125,,2021,신규,21.12~23.12,2021,한양립스 이노와이즈,황학동,"15,000",중구,11,0,27,18.56,,,1257,11140,2
126,,,,,2021,주건축물제1동,황학동,"15,750",중구,11,0,27,21.32,,,19,11140,7
127,,2019,,,2021,청계리버팰리스A,황학동,"1,000",중구,11,60,27,18.14,,,2033,11140,2
128,,2021,,,2021,메트하임 신당역 오피스텔,황학동,"34,500",중구,11,0,27,37.44,,,1074-2,11140,17
129,,2019,신규,22.01~24.01,2021,더큐브II,황학동,"34,650",중구,11,0,27,58.93,,,1448,11140,7
130,,2021,신규,21.12~23.12,2021,다베로,황학동,"45,000",중구,11,0,27,45.84,,,970,11140,4
131,,2017,신규,22.03~24.03,2021,주건축물제1동,황학동,"39,000",중구,11,0,27,59.01,,,1452,11140,5
132,,2014,신규,21.12~23.12,2021,DUO302,황학동,"3,000",중구,11,55,27,23.06,,,819,11140,11
133,,2021,신규,21.12~23.12,2021,한양립스 이노와이즈,황학동,"16,000",중구,11,0,28,18.56,,,1257,11140,2
134,,2017,갱신,22.02~24.02,2021,골드캐슬Ⅲ,황학동,"25,000",중구,11,0,29,39.02,"24,000",,1743,11140,3
135,,2021,신규,21.12~23.12,2021,메트하임 신당역 오피스텔,황학동,"35,300",중구,11,0,29,37.44,,,1074-2,11140,18
136,,2021,신규,21.12~23.12,2021,메트하임 신당역 오피스텔,황학동,"21,500",중구,11,0,29,22.31,,,1074-2,11140,12
137,,2019,,,2021,MAVL PLACE,황학동,"1,000",중구,11,68,29,23.1,,,1596,11140,17
138,,2013,신규,21.12~22.12,2021,한양 I-Class,황학동,"1,000",중구,11,55,30,19.05,,,787,11140,7
139,,2005,신규,21.11~23.11,2021,바비엥-2,의주로1가,"26,000",중구,11,0,11,41.55,,,25-10,11140,5
140,,2006,신규,21.12~23.11,2021,브라운스톤서울,중림동,"55,000",중구,11,0,1,68.04,,,355,11140,10
141,,2006,신규,21.12~23.12,2021,브라운스톤서울,중림동,"25,000",중구,11,0,11,30.99,,,355,11140,4
142,,2005,,22.01~24.01,2021,서울역 디오빌,만리동1가,"45,000",중구,11,0,6,56.17,,,62-7,11140,7
143,사용,2005,갱신,21.12~23.12,2021,서울역 디오빌,만리동1가,"36,750",중구,11,0,16,56.17,"35,000",,62-7,11140,8
144,,2005,신규,22.01~24.02,2021,서울역 디오빌,만리동1가,"39,000",중구,11,50,27,56.17,,,62-7,11140,5
145,,2004,갱신,21.11~23.11,2021,KCC 파크타운,만리동2가,"20,000",중구,11,67,13,66.47,"10,000",85,11-1,11140,8
0,,2007,,,2021,명동 엠퍼스트플레이스,충무로2가,"3,000",중구,12,68,3,20.28,,,48-2,11140,6
1,,2007,,,2021,명동 엠퍼스트플레이스,충무로2가,"1,000",중구,12,70,8,18.6,,,48-2,11140,2
2,,2007,,,2021,명동 엠퍼스트플레이스,충무로2가,"1,000",중구,12,69,9,18.6,,,48-2,11140,4
3,,2007,신규,22.01~23.12,2021,명동 엠퍼스트플레이스,충무로2가,"21,000",중구,12,0,10,18.6,,,48-2,11140,5
4,,2007,신규,21.12~23.12,2021,명동 엠퍼스트플레이스,충무로2가,"21,000",중구,12,0,10,17.59,,,48-2,11140,12
5,,2007,신규,21.12~23.12,2021,명동 엠퍼스트플레이스,충무로2가,"20,000",중구,12,0,11,18.6,,,48-2,11140,3
6,,2007,,,2021,명동 엠퍼스트플레이스,충무로2가,"3,700",중구,12,61,13,18.6,,,48-2,11140,11
7,,2007,,,2021,명동 엠퍼스트플레이스,충무로2가,"1,000",중구,12,66,20,17.59,,,48-2,11140,10
8,,2007,,,2021,명동 엠퍼스트플레이스,충무로2가,"1,000",중구,12,70,23,18.6,,,48-2,11140,6
9,,2007,,,2021,명동 엠퍼스트플레이스,충무로2가,"2,000",중구,12,80,30,20.28,,,48-2,11140,8
10,,2007,,,2021,명동 엠퍼스트플레이스,충무로2가,"19,425",중구,12,0,30,18.6,,,48-2,11140,8
11,,2016,신규,21.12~22.12,2021,충무로엘크루메트로시티2,충무로5가,"1,000",중구,12,70,6,23.03,,,36-2,11140,20
12,,2016,신규,22.01~23.01,2021,충무로엘크루메트로시티2,충무로5가,"5,000",중구,12,55,11,23.03,,,36-2,11140,19
13,,2016,신규,22.02~24.02,2021,충무로엘크루메트로시티2,충무로5가,"18,000",중구,12,0,28,23.03,,,36-2,11140,8
14,,2003,신규,21.12~22.12,2021,스타빌딩,필동1가,"1,000",중구,12,80,21,27.43,,,22-2,11140,6
15,,1999,,,2021,광희동금호트윈 오피스텔,광희동1가,"8,500",중구,12,0,5,19.8,,,89-1,11140,3
16,,1999,,,2021,광희동금호트윈 오피스텔,광희동1가,"8,500",중구,12,0,5,19.8,,,89-1,11140,3
17,,1999,신규,21.12~22.12,2021,광희동금호트윈 오피스텔,광희동1가,500,중구,12,50,8,29.88,,,89-1,11140,10
18,,,갱신,22.02~24.02,2021,동원스위트광희,광희동2가,"25,200",중구,12,0,18,35.55,"24,000",,47-2,11140,8
19,,2020,신규,21.12~22.12,2021,남산 오렌지카운티,쌍림동,"1,000",중구,12,80,9,18.49,,,106-14,11140,11
20,,2020,신규,21.12~22.12,2021,남산 오렌지카운티,쌍림동,"1,000",중구,12,80,14,18.49,,,106-14,11140,5
21,사용,2019,갱신,22.01~24.01,2021,동원스위트을지,을지로6가,"25,200",중구,12,0,2,34.01,"24,000",,48,11140,4
22,,2003,신규,22.01~23.01,2021,정건벨라지오오피스텔,을지로5가,500,중구,12,50,7,21.94,,,20-1,11140,7
23,,2003,,,2021,정건벨라지오오피스텔,을지로5가,500,중구,12,30,17,29.76,,,20-1,11140,7
24,,2005,,,2021,대성을지로오피스텔,을지로5가,500,중구,12,61,27,25.49,,,77-2,11140,3
25,,2020,신규,21.12~22.12,2021,오렌지카운티을지로,오장동,"1,000",중구,12,58,4,16.32,,,145-1,11140,3
26,,2020,,,2021,오렌지카운티을지로,오장동,"16,000",중구,12,0,8,16.32,,,145-1,11140,3
27,,2020,신규,21.12~22.12,2021,오렌지카운티을지로,오장동,500,중구,12,70,16,18.36,,,145-1,11140,5
28,,2013,신규,22.01~23.01,2021,엘크루 메트로시티,충무로3가,"1,000",중구,12,90,17,29.78,,,49,11140,14
29,,2013,,,2021,엘크루 메트로시티,충무로3가,"24,000",중구,12,0,18,28.1,,,49,11140,15
30,,2013,신규,22.01~23.01,2021,엘크루 메트로시티,충무로3가,"1,000",중구,12,80,24,26.27,,,49,11140,13
31,,2013,신규,22.01~24.01,2021,엘크루 메트로시티,충무로3가,"24,000",중구,12,0,28,28.94,,,49,11140,8
32,,2013,신규,22.01~23.01,2021,엘크루 메트로시티,충무로3가,"1,000",중구,12,80,30,26.27,,,49,11140,8
33,,2018,,,2021,제이매크로 타워,저동2가,"3,400",중구,12,67,27,19.35,,,7-2,11140,12
34,,2021,신규,22.01~23.01,2021,(372-49),신당동,"1,000",중구,12,80,1,20.34,,,372-49,11140,4
35,,2018,신규,21.12~22.12,2021,아리스타 에스디,신당동,"1,000",중구,12,73,6,18.66,,,160-1,11140,4
36,,2003,신규,22.01~24.01,2021,(340-123),신당동,"14,000",중구,12,0,7,22.08,,,340-123,11140,4
37,,2003,,,2021,(340-123),신당동,"15,000",중구,12,0,7,19.2,,,340-123,11140,5
38,,2004,신규,21.12~23.12,2021,JK오피스텔,신당동,"7,500",중구,12,10,9,22.13,,,353-22,11140,5
39,,2018,신규,,2021,아리스타 에스디,신당동,"1,000",중구,12,76,10,18.66,,,160-1,11140,12
40,,2018,신규,22.01~24.01,2021,대현프리몰,신당동,"1,000",중구,12,82,10,25.58,,,421-1,11140,7
41,,2018,신규,21.12~23.12,2021,대현프리몰,신당동,"1,000",중구,12,81,16,27.32,,,421-1,11140,3
42,,2020,신규,22.01~23.01,2021,(251-73),신당동,"1,000",중구,12,90,23,18.7,,,251-73,11140,4
43,,2020,신규,22.01~23.01,2021,(251-73),신당동,"1,000",중구,12,85,23,18.7,,,251-73,11140,3
44,,2015,,,2021,남산더힐A동,신당동,"22,000",중구,12,0,23,36.7,,,420-17,11140,6
45,,2016,,,2021,신당역솔하임,신당동,"15,000",중구,12,0,28,18.8,,,140-23,11140,3
46,,2018,,,2021,아리스타 에스디,신당동,"1,000",중구,12,76,31,18.66,,,160-1,11140,14
47,,2014,신규,21.12~23.12,2021,동대문 와이즈 캐슬,흥인동,"14,500",중구,12,0,9,19.92,,,119,11140,6
48,,2014,,,2021,동대문 와이즈 캐슬,흥인동,500,중구,12,63,10,19.92,,,119,11140,4
49,,2013,신규,22.01~24.01,2021,(91),흥인동,"1,000",중구,12,60,13,22.89,,,91,11140,6
50,,2016,,,2021,리마크빌 동대문,흥인동,"1,000",중구,12,75,17,26.68,,,86,11140,6
51,,2014,,,2021,동대문 와이즈 캐슬,흥인동,"1,000",중구,12,60,27,19.92,,,119,11140,7
52,,2019,,,2021,베네스트,황학동,"21,800",중구,12,0,1,34.89,,,855,11140,11
53,,2014,신규,22.01~23.01,2021,DUO302,황학동,"2,000",중구,12,60,2,22.52,,,819,11140,8
54,,2018,신규,22.01~24.01,2021,동광팰리스,황학동,"18,500",중구,12,0,2,29.84,,,1572,11140,5
55,,2021,신규,21.12~23.12,2021,메트하임 신당역 오피스텔,황학동,"20,000",중구,12,0,3,22.31,,,1074-2,11140,13
56,,2021,신규,22.01~24.01,2021,다베로,황학동,"53,000",중구,12,0,4,59.35,,,970,11140,4
57,,2021,신규,21.12~23.12,2021,메트하임 신당역 오피스텔,황학동,"21,000",중구,12,0,4,22.31,,,1074-2,11140,9
58,,2021,신규,21.12~22.12,2021,메트하임 신당역 오피스텔,황학동,"34,000",중구,12,0,4,37.44,,,1074-2,11140,13
59,,2021,,,2021,메트하임 신당역 오피스텔,황학동,"43,100",중구,12,0,4,46.17,,,1074-2,11140,10
60,,2021,신규,21.12~23.12,2021,메트하임 신당역 오피스텔,황학동,"43,400",중구,12,0,4,46.17,,,1074-2,11140,18
61,,2021,,,2021,메트하임 신당역 오피스텔,황학동,"34,800",중구,12,0,4,37.44,,,1074-2,11140,5
62,,2021,신규,21.12~23.12,2021,메트하임 신당역 오피스텔,황학동,"22,000",중구,12,0,4,22.31,,,1074-2,11140,11
63,,2021,신규,21.12~23.12,2021,메트하임 신당역 오피스텔,황학동,"43,400",중구,12,0,4,46.17,,,1074-2,11140,16
64,,2018,신규,21.12~23.12,2021,동광팰리스,황학동,"18,500",중구,12,0,6,29.84,,,1572,11140,6
65,,2015,,,2021,(1546),황학동,"23,600",중구,12,0,7,39.57,,,1546,11140,4
66,,2021,신규,22.01~24.01,2021,한양립스 이노와이즈,황학동,"35,000",중구,12,0,7,36.07,,,1257,11140,3
67,,2013,신규,21.12~23.07,2021,한양 I-Class,황학동,"1,000",중구,12,55,8,19.05,,,787,11140,2
68,,2010,신규,21.12~23.12,2021,황학동 코아루,황학동,"28,000",중구,12,0,8,41.68,,,882,11140,4
69,,2021,신규,22.01~24.01,2021,다베로,황학동,"34,300",중구,12,0,8,29.64,,,970,11140,6
70,,2021,신규,21.12~23.12,2021,메트하임 신당역 오피스텔,황학동,"37,800",중구,12,0,10,40.47,,,1074-2,11140,17
71,,2021,신규,22.01~24.01,2021,메트하임 신당역 오피스텔,황학동,"37,900",중구,12,0,10,40.47,,,1074-2,11140,12
72,,2019,,,2021,더큐브II,황학동,"26,770",중구,12,0,10,44.29,,,1448,11140,6
73,,2021,신규,21.12~23.12,2021,메트하임 신당역 오피스텔,황학동,"43,000",중구,12,0,11,46.17,,,1074-2,11140,11
74,,2021,신규,22.01~24.01,2021,다베로,황학동,"33,900",중구,12,0,11,29.85,,,970,11140,7
75,,2019,,,2021,소미골드라인,황학동,"24,500",중구,12,0,11,35.67,,,955,11140,5
76,,2021,신규,21.12~23.12,2021,메트하임 신당역 오피스텔,황학동,"42,000",중구,12,0,11,46.17,,,1074-2,11140,9
77,,2003,신규,21.12~22.12,2021,중앙시티빌,황학동,"1,000",중구,12,55,13,24.5,,,805,11140,9
78,,2014,,,2021,DUO302,황학동,"1,000",중구,12,65,14,22.52,,,819,11140,7
79,,2019,,,2021,청계리버팰리스A,황학동,"25,700",중구,12,0,15,34.02,,,2033,11140,4
80,,2014,,,2021,DUO302,황학동,"2,000",중구,12,60,15,22.52,,,819,11140,7
81,,2013,신규,22.01~24.01,2021,한양 I-Class,황학동,"2,000",중구,12,55,15,19.05,,,787,11140,11
82,,2018,,,2021,청계리버팰리스B,황학동,"24,150",중구,12,0,15,37.26,,,2015,11140,4
83,,2019,,,2021,청계리버팰리스A,황학동,"25,725",중구,12,0,15,34.02,,,2033,11140,4
84,,,신규,22.02~24.02,2021,주건축물제1동,황학동,"17,000",중구,12,0,17,20.78,,,19,11140,10
85,,,,,2021,주건축물제1동,황학동,"1,000",중구,12,69,17,23.23,,,19,11140,7
86,,2021,신규,22.01~23.01,2021,메트하임 신당역 오피스텔,황학동,"20,000",중구,12,80,17,40.47,,,1074-2,11140,16
87,,2021,신규,22.01~24.01,2021,메트하임 신당역 오피스텔,황학동,"22,000",중구,12,0,17,22.31,,,1074-2,11140,6
88,,2014,,,2021,아미인,황학동,"14,000",중구,12,0,18,18.23,,,836,11140,7
89,,2014,신규,22.01~24.01,2021,DUO302,황학동,"16,500",중구,12,0,18,22.52,,,819,11140,19
90,,2021,신규,22.01~24.01,2021,다베로,황학동,"35,000",중구,12,0,20,29.85,,,970,11140,8
91,,2021,신규,22.01~24.01,2021,다베로,황학동,"35,000",중구,12,0,20,29.64,,,970,11140,5
92,,2004,신규,22.02~24.02,2021,올리브1,황학동,"3,000",중구,12,45,20,25.05,,,808,11140,7
93,,2014,갱신,22.01~23.01,2021,DUO302,황학동,"5,000",중구,12,45,20,23.06,"5,000",45,819,11140,10
94,,2004,신규,21.12~22.12,2021,신당역올리브2,황학동,500,중구,12,60,21,23.82,,,2484,11140,7
95,,2013,,,2021,한양 I-Class,황학동,"12,000",중구,12,0,21,19.05,,,787,11140,4
96,,2021,,,2021,한양립스 이노와이즈,황학동,"19,500",중구,12,0,21,21.72,,,1257,11140,8
97,,2014,신규,22.01~23.01,2021,DUO302,황학동,"1,000",중구,12,65,21,23.06,,,819,11140,3
98,,2013,신규,22.01~24.01,2021,한양 I-Class,황학동,"12,000",중구,12,0,21,19.05,,,787,11140,4
99,,2013,,,2021,한양 I-Class,황학동,"3,000",중구,12,46,21,19.05,,,787,11140,11
100,사용,2013,갱신,21.12~22.12,2021,한양 I-Class,황학동,"1,000",중구,12,60,23,19.05,"1,000",60,787,11140,7
101,,2010,갱신,22.01~24.01,2021,황학동 코아루,황학동,"25,700",중구,12,0,24,48.73,"24,500",,882,11140,7
102,,2013,신규,22.02~24.02,2021,한양 I-Class,황학동,"12,000",중구,12,0,24,19.05,,,787,11140,8
103,,2003,신규,22.01~23.01,2021,중앙시티빌,황학동,"2,000",중구,12,50,27,25.5,,,805,11140,12
104,,2004,신규,22.02~23.02,2021,신당역올리브2,황학동,"1,000",중구,12,60,27,23.82,,,2484,11140,15
105,,2013,신규,22.02~24.02,2021,한양 I-Class,황학동,"13,000",중구,12,0,27,19.05,,,787,11140,6
106,,2003,신규,22.02~24.02,2021,중앙시티빌,황학동,"11,500",중구,12,0,28,25,,,805,11140,4
107,,2016,신규,22.02~24.02,2021,하늘드리움2차,황학동,"25,900",중구,12,0,28,38.32,,,876,11140,6
108,,2013,신규,22.01~23.01,2021,한양 I-Class,황학동,"1,000",중구,12,60,29,19.05,,,787,11140,10
109,,2021,,,2021,한양립스 이노와이즈,황학동,"19,000",중구,12,0,30,21.72,,,1257,11140,6
110,,2021,신규,22.01~24.01,2021,한양립스 이노와이즈,황학동,"22,000",중구,12,0,30,25.31,,,1257,11140,6
111,,2021,신규,22.02~24.02,2021,다베로,황학동,"30,000",중구,12,0,30,27.17,,,970,11140,2
112,,2014,,,2021,아미인,황학동,"14,000",중구,12,0,31,18.23,,,836,11140,7
113,,2003,신규,21.12~24.02,2021,바비엥-1,의주로1가,"58,000",중구,12,0,7,95.39,,,32-2,11140,3
114,사용,2005,갱신,22.01~23.01,2021,바비엥-2,의주로1가,"26,460",중구,12,0,16,40.22,"25,200",,25-10,11140,12
115,사용,2005,갱신,22.02~24.02,2021,바비엥-2,의주로1가,"34,650",중구,12,0,24,67.72,"33,000",,25-10,11140,16
116,,2006,신규,22.01~24.01,2021,브라운스톤서울,중림동,"55,000",중구,12,0,14,68.04,,,355,11140,16
117,,2006,신규,22.01~24.01,2021,브라운스톤서울,중림동,"25,000",중구,12,0,18,30.99,,,355,11140,6
118,,2006,신규,22.01~24.01,2021,브라운스톤서울,중림동,"25,000",중구,12,0,18,30.99,,,355,11140,6
119,,2005,신규,21.12~23.12,2021,서울역 디오빌,만리동1가,"45,000",중구,12,0,3,56.17,,,62-7,11140,6
120,,2005,신규,21.12~22.12,2021,서울역 디오빌,만리동1가,"1,000",중구,12,130,7,56.17,,,62-7,11140,2
121,,2004,신규,21.12~23.12,2021,KCC 파크타운,만리동2가,"1,000",중구,12,160,4,66.47,,,11-1,11140,5
0,,2007,,,2022,명동 엠퍼스트플레이스,충무로2가,"3,700",중구,1,65,3,21.52,,,48-2,11140,6
1,,2007,,,2022,명동 엠퍼스트플레이스,충무로2가,"22,000",중구,1,0,6,20.28,,,48-2,11140,5
2,,2007,,,2022,명동 엠퍼스트플레이스,충무로2가,"3,500",중구,1,62,12,17.59,,,48-2,11140,10
3,,2007,신규,22.02~24.02,2022,명동 엠퍼스트플레이스,충무로2가,"21,000",중구,1,0,16,17.59,,,48-2,11140,12
4,,2007,,,2022,명동 엠퍼스트플레이스,충무로2가,"2,000",중구,1,73,16,18.6,,,48-2,11140,2
5,,2007,신규,22.01~23.01,2022,명동 엠퍼스트플레이스,충무로2가,"10,000",중구,1,40,17,20.28,,,48-2,11140,6
6,,2016,신규,22.01~23.01,2022,충무로엘크루메트로시티2,충무로5가,"2,000",중구,1,65,7,23.03,,,36-2,11140,10
7,,2016,신규,22.01~23.01,2022,충무로엘크루메트로시티2,충무로5가,"1,000",중구,1,70,7,23.03,,,36-2,11140,16
8,,2016,신규,22.01~23.01,2022,충무로엘크루메트로시티2,충무로5가,"3,000",중구,1,55,8,23.03,,,36-2,11140,2
9,,2020,신규,22.03~23.03,2022,이지마루 충무로,충무로5가,"2,000",중구,1,115,14,35.57,,,36-19,11140,4
10,,2021,,,2022,충무로역 스위트엠,묵정동,"20,000",중구,1,0,14,18.97,,,32-5,11140,6
11,,1999,신규,22.01~23.01,2022,광희동금호트윈 오피스텔,광희동1가,500,중구,1,45,14,21.96,,,89-1,11140,4
12,,2020,신규,22.01~24.01,2022,남산 오렌지카운티,쌍림동,"24,000",중구,1,0,5,18.49,,,106-14,11140,9
13,,2005,,,2022,대성을지로오피스텔,을지로5가,"1,000",중구,1,55,20,25.49,,,77-2,11140,4
14,,2005,,,2022,대성을지로오피스텔,을지로5가,"14,700",중구,1,0,25,28.04,,,77-2,11140,12
15,,2003,,,2022,정건벨라지오오피스텔,을지로5가,500,중구,1,55,25,29.25,,,20-1,11140,5
16,,2020,신규,22.01~23.01,2022,오렌지카운티을지로,오장동,"17,500",중구,1,17,6,21.12,,,145-1,11140,3
17,,2013,신규,22.02~24.02,2022,엘크루 메트로시티,충무로3가,"22,000",중구,1,0,6,26.78,,,49,11140,11
18,,2013,신규,22.01~23.01,2022,엘크루 메트로시티,충무로3가,"1,000",중구,1,100,6,36.72,,,49,11140,15
19,,2013,신규,22.01~24.01,2022,엘크루 메트로시티,충무로3가,"30,000",중구,1,0,7,44.55,,,49,11140,7
20,,2013,신규,22.01~23.01,2022,엘크루 메트로시티,충무로3가,"1,000",중구,1,85,25,28.94,,,49,11140,17
21,사용,2013,갱신,22.02~24.02,2022,엘크루 메트로시티,충무로3가,"25,000",중구,1,0,27,28.1,"24,000",,49,11140,19
22,,2013,신규,22.02~24.02,2022,엘크루 메트로시티,충무로3가,"24,000",중구,1,0,27,26.27,,,49,11140,12
23,,2013,신규,22.02~24.02,2022,엘크루 메트로시티,충무로3가,"35,000",중구,1,0,28,44.55,,,49,11140,15
24,,2013,신규,22.04~24.04,2022,엘크루 메트로시티,충무로3가,"24,000",중구,1,0,29,26.78,,,49,11140,14
25,,2018,,,2022,제이매크로 타워,저동2가,"17,850",중구,1,0,10,19.35,,,7-2,11140,5
26,,2018,,,2022,제이매크로 타워,저동2가,"23,100",중구,1,0,15,24.85,,,7-2,11140,12
27,,2018,,,2022,제이매크로 타워,저동2가,"3,400",중구,1,72,21,22.6,,,7-2,11140,5
28,,2014,신규,22.01~24.01,2022,신당아르브,신당동,"17,500",중구,1,0,3,21.31,,,160-5,11140,12
29,,2018,,,2022,아리스타 에스디,신당동,"1,000",중구,1,73,4,18.66,,,160-1,11140,5
30,,2014,신규,22.01~23.01,2022,신당아르브,신당동,500,중구,1,70,4,21.31,,,160-5,11140,13
31,,2016,,,2022,신당역솔하임,신당동,"1,000",중구,1,75,6,18.8,,,140-23,11140,13
32,,2003,,,2022,(340-123),신당동,"15,000",중구,1,0,6,20.1,,,340-123,11140,5
33,,2016,,,2022,신당역솔하임,신당동,"1,000",중구,1,75,6,18.8,,,140-23,11140,4
34,,2018,신규,22.02~24.02,2022,대현프리몰,신당동,"1,000",중구,1,84,12,26.37,,,421-1,11140,6
35,,2021,신규,22.01~24.01,2022,(372-49),신당동,"3,000",중구,1,70,13,20.34,,,372-49,11140,6
36,,2018,신규,22.02~24.02,2022,대현프리몰,신당동,"1,000",중구,1,79,13,26.37,,,421-1,11140,3
37,,2018,갱신,22.02~23.02,2022,아리스타 에스디,신당동,"4,000",중구,1,70,13,18.66,"4,000",66,160-1,11140,9
38,,2018,갱신,22.02~24.02,2022,대현프리몰,신당동,"1,000",중구,1,85,13,27.32,"1,000",82,421-1,11140,5
39,,2016,,,2022,신당역솔하임,신당동,"1,000",중구,1,75,14,18.8,,,140-23,11140,5
40,,2016,,,2022,신당역솔하임,신당동,"16,000",중구,1,11,15,18.8,,,140-23,11140,8
41,,2020,신규,22.02~23.02,2022,(251-73),신당동,"1,000",중구,1,92,15,18.7,,,251-73,11140,6
42,,2021,,,2022,(372-49),신당동,"22,000",중구,1,0,18,20.76,,,372-49,11140,8
43,,2021,신규,22.02~24.02,2022,(372-49),신당동,"24,000",중구,1,0,19,20.76,,,372-49,11140,5
44,,2020,,,2022,은수빌딩,신당동,"1,000",중구,1,75,20,20.19,,,120-1,11140,7
45,,2014,,,2022,신당아르브,신당동,"17,500",중구,1,0,20,21.31,,,160-5,11140,12
46,,2005,,,2022,남산정은스카이,신당동,"10,000",중구,1,24,22,29.93,,,366-126,11140,3
47,,2014,,,2022,신당아르브,신당동,"1,000",중구,1,65,24,21.31,,,160-5,11140,15
48,,2016,갱신,22.03~24.03,2022,신당역솔하임,신당동,"17,000",중구,1,0,25,18.8,"14,700",,140-23,11140,5
49,,2014,,,2022,신당아르브,신당동,"17,500",중구,1,0,26,21.31,,,160-5,11140,9
50,,2016,,,2022,신당역솔하임,신당동,"1,000",중구,1,70,27,20.69,,,140-23,11140,3
51,,2004,,,2022,JK오피스텔,신당동,"9,970",중구,1,0,31,22.75,,,353-22,11140,4
52,,2016,,,2022,리마크빌 동대문,흥인동,"1,000",중구,1,76,3,24.65,,,86,11140,6
53,,2013,신규,22.01~23.01,2022,(91),흥인동,"1,000",중구,1,63,4,24.35,,,91,11140,7
54,,2016,,,2022,리마크빌 동대문,흥인동,"1,000",중구,1,79,7,26.68,,,86,11140,10
55,,2016,신규,22.02~24.02,2022,동대문솔하임,흥인동,"21,000",중구,1,0,8,24.67,,,8,11140,4
56,,2014,,,2022,청계천 두산위브더제니스,흥인동,"34,000",중구,1,0,11,40.89,,,13-1,11140,18
57,,2016,신규,22.01~23.01,2022,동대문솔하임,흥인동,"1,000",중구,1,80,12,25,,,8,11140,4
58,,2016,신규,22.03~24.03,2022,동대문솔하임,흥인동,"25,500",중구,1,0,15,25,,,8,11140,5
59,,2013,신규,22.01~23.01,2022,(91),흥인동,500,중구,1,56,17,21.88,,,91,11140,15
60,,2014,신규,22.03~24.03,2022,동대문 와이즈 캐슬,흥인동,"1,000",중구,1,85,18,28.6,,,119,11140,6
61,,2016,,,2022,리마크빌 동대문,흥인동,"1,000",중구,1,80,24,24.65,,,86,11140,20
62,,2016,,,2022,리마크빌 동대문,흥인동,"1,000",중구,1,85,28,28.62,,,86,11140,6
63,,2014,,,2022,아미인,황학동,"14,000",중구,1,0,1,18.62,,,836,11140,6
64,,2014,,,2022,아미인,황학동,"13,700",중구,1,0,1,18.62,,,836,11140,6
65,,2021,신규,22.02~24.02,2022,다베로,황학동,"30,000",중구,1,0,2,27.17,,,970,11140,3
66,,2017,갱신,22.01~24.01,2022,골드캐슬Ⅲ,황학동,"25,000",중구,1,0,3,39.02,"24,000",,1743,11140,5
67,,2014,갱신,22.02~24.02,2022,아미인,황학동,"14,000",중구,1,0,3,18.41,"13,000",,836,11140,7
68,,2021,,,2022,디아레나청계,황학동,"35,000",중구,1,0,5,36.07,,,1715,11140,10
69,,2021,신규,22.01~24.01,2022,디아레나청계,황학동,"35,000",중구,1,0,5,35.42,,,1715,11140,12
70,,2014,신규,22.01~23.01,2022,DUO302,황학동,500,중구,1,65,5,22.52,,,819,11140,3
71,,2013,신규,22.01~23.01,2022,한양 I-Class,황학동,"1,000",중구,1,60,5,19.05,,,787,11140,5
72,,2013,갱신,22.02~23.02,2022,한양 I-Class,황학동,"2,000",중구,1,50,5,19.05,"2,000",50,787,11140,6
73,,2021,신규,22.01~24.01,2022,디아레나청계,황학동,"34,000",중구,1,0,6,36.11,,,1715,11140,5
74,,2004,신규,22.02~23.02,2022,신당역올리브2,황학동,"2,000",중구,1,50,6,23.82,,,2484,11140,9
75,,2014,신규,22.01~24.01,2022,아미인,황학동,"14,000",중구,1,0,6,18.23,,,836,11140,7
76,,2021,신규,22.03~24.03,2022,디아레나청계,황학동,"35,000",중구,1,0,6,36.11,,,1715,11140,10
77,,2019,,,2022,테인트리즈,황학동,"30,000",중구,1,0,6,38.07,,,1087,11140,6
78,,2021,신규,22.02~24.02,2022,다베로,황학동,"34,000",중구,1,0,6,29.85,,,970,11140,5
79,,2004,신규,22.02~23.02,2022,올리브1,황학동,500,중구,1,65,6,23.73,,,808,11140,3
80,,2021,신규,22.01~24.01,2022,디아레나청계,황학동,"35,400",중구,1,0,7,35.42,,,1715,11140,10
81,,2013,신규,22.03~23.03,2022,한양 I-Class,황학동,"1,000",중구,1,55,8,19.05,,,787,11140,3
82,,2021,신규,22.01~24.02,2022,디아레나청계,황학동,"35,000",중구,1,0,8,36.44,,,1715,11140,9
83,,2014,,,2022,DUO302,황학동,"1,000",중구,1,64,8,22.52,,,819,11140,3
84,,2021,,,2022,다베로,황학동,"34,500",중구,1,0,8,29.85,,,970,11140,4
85,,2014,신규,22.02~24.02,2022,아미인,황학동,"13,000",중구,1,0,8,18.23,,,836,11140,2
86,,2014,신규,22.02~24.02,2022,블루카운티Ⅱ,황학동,"14,200",중구,1,0,8,22.81,,,1628,11140,7
87,,2013,,,2022,한양 I-Class,황학동,"1,000",중구,1,60,8,19.05,,,787,11140,8
88,,2021,신규,22.01~24.01,2022,한양립스 이노와이즈,황학동,"18,000",중구,1,0,10,18.56,,,1257,11140,11
89,,2019,,,2022,MAVL PLACE,황학동,"1,000",중구,1,62,10,22.89,,,1596,11140,8
90,,2021,신규,22.01~24.01,2022,디아레나청계,황학동,"34,700",중구,1,0,10,35.42,,,1715,11140,13
91,,2018,신규,,2022,동광팰리스,황학동,"18,500",중구,1,0,10,29.84,,,1572,11140,5
92,,2021,,,2022,디아레나청계,황학동,"35,000",중구,1,0,10,36.44,,,1715,11140,6
93,,2019,,,2022,테인트리즈,황학동,"27,300",중구,1,0,11,38.26,,,1087,11140,4
94,,2021,,,2022,디아레나청계,황학동,"35,000",중구,1,0,11,36.44,,,1715,11140,13
95,,2021,,,2022,디아레나청계,황학동,"35,000",중구,1,0,11,36.11,,,1715,11140,12
96,,,,,2022,주건축물제1동,황학동,"2,100",중구,1,63,11,23.23,,,19,11140,6
97,,,신규,22.01~22.11,2022,밸류 에스엘,황학동,"2,000",중구,1,100,11,42.7,,,1496,11140,6
98,,2013,,,2022,한양 I-Class,황학동,300,중구,1,57,11,19.05,,,787,11140,4
99,,2021,,,2022,디아레나청계,황학동,"35,000",중구,1,0,12,36.44,,,1715,11140,5
100,,2004,신규,22.01~23.01,2022,신당역올리브2,황학동,500,중구,1,60,12,23.82,,,2484,11140,13
101,,2021,,,2022,한양립스 이노와이즈,황학동,"1,000",중구,1,65,12,21.72,,,1257,11140,2
102,,2004,신규,22.02~23.02,2022,신당역올리브2,황학동,500,중구,1,60,12,23.82,,,2484,11140,14
103,,2021,신규,22.02~24.02,2022,디아레나청계,황학동,"35,000",중구,1,0,13,36.07,,,1715,11140,12
104,,2021,신규,22.02~24.02,2022,디아레나청계,황학동,"35,000",중구,1,0,14,36.44,,,1715,11140,11
105,,2017,,,2022,(1079),황학동,"2,000",중구,1,110,14,46.03,,,1079,11140,8
106,,2013,신규,22.01~23.01,2022,한양 I-Class,황학동,"1,000",중구,1,57,14,19.05,,,787,11140,2
107,,2013,,,2022,한양 I-Class,황학동,"1,000",중구,1,60,15,19.05,,,787,11140,10
108,,2021,신규,22.02~24.02,2022,다베로,황학동,"35,500",중구,1,0,15,29.64,,,970,11140,4
109,,2021,신규,22.01~24.01,2022,디아레나청계,황학동,"33,000",중구,1,0,15,36.07,,,1715,11140,6
110,,2021,신규,22.01~24.01,2022,다베로,황학동,"32,500",중구,1,0,17,27.17,,,970,11140,11
111,,,,,2022,주건축물제1동,황학동,"27,500",중구,1,0,17,41.41,,,19,11140,5
112,,2017,신규,22.03~24.03,2022,주건축물제1동,황학동,"33,600",중구,1,0,17,59.01,,,1452,11140,4
113,,2004,신규,22.01~23.01,2022,올리브1,황학동,"1,000",중구,1,65,18,25.05,,,808,11140,15
114,,2003,신규,22.02~23.02,2022,중앙시티빌,황학동,"1,000",중구,1,60,18,25,,,805,11140,5
115,,2021,,,2022,메트하임 신당역 오피스텔,황학동,"23,300",중구,1,0,18,24.19,,,1074-2,11140,7
116,,2014,신규,22.02~24.02,2022,아미인,황학동,"14,000",중구,1,0,18,18.23,,,836,11140,6
117,,,,,2022,주건축물제1동,황학동,"4,000",중구,1,55,19,23.81,,,19,11140,3
118,,2016,,,2022,하늘드리움2차,황학동,"25,900",중구,1,0,19,38.32,,,876,11140,6
119,,,신규,22.01~23.01,2022,주건축물제1동,황학동,"1,000",중구,1,70,20,23.61,,,19,11140,8
120,,2021,신규,22.02~24.02,2022,디아레나청계,황학동,"35,000",중구,1,0,20,36.11,,,1715,11140,8
121,,2021,신규,22.01~23.01,2022,디아레나청계,황학동,"2,000",중구,1,130,20,36.07,,,1715,11140,8
122,,2019,,,2022,MAVL PLACE,황학동,"1,000",중구,1,62,20,24.43,,,1596,11140,10
123,,2021,,,2022,디아레나청계,황학동,"36,000",중구,1,0,21,36.07,,,1715,11140,9
124,,2018,갱신,22.01~24.01,2022,청계리버팰리스B,황학동,"23,400",중구,1,0,21,37.26,"22,000",,2015,11140,3
125,,2019,,,2022,MAVL PLACE,황학동,"1,000",중구,1,80,21,23.96,,,1596,11140,15
126,,2015,신규,22.02~24.02,2022,(1546),황학동,"22,000",중구,1,0,22,40.74,,,1546,11140,3
127,,2021,,,2022,디아레나청계,황학동,"35,000",중구,1,0,22,36.11,,,1715,11140,9
128,,2021,신규,22.02~23.02,2022,메트하임 신당역 오피스텔,황학동,"20,000",중구,1,80,22,40.47,,,1074-2,11140,14
129,,2016,,,2022,신당블루카운티,황학동,"25,000",중구,1,0,23,28.58,,,846,11140,5
130,,2021,,,2022,다베로,황학동,"34,500",중구,1,0,23,27.69,,,970,11140,10
131,,2017,신규,22.02~24.02,2022,(1079),황학동,"29,000",중구,1,0,23,45.56,,,1079,11140,3
132,,2021,,,2022,한양립스 이노와이즈,황학동,"18,500",중구,1,0,23,18.56,,,1257,11140,8
133,,2021,신규,22.02~24.02,2022,디아레나청계,황학동,"34,000",중구,1,0,25,35.42,,,1715,11140,9
134,,2021,,,2022,디아레나청계,황학동,"35,000",중구,1,0,25,36.11,,,1715,11140,5
135,,2013,신규,22.02~23.02,2022,한양 I-Class,황학동,"3,000",중구,1,50,26,19.05,,,787,11140,10
136,,,신규,22.03~24.03,2022,주건축물제1동,황학동,"15,500",중구,1,0,26,21.32,,,19,11140,2
137,,2021,신규,22.02~24.02,2022,디아레나청계,황학동,"34,500",중구,1,0,27,36.07,,,1715,11140,12
138,,2021,신규,22.02~24.02,2022,디아레나청계,황학동,"35,000",중구,1,0,27,36.44,,,1715,11140,8
139,,2019,,,2022,황학동 1931 주거복합 시설,황학동,"1,000",중구,1,68,28,22.81,,,1930,11140,2
140,,2004,신규,22.02~23.02,2022,올리브1,황학동,500,중구,1,60,29,25.05,,,808,11140,10
141,,2018,,,2022,동광팰리스,황학동,"25,200",중구,1,0,29,35.94,,,1572,11140,2
142,,2005,신규,22.02~23.02,2022,바비엥-2,의주로1가,"1,000",중구,1,120,3,44.48,,,25-10,11140,12
143,,2005,신규,22.01~24.01,2022,바비엥-2,의주로1가,"1,000",중구,1,235,5,78.15,,,25-10,11140,6
144,,2005,신규,22.01~24.01,2022,바비엥-2,의주로1가,"29,000",중구,1,0,6,41.55,,,25-10,11140,13
145,,2005,신규,22.02~24.02,2022,바비엥-2,의주로1가,"30,000",중구,1,0,15,44.48,,,25-10,11140,7
146,,2006,신규,22.03~24.03,2022,브라운스톤서울,중림동,"58,000",중구,1,0,5,68.04,,,355,11140,34
147,사용,2006,갱신,22.02~22.09,2022,브라운스톤서울,중림동,"42,000",중구,1,0,11,62.82,"40,000",,355,11140,4
148,,2006,신규,22.02~23.02,2022,브라운스톤서울,중림동,"5,000",중구,1,170,14,62.82,,,355,11140,14
149,사용,2006,갱신,22.02~24.02,2022,브라운스톤서울,중림동,"23,625",중구,1,0,15,30.99,"22,500",,355,11140,6
150,사용,2006,갱신,22.03~24.03,2022,브라운스톤서울,중림동,"44,100",중구,1,0,25,62.82,"42,000",,355,11140,19
151,,2005,신규,22.03~24.03,2022,서울역 디오빌,만리동1가,"37,800",중구,1,0,23,56.17,,,62-7,11140,5
152,,2005,갱신,22.01~23.01,2022,서울역 디오빌,만리동1가,"14,000",중구,1,20,24,27.74,"14,000",,62-7,11140,4
153,,2005,신규,22.03~24.03,2022,서울역 디오빌,만리동1가,"1,000",중구,1,70,24,27.7,,,62-7,11140,6
154,,2004,신규,22.02~24.02,2022,KCC 파크타운,만리동2가,"10,000",중구,1,106,1,66.47,,,11-1,11140,14
155,,2004,신규,22.02~24.02,2022,KCC 파크타운,만리동2가,"1,000",중구,1,140,11,66.47,,,11-1,11140,5
156,,2004,갱신,22.03~23.03,2022,KCC 파크타운,만리동2가,"55,000",중구,1,0,11,66.47,"42,000",,11-1,11140,2
157,,2004,신규,22.02~23.02,2022,KCC 파크타운,만리동2가,"1,000",중구,1,80,14,32.02,,,11-1,11140,15
158,,2004,신규,22.02~24.02,2022,KCC 파크타운,만리동2가,"8,000",중구,1,125,15,66.47,,,11-1,11140,12
0,,2007,,,2022,명동 엠퍼스트플레이스,충무로2가,"3,700",중구,2,60,4,18.6,,,48-2,11140,10
1,,2007,,,2022,명동 엠퍼스트플레이스,충무로2가,"6,000",중구,2,65,5,18.6,,,48-2,11140,8
2,,2007,,,2022,명동 엠퍼스트플레이스,충무로2가,"3,000",중구,2,63,8,18.6,,,48-2,11140,3
3,,2007,신규,22.02~24.02,2022,명동 엠퍼스트플레이스,충무로2가,"22,500",중구,2,0,11,18.6,,,48-2,11140,9
4,,2007,,,2022,명동 엠퍼스트플레이스,충무로2가,"15,000",중구,2,107,15,41.41,,,48-2,11140,12
5,,2007,,,2022,명동 엠퍼스트플레이스,충무로2가,"1,000",중구,2,71,19,18.6,,,48-2,11140,13
6,,2007,,,2022,명동 엠퍼스트플레이스,충무로2가,"21,000",중구,2,0,26,18.6,,,48-2,11140,12
7,,2016,신규,22.02~23.02,2022,충무로엘크루메트로시티2,충무로5가,"1,000",중구,2,70,4,23.03,,,36-2,11140,6
8,,2016,신규,22.03~24.03,2022,충무로엘크루메트로시티2,충무로5가,"18,500",중구,2,0,5,23.03,,,36-2,11140,18
9,,2016,신규,22.03~23.03,2022,충무로엘크루메트로시티2,충무로5가,"3,000",중구,2,58,5,23.03,,,36-2,11140,2
10,,2016,신규,22.02~23.02,2022,충무로엘크루메트로시티2,충무로5가,"1,000",중구,2,70,5,23.03,,,36-2,11140,12
11,,2016,신규,22.02~23.02,2022,충무로엘크루메트로시티2,충무로5가,"1,000",중구,2,70,25,23.03,,,36-2,11140,8
12,,2016,갱신,22.02~23.02,2022,충무로엘크루메트로시티2,충무로5가,"1,000",중구,2,70,25,23.03,"1,000",70,36-2,11140,7
13,,2021,신규,22.03~23.02,2022,충무로역 스위트엠,묵정동,"3,000",중구,2,70,5,18.57,,,32-5,11140,11
14,,1999,신규,22.03~23.03,2022,광희동금호트윈 오피스텔,광희동1가,500,중구,2,37,25,22.14,,,89-1,11140,5
15,,2020,신규,22.02~23.02,2022,남산 오렌지카운티,쌍림동,"1,000",중구,2,80,7,18.49,,,106-14,11140,13
16,,2020,갱신,22.02~23.02,2022,남산 오렌지카운티,쌍림동,"25,000",중구,2,0,10,18.49,"24,500",,106-14,11140,10
17,,2019,,,2022,을지 웰 라이프,을지로4가,"28,000",중구,2,0,12,32.63,,,187-9,11140,10
18,,2005,,,2022,대성을지로오피스텔,을지로5가,"1,000",중구,2,55,5,25.49,,,77-2,11140,7
19,,2020,신규,22.02~23.02,2022,오렌지카운티을지로,오장동,"1,000",중구,2,73,14,21.12,,,145-1,11140,7
20,,2014,신규,22.03~24.03,2022,코발트팰리스,오장동,"10,000",중구,2,13,17,20.36,,,90-24,11140,11
21,,2022,신규,22.03~23.03,2022,남산 센트럴시티 투웨니퍼스트,오장동,"1,000",중구,2,80,26,18.28,,,148-16,11140,12
22,,2013,신규,22.02~23.02,2022,엘크루 메트로시티,충무로3가,"1,000",중구,2,90,8,28.1,,,49,11140,11
23,,2013,신규,22.02~23.02,2022,엘크루 메트로시티,충무로3가,"1,000",중구,2,80,14,26.78,,,49,11140,13
24,,2013,신규,22.04~24.04,2022,엘크루 메트로시티,충무로3가,"23,000",중구,2,0,21,26.78,,,49,11140,7
25,,2013,신규,22.02~23.02,2022,엘크루 메트로시티,충무로3가,"1,000",중구,2,80,25,26.78,,,49,11140,17
26,,2014,갱신,22.02~24.02,2022,신당아르브,신당동,"17,500",중구,2,0,4,21.31,"4,000",50,160-5,11140,17
27,,2016,신규,22.03~23.03,2022,신당역솔하임,신당동,"18,000",중구,2,0,5,18.8,,,140-23,11140,5
28,,2003,,,2022,(340-123),신당동,"15,000",중구,2,0,5,22.08,,,340-123,11140,3
29,,2021,,,2022,(372-49),신당동,"24,000",중구,2,0,7,20.76,,,372-49,11140,5
30,,2015,신규,,2022,(420-9),신당동,"21,000",중구,2,0,7,45.86,,,420-9,11140,3
31,,2015,,,2022,승리빌딩,신당동,"3,000",중구,2,50,7,18.3,,,309-45,11140,5
32,,2006,신규,22.02~23.02,2022,디오트,신당동,"2,000",중구,2,200,10,37.58,,,193-2,11140,6
33,,2018,신규,22.02~24.02,2022,대현프리몰,신당동,"1,000",중구,2,68,10,18.18,,,421-1,11140,6
34,,2003,,,2022,(340-123),신당동,"15,000",중구,2,0,11,22.4,,,340-123,11140,2
35,,2005,신규,22.03~24.03,2022,남산정은스카이,신당동,"1,000",중구,2,80,14,29.93,,,366-126,11140,2
36,,2020,,,2022,은수빌딩,신당동,"16,800",중구,2,0,14,20.19,,,120-1,11140,11
37,,2004,갱신,22.02~24.02,2022,JK오피스텔,신당동,"9,450",중구,2,0,15,24.3,"9,000",,353-22,11140,4
38,,2018,신규,22.03~24.02,2022,대현프리몰,신당동,"1,000",중구,2,79,15,26.37,,,421-1,11140,4
39,,2015,신규,22.03~24.03,2022,승리빌딩,신당동,"5,000",중구,2,40,16,17.52,,,309-45,11140,6
40,,2018,갱신,,2022,아리스타 에스디,신당동,"1,000",중구,2,73,17,18.66,"1,000",69,160-1,11140,8
41,,2018,신규,22.03~23.03,2022,대현프리몰,신당동,"1,000",중구,2,84,18,26.37,,,421-1,11140,6
42,,2014,,,2022,신당아르브,신당동,"10,000",중구,2,35,19,21.31,,,160-5,11140,15
43,,2020,신규,22.02~23.03,2022,(251-10),신당동,"2,000",중구,2,90,24,22.29,,,251-10,11140,8
44,,2005,신규,22.03~23.02,2022,남산정은스카이,신당동,500,중구,2,80,28,29.93,,,366-126,11140,1
45,,2004,,,2022,JK오피스텔,신당동,"9,950",중구,2,0,28,25.91,,,353-22,11140,5
46,,2015,신규,22.04~24.04,2022,장충아이빌2,신당동,"23,000",중구,2,0,28,29.96,,,420-16,11140,6
47,,2016,신규,22.03~23.03,2022,신당역솔하임,신당동,"1,000",중구,2,75,28,18.8,,,140-23,11140,8
48,사용,2014,갱신,22.04~24.04,2022,신당아르브,신당동,"15,400",중구,2,0,28,21.31,"14,700",,160-5,11140,12
49,사용,2013,갱신,22.02~23.02,2022,(91),흥인동,"2,000",중구,2,50,4,20.98,"2,000",50,91,11140,12
50,,2016,,,2022,리마크빌 동대문,흥인동,"1,000",중구,2,87,7,28.62,,,86,11140,14
51,,2014,신규,22.02~23.02,2022,동대문 와이즈 캐슬,흥인동,"3,000",중구,2,60,10,19.92,,,119,11140,2
52,,2013,,,2022,(91),흥인동,"6,500",중구,2,40,14,21.88,,,91,11140,15
53,,2013,신규,22.03~23.03,2022,(91),흥인동,"5,000",중구,2,40,21,20.2,,,91,11140,10
54,,2016,,,2022,리마크빌 동대문,흥인동,"1,000",중구,2,86,24,28.62,,,86,11140,8
55,,2014,,,2022,청계천 두산위브더제니스,흥인동,"34,000",중구,2,0,28,40.89,,,13-1,11140,18
56,,2016,,,2022,리마크빌 동대문,흥인동,"1,000",중구,2,85,28,28.62,,,86,11140,5
57,,2019,,,2022,유진빌딩,무학동,"1,000",중구,2,68,4,17.91,,,7-1,11140,3
58,,2019,,,2022,유진빌딩,무학동,"1,000",중구,2,60,9,16.05,,,7-1,11140,5
59,,2013,신규,22.02~23.02,2022,한양 I-Class,황학동,"1,000",중구,2,57,4,19.05,,,787,11140,7
60,,2021,신규,22.02~24.02,2022,디아레나청계,황학동,"34,000",중구,2,0,5,36.07,,,1715,11140,10
61,,2021,신규,22.02~24.02,2022,다베로,황학동,"34,000",중구,2,0,6,27.69,,,970,11140,8
62,,2019,,,2022,MAVL PLACE,황학동,"1,000",중구,2,80,7,26.75,,,1596,11140,14
63,,2021,,,2022,디아레나청계,황학동,"35,000",중구,2,0,7,36.44,,,1715,11140,11
64,,2014,신규,22.03~24.03,2022,DUO302,황학동,"15,500",중구,2,0,8,22.52,,,819,11140,4
65,,,,,2022,주건축물제1동,황학동,"16,275",중구,2,0,8,21.32,,,19,11140,7
66,,2021,신규,22.03~24.03,2022,다베로,황학동,"33,500",중구,2,0,8,29.85,,,970,11140,3
67,,2004,,,2022,올리브1,황학동,"6,000",중구,2,30,8,23.73,,,808,11140,7
68,,2014,,,2022,DUO302,황학동,"1,000",중구,2,65,9,22.52,,,819,11140,4
69,,2013,신규,22.02~23.02,2022,한양 I-Class,황학동,"1,000",중구,2,60,9,19.05,,,787,11140,11
70,,2013,신규,22.03~23.03,2022,한양 I-Class,황학동,"1,000",중구,2,60,10,19.05,,,787,11140,5
71,,2021,,,2022,디아레나청계,황학동,"35,000",중구,2,0,10,35.42,,,1715,11140,7
72,,2021,신규,22.03~24.03,2022,디아레나청계,황학동,"10,000",중구,2,90,10,36.31,,,1715,11140,7
73,,2021,신규,22.02~24.02,2022,디아레나청계,황학동,"35,000",중구,2,0,11,36.07,,,1715,11140,11
74,,2021,신규,22.02~24.02,2022,다베로,황학동,"34,000",중구,2,0,11,27.69,,,970,11140,8
75,,2018,갱신,22.02~24.03,2022,청계리버팰리스B,황학동,"20,000",중구,2,0,12,35.48,"20,000",,2015,11140,2
76,사용,2017,갱신,22.02~24.02,2022,골드캐슬Ⅲ,황학동,"26,775",중구,2,0,12,43.97,"25,500",,1743,11140,5
77,,2021,신규,22.03~24.03,2022,디아레나청계,황학동,"35,000",중구,2,0,12,36.07,,,1715,11140,11
78,,2019,,,2022,MAVL PLACE,황학동,"1,000",중구,2,80,12,23.96,,,1596,11140,16
79,,2016,,,2022,하늘드리움2차,황학동,"1,000",중구,2,105,12,38.31,,,876,11140,3
80,,2019,,,2022,베네스트,황학동,"23,000",중구,2,0,13,33.52,,,855,11140,9
81,,2014,신규,22.02~23.02,2022,DUO302,황학동,"2,000",중구,2,65,14,22.52,,,819,11140,5
82,,2021,신규,22.03~24.03,2022,메트하임 신당역 오피스텔,황학동,"45,000",중구,2,0,14,46.17,,,1074-2,11140,14
83,,2021,,,2022,디아레나청계,황학동,"33,000",중구,2,0,15,36.11,,,1715,11140,3
84,,2021,,,2022,디아레나청계,황학동,"35,000",중구,2,0,15,36.44,,,1715,11140,13
85,,2004,신규,22.04~23.04,2022,올리브1,황학동,"2,000",중구,2,50,16,25.05,,,808,11140,13
86,,2014,신규,22.03~23.03,2022,다올노블리움A동,황학동,"2,000",중구,2,110,16,44.8,,,1744,11140,4
87,,2021,,,2022,디아레나청계,황학동,"35,000",중구,2,0,16,36.11,,,1715,11140,11
88,,2014,신규,22.03~23.03,2022,DUO302,황학동,"1,000",중구,2,65,16,23.06,,,819,11140,17
89,,2013,신규,22.03~23.03,2022,한양 I-Class,황학동,500,중구,2,60,17,19.05,,,787,11140,2
90,,2014,신규,,2022,아미인,황학동,"14,000",중구,2,0,18,18.41,,,836,11140,7
91,,2010,신규,22.03~24.03,2022,황학동 코아루,황학동,"29,000",중구,2,0,19,46.63,,,882,11140,5
92,,2021,,,2022,한양립스 이노와이즈,황학동,"30,000",중구,2,0,19,30.82,,,1257,11140,10
93,,2019,갱신,22.02~23.02,2022,OR Plus Loft 오피스텔,황학동,"3,000",중구,2,54,19,20.98,"3,000",50,1694,11140,3
94,,2021,신규,22.03~24.03,2022,한양립스 이노와이즈,황학동,"18,000",중구,2,0,19,18.56,,,1257,11140,6
95,,2021,신규,22.04~24.04,2022,디아레나청계,황학동,"35,000",중구,2,0,19,37.47,,,1715,11140,11
96,,2021,,,2022,한양립스 이노와이즈,황학동,"1,000",중구,2,80,19,25.31,,,1257,11140,7
97,,2021,신규,22.03~24.03,2022,디아레나청계,황학동,"33,500",중구,2,0,20,36.07,,,1715,11140,5
98,,2001,갱신,22.03~24.03,2022,골든빌,황학동,"10,500",중구,2,0,21,34.11,"10,000",,1752,11140,5
99,,2021,,,2022,다베로,황학동,"33,000",중구,2,0,22,29.85,,,970,11140,2
100,,2021,,,2022,디아레나청계,황학동,"34,000",중구,2,0,22,36.11,,,1715,11140,7
101,,2014,신규,22.03~24.03,2022,DUO302,황학동,"16,500",중구,2,0,22,22.52,,,819,11140,3
102,,2004,신규,22.03~23.02,2022,신당역올리브2,황학동,500,중구,2,60,23,26.47,,,2484,11140,7
103,,,신규,22.04~24.04,2022,주건축물제1동,황학동,"16,000",중구,2,0,23,23.81,,,19,11140,6
104,,2014,신규,22.04~24.04,2022,DUO302,황학동,"1,000",중구,2,65,24,22.52,,,819,11140,9
105,,2003,,,2022,중앙시티빌,황학동,"6,000",중구,2,30,24,25,,,805,11140,14
106,사용,,갱신,22.03~24.03,2022,주건축물제1동,황학동,"17,300",중구,2,0,26,23.81,"16,500",,19,11140,9
107,,2021,,,2022,디아레나청계,황학동,"35,000",중구,2,0,26,36.11,,,1715,11140,11
108,,2014,신규,22.02~23.02,2022,DUO302,황학동,"2,000",중구,2,60,26,22.52,,,819,11140,11
109,,2013,신규,22.04~24.04,2022,한양 I-Class,황학동,"1,000",중구,2,55,26,19.05,,,787,11140,3
110,,2021,신규,22.04~24.04,2022,한양립스 이노와이즈,황학동,"35,000",중구,2,0,27,36.07,,,1257,11140,11
111,,2005,신규,22.02~24.02,2022,바비엥-2,의주로1가,"27,000",중구,2,0,4,39.72,,,25-10,11140,19
112,사용,2005,갱신,22.03~23.03,2022,바비엥-2,의주로1가,"1,000",중구,2,105,5,40.22,"1,000",100,25-10,11140,8
113,,2006,신규,22.02~24.02,2022,브라운스톤서울,중림동,"50,000",중구,2,0,5,62.82,,,355,11140,37
114,,2006,신규,22.03~24.03,2022,브라운스톤서울,중림동,"1,000",중구,2,137,5,49.39,,,355,11140,6
115,,2006,신규,22.03~24.03,2022,브라운스톤서울,중림동,"58,000",중구,2,0,7,68.04,,,355,11140,33
116,,2006,신규,22.02~23.02,2022,브라운스톤서울,중림동,"1,000",중구,2,85,8,30.99,,,355,11140,4
117,,2006,신규,22.03~23.08,2022,브라운스톤서울,중림동,"52,000",중구,2,0,8,62.82,,,355,11140,6
118,사용,2006,갱신,22.02~24.02,2022,브라운스톤서울,중림동,"44,100",중구,2,0,20,68.04,"42,000",,355,11140,30
119,사용,2005,갱신,22.02~24.02,2022,서울역 디오빌,만리동1가,"35,700",중구,2,0,13,56.17,"34,000",,62-7,11140,8
120,사용,2004,갱신,22.03~24.03,2022,KCC 파크타운,만리동2가,"38,850",중구,2,0,17,66.47,"37,000",,11-1,11140,7
121,,2004,신규,22.03~24.03,2022,KCC 파크타운,만리동2가,"50,000",중구,2,0,21,66.47,,,11-1,11140,7
122,,2004,신규,22.03~23.03,2022,KCC 파크타운,만리동2가,"40,000",중구,2,40,22,66.47,,,11-1,11140,5
123,,2004,신규,22.03~23.03,2022,KCC 파크타운,만리동2가,"1,000",중구,2,79,25,32.02,,,11-1,11140,9
0,,2007,,,2022,명동 엠퍼스트플레이스,충무로2가,"1,000",중구,3,80,5,18.6,,,48-2,11140,8
1,,2007,,,2022,명동 엠퍼스트플레이스,충무로2가,"2,000",중구,3,63,11,18.6,,,48-2,11140,5
2,,2016,신규,22.04~23.04,2022,충무로엘크루메트로시티2,충무로5가,"1,000",중구,3,73,5,23.03,,,36-2,11140,20
3,,2016,신규,22.03~23.03,2022,충무로엘크루메트로시티2,충무로5가,"1,000",중구,3,70,10,23.03,,,36-2,11140,11
4,,2020,신규,22.05~24.05,2022,이지마루 충무로,충무로5가,"28,875",중구,3,0,26,36.48,,,36-19,11140,7
5,,2021,신규,22.04~24.04,2022,충무로역 스위트엠,묵정동,"22,000",중구,3,0,18,18.57,,,32-5,11140,6
6,,1999,신규,22.04~24.04,2022,광희동금호트윈 오피스텔,광희동1가,"22,000",중구,3,0,3,42.56,,,89-1,11140,14
7,,1999,신규,22.03~24.03,2022,광희동금호트윈 오피스텔,광희동1가,500,중구,3,45,3,21.96,,,89-1,11140,13
8,,1999,신규,22.03~23.03,2022,광희동금호트윈 오피스텔,광희동1가,500,중구,3,45,16,22.14,,,89-1,11140,5
9,,1999,신규,22.04~24.04,2022,광희동금호트윈 오피스텔,광희동1가,"17,900",중구,3,0,17,21.96,,,89-1,11140,9
10,,,갱신,22.03~24.03,2022,동원스위트광희,광희동2가,"25,200",중구,3,0,2,35.28,"24,000",,47-2,11140,7
11,,2020,신규,22.04~24.04,2022,남산 오렌지카운티,쌍림동,"24,000",중구,3,0,15,18.49,,,106-14,11140,2
12,,2019,,,2022,을지 웰 라이프,을지로4가,"12,000",중구,3,60,12,26.88,,,187-9,11140,10
13,,2018,신규,22.05~24.05,2022,이지마루 오장,오장동,"26,250",중구,3,0,12,36.04,,,206-34,11140,3
14,,2014,갱신,22.03~24.03,2022,코발트팰리스,오장동,"13,000",중구,3,0,14,20.36,"13,000",,90-24,11140,11
15,,2014,,,2022,코발트팰리스,오장동,"11,000",중구,3,0,15,20.36,,,90-24,11140,10
16,,2022,신규,22.03~24.03,2022,남산 센트럴시티 투웨니퍼스트,오장동,"21,500",중구,3,0,19,18.28,,,148-16,11140,18
17,,2022,신규,22.03~24.03,2022,남산 센트럴시티 투웨니퍼스트,오장동,"21,000",중구,3,0,19,18.28,,,148-16,11140,18
18,,2022,신규,22.03~23.03,2022,남산 센트럴시티 투웨니퍼스트,오장동,"5,000",중구,3,65,19,18.28,,,148-16,11140,6
19,,2022,,,2022,남산 센트럴시티 투웨니퍼스트,오장동,"20,000",중구,3,0,19,18.21,,,148-16,11140,12
20,,2022,신규,22.04~24.04,2022,남산 센트럴시티 투웨니퍼스트,오장동,"20,500",중구,3,0,20,18.28,,,148-16,11140,17
21,사용,2014,갱신,22.03~24.03,2022,코발트팰리스,오장동,"24,100",중구,3,0,29,39.35,"23,000",,90-24,11140,14
22,,2022,신규,22.04~23.04,2022,남산 센트럴시티 투웨니퍼스트,오장동,"21,000",중구,3,0,31,18.21,,,148-16,11140,13
23,,2022,,,2022,남산 센트럴시티 투웨니퍼스트,오장동,"21,000",중구,3,0,31,18.28,,,148-16,11140,7
24,,2013,신규,22.04~23.04,2022,엘크루 메트로시티,충무로3가,"1,000",중구,3,90,23,29.78,,,49,11140,15
25,,2013,신규,22.04~24.04,2022,엘크루 메트로시티,충무로3가,"1,000",중구,3,90,28,36.46,,,49,11140,12
26,,2018,,,2022,제이매크로 타워,저동2가,"1,000",중구,3,80,13,19.35,,,7-2,11140,7
27,,2018,,,2022,제이매크로 타워,저동2가,"10,000",중구,3,38,14,19.35,,,7-2,11140,14
28,,2018,,,2022,제이매크로 타워,저동2가,"5,000",중구,3,40,19,22.6,,,7-2,11140,7
29,,2018,신규,22.07~23.06,2022,제이매크로 타워,저동2가,"5,000",중구,3,65,19,22.6,,,7-2,11140,7
30,,2018,,,2022,제이매크로 타워,저동2가,"19,500",중구,3,0,30,19.35,,,7-2,11140,13
31,,2004,,,2022,JK오피스텔,신당동,"10,500",중구,3,0,1,22.75,,,353-22,11140,4
32,,2014,신규,22.03~24.03,2022,신당아르브,신당동,"17,000",중구,3,0,2,21.31,,,160-5,11140,11
33,,2015,신규,22.03~24.03,2022,승리빌딩,신당동,"10,000",중구,3,0,2,15.55,,,309-45,11140,7
34,,2014,신규,22.04~23.04,2022,신당아르브,신당동,"1,000",중구,3,65,9,21.31,,,160-5,11140,17
35,,2018,,,2022,아리스타 에스디,신당동,"1,000",중구,3,74,10,18.66,,,160-1,11140,6
36,,2018,신규,22.03~24.03,2022,대현프리몰,신당동,"1,000",중구,3,66,11,18.18,,,421-1,11140,4
37,,2021,신규,22.03~23.08,2022,(372-49),신당동,"21,000",중구,3,0,11,20.34,,,372-49,11140,8
38,,2014,신규,22.03~23.05,2022,신당아르브,신당동,"17,000",중구,3,0,11,21.31,,,160-5,11140,9
39,,2014,갱신,22.03~23.03,2022,신당아르브,신당동,"1,000",중구,3,65,17,21.31,"1,000",65,160-5,11140,8
40,,2004,,,2022,JK오피스텔,신당동,"15,000",중구,3,0,19,22.75,,,353-22,11140,3
41,,2003,신규,22.04~24.04,2022,(340-123),신당동,"15,000",중구,3,0,21,22.4,,,340-123,11140,2
42,사용,2005,갱신,22.06~24.06,2022,남산정은스카이,신당동,"19,000",중구,3,3,26,33.05,"19,000",,366-126,11140,5
43,사용,2014,갱신,22.03~24.03,2022,신당아르브,신당동,"17,850",중구,3,0,26,21.31,"17,000",,160-5,11140,14
44,,2018,,,2022,위더스하임,흥인동,"21,000",중구,3,0,4,24.48,,,142-1,11140,7
45,,2014,,,2022,동대문 와이즈 캐슬,흥인동,"1,500",중구,3,62,5,19.92,,,119,11140,3
46,사용,2014,갱신,22.04~23.04,2022,청계천 두산위브더제니스,흥인동,"25,000",중구,3,0,11,35.77,"25,000",,13-1,11140,18
47,,2018,,,2022,위더스하임,흥인동,"19,840",중구,3,0,12,24.48,,,142-1,11140,3
48,,2013,신규,22.03~23.03,2022,(91),흥인동,"1,000",중구,3,63,22,21.88,,,91,11140,13
49,,2014,신규,22.03~23.03,2022,동대문 와이즈 캐슬,흥인동,"1,000",중구,3,60,22,19.92,,,119,11140,5
50,,2014,신규,22.04~23.04,2022,청계천 두산위브더제니스,흥인동,"1,000",중구,3,135,30,46.74,,,13-1,11140,4
51,,2016,,,2022,리마크빌 동대문,흥인동,"1,000",중구,3,83,31,24.65,,,86,11140,16
52,,2014,,,2022,청계천 두산위브더제니스,흥인동,"77,000",중구,3,0,31,46.74,,,13-1,11140,10
53,,2019,,,2022,유진빌딩,무학동,"1,000",중구,3,63,15,16.05,,,7-1,11140,3
54,,2021,,,2022,디아레나청계,황학동,"32,000",중구,3,0,1,36.44,,,1715,11140,2
55,,2014,신규,22.03~24.03,2022,블루카운티Ⅱ,황학동,"3,000",중구,3,50,1,22.81,,,1628,11140,8
56,,,,,2022,주건축물제1동,황학동,"17,000",중구,3,0,1,23.81,,,19,11140,6
57,,2021,신규,22.03~24.03,2022,한양립스 이노와이즈,황학동,"23,000",중구,3,0,1,21.72,,,1257,11140,10
58,,2021,,,2022,디아레나청계,황학동,"35,000",중구,3,0,1,36.31,,,1715,11140,13
59,,2021,,,2022,디아레나청계,황학동,"33,000",중구,3,0,2,36.07,,,1715,11140,4
60,,2021,신규,22.03~24.03,2022,디아레나청계,황학동,"35,000",중구,3,0,2,36.11,,,1715,11140,11
61,,2014,신규,22.05~24.05,2022,다올노블리움A동,황학동,"36,000",중구,3,0,2,58.5,,,1744,11140,3
62,,2004,갱신,22.03~23.03,2022,올리브1,황학동,"2,000",중구,3,50,3,25.05,"2,000",50,808,11140,11
63,,2021,신규,22.03~24.03,2022,디아레나청계,황학동,"33,000",중구,3,0,4,35.42,,,1715,11140,3
64,,2004,신규,22.03~23.03,2022,올리브1,황학동,"1,000",중구,3,55,4,23.73,,,808,11140,7
65,사용,2015,갱신,22.04~24.04,2022,(1546),황학동,"23,100",중구,3,0,4,40.74,"22,000",,1546,11140,2
66,,2014,신규,22.03~24.03,2022,다올 노블리움 B동,황학동,"2,000",중구,3,100,5,48.31,,,1744-1,11140,6
67,,2018,신규,22.04~24.04,2022,위너빌(Winnervill),황학동,"27,000",중구,3,0,5,33.14,,,1200,11140,3
68,,2010,신규,22.04~24.04,2022,황학동 코아루,황학동,"28,000",중구,3,0,5,41.68,,,882,11140,5
69,,2021,신규,22.03~24.03,2022,디아레나청계,황학동,"35,000",중구,3,0,7,36.11,,,1715,11140,6
70,,2018,신규,22.05~24.05,2022,청계 블루카운티,황학동,"36,000",중구,3,0,8,51.43,,,1720,11140,3
71,,2021,신규,22.03~23.03,2022,한양립스 이노와이즈,황학동,"1,000",중구,3,74,8,21.72,,,1257,11140,10
72,,2016,,,2022,하늘드리움2차,황학동,"3,000",중구,3,95,9,38.32,,,876,11140,2
73,,2021,신규,22.04~24.04,2022,다베로,황학동,"55,000",중구,3,0,9,59.35,,,970,11140,3
74,,2021,,,2022,디아레나청계,황학동,"34,000",중구,3,0,10,36.44,,,1715,11140,3
75,사용,2014,갱신,22.03~24.03,2022,블루카운티Ⅱ,황학동,"27,000",중구,3,0,10,48.42,"26,000",,1628,11140,8
76,,2004,신규,22.03~23.03,2022,신당역올리브2,황학동,500,중구,3,65,11,23.82,,,2484,11140,4
77,,2021,신규,22.03~24.03,2022,디아레나청계,황학동,"33,500",중구,3,0,11,35.42,,,1715,11140,2
78,,2014,신규,22.04~24.04,2022,아미인,황학동,"17,500",중구,3,0,11,24.15,,,836,11140,3
79,,2017,신규,22.04~24.04,2022,골드캐슬Ⅲ,황학동,"26,200",중구,3,0,12,43.17,,,1743,11140,3
80,사용,2014,갱신,22.03~24.03,2022,블루카운티Ⅱ,황학동,"27,300",중구,3,0,12,48.22,"26,000",,1628,11140,5
81,,2014,신규,22.04~24.04,2022,DUO302,황학동,"16,500",중구,3,0,12,22.52,,,819,11140,9
82,,2021,,,2022,디아레나청계,황학동,"32,500",중구,3,0,13,36.07,,,1715,11140,2
83,,2019,,,2022,황학동 1931 주거복합 시설,황학동,"30,870",중구,3,0,14,49.25,,,1930,11140,9
84,,2004,신규,22.04~23.04,2022,신당역올리브2,황학동,"1,000",중구,3,55,15,23.82,,,2484,11140,12
85,,2013,,,2022,한양 I-Class,황학동,"14,500",중구,3,0,15,19.05,,,787,11140,8
86,,2021,신규,22.04~24.04,2022,디아레나청계,황학동,"32,500",중구,3,0,16,36.11,,,1715,11140,4
87,,2013,신규,22.04~23.04,2022,한양 I-Class,황학동,"1,000",중구,3,60,18,19.05,,,787,11140,12
88,,2003,신규,22.04~23.03,2022,중앙시티빌,황학동,"2,000",중구,3,55,19,24.99,,,805,11140,13
89,,2019,,,2022,테인트리즈,황학동,"26,700",중구,3,0,19,38.41,,,1087,11140,4
90,,2021,,,2022,디아레나청계,황학동,"34,000",중구,3,0,19,36.31,,,1715,11140,10
91,,2003,,,2022,중앙시티빌,황학동,"1,000",중구,3,55,24,25,,,805,11140,10
92,,2014,,,2022,DUO302,황학동,"1,000",중구,3,65,24,22.52,,,819,11140,14
93,,2010,갱신,,2022,황학동 코아루,황학동,"3,000",중구,3,50,25,30.55,"5,000",50,882,11140,7
94,,2021,신규,22.05~24.05,2022,한양립스 이노와이즈,황학동,"36,000",중구,3,0,25,36.07,,,1257,11140,12
95,,2021,,,2022,디아레나청계,황학동,"32,500",중구,3,0,26,36.31,,,1715,11140,4
96,,2021,,,2022,한양립스 이노와이즈,황학동,"33,500",중구,3,0,26,36.07,,,1257,11140,7
97,,2021,,,2022,디아레나청계,황학동,"32,000",중구,3,0,26,36.07,,,1715,11140,2
98,,2013,신규,22.04~24.04,2022,한양 I-Class,황학동,"14,500",중구,3,0,28,19.05,,,787,11140,8
99,,2017,,,2022,(1079),황학동,"22,050",중구,3,0,30,29.16,,,1079,11140,8
100,,2014,,,2022,DUO302,황학동,"3,000",중구,3,55,30,22.52,,,819,11140,19
101,,2021,,,2022,디아레나청계,황학동,"33,000",중구,3,0,30,35.42,,,1715,11140,3
102,,2017,신규,22.04~24.04,2022,주건축물제1동,황학동,"42,000",중구,3,0,30,57.81,,,1452,11140,4
103,,2013,,,2022,한양 I-Class,황학동,500,중구,3,60,31,19.05,,,787,11140,5
104,,2005,신규,22.04~23.04,2022,바비엥-2,의주로1가,"25,200",중구,3,0,14,41.55,,,25-10,11140,10
105,,2005,신규,22.03~24.03,2022,바비엥-2,의주로1가,"23,000",중구,3,0,14,29.23,,,25-10,11140,12
106,,2005,갱신,22.06~24.06,2022,바비엥-2,의주로1가,"25,200",중구,3,0,30,41.55,"24,000",,25-10,11140,9
107,,2006,신규,22.04~23.04,2022,브라운스톤서울,중림동,"30,000",중구,3,100,4,62.82,,,355,11140,10
108,,2006,,,2022,브라운스톤서울,중림동,"24,150",중구,3,0,22,30.99,,,355,11140,6
109,,2006,신규,22.04~24.04,2022,브라운스톤서울,중림동,"52,000",중구,3,0,24,62.82,,,355,11140,19
110,,2005,,22.04~24.04,2022,서울역 디오빌,만리동1가,"39,900",중구,3,0,7,56.17,,,62-7,11140,9
111,,2004,,22.03~24.03,2022,KCC 파크타운,만리동2가,"10,000",중구,3,45,5,32.02,,,11-1,11140,15
112,,2004,신규,22.04~24.04,2022,KCC 파크타운,만리동2가,"60,000",중구,3,0,12,66.47,,,11-1,11140,4
113,,2004,신규,22.04~24.03,2022,KCC 파크타운,만리동2가,"55,000",중구,3,0,12,66.47,,,11-1,11140,4
114,사용,2004,갱신,22.05~24.05,2022,KCC 파크타운,만리동2가,"44,100",중구,3,0,16,66.47,"42,000",,11-1,11140,14
115,사용,2004,갱신,22.03~23.03,2022,KCC 파크타운,만리동2가,"3,000",중구,3,126,19,66.47,"3,000",120,11-1,11140,14
116,사용,2004,갱신,22.05~24.05,2022,KCC 파크타운,만리동2가,"40,950",중구,3,0,26,66.47,"39,000",,11-1,11140,14
0,,2007,,,2022,명동 엠퍼스트플레이스,충무로2가,"1,000",중구,4,85,2,20.28,,,48-2,11140,9
1,,2007,신규,22.04~23.04,2022,명동 엠퍼스트플레이스,충무로2가,"3,500",중구,4,65,9,18.6,,,48-2,11140,5
2,,2007,,,2022,명동 엠퍼스트플레이스,충무로2가,"2,000",중구,4,60,11,18.6,,,48-2,11140,8
3,,2007,,,2022,명동 엠퍼스트플레이스,충무로2가,"23,500",중구,4,0,23,20.28,,,48-2,11140,9
4,,2016,갱신,,2022,충무로엘크루메트로시티2,충무로5가,"1,000",중구,4,70,1,23.03,"1,000",70,36-2,11140,17
5,,2020,신규,22.05~24.05,2022,이지마루 충무로,충무로5가,"10,000",중구,4,49,4,36.48,,,36-19,11140,3
6,,2021,갱신,22.05~23.05,2022,충무로역 스위트엠,묵정동,"1,000",중구,4,74,1,18.97,"1,000",70,32-5,11140,9
7,,2021,신규,22.05~23.05,2022,충무로역 스위트엠,묵정동,"1,000",중구,4,74,2,18.57,,,32-5,11140,8
8,,2021,신규,22.05~24.05,2022,충무로역 스위트엠,묵정동,500,중구,4,87,23,18.57,,,32-5,11140,14
9,,1999,,,2022,광희동금호트윈 오피스텔,광희동1가,"7,000",중구,4,0,17,19.8,,,89-1,11140,12
10,,2020,신규,22.04~23.04,2022,남산 오렌지카운티,쌍림동,"1,000",중구,4,80,29,18.49,,,106-14,11140,11
11,,2019,신규,22.06~24.06,2022,동원스위트을지,을지로6가,"26,000",중구,4,0,17,36.89,,,48,11140,2
12,,2019,갱신,22.06~24.05,2022,을지 웰 라이프,을지로4가,"28,500",중구,4,0,7,34.59,"27,300",,187-9,11140,9
13,,2003,,,2022,정건벨라지오오피스텔,을지로5가,"1,000",중구,4,25,1,29.45,,,20-1,11140,5
14,,2022,신규,22.04~24.04,2022,남산 센트럴시티 투웨니퍼스트,오장동,"22,000",중구,4,0,2,18.28,,,148-16,11140,16
15,사용,2014,갱신,22.05~24.05,2022,코발트팰리스,오장동,"13,200",중구,4,0,4,20.36,"12,600",,90-24,11140,11
16,,2022,신규,22.04~24.04,2022,남산 센트럴시티 투웨니퍼스트,오장동,"21,000",중구,4,0,11,18.28,,,148-16,11140,7
17,,2022,신규,22.05~24.05,2022,남산 센트럴시티 투웨니퍼스트,오장동,"20,500",중구,4,0,15,18.86,,,148-16,11140,7
18,,2021,신규,22.04~24.04,2022,오장동 오팰리오,오장동,"27,500",중구,4,0,16,29.95,,,139-7,11140,3
19,,2021,신규,22.05~24.05,2022,오장동 오팰리오,오장동,"28,000",중구,4,0,25,29.95,,,139-7,11140,4
20,,2022,신규,22.05~24.05,2022,남산 센트럴시티 투웨니퍼스트,오장동,"20,000",중구,4,0,30,18.28,,,148-16,11140,14
21,,2015,신규,22.04~24.04,2022,승리빌딩,신당동,"5,000",중구,4,40,1,17.52,,,309-45,11140,7
22,,2018,신규,22.05~22.12,2022,아리스타 에스디,신당동,"1,000",중구,4,75,7,18.7,,,160-1,11140,6
23,,2018,신규,22.04~24.04,2022,대현프리몰,신당동,"1,000",중구,4,84,12,26.37,,,421-1,11140,8
24,,2014,신규,22.04~23.04,2022,신당아르브,신당동,"1,000",중구,4,68,12,21.31,,,160-5,11140,11
25,,2005,,,2022,남산정은스카이,신당동,"5,000",중구,4,53,13,29.93,,,366-126,11140,5
26,,2016,신규,22.04~23.04,2022,신당역솔하임,신당동,"1,000",중구,4,75,13,18.6,,,140-23,11140,6
27,,2018,,,2022,아리스타 에스디,신당동,"1,000",중구,4,79,16,18.66,,,160-1,11140,14
28,,2018,,,2022,아리스타 에스디,신당동,"1,000",중구,4,73,18,18.66,,,160-1,11140,5
29,,2016,신규,22.05~23.05,2022,신당역솔하임,신당동,"1,000",중구,4,74,21,18.8,,,140-23,11140,3
30,,2021,,,2022,(372-49),신당동,"1,000",중구,4,80,23,20.34,,,372-49,11140,9
31,,2014,,,2022,신당아르브,신당동,"17,500",중구,4,0,27,21.31,,,160-5,11140,17
32,사용,2014,갱신,22.06~24.06,2022,신당아르브,신당동,"15,000",중구,4,0,27,21.31,"15,000",,160-5,11140,12
33,,2014,신규,22.05~24.05,2022,신당아르브,신당동,"16,000",중구,4,0,28,21.31,,,160-5,11140,16
34,,2014,신규,22.04~23.04,2022,동대문 와이즈 캐슬,흥인동,"1,000",중구,4,65,1,21.35,,,119,11140,4
35,,2014,,,2022,동대문 와이즈 캐슬,흥인동,"1,000",중구,4,53,1,19.92,,,119,11140,6
36,,2013,신규,22.04~23.04,2022,(91),흥인동,"1,000",중구,4,75,6,24.85,,,91,11140,4
37,,2016,,,2022,리마크빌 동대문,흥인동,"1,500",중구,4,100,7,35.16,,,86,11140,11
38,,2016,,,2022,리마크빌 동대문,흥인동,"1,000",중구,4,88,7,30.26,,,86,11140,6
39,,2014,신규,22.04~23.04,2022,청계천 두산위브더제니스,흥인동,"1,000",중구,4,140,9,46.23,,,13-1,11140,6
40,,2014,,,2022,청계천 두산위브더제니스,흥인동,"1,000",중구,4,140,11,46.74,,,13-1,11140,14
41,,2014,신규,22.04~23.04,2022,청계천 두산위브더제니스,흥인동,"1,000",중구,4,130,11,40.89,,,13-1,11140,6
42,,2018,,,2022,위더스하임,흥인동,"24,000",중구,4,0,12,24.48,,,142-1,11140,7
43,,2014,신규,22.04~23.04,2022,동대문 와이즈 캐슬,흥인동,500,중구,4,70,15,19.92,,,119,11140,4
44,,2016,,,2022,리마크빌 동대문,흥인동,"1,000",중구,4,81,19,25.24,,,86,11140,18
45,,2018,갱신,22.05~24.05,2022,청계 블루카운티,황학동,"31,500",중구,4,0,1,52.37,"30,000",,1720,11140,7
46,,2021,,,2022,디아레나청계,황학동,"32,000",중구,4,0,2,37.47,,,1715,11140,2
47,,2004,,,2022,신당역올리브2,황학동,"17,000",중구,4,0,3,23.82,,,2484,11140,4
48,,2016,신규,22.04~24.04,2022,하늘드리움2차,황학동,"1,000",중구,4,105,4,38.31,,,876,11140,4
49,사용,2014,갱신,22.04~24.04,2022,블루카운티Ⅱ,황학동,"27,300",중구,4,0,5,49.43,"26,000",,1628,11140,7
50,,2016,신규,22.05~24.05,2022,하늘드리움2차,황학동,"10,000",중구,4,53,5,38.31,,,876,11140,5
51,,2004,신규,22.04~23.04,2022,올리브1,황학동,"1,000",중구,4,55,5,25.05,,,808,11140,10
52,,2019,신규,22.05~24.05,2022,더큐브II,황학동,"34,650",중구,4,0,6,58.93,,,1448,11140,6
53,,2013,신규,22.04~24.04,2022,한양 I-Class,황학동,"12,500",중구,4,0,6,19.05,,,787,11140,4
54,,2021,,,2022,디아레나청계,황학동,"2,000",중구,4,130,6,36.31,,,1715,11140,6
55,,2021,,,2022,한양립스 이노와이즈,황학동,"1,000",중구,4,70,7,21.72,,,1257,11140,5
56,,2003,신규,22.05~23.05,2022,중앙시티빌,황학동,"5,000",중구,4,60,7,24.99,,,805,11140,3
57,,2013,신규,22.04~23.04,2022,한양 I-Class,황학동,"1,000",중구,4,60,7,19.05,,,787,11140,8
58,,2014,,,2022,DUO302,황학동,"3,000",중구,4,55,8,22.52,,,819,11140,18
59,사용,2014,갱신,22.04~24.04,2022,아미인,황학동,"13,500",중구,4,0,8,18.41,"13,000",,836,11140,7
60,,2014,신규,22.05~24.05,2022,DUO302,황학동,"1,000",중구,4,65,9,22.52,,,819,11140,2
61,,2021,,,2022,디아레나청계,황학동,"32,500",중구,4,0,11,36.31,,,1715,11140,3
62,,2021,신규,22.04~24.04,2022,다베로,황학동,"35,500",중구,4,0,11,29.85,,,970,11140,6
63,,2021,갱신,22.05~24.05,2022,한양립스 이노와이즈,황학동,"14,000",중구,4,10,12,21.72,"5,000",60,1257,11140,3
64,,2004,신규,22.04~23.04,2022,올리브1,황학동,500,중구,4,70,15,25.05,,,808,11140,2
65,,2021,,,2022,디아레나청계,황학동,"34,500",중구,4,0,15,36.11,,,1715,11140,3
66,,2021,신규,22.05~24.05,2022,디아레나청계,황학동,"34,000",중구,4,0,15,37.47,,,1715,11140,6
67,,2004,신규,22.04~24.04,2022,올리브1,황학동,500,중구,4,60,16,23.73,,,808,11140,12
68,,2021,신규,22.06~24.06,2022,다베로,황학동,"32,500",중구,4,0,16,27.69,,,970,11140,2
69,,2018,,,2022,골드캐슬Ⅳ,황학동,"26,000",중구,4,0,16,44.29,,,1733,11140,6
70,,2018,,,2022,골드캐슬Ⅳ,황학동,"26,000",중구,4,0,16,44.29,,,1733,11140,6
71,,2018,,,2022,청계 블루카운티,황학동,"31,000",중구,4,0,16,52.37,,,1720,11140,4
72,,2014,신규,22.04~24.04,2022,다올 노블리움 B동,황학동,"24,000",중구,4,0,18,46.2,,,1744-1,11140,2
73,,2013,갱신,22.05~23.05,2022,한양 I-Class,황학동,"13,200",중구,4,0,18,19.05,"13,000",,787,11140,6
74,,2021,,,2022,디아레나청계,황학동,"32,500",중구,4,0,19,37.47,,,1715,11140,3
75,,2021,신규,22.04~23.04,2022,한양립스 이노와이즈,황학동,500,중구,4,70,20,21.72,,,1257,11140,6
76,사용,2015,갱신,22.04~24.04,2022,(1542),황학동,"25,200",중구,4,0,20,45.5,"24,000",,1542,11140,4
77,,2021,신규,22.06~24.06,2022,다베로,황학동,"33,500",중구,4,0,21,27.69,,,970,11140,5
78,사용,2018,갱신,22.05~24.05,2022,동광팰리스,황학동,"25,200",중구,4,0,21,36.41,"24,000",,1572,11140,6
79,,2013,신규,22.05~24.05,2022,한양 I-Class,황학동,"2,000",중구,4,55,22,19.05,,,787,11140,8
80,,2013,신규,22.05~23.05,2022,한양 I-Class,황학동,"1,000",중구,4,60,22,19.05,,,787,11140,8
81,,2001,신규,22.05~24.04,2022,골든빌,황학동,500,중구,4,65,23,33.27,,,1752,11140,6
82,,2018,신규,22.05~24.05,2022,동광팰리스,황학동,"25,200",중구,4,0,23,36.6,,,1572,11140,2
83,,2013,,,2022,한양 I-Class,황학동,"1,000",중구,4,55,23,19.05,,,787,11140,2
84,,2013,신규,22.05~24.05,2022,한양 I-Class,황학동,"3,000",중구,4,50,23,19.05,,,787,11140,8
85,,2021,신규,22.04~24.04,2022,디아레나청계,황학동,"34,000",중구,4,0,25,37.47,,,1715,11140,5
86,,2014,,,2022,블루카운티Ⅱ,황학동,"27,000",중구,4,0,27,48.22,,,1628,11140,4
87,,2013,갱신,22.04~23.04,2022,한양 I-Class,황학동,"13,500",중구,4,0,28,19.05,"13,200",,787,11140,6
88,,2018,,,2022,청계 블루카운티,황학동,"21,000",중구,4,10,29,26.19,,,1720,11140,10
89,사용,2014,갱신,22.06~24.06,2022,블루카운티Ⅱ,황학동,"26,250",중구,4,0,29,48.42,"25,000",,1628,11140,9
90,,2013,신규,22.06~24.06,2022,한양 I-Class,황학동,"1,000",중구,4,60,30,19.05,,,787,11140,7
91,,2003,신규,22.06~24.06,2022,바비엥-1,의주로1가,"100,000",중구,4,0,16,137.1,,,32-2,11140,18
92,사용,2006,갱신,,2022,브라운스톤서울,중림동,"42,000",중구,4,0,1,62.82,"40,000",,355,11140,12
93,,2006,신규,22.05~23.05,2022,브라운스톤서울,중림동,"5,000",중구,4,75,27,30.99,,,355,11140,5
94,사용,2004,갱신,22.05~24.05,2022,KCC 파크타운,만리동2가,"2,000",중구,4,126,19,66.47,"2,000",120,11-1,11140,12
95,,2004,,,2022,KCC 파크타운,만리동2가,"20,000",중구,4,0,20,32.02,,,11-1,11140,12
96,,2004,,22.06~23.06,2022,KCC 파크타운,만리동2가,"5,000",중구,4,105,23,66.47,,,11-1,11140,1
0,,2007,,,2022,명동 엠퍼스트플레이스,충무로2가,"1,000",중구,5,75,7,18.6,,,48-2,11140,11
1,,2007,,,2022,명동 엠퍼스트플레이스,충무로2가,"2,000",중구,5,66,15,18.6,,,48-2,11140,10
2,,2007,신규,22.05~23.05,2022,명동 엠퍼스트플레이스,충무로2가,"1,000",중구,5,84,19,20.28,,,48-2,11140,7
3,,2007,,,2022,명동 엠퍼스트플레이스,충무로2가,500,중구,5,84,25,20.28,,,48-2,11140,10
4,,2007,신규,22.06~23.01,2022,명동 엠퍼스트플레이스,충무로2가,"1,000",중구,5,75,25,20.28,,,48-2,11140,4
5,,2007,,,2022,명동 엠퍼스트플레이스,충무로2가,"3,000",중구,5,67,31,18.6,,,48-2,11140,4
6,,2007,신규,22.06~22.08,2022,명동 엠퍼스트플레이스,충무로2가,"4,000",중구,5,60,31,20.28,,,48-2,11140,10
7,,2020,신규,22.06~24.06,2022,이지마루 충무로,충무로5가,"28,875",중구,5,0,7,36.48,,,36-19,11140,6
8,,2016,신규,22.06~23.06,2022,충무로엘크루메트로시티2,충무로5가,"7,000",중구,5,50,19,23.03,,,36-2,11140,17
9,,2016,,,2022,충무로엘크루메트로시티2,충무로5가,"5,000",중구,5,30,20,23.03,,,36-2,11140,16
10,,2016,갱신,22.07~23.06,2022,충무로엘크루메트로시티2,충무로5가,"5,000",중구,5,50,31,23.03,"5,000",48,36-2,11140,2
11,,2021,신규,22.05~23.05,2022,충무로역 스위트엠,묵정동,"1,000",중구,5,100,4,18.57,,,32-5,11140,14
12,,2021,신규,22.06~24.06,2022,충무로역 스위트엠,묵정동,"23,000",중구,5,0,11,18.57,,,32-5,11140,13
13,,2021,신규,22.05~22.11,2022,충무로역 스위트엠,묵정동,100,중구,5,90,16,18.57,,,32-5,11140,14
14,,2004,신규,22.05~23.05,2022,타임캐슬 오피스텔,을지로6가,500,중구,5,55,20,19.94,,,23,11140,8
15,,2005,신규,22.06~23.06,2022,대성을지로오피스텔,을지로5가,"1,000",중구,5,60,30,25.49,,,77-2,11140,12
16,,2022,신규,22.05~24.05,2022,남산 센트럴시티 투웨니퍼스트,오장동,"13,000",중구,5,35,4,18.39,,,148-16,11140,15
17,,2021,신규,22.05~24.05,2022,오장동 오팰리오,오장동,"27,000",중구,5,0,6,29.95,,,139-7,11140,2
18,,2022,신규,22.06~24.06,2022,남산 센트럴시티 투웨니퍼스트,오장동,"30,000",중구,5,50,15,29.55,,,148-16,11140,5
19,,2022,신규,22.06~24.06,2022,남산 센트럴시티 투웨니퍼스트,오장동,"20,000",중구,5,0,19,18.21,,,148-16,11140,12
20,,2022,신규,22.05~24.05,2022,남산 센트럴시티 투웨니퍼스트,오장동,"21,000",중구,5,0,24,18.21,,,148-16,11140,11
21,,2022,신규,22.06~24.06,2022,남산 센트럴시티 투웨니퍼스트,오장동,"20,000",중구,5,0,28,18.28,,,148-16,11140,13
22,,2020,신규,22.06~24.06,2022,오렌지카운티을지로,오장동,"18,900",중구,5,0,31,21.12,,,145-1,11140,5
23,,2013,신규,22.06~24.06,2022,엘크루 메트로시티,충무로3가,"25,000",중구,5,0,4,28.1,,,49,11140,9
24,,2013,신규,22.06~23.06,2022,엘크루 메트로시티,충무로3가,"1,000",중구,5,80,7,26.78,,,49,11140,17
25,,2013,신규,22.05~23.05,2022,엘크루 메트로시티,충무로3가,"1,000",중구,5,90,16,28.94,,,49,11140,18
26,,2013,신규,22.05~23.05,2022,엘크루 메트로시티,충무로3가,"1,000",중구,5,80,16,26.78,,,49,11140,9
27,,2013,신규,22.07~24.07,2022,엘크루 메트로시티,충무로3가,"29,000",중구,5,0,22,36.72,,,49,11140,19
28,,2013,신규,22.06~23.06,2022,엘크루 메트로시티,충무로3가,"1,000",중구,5,84,26,28.94,,,49,11140,18
29,사용,2013,갱신,22.06~24.06,2022,엘크루 메트로시티,충무로3가,"20,000",중구,5,0,30,26.78,"20,000",,49,11140,10
30,사용,2013,갱신,22.07~24.07,2022,엘크루 메트로시티,충무로3가,"23,000",중구,5,0,31,28.1,"22,000",,49,11140,8
31,,2018,신규,22.05~23.05,2022,제이매크로 타워,저동2가,"7,000",중구,5,69,4,24.85,,,7-2,11140,12
32,,2018,,,2022,제이매크로 타워,저동2가,"5,000",중구,5,53,20,19.35,,,7-2,11140,4
33,,2018,신규,22.06~24.06,2022,제이매크로 타워,저동2가,"24,000",중구,5,0,31,24.85,,,7-2,11140,8
34,,2014,,,2022,신당아르브,신당동,"16,100",중구,5,0,3,21.31,,,160-5,11140,8
35,,2020,신규,22.05~23.05,2022,(251-73),신당동,"1,000",중구,5,90,7,18.7,,,251-73,11140,4
36,,2018,신규,22.05~23.05,2022,아리스타 에스디,신당동,"5,000",중구,5,64,10,18.7,,,160-1,11140,15
37,,2020,신규,22.06~23.05,2022,스페이스민,신당동,"1,000",중구,5,85,11,20.08,,,247-8,11140,8
38,,2018,신규,22.06~23.06,2022,아리스타 에스디,신당동,"1,000",중구,5,78,12,18.7,,,160-1,11140,10
39,,2020,,,2022,스페이스민,신당동,"1,000",중구,5,85,12,20.08,,,247-8,11140,9
40,,2021,신규,22.06~24.06,2022,(372-49),신당동,"1,000",중구,5,80,14,20.34,,,372-49,11140,3
41,,2003,,,2022,(340-123),신당동,"15,000",중구,5,0,16,20.89,,,340-123,11140,4
42,,2020,신규,22.07~24.07,2022,스페이스민,신당동,"3,500",중구,5,75,18,20.08,,,247-8,11140,7
43,,2020,신규,22.06~23.05,2022,스페이스민,신당동,"1,000",중구,5,85,18,20.53,,,247-8,11140,9
44,,2014,신규,22.06~23.06,2022,신당아르브,신당동,"1,000",중구,5,65,25,21.31,,,160-5,11140,9
45,,2021,신규,22.06~24.06,2022,(372-49),신당동,"20,000",중구,5,0,28,20.34,,,372-49,11140,9
46,,2015,,22.07~24.07,2022,남산더힐B동,신당동,"24,000",중구,5,0,28,34.71,,,420-23,11140,7
47,,2016,,,2022,신당역솔하임,신당동,"1,000",중구,5,90,31,26.72,,,140-23,11140,5
48,,2014,신규,22.05~23.05,2022,동대문 와이즈 캐슬,흥인동,"5,000",중구,5,48,2,21.35,,,119,11140,6
49,,2014,,,2022,동대문 와이즈 캐슬,흥인동,"1,000",중구,5,57,2,19.92,,,119,11140,2
50,,2016,신규,22.05~22.08,2022,동대문솔하임,흥인동,500,중구,5,100,7,25,,,8,11140,13
51,,2016,,,2022,리마크빌 동대문,흥인동,"1,000",중구,5,75,11,24.65,,,86,11140,6
52,,2014,신규,22.06~24.06,2022,동대문 와이즈 캐슬,흥인동,"22,200",중구,5,0,11,28.6,,,119,11140,3
53,,2018,신규,22.05~23.05,2022,위더스하임,흥인동,"2,000",중구,5,85,12,24.48,,,142-1,11140,5
54,,2016,신규,22.06~23.06,2022,동대문솔하임,흥인동,"1,000",중구,5,100,17,28.88,,,8,11140,4
55,,2018,신규,22.06~24.06,2022,위더스하임,흥인동,"26,250",중구,5,0,17,29.76,,,142-1,11140,3
56,,2014,신규,22.07~23.07,2022,동대문 와이즈 캐슬,흥인동,"4,000",중구,5,45,20,19.92,,,119,11140,2
57,,2016,신규,22.05~23.05,2022,동대문솔하임,흥인동,"1,000",중구,5,75,22,25,,,8,11140,4
58,,2016,,,2022,리마크빌 동대문,흥인동,"1,000",중구,5,89,23,28.62,,,86,11140,12
59,,2013,신규,22.06~23.06,2022,(91),흥인동,500,중구,5,65,24,21.88,,,91,11140,11
60,,2016,,,2022,리마크빌 동대문,흥인동,"1,000",중구,5,82,27,24.65,,,86,11140,21
61,,2016,,,2022,리마크빌 동대문,흥인동,"1,000",중구,5,76,31,26.68,,,86,11140,4
62,,2016,,,2022,리마크빌 동대문,흥인동,"1,000",중구,5,75,31,24.65,,,86,11140,4
63,,2017,신규,22.06~23.06,2022,주건축물제1동,황학동,"3,000",중구,5,126,2,57.81,,,1452,11140,8
64,,2010,신규,22.05~24.05,2022,황학동 코아루,황학동,"32,000",중구,5,0,3,46.63,,,882,11140,8
65,,2013,신규,22.05~23.05,2022,한양 I-Class,황학동,"3,000",중구,5,50,5,19.05,,,787,11140,5
66,,2003,신규,22.06~23.06,2022,중앙시티빌,황학동,"2,000",중구,5,50,5,25.5,,,805,11140,8
67,,2014,신규,22.05~23.05,2022,DUO302,황학동,"1,000",중구,5,68,5,22.52,,,819,11140,11
68,,2014,,,2022,DUO302,황학동,"15,500",중구,5,0,5,22.52,,,819,11140,8
69,,2013,신규,22.06~24.06,2022,한양 I-Class,황학동,"2,000",중구,5,55,6,19.05,,,787,11140,7
70,,2014,신규,22.05~24.05,2022,블루카운티Ⅱ,황학동,"1,000",중구,5,110,6,48.42,,,1628,11140,4
71,,2021,신규,22.05~24.05,2022,한양립스 이노와이즈,황학동,"22,000",중구,5,0,7,22.15,,,1257,11140,10
72,,2021,신규,22.06~23.06,2022,한양립스 이노와이즈,황학동,"21,000",중구,5,0,8,21.72,,,1257,11140,10
73,,2004,신규,22.07~23.07,2022,올리브1,황학동,"1,000",중구,5,55,9,25.05,,,808,11140,6
74,,2004,신규,22.06~23.06,2022,올리브1,황학동,"1,000",중구,5,55,9,25.05,,,808,11140,7
75,,2021,신규,22.05~24.05,2022,한양립스 이노와이즈,황학동,"38,000",중구,5,0,10,36.07,,,1257,11140,12
76,,2021,,,2022,디아레나청계,황학동,"33,500",중구,5,0,10,36.07,,,1715,11140,3
77,,2013,신규,22.06~24.06,2022,한양 I-Class,황학동,"13,000",중구,5,0,11,19.05,,,787,11140,10
78,,2013,,,2022,한양 I-Class,황학동,"13,000",중구,5,0,11,19.05,,,787,11140,3
79,,2018,,,2022,청계 블루카운티,황학동,"37,000",중구,5,0,11,51.43,,,1720,11140,9
80,,2018,,,2022,동광팰리스,황학동,"25,200",중구,5,0,11,35.94,,,1572,11140,4
81,,2019,신규,22.05~24.05,2022,베네스트,황학동,"24,670",중구,5,0,12,36.97,,,855,11140,10
82,,2004,신규,22.06~24.06,2022,신당역올리브2,황학동,"25,000",중구,5,0,12,50.29,,,2484,11140,10
83,사용,2018,갱신,22.05~24.05,2022,청계 블루카운티,황학동,"33,600",중구,5,0,13,51.43,"32,000",,1720,11140,4
84,,2019,,,2022,베네스트,황학동,"25,200",중구,5,0,14,36.97,,,855,11140,11
85,,2021,,,2022,한양립스 이노와이즈,황학동,"1,000",중구,5,65,14,18.56,,,1257,11140,10
86,,2004,신규,22.05~23.05,2022,신당역올리브2,황학동,"2,000",중구,5,48,14,23.82,,,2484,11140,11
87,,2019,,,2022,베네스트,황학동,"24,750",중구,5,0,14,35.11,,,855,11140,10
88,,2019,,,2022,테인트리즈,황학동,"27,510",중구,5,0,15,38.26,,,1087,11140,3
89,,2013,신규,22.06~24.06,2022,한양 I-Class,황학동,"13,000",중구,5,0,16,19.05,,,787,11140,5
90,,2017,신규,22.07~24.07,2022,(1079),황학동,"31,000",중구,5,0,16,49.99,,,1079,11140,6
91,,2018,,,2022,청계 블루카운티,황학동,"39,000",중구,5,0,17,52.37,,,1720,11140,8
92,,2021,신규,22.06~24.06,2022,디아레나청계,황학동,"33,500",중구,5,0,18,35.42,,,1715,11140,4
93,사용,2018,갱신,22.06~24.06,2022,위너빌(Winnervill),황학동,"26,145",중구,5,0,18,35.56,"24,900",,1200,11140,3
94,,2003,신규,22.06~23.06,2022,중앙시티빌,황학동,"1,000",중구,5,60,18,25,,,805,11140,9
95,사용,2015,갱신,22.05~24.04,2022,골드캐슬Ⅰ,황학동,"22,000",중구,5,0,20,40.61,"21,000",,1725,11140,4
96,,2017,신규,22.07~24.07,2022,주건축물제1동,황학동,"43,000",중구,5,0,21,59.01,,,1452,11140,5
97,사용,2018,갱신,22.05~24.05,2022,청계 블루카운티,황학동,"33,600",중구,5,0,21,51.43,"32,000",,1720,11140,4
98,,2021,신규,22.06~24.06,2022,메트하임 신당역 오피스텔,황학동,"20,000",중구,5,0,23,22.31,,,1074-2,11140,5
99,,2014,신규,22.06~24.06,2022,DUO302,황학동,"1,000",중구,5,65,23,22.52,,,819,11140,6
100,,2021,신규,22.06~23.06,2022,한양립스 이노와이즈,황학동,"1,000",중구,5,75,25,21.72,,,1257,11140,10
101,,2018,,,2022,동광팰리스,황학동,"25,200",중구,5,0,25,36.6,,,1572,11140,3
102,,2003,신규,22.06~23.06,2022,중앙시티빌,황학동,"1,000",중구,5,60,26,25,,,805,11140,5
103,,2013,,,2022,한양 I-Class,황학동,"4,000",중구,5,30,26,19.05,,,787,11140,9
104,,2014,신규,22.07~23.07,2022,DUO302,황학동,"1,000",중구,5,65,27,22.52,,,819,11140,7
105,,,신규,22.05~23.05,2022,주건축물제1동,황학동,"1,000",중구,5,63,27,20.78,,,19,11140,5
106,사용,2018,갱신,22.05~24.05,2022,청계 블루카운티,황학동,"31,500",중구,5,0,28,52.37,"30,000",,1720,11140,9
107,,2013,,,2022,한양 I-Class,황학동,"6,900",중구,5,19,28,19.05,,,787,11140,9
108,,2014,신규,22.06~24.06,2022,아미인,황학동,"13,000",중구,5,0,30,18.62,,,836,11140,2
109,,2013,신규,22.07~24.07,2022,한양 I-Class,황학동,"13,500",중구,5,0,31,19.05,,,787,11140,4
110,사용,2016,갱신,22.07~23.07,2022,덕수궁롯데캐슬,순화동,"2,000",중구,5,110,31,41.14,"2,000",110,217,11140,5
111,,2005,신규,22.08~24.07,2022,바비엥-2,의주로1가,"20,000",중구,5,30,14,41.55,,,25-10,11140,16
112,,2005,갱신,22.08~24.08,2022,바비엥-2,의주로1가,"19,800",중구,5,13,23,29.23,"23,100",,25-10,11140,5
113,,2006,신규,22.06~24.06,2022,브라운스톤서울,중림동,"60,000",중구,5,0,6,62.82,,,355,11140,39
114,,2005,신규,22.06~24.06,2022,서울역 디오빌,만리동1가,"34,100",중구,5,0,21,56.17,,,62-7,11140,4
115,,2004,신규,22.06~24.06,2022,KCC 파크타운,만리동2가,"5,000",중구,5,150,13,66.47,,,11-1,11140,9
116,,2004,신규,22.06~24.06,2022,KCC 파크타운,만리동2가,"5,000",중구,5,150,13,66.47,,,11-1,11140,9
117,,2004,신규,22.05~22.09,2022,KCC 파크타운,만리동2가,"60,000",중구,5,0,19,66.47,,,11-1,11140,6
0,,2007,,,2022,명동 엠퍼스트플레이스,충무로2가,"21,000",중구,6,0,25,18.6,,,48-2,11140,10
1,,2007,신규,22.06~24.06,2022,명동 엠퍼스트플레이스,충무로2가,"20,000",중구,6,0,27,17.59,,,48-2,11140,3
2,,2007,신규,22.08~24.08,2022,명동 엠퍼스트플레이스,충무로2가,"24,000",중구,6,0,30,20.28,,,48-2,11140,10
3,,2016,신규,22.06~23.06,2022,충무로엘크루메트로시티2,충무로5가,"1,000",중구,6,70,3,23.03,,,36-2,11140,18
4,,2016,신규,22.07~23.07,2022,충무로엘크루메트로시티2,충무로5가,"10,000",중구,6,35,11,23.03,,,36-2,11140,12
5,,2016,신규,22.07~23.06,2022,충무로엘크루메트로시티2,충무로5가,"1,000",중구,6,70,18,23.03,,,36-2,11140,8
6,,2016,신규,22.07~24.07,2022,충무로엘크루메트로시티2,충무로5가,"18,000",중구,6,0,21,23.03,,,36-2,11140,20
7,,2016,신규,22.07~24.07,2022,충무로엘크루메트로시티2,충무로5가,"10,000",중구,6,35,24,23.03,,,36-2,11140,14
8,,2020,신규,22.08~24.08,2022,이지마루 충무로,충무로5가,"27,800",중구,6,0,24,35.57,,,36-19,11140,3
9,,2020,,,2022,이지마루 충무로,충무로5가,"27,300",중구,6,0,28,35.57,,,36-19,11140,6
10,,2021,갱신,22.08~23.08,2022,충무로역 스위트엠,묵정동,"2,000",중구,6,77,14,18.57,"2,000",75,32-5,11140,8
11,,2021,,,2022,충무로역 스위트엠,묵정동,"1,000",중구,6,75,21,18.57,,,32-5,11140,6
12,,2021,신규,,2022,충무로역 스위트엠,묵정동,"5,000",중구,6,60,28,18.57,,,32-5,11140,10
13,,1999,신규,22.08~23.07,2022,광희동금호트윈 오피스텔,광희동1가,500,중구,6,45,20,19.8,,,89-1,11140,11
14,,1999,신규,22.08~23.07,2022,광희동금호트윈 오피스텔,광희동1가,500,중구,6,45,21,19.8,,,89-1,11140,7
15,,2020,신규,22.06~23.06,2022,남산 오렌지카운티,쌍림동,"2,000",중구,6,70,10,18.49,,,106-14,11140,10
16,,2020,신규,22.07~24.07,2022,남산 오렌지카운티,쌍림동,"22,000",중구,6,0,21,18.49,,,106-14,11140,6
17,,2020,신규,22.07~23.07,2022,남산 오렌지카운티,쌍림동,"1,000",중구,6,74,29,18.49,,,106-14,11140,10
18,,2019,신규,22.07~24.07,2022,동원스위트을지,을지로6가,"26,550",중구,6,0,10,36.89,,,48,11140,6
19,,2003,신규,22.07~23.07,2022,코업레지던스,을지로6가,500,중구,6,45,25,15.94,,,32,11140,2
20,,2022,,,2022,남산 센트럴시티 투웨니퍼스트,오장동,"21,500",중구,6,0,6,18.21,,,148-16,11140,12
21,,2022,신규,22.06~24.06,2022,남산 센트럴시티 투웨니퍼스트,오장동,"21,500",중구,6,0,6,18.21,,,148-16,11140,10
22,,2022,신규,22.07~24.07,2022,남산 센트럴시티 투웨니퍼스트,오장동,"20,000",중구,6,0,23,18.28,,,148-16,11140,16
23,,2022,신규,22.07~24.07,2022,남산 센트럴시티 투웨니퍼스트,오장동,"21,000",중구,6,0,30,18.28,,,148-16,11140,4
24,,2013,신규,22.07~24.07,2022,엘크루 메트로시티,충무로3가,"24,000",중구,6,0,7,26.65,,,49,11140,8
25,,2013,신규,22.07~24.07,2022,엘크루 메트로시티,충무로3가,"23,000",중구,6,0,20,29.78,,,49,11140,8
26,,2013,신규,22.07~23.07,2022,엘크루 메트로시티,충무로3가,"1,000",중구,6,95,25,28.94,,,49,11140,13
27,,2013,신규,22.08~24.08,2022,엘크루 메트로시티,충무로3가,"28,000",중구,6,0,27,36.72,,,49,11140,12
28,,2013,신규,22.08~24.08,2022,엘크루 메트로시티,충무로3가,"23,100",중구,6,0,29,28.1,,,49,11140,12
29,사용,2018,갱신,22.06~24.06,2022,제이매크로 타워,저동2가,"18,900",중구,6,0,13,22.6,"18,000",,7-2,11140,8
30,,2018,,,2022,제이매크로 타워,저동2가,"20,948",중구,6,0,20,22.6,,,7-2,11140,13
31,,2018,,,2022,제이매크로 타워,저동2가,"19,950",중구,6,0,26,22.6,,,7-2,11140,12
32,,2015,,,2022,남산더힐B동,신당동,"2,900",중구,6,90,4,36.97,,,420-23,11140,7
33,,2021,신규,22.06~24.06,2022,(372-49),신당동,"20,000",중구,6,0,7,20.34,,,372-49,11140,8
34,,2020,신규,22.06~23.06,2022,스페이스민,신당동,"1,000",중구,6,85,7,20.08,,,247-8,11140,10
35,,2014,신규,22.07~24.07,2022,신당아르브,신당동,"10,000",중구,6,30,7,21.31,,,160-5,11140,13
36,,2015,,,2022,남산더힐A동,신당동,"26,250",중구,6,0,7,34.71,,,420-17,11140,6
37,,2014,,,2022,신당아르브,신당동,"17,500",중구,6,0,7,21.31,,,160-5,11140,17
38,,2018,신규,22.06~23.06,2022,대현프리몰,신당동,"1,000",중구,6,81,9,25.58,,,421-1,11140,3
39,,2014,,,2022,신당아르브,신당동,"1,000",중구,6,68,9,21.31,,,160-5,11140,10
40,,2021,신규,22.06~23.06,2022,(372-49),신당동,"3,000",중구,6,70,10,20.34,,,372-49,11140,4
41,,2020,,,2022,은수빌딩,신당동,"16,800",중구,6,0,11,20.19,,,120-1,11140,13
42,,2018,신규,22.07~24.07,2022,대현프리몰,신당동,"1,000",중구,6,86,13,26.37,,,421-1,11140,8
43,,2018,신규,22.07~24.06,2022,대현프리몰,신당동,"1,000",중구,6,83,13,25.58,,,421-1,11140,8
44,,2020,신규,22.09~24.09,2022,은수빌딩,신당동,"14,700",중구,6,0,13,17.22,,,120-1,11140,10
45,,2018,신규,22.06~23.06,2022,대현프리몰,신당동,"1,000",중구,6,83,13,25.58,,,421-1,11140,5
46,사용,2018,갱신,22.07~24.07,2022,대현프리몰,신당동,"1,000",중구,6,70,13,21.37,"1,000",67,421-1,11140,6
47,,2018,신규,22.07~24.07,2022,대현프리몰,신당동,"1,000",중구,6,87,15,27.32,,,421-1,11140,6
48,,2016,,,2022,신당역솔하임,신당동,"18,500",중구,6,0,15,18.8,,,140-23,11140,5
49,,2020,신규,22.06~23.06,2022,스페이스민,신당동,"1,000",중구,6,90,16,20.53,,,247-8,11140,10
50,,2020,신규,22.06~24.06,2022,스페이스민,신당동,"2,000",중구,6,76,16,20.53,,,247-8,11140,6
51,사용,2020,갱신,22.09~23.04,2022,은수빌딩,신당동,"14,700",중구,6,0,17,17.22,"14,000",,120-1,11140,12
52,,2018,신규,22.06~24.06,2022,대현프리몰,신당동,"1,000",중구,6,73,17,21.37,,,421-1,11140,7
53,,2018,신규,22.07~24.07,2022,대현프리몰,신당동,"1,000",중구,6,69,17,18.18,,,421-1,11140,7
54,,2018,신규,22.07~24.07,2022,대현프리몰,신당동,"1,000",중구,6,69,20,18.18,,,421-1,11140,8
55,,2020,신규,22.06~23.06,2022,스페이스민,신당동,"1,000",중구,6,93,22,20.53,,,247-8,11140,12
56,,2020,신규,22.06~23.06,2022,스페이스민,신당동,"1,000",중구,6,85,23,20.08,,,247-8,11140,8
57,,2020,신규,22.06~23.06,2022,스페이스민,신당동,"1,000",중구,6,80,24,20.53,,,247-8,11140,3
58,,2014,,,2022,신당아르브,신당동,"2,000",중구,6,60,25,21.31,,,160-5,11140,9
59,,2020,신규,22.07~23.07,2022,스페이스민,신당동,"1,000",중구,6,80,25,20.08,,,247-8,11140,4
60,,2020,신규,22.06~23.06,2022,스페이스민,신당동,"1,000",중구,6,80,27,20.54,,,247-8,11140,3
61,,2020,신규,22.07~23.07,2022,(251-73),신당동,"1,000",중구,6,90,28,18.7,,,251-73,11140,4
62,,2020,신규,22.07~23.07,2022,스페이스민,신당동,"2,000",중구,6,79,28,20.08,,,247-8,11140,4
63,,2018,신규,22.08~23.08,2022,아리스타 에스디,신당동,"1,000",중구,6,79,29,18.7,,,160-1,11140,12
64,,2018,신규,22.07~24.07,2022,대현프리몰,신당동,"1,000",중구,6,83,30,25.58,,,421-1,11140,6
65,,2018,신규,22.07~24.07,2022,대현프리몰,신당동,"1,000",중구,6,69,30,18.18,,,421-1,11140,5
66,,2014,신규,22.06~23.08,2022,동대문 와이즈 캐슬,흥인동,"1,000",중구,6,65,11,19.92,,,119,11140,7
67,,2013,신규,22.07~23.07,2022,(91),흥인동,"1,000",중구,6,63,15,21.88,,,91,11140,7
68,,2018,갱신,,2022,위더스하임,흥인동,"2,000",중구,6,120,15,24.48,"2,000",120,142-1,11140,6
69,사용,2013,갱신,22.07~23.07,2022,(91),흥인동,"14,700",중구,6,0,16,21.88,"14,000",,91,11140,7
70,,2018,,,2022,위더스하임,흥인동,"26,129",중구,6,0,18,29.76,,,142-1,11140,4
71,,2013,신규,22.08~23.08,2022,(91),흥인동,"1,000",중구,6,60,20,21.88,,,91,11140,7
72,,2014,신규,22.06~23.06,2022,동대문 와이즈 캐슬,흥인동,"1,000",중구,6,65,24,19.92,,,119,11140,7
73,,2014,신규,22.07~23.07,2022,동대문 와이즈 캐슬,흥인동,"1,000",중구,6,65,27,19.92,,,119,11140,3
74,,2016,,,2022,리마크빌 동대문,흥인동,"1,500",중구,6,101,30,35.16,,,86,11140,9
75,,2014,,,2022,동대문 와이즈 캐슬,흥인동,"23,000",중구,6,0,30,28.6,,,119,11140,2
76,,2019,,,2022,유진빌딩,무학동,"3,000",중구,6,56,20,16.05,,,7-1,11140,5
77,,2016,,,2022,해비치,황학동,"1,000",중구,6,100,2,37.09,,,1834,11140,3
78,,2017,갱신,22.06~23.01,2022,(1079),황학동,"24,500",중구,6,0,3,42.19,"24,500",,1079,11140,6
79,,2018,갱신,22.07~24.07,2022,청계 블루카운티,황학동,"31,500",중구,6,0,5,51.43,"30,000",,1720,11140,6
80,,2018,신규,22.07~24.07,2022,청계 블루카운티,황학동,"3,000",중구,6,130,5,51.43,,,1720,11140,7
81,사용,2019,갱신,22.07~23.07,2022,베네스트,황학동,"24,500",중구,6,0,6,35.11,"23,500",,855,11140,6
82,,2003,신규,22.07~24.07,2022,중앙시티빌,황학동,"11,000",중구,6,0,7,25,,,805,11140,13
83,,2017,신규,22.07~24.07,2022,주건축물제1동,황학동,"2,000",중구,6,120,8,41.58,,,1452,11140,6
84,,2003,신규,22.06~23.06,2022,중앙시티빌,황학동,"1,000",중구,6,60,9,25,,,805,11140,9
85,,2018,신규,22.06~24.06,2022,동광팰리스,황학동,"25,000",중구,6,0,9,36.41,,,1572,11140,4
86,,2018,,,2022,동광팰리스,황학동,"25,000",중구,6,0,9,36.41,,,1572,11140,4
87,,2013,신규,22.07~24.07,2022,한양 I-Class,황학동,"18,000",중구,6,0,10,19.05,,,787,11140,9
88,,2021,,,2022,다베로,황학동,"31,500",중구,6,0,11,27.17,,,970,11140,5
89,,2014,신규,22.07~23.07,2022,DUO302,황학동,"1,000",중구,6,65,13,22.52,,,819,11140,2
90,사용,2018,갱신,22.07~24.07,2022,동광팰리스,황학동,"25,200",중구,6,0,14,36.41,"24,000",,1572,11140,5
91,,2021,,22.06~24.06,2022,다베로,황학동,"34,000",중구,6,0,14,27.69,,,970,11140,7
92,,2004,신규,22.06~23.06,2022,신당역올리브2,황학동,500,중구,6,60,14,23.82,,,2484,11140,9
93,,2018,,,2022,벨로하우스황학,황학동,"23,100",중구,6,0,14,34.12,,,1565,11140,5
94,,2004,신규,22.06~23.06,2022,올리브1,황학동,"1,000",중구,6,60,15,25.05,,,808,11140,14
95,,2003,신규,22.06~23.06,2022,중앙시티빌,황학동,"1,000",중구,6,55,15,25.5,,,805,11140,5
96,,2021,,,2022,디아레나청계,황학동,"33,000",중구,6,0,17,36.31,,,1715,11140,8
97,,2013,신규,22.06~23.06,2022,한양 I-Class,황학동,"1,000",중구,6,60,18,19.05,,,787,11140,4
98,,2013,갱신,22.06~24.06,2022,한양 I-Class,황학동,"12,800",중구,6,0,18,19.05,"13,000",,787,11140,8
99,,2003,신규,22.07~23.07,2022,중앙시티빌,황학동,"2,000",중구,6,65,18,31.04,,,805,11140,5
100,,2016,신규,22.08~24.08,2022,하늘드리움2차,황학동,"25,900",중구,6,0,20,38.32,,,876,11140,6
101,,2014,신규,22.07~23.07,2022,DUO302,황학동,"1,000",중구,6,65,20,22.52,,,819,11140,8
102,,2004,신규,22.07~23.08,2022,올리브1,황학동,"2,000",중구,6,60,23,23.73,,,808,11140,4
103,,2004,신규,22.08~23.08,2022,올리브1,황학동,"3,000",중구,6,300,23,25.05,,,808,11140,6
104,,2019,,,2022,황학동 1931 주거복합 시설,황학동,"28,850",중구,6,0,23,49.25,,,1930,11140,8
105,,2004,신규,22.07~24.07,2022,올리브1,황학동,"1,000",중구,6,55,23,25.05,,,808,11140,6
106,사용,2018,갱신,22.08~24.08,2022,벨로하우스황학,황학동,"20,895",중구,6,0,25,26.47,"19,900",,1565,11140,5
107,사용,2018,갱신,22.09~24.09,2022,벨로하우스황학,황학동,"20,370",중구,6,0,25,26.47,"19,400",,1565,11140,6
108,,2013,갱신,22.07~23.07,2022,한양 I-Class,황학동,"1,000",중구,6,60,25,19.05,"3,000",45,787,11140,3
109,,2004,신규,22.09~23.09,2022,올리브1,황학동,500,중구,6,65,27,25.05,,,808,11140,15
110,,1999,갱신,,2022,(505),황학동,"1,000",중구,6,42,27,28.86,"1,000",40,505,11140,4
111,,2013,신규,22.07~24.07,2022,한양 I-Class,황학동,500,중구,6,60,28,19.05,,,787,11140,5
112,,2015,신규,22.06~23.06,2022,골드캐슬Ⅰ,황학동,"1,000",중구,6,50,28,17.71,,,1725,11140,6
113,사용,2019,갱신,,2022,소미골드라인,황학동,"23,000",중구,6,0,28,33.58,"23,000",,951,11140,2
114,,2017,,,2022,(1079),황학동,"6,000",중구,6,85,29,46.03,,,1079,11140,3
115,,2017,신규,22.06~24.06,2022,주건축물제1동,황학동,"41,000",중구,6,0,30,57.81,,,1452,11140,10
116,,2013,신규,22.07~23.07,2022,한양 I-Class,황학동,500,중구,6,60,30,19.05,,,787,11140,2
117,,2005,신규,22.06~23.05,2022,바비엥-2,의주로1가,"9,000",중구,6,45,1,29.48,,,25-10,11140,16
118,,2005,신규,22.07~24.07,2022,바비엥-2,의주로1가,"27,000",중구,6,0,11,40.22,,,25-10,11140,10
119,,2006,신규,22.07~24.07,2022,브라운스톤서울,중림동,"60,000",중구,6,0,4,68.04,,,355,11140,23
120,,2006,신규,22.07~24.07,2022,브라운스톤서울,중림동,"60,000",중구,6,0,30,62.82,,,355,11140,5
121,,2020,,,2022,하람휴,만리동1가,"2,000",중구,6,115,11,28.82,,,32-1,11140,12
122,사용,2005,갱신,22.06~24.06,2022,서울역 디오빌,만리동1가,"39,900",중구,6,0,12,56.17,"38,000",,62-7,11140,2
123,,2004,신규,22.06~24.06,2022,KCC 파크타운,만리동2가,"24,000",중구,6,0,5,32.02,,,11-1,11140,3
124,,2004,신규,22.06~24.06,2022,KCC 파크타운,만리동2가,"60,000",중구,6,0,6,66.47,,,11-1,11140,10
125,,2004,신규,22.08~24.08,2022,KCC 파크타운,만리동2가,"50,000",중구,6,0,16,66.47,,,11-1,11140,11
0,,2007,신규,22.07~23.07,2022,명동 엠퍼스트플레이스,충무로2가,"3,000",중구,7,67,8,17.59,,,48-2,11140,8
1,,2007,,,2022,명동 엠퍼스트플레이스,충무로2가,"1,000",중구,7,74,15,18.6,,,48-2,11140,10
2,사용,2007,갱신,22.08~23.08,2022,명동 엠퍼스트플레이스,충무로2가,"6,000",중구,7,48,21,21.52,"6,000",45,48-2,11140,4
3,,2007,갱신,22.07~23.07,2022,명동 엠퍼스트플레이스,충무로2가,"4,000",중구,7,68,21,20.28,"4,000",65,48-2,11140,4
4,,2007,,,2022,명동 엠퍼스트플레이스,충무로2가,"19,900",중구,7,0,23,18.6,,,48-2,11140,11
5,,2007,,,2022,명동 엠퍼스트플레이스,충무로2가,"1,000",중구,7,74,26,18.6,,,48-2,11140,3
6,,2016,신규,22.07~23.07,2022,충무로엘크루메트로시티2,충무로5가,"1,000",중구,7,70,2,23.03,,,36-2,11140,7
7,,2020,신규,22.08~24.08,2022,이지마루 충무로,충무로5가,"27,500",중구,7,0,4,35.57,,,36-19,11140,3
8,,2020,신규,22.08~24.08,2022,이지마루 충무로,충무로5가,"27,000",중구,7,0,23,35.57,,,36-19,11140,6
9,,2016,신규,22.08~23.08,2022,충무로엘크루메트로시티2,충무로5가,"1,000",중구,7,72,26,23.03,,,36-2,11140,7
10,사용,2016,갱신,22.08~24.08,2022,충무로엘크루메트로시티2,충무로5가,"18,000",중구,7,0,30,23.03,"17,300",,36-2,11140,14
11,,2021,신규,22.07~23.07,2022,충무로역 스위트엠,묵정동,"1,000",중구,7,80,11,18.57,,,32-5,11140,7
12,,2021,신규,22.07~23.07,2022,충무로역 스위트엠,묵정동,"1,000",중구,7,100,16,18.57,,,32-5,11140,13
13,,2022,신규,22.08~24.08,2022,동대문D플레이스,광희동1가,"26,500",중구,7,0,30,24.34,,,145-2,11140,11
14,,2020,신규,22.07~23.07,2022,남산 오렌지카운티,쌍림동,"2,000",중구,7,70,14,18.49,,,106-14,11140,10
15,,2019,,,2022,을지 웰 라이프,을지로4가,"27,300",중구,7,0,13,32.63,,,187-9,11140,8
16,,2003,신규,22.08~23.08,2022,정건벨라지오오피스텔,을지로5가,"12,000",중구,7,0,26,21.94,,,20-1,11140,12
17,,2005,신규,22.07~23.07,2022,대성을지로오피스텔,을지로5가,500,중구,7,70,27,25.49,,,77-2,11140,8
18,,2020,신규,22.07~23.07,2022,오렌지카운티을지로,오장동,"1,000",중구,7,70,5,18.36,,,145-1,11140,6
19,,2013,갱신,22.08~23.08,2022,엘크루 메트로시티,충무로3가,"10,000",중구,7,54,4,29.46,"10,000",48,49,11140,7
20,,2013,신규,22.08~24.08,2022,엘크루 메트로시티,충무로3가,"28,000",중구,7,0,9,36.72,,,49,11140,10
21,,2013,신규,22.08~23.08,2022,엘크루 메트로시티,충무로3가,"1,000",중구,7,80,29,26.78,,,49,11140,12
22,,2018,,,2022,제이매크로 타워,저동2가,"3,400",중구,7,76,5,22.47,,,7-2,11140,3
23,,2018,,,2022,제이매크로 타워,저동2가,"1,000",중구,7,79,6,19.35,,,7-2,11140,6
24,,2018,,,2022,제이매크로 타워,저동2가,"17,640",중구,7,0,18,19.35,,,7-2,11140,5
25,,2018,,,2022,제이매크로 타워,저동2가,"19,950",중구,7,0,18,22.47,,,7-2,11140,12
26,,2018,신규,22.07~23.07,2022,제이매크로 타워,저동2가,"18,000",중구,7,0,19,19.35,,,7-2,11140,4
27,,2018,,,2022,제이매크로 타워,저동2가,"17,500",중구,7,0,19,19.35,,,7-2,11140,3
28,,2018,,,2022,제이매크로 타워,저동2가,"19,800",중구,7,0,23,19.35,,,7-2,11140,9
29,,2018,,,2022,제이매크로 타워,저동2가,"20,000",중구,7,0,28,19.35,,,7-2,11140,13
30,,2018,신규,22.07~23.07,2022,아리스타 에스디,신당동,"1,000",중구,7,74,1,18.7,,,160-1,11140,4
31,,2018,신규,22.07~24.07,2022,대현프리몰,신당동,"1,000",중구,7,67,1,18.18,,,421-1,11140,3
32,,2021,신규,22.07~23.07,2022,(372-49),신당동,"1,000",중구,7,80,2,20.76,,,372-49,11140,8
33,,2004,,,2022,JK오피스텔,신당동,"6,000",중구,7,22,5,22.75,,,353-22,11140,5
34,,2004,,,2022,신당동 오피스텔,신당동,"1,000",중구,7,30,8,14.06,,,294-64,11140,4
35,사용,2020,갱신,22.08~24.08,2022,은수빌딩,신당동,"16,800",중구,7,0,8,20.19,"16,000",,120-1,11140,11
36,,2014,신규,22.07~23.07,2022,신당아르브,신당동,"1,000",중구,7,65,8,21.31,,,160-5,11140,10
37,,2014,,,2022,신당아르브,신당동,"17,500",중구,7,0,9,21.31,,,160-5,11140,17
38,,2018,,,2022,아리스타 에스디,신당동,"1,000",중구,7,75,9,18.66,,,160-1,11140,5
39,,2018,신규,22.07~24.07,2022,대현프리몰,신당동,"1,000",중구,7,83,10,25.58,,,421-1,11140,4
40,사용,2020,갱신,22.09~24.09,2022,은수빌딩,신당동,"16,800",중구,7,0,11,20.19,"16,000",,120-1,11140,10
41,,2018,신규,22.08~24.08,2022,대현프리몰,신당동,"1,000",중구,7,71,11,21.37,,,421-1,11140,3
42,,2020,신규,22.07~23.07,2022,스페이스민,신당동,"1,000",중구,7,85,12,20.53,,,247-8,11140,7
43,,2020,,,2022,은수빌딩,신당동,"16,800",중구,7,0,13,20.19,,,120-1,11140,10
44,,2021,신규,22.08~24.08,2022,(372-49),신당동,"20,000",중구,7,0,13,20.34,,,372-49,11140,8
45,,2016,신규,22.08~23.08,2022,신당역솔하임,신당동,"1,000",중구,7,75,14,18.8,,,140-23,11140,13
46,사용,2018,갱신,22.08~23.07,2022,아리스타 에스디,신당동,"5,000",중구,7,63,14,18.66,"5,000",59,160-1,11140,13
47,,2004,,,2022,JK오피스텔,신당동,"9,975",중구,7,0,15,25.91,,,353-22,11140,3
48,,2015,,,2022,승리빌딩,신당동,"3,000",중구,7,60,20,21.09,,,309-45,11140,6
49,,2018,,,2022,아리스타 에스디,신당동,"1,000",중구,7,79,22,18.66,,,160-1,11140,10
50,,2020,신규,22.07~23.07,2022,(251-10),신당동,"2,000",중구,7,100,22,25.25,,,251-10,11140,4
51,,2020,,,2022,은수빌딩,신당동,"14,700",중구,7,0,23,17.22,,,120-1,11140,10
52,,2018,신규,22.08~24.08,2022,대현프리몰,신당동,"1,000",중구,7,73,26,21.37,,,421-1,11140,6
53,사용,2015,갱신,22.07~23.12,2022,승리빌딩,신당동,"11,000",중구,7,0,26,22.81,"11,000",,309-45,11140,4
54,사용,2020,갱신,22.08~24.08,2022,은수빌딩,신당동,"16,800",중구,7,0,27,20.19,"16,000",,120-1,11140,13
55,,2018,신규,22.08~24.08,2022,대현프리몰,신당동,"1,000",중구,7,87,28,27.32,,,421-1,11140,7
56,사용,2018,갱신,22.08~24.08,2022,대현프리몰,신당동,"1,000",중구,7,65,28,18.18,"1,000",62,421-1,11140,3
57,,2018,신규,22.08~23.08,2022,대현프리몰,신당동,"1,000",중구,7,86,28,26.37,,,421-1,11140,7
58,사용,2018,갱신,22.08~24.08,2022,대현프리몰,신당동,"1,000",중구,7,70,28,21.37,"1,000",67,421-1,11140,5
59,,2018,신규,22.08~24.08,2022,대현프리몰,신당동,"1,000",중구,7,81,28,26.37,,,421-1,11140,3
60,,2018,신규,22.08~24.08,2022,대현프리몰,신당동,"1,000",중구,7,85,28,26.37,,,421-1,11140,5
61,사용,2020,갱신,22.08~24.08,2022,은수빌딩,신당동,"16,800",중구,7,0,28,20.19,"16,000",,120-1,11140,9
62,,2016,신규,22.08~24.08,2022,신당역솔하임,신당동,"1,000",중구,7,78,28,20.69,,,140-23,11140,8
63,사용,2020,갱신,22.08~24.08,2022,은수빌딩,신당동,"16,800",중구,7,0,28,20.19,"16,000",,120-1,11140,12
64,,2016,신규,22.09~24.09,2022,신당역솔하임,신당동,"1,000",중구,7,75,28,20.69,,,140-23,11140,12
65,,2018,신규,22.09~23.09,2022,아리스타 에스디,신당동,"1,000",중구,7,73,29,18.66,,,160-1,11140,8
66,,2016,신규,22.08~23.08,2022,신당역솔하임,신당동,"2,000",중구,7,70,30,18.8,,,140-23,11140,12
67,,2014,신규,22.07~24.07,2022,동대문 와이즈 캐슬,흥인동,"15,000",중구,7,0,4,21.35,,,119,11140,7
68,,2014,,,2022,동대문 와이즈 캐슬,흥인동,"1,000",중구,7,65,8,19.92,,,119,11140,6
69,,2014,신규,22.09~23.09,2022,청계천 두산위브더제니스,흥인동,"4,000",중구,7,89,12,35.77,,,13-1,11140,23
70,,2016,,,2022,리마크빌 동대문,흥인동,"1,000",중구,7,79,12,24.65,,,86,11140,12
71,,2014,갱신,22.08~24.08,2022,동대문 와이즈 캐슬,흥인동,"14,500",중구,7,2,14,19.92,"14,500",,119,11140,3
72,사용,2018,갱신,22.08~24.08,2022,위더스하임,흥인동,"26,250",중구,7,0,21,29.76,"25,000",,142-1,11140,3
73,,2014,신규,22.08~23.08,2022,동대문 와이즈 캐슬,흥인동,"1,000",중구,7,60,25,19.92,,,119,11140,3
74,,2014,신규,22.08~24.08,2022,청계천 두산위브더제니스,흥인동,"38,000",중구,7,0,26,46.74,,,13-1,11140,18
75,,2014,신규,22.10~24.10,2022,청계천 두산위브더제니스,흥인동,"105,000",중구,7,0,29,46.74,,,13-1,11140,19
76,,2004,신규,22.07~23.07,2022,올리브1,황학동,"1,000",중구,7,55,1,25.05,,,808,11140,11
77,,2014,신규,22.09~23.09,2022,DUO302,황학동,"1,000",중구,7,65,1,22.52,,,819,11140,15
78,,2018,,,2022,청계 블루카운티,황학동,"30,450",중구,7,0,2,51.43,,,1720,11140,5
79,,2019,,,2022,소미골드라인,황학동,"26,565",중구,7,0,2,36.31,,,951,11140,2
80,,2017,신규,22.08~24.08,2022,주건축물제1동,황학동,"29,000",중구,7,0,3,41.58,,,1452,11140,2
81,,2003,신규,22.07~23.07,2022,중앙시티빌,황학동,"2,000",중구,7,55,5,24.99,,,805,11140,10
82,,2018,신규,22.09~24.08,2022,청계 블루카운티,황학동,"35,000",중구,7,0,6,51.43,,,1720,11140,10
83,,2016,신규,22.08~23.08,2022,하늘드리움2차,황학동,"1,000",중구,7,150,7,38.32,,,876,11140,3
84,,2014,신규,22.07~24.07,2022,DUO302,황학동,"16,000",중구,7,0,8,22.52,,,819,11140,18
85,,,신규,22.08~24.08,2022,밸류 에스엘,황학동,"27,000",중구,7,0,8,43.56,,,1496,11140,4
86,,2018,,,2022,골드캐슬Ⅳ,황학동,"33,000",중구,7,0,9,54.47,,,1733,11140,3
87,,2014,,,2022,DUO302,황학동,"1,000",중구,7,63,9,22.52,,,819,11140,3
88,,2013,신규,22.07~23.07,2022,한양 I-Class,황학동,500,중구,7,60,11,19.05,,,787,11140,2
89,,2015,신규,22.07~24.07,2022,(1546),황학동,"24,000",중구,7,0,11,40.74,,,1546,11140,4
90,,2021,신규,22.07~23.07,2022,한양립스 이노와이즈,황학동,"1,000",중구,7,140,11,36.07,,,1257,11140,7
91,,2004,,,2022,올리브1,황학동,"1,000",중구,7,55,11,25.05,,,808,11140,8
92,,2021,,,2022,한양립스 이노와이즈,황학동,"1,000",중구,7,70,12,21.72,,,1257,11140,5
93,,2014,,,2022,다올노블리움A동,황학동,"26,100",중구,7,0,13,44.8,,,1744,11140,6
94,,2014,,,2022,다올노블리움A동,황학동,"25,200",중구,7,0,13,44.8,,,1744,11140,6
95,,2004,신규,22.08~23.08,2022,올리브1,황학동,"2,000",중구,7,80,13,25.05,,,808,11140,2
96,,2004,신규,22.07~23.07,2022,올리브1,황학동,500,중구,7,70,13,25.05,,,808,11140,3
97,,2004,신규,22.08~23.08,2022,올리브1,황학동,500,중구,7,60,13,25.05,,,808,11140,7
98,사용,2015,갱신,22.07~24.07,2022,골드캐슬Ⅰ,황학동,"20,000",중구,7,0,14,40.87,"20,000",,1725,11140,6
99,,2018,신규,22.09~24.09,2022,벨로하우스황학,황학동,"18,165",중구,7,0,14,26.47,,,1565,11140,4
100,,2020,신규,22.07~24.07,2022,케렌시아청계,황학동,"32,000",중구,7,0,15,29.98,,,1749,11140,5
101,,2021,신규,22.08~24.08,2022,메트하임 신당역 오피스텔,황학동,"37,900",중구,7,0,15,40.47,,,1074-2,11140,12
102,,2020,신규,22.08~24.08,2022,케렌시아청계,황학동,"32,000",중구,7,0,15,29.98,,,1749,11140,6
103,,2014,,,2022,아미인,황학동,"17,000",중구,7,0,16,24.15,,,836,11140,7
104,,2003,신규,22.07~23.07,2022,중앙시티빌,황학동,"1,000",중구,7,55,16,25,,,805,11140,3
105,,2013,신규,22.08~24.08,2022,한양 I-Class,황학동,"13,500",중구,7,0,18,19.05,,,787,11140,7
106,,2018,,,2022,벨로하우스황학,황학동,"23,100",중구,7,0,18,33.98,,,1565,11140,5
107,,,,,2022,주건축물제1동,황학동,"15,500",중구,7,0,19,20.78,,,19,11140,6
108,,,,,2022,주건축물제1동,황학동,"15,500",중구,7,0,19,20.78,,,19,11140,6
109,,2018,,,2022,벨로하우스황학,황학동,"24,670",중구,7,0,20,34.9,,,1565,11140,6
110,,2017,신규,22.09~24.09,2022,주건축물제1동,황학동,"43,000",중구,7,0,20,59.01,,,1452,11140,11
111,,2004,신규,22.07~23.07,2022,신당역올리브2,황학동,500,중구,7,60,21,23.82,,,2484,11140,6
112,,2018,신규,22.08~24.08,2022,청계 블루카운티,황학동,"22,000",중구,7,0,23,25.04,,,1720,11140,9
113,,2017,,,2022,(2022),황학동,"23,150",중구,7,0,23,42.53,,,2022,11140,6
114,,2018,신규,22.08~24.08,2022,동광팰리스,황학동,"28,300",중구,7,0,24,35.94,,,1572,11140,3
115,,2017,,,2022,골드캐슬Ⅲ,황학동,"27,300",중구,7,0,25,40.31,,,1743,11140,3
116,,2014,갱신,22.07~23.07,2022,DUO302,황학동,"1,968",중구,7,65,25,22.52,"1,000",65,819,11140,12
117,사용,2018,갱신,22.07~24.05,2022,동광팰리스,황학동,"24,000",중구,7,0,25,36.6,"24,000",,1572,11140,6
118,,2021,신규,22.09~24.09,2022,다베로,황학동,"32,800",중구,7,0,26,27.69,,,970,11140,6
119,,2004,신규,22.07~23.07,2022,올리브1,황학동,"1,000",중구,7,65,28,25.05,,,808,11140,15
120,,2016,신규,22.08~24.08,2022,해비치,황학동,"25,000",중구,7,0,29,37.09,,,1834,11140,4
121,,2013,신규,22.07~23.07,2022,한양 I-Class,황학동,"3,000",중구,7,50,30,19.05,,,787,11140,12
122,,2014,갱신,22.07~24.07,2022,블루카운티Ⅱ,황학동,"30,000",중구,7,0,31,48.42,"30,000",,1628,11140,5
123,,2005,신규,22.09~24.09,2022,바비엥-2,의주로1가,"55,000",중구,7,0,2,78.15,,,25-10,11140,11
124,사용,2005,갱신,22.07~24.07,2022,바비엥-2,의주로1가,"21,000",중구,7,0,8,44.48,"20,000",,25-10,11140,10
125,,2005,갱신,22.08~24.08,2022,바비엥-2,의주로1가,"23,000",중구,7,0,18,29.48,"22,500",,25-10,11140,13
126,,2005,신규,22.09~24.09,2022,서울역 디오빌,만리동1가,"30,000",중구,7,35,9,56.17,,,62-7,11140,6
127,,2020,,,2022,하람휴,만리동1가,"10,000",중구,7,100,19,28.39,,,32-1,11140,13
128,,2005,,,2022,서울역 디오빌,만리동1가,"1,000",중구,7,75,25,27.7,,,62-7,11140,4
129,,2005,신규,22.08~23.08,2022,서울역 디오빌,만리동1가,"1,000",중구,7,75,27,27.7,,,62-7,11140,6
130,,2004,신규,22.08~24.08,2022,KCC 파크타운,만리동2가,"44,000",중구,7,0,2,66.47,,,11-1,11140,3
131,사용,2004,갱신,22.11~24.11,2022,KCC 파크타운,만리동2가,"42,000",중구,7,0,13,66.47,"40,000",,11-1,11140,13
132,,2004,신규,22.08~24.08,2022,KCC 파크타운,만리동2가,"30,000",중구,7,0,13,66.47,,,11-1,11140,9
133,,2004,신규,22.10~24.10,2022,KCC 파크타운,만리동2가,"6,000",중구,7,50,15,32.02,,,11-1,11140,2
0,,2007,,,2022,명동 엠퍼스트플레이스,충무로2가,"19,950",중구,8,0,1,18.6,,,48-2,11140,2
1,,2007,,,2022,명동 엠퍼스트플레이스,충무로2가,"2,000",중구,8,80,2,20.28,,,48-2,11140,8
2,,2007,,,2022,명동 엠퍼스트플레이스,충무로2가,"3,000",중구,8,64,5,18.6,,,48-2,11140,8
3,,2007,신규,22.09~23.09,2022,명동 엠퍼스트플레이스,충무로2가,"2,000",중구,8,75,12,18.6,,,48-2,11140,11
4,,2007,,,2022,명동 엠퍼스트플레이스,충무로2가,"1,000",중구,8,74,13,18.6,,,48-2,11140,6
5,,2007,,,2022,명동 엠퍼스트플레이스,충무로2가,"1,000",중구,8,84,19,20.28,,,48-2,11140,8
6,,2007,신규,22.08~24.08,2022,명동 엠퍼스트플레이스,충무로2가,"21,000",중구,8,0,23,18.6,,,48-2,11140,12
7,,2007,,,2022,명동 엠퍼스트플레이스,충무로2가,"19,900",중구,8,0,23,18.6,,,48-2,11140,11
8,,2007,신규,22.09~24.09,2022,명동 엠퍼스트플레이스,충무로2가,"22,000",중구,8,0,26,20.28,,,48-2,11140,8
9,,2007,,,2022,명동 엠퍼스트플레이스,충무로2가,"5,000",중구,8,0,29,41.29,,,48-2,11140,12
10,,2016,신규,22.09~23.09,2022,충무로엘크루메트로시티2,충무로5가,"3,000",중구,8,60,6,23.03,,,36-2,11140,4
11,,2016,,,2022,충무로엘크루메트로시티2,충무로5가,"20,000",중구,8,0,10,23.03,,,36-2,11140,9
12,사용,2020,갱신,22.09~24.09,2022,이지마루 충무로,충무로5가,"26,500",중구,8,5,11,36.48,"26,500",,36-19,11140,3
13,사용,2020,갱신,22.09~24.09,2022,이지마루 충무로,충무로5가,"27,300",중구,8,0,16,36.48,"26,000",,36-19,11140,7
14,,2016,신규,22.09~23.09,2022,충무로엘크루메트로시티2,충무로5가,"1,000",중구,8,70,18,23.03,,,36-2,11140,7
15,,2016,신규,22.08~23.08,2022,충무로엘크루메트로시티2,충무로5가,"1,000",중구,8,70,20,23.03,,,36-2,11140,14
16,,2021,신규,22.08~24.08,2022,충무로역 스위트엠,묵정동,"21,000",중구,8,0,2,18.57,,,32-5,11140,6
17,,1999,신규,22.08~24.07,2022,광희동금호트윈 오피스텔,광희동1가,500,중구,8,60,1,29.88,,,89-1,11140,11
18,,2022,신규,22.08~23.08,2022,동대문D플레이스,광희동1가,"1,000",중구,8,120,10,25.45,,,145-2,11140,13
19,,2022,신규,22.09~24.09,2022,동대문D플레이스,광희동1가,"26,000",중구,8,0,10,24.34,,,145-2,11140,12
20,,1999,신규,22.09~23.09,2022,광희동금호트윈 오피스텔,광희동1가,500,중구,8,50,12,22.14,,,89-1,11140,5
21,,2022,신규,22.08~24.08,2022,서울스테이트,광희동1가,"1,000",중구,8,105,13,17.93,,,257,11140,7
22,,2022,신규,22.09~24.03,2022,동대문D플레이스,광희동1가,"1,000",중구,8,85,17,19.62,,,145-2,11140,6
23,,2022,신규,22.08~23.08,2022,동대문D플레이스,광희동1가,"1,000",중구,8,90,17,19.62,,,145-2,11140,7
24,,2022,신규,22.08~23.08,2022,서울스테이트,광희동1가,"1,000",중구,8,100,19,17.93,,,257,11140,5
25,,2022,신규,22.08~23.08,2022,동대문D플레이스,광희동1가,"2,000",중구,8,110,19,25.49,,,145-2,11140,10
26,,2022,신규,22.08~23.08,2022,서울스테이트,광희동1가,"1,000",중구,8,100,20,17.93,,,257,11140,5
27,,2022,신규,22.08~23.08,2022,동대문D플레이스,광희동1가,"2,000",중구,8,115,20,25.49,,,145-2,11140,13
28,,2022,신규,22.08~23.08,2022,서울스테이트,광희동1가,"1,000",중구,8,130,21,21.87,,,257,11140,6
29,,2022,신규,22.08~24.08,2022,동대문D플레이스,광희동1가,"10,000",중구,8,45,25,19.62,,,145-2,11140,8
30,,2022,신규,22.08~24.08,2022,동대문D플레이스,광희동1가,"5,000",중구,8,90,27,25.49,,,145-2,11140,11
31,,2022,신규,22.09~23.09,2022,서울스테이트,광희동1가,"2,000",중구,8,130,29,21.87,,,257,11140,8
32,,2022,신규,22.10~23.10,2022,동대문D플레이스,광희동1가,"25,000",중구,8,20,29,25.49,,,145-2,11140,12
33,,2022,신규,22.08~23.08,2022,서울스테이트,광희동1가,"11,000",중구,8,80,30,21.87,,,257,11140,9
34,,2022,신규,22.08~23.08,2022,동대문D플레이스,광희동1가,"7,000",중구,8,50,30,19.62,,,145-2,11140,14
35,,2022,신규,22.09~23.09,2022,서울스테이트,광희동1가,"1,000",중구,8,130,31,21.87,,,257,11140,6
36,사용,,갱신,22.08~24.08,2022,동원스위트광희,광희동2가,"27,300",중구,8,0,20,35.76,"26,000",,47-2,11140,10
37,,2020,신규,22.09~24.09,2022,남산 오렌지카운티,쌍림동,"23,000",중구,8,0,8,18.49,,,106-14,11140,13
38,,2020,신규,22.08~24.08,2022,남산 오렌지카운티,쌍림동,"1,000",중구,8,85,12,18.49,,,106-14,11140,2
39,,2020,신규,22.08~23.12,2022,남산 오렌지카운티,쌍림동,"1,000",중구,8,85,18,18.49,,,106-14,11140,9
40,,2020,신규,22.10~23.10,2022,남산 오렌지카운티,쌍림동,"2,000",중구,8,80,19,18.49,,,106-14,11140,5
41,,2019,신규,22.09~24.09,2022,동원스위트을지,을지로6가,"2,000",중구,8,100,6,36.89,,,48,11140,3
42,,2019,신규,22.10~24.10,2022,을지 웰 라이프,을지로4가,"24,500",중구,8,0,23,29.93,,,187-9,11140,8
43,,2019,,,2022,을지 웰 라이프,을지로4가,"24,150",중구,8,0,30,32.63,,,187-9,11140,3
44,,2005,신규,22.09~23.08,2022,대성을지로오피스텔,을지로5가,"1,000",중구,8,65,13,25.49,,,77-2,11140,12
45,,2014,신규,22.09~24.09,2022,코발트팰리스,오장동,"13,300",중구,8,0,4,20.36,,,90-24,11140,11
46,,2020,신규,22.08~23.08,2022,오렌지카운티을지로,오장동,"1,000",중구,8,75,8,21.12,,,145-1,11140,4
47,,2020,갱신,22.09~24.09,2022,오렌지카운티을지로,오장동,"17,000",중구,8,0,19,18.36,"16,000",,145-1,11140,7
48,,2014,신규,22.10~24.10,2022,코발트팰리스,오장동,"13,300",중구,8,0,26,20.36,,,90-24,11140,10
49,,2013,신규,22.09~23.09,2022,엘크루 메트로시티,충무로3가,"1,000",중구,8,90,13,29.78,,,49,11140,12
50,,2013,신규,22.09~24.09,2022,엘크루 메트로시티,충무로3가,"23,000",중구,8,0,21,26.78,,,49,11140,11
51,,2018,신규,22.08~24.08,2022,제이매크로 타워,저동2가,"12,000",중구,8,30,1,19.35,,,7-2,11140,7
52,,2018,,,2022,제이매크로 타워,저동2가,"20,000",중구,8,0,2,22.6,,,7-2,11140,6
53,,2018,신규,22.08~24.08,2022,제이매크로 타워,저동2가,"20,000",중구,8,0,12,19.35,,,7-2,11140,11
54,,2018,,,2022,제이매크로 타워,저동2가,"20,000",중구,8,0,16,22.47,,,7-2,11140,11
55,사용,2018,갱신,22.09~23.09,2022,제이매크로 타워,저동2가,"1,000",중구,8,72,17,19.35,"1,000",70,7-2,11140,3
56,,2018,,,2022,제이매크로 타워,저동2가,"4,000",중구,8,67,24,22.6,,,7-2,11140,5
57,,2018,,,2022,제이매크로 타워,저동2가,"10,000",중구,8,43,25,22.47,,,7-2,11140,11
58,,2016,갱신,22.08~23.08,2022,신당역솔하임,신당동,"2,000",중구,8,85,1,26.72,"2,000",80,140-23,11140,10
59,,2003,신규,22.09~24.09,2022,(340-123),신당동,"15,000",중구,8,0,1,20.89,,,340-123,11140,2
60,,2014,신규,22.08~24.08,2022,신당아르브,신당동,"17,500",중구,8,0,3,21.31,,,160-5,11140,12
61,,2020,신규,22.08~23.08,2022,(251-73),신당동,"3,000",중구,8,85,3,18.7,,,251-73,11140,5
62,,2020,신규,22.08~23.08,2022,스페이스민,신당동,"1,000",중구,8,85,4,20.54,,,247-8,11140,8
63,,2014,,,2022,신당아르브,신당동,"17,000",중구,8,0,5,21.31,,,160-5,11140,14
64,사용,2020,갱신,22.10~24.10,2022,은수빌딩,신당동,"16,800",중구,8,0,6,20.19,"16,000",,120-1,11140,12
65,,2016,,,2022,신당역솔하임,신당동,"18,100",중구,8,0,6,18.8,,,140-23,11140,12
66,,2020,,,2022,은수빌딩,신당동,"14,700",중구,8,0,12,17.22,,,120-1,11140,13
67,사용,2020,갱신,22.08~24.08,2022,은수빌딩,신당동,"16,800",중구,8,0,16,20.19,"16,000",,120-1,11140,9
68,,2021,,,2022,(372-49),신당동,"1,000",중구,8,80,17,20.34,,,372-49,11140,6
69,,2020,,,2022,은수빌딩,신당동,"16,800",중구,8,0,20,20.19,,,120-1,11140,10
70,,2003,신규,22.09~24.09,2022,(340-123),신당동,"14,000",중구,8,0,20,19.52,,,340-123,11140,5
71,,2016,,,2022,신당역솔하임,신당동,"24,000",중구,8,0,23,26.72,,,140-23,11140,3
72,,2016,,,2022,신당역솔하임,신당동,"23,400",중구,8,0,23,26.72,,,140-23,11140,3
73,,2014,신규,22.10~24.10,2022,신당아르브,신당동,"17,500",중구,8,0,24,21.31,,,160-5,11140,15
74,,2014,갱신,22.08~23.04,2022,신당아르브,신당동,"1,000",중구,8,60,24,21.31,"1,000",60,160-5,11140,9
75,,2004,신규,22.08~24.08,2022,신당동 오피스텔,신당동,"1,000",중구,8,40,25,13.84,,,294-64,11140,4
76,,2004,갱신,22.09~24.09,2022,JK오피스텔,신당동,"9,920",중구,8,0,26,22.75,"9,450",,353-22,11140,4
77,,2004,갱신,22.08~23.09,2022,JK오피스텔,신당동,"10,500",중구,8,0,27,22.75,"10,000",,353-22,11140,4
78,사용,2020,갱신,22.10~24.10,2022,은수빌딩,신당동,"23,000",중구,8,0,31,29.82,"22,000",,120-1,11140,14
79,,2018,신규,22.09~24.08,2022,대현프리몰,신당동,"1,000",중구,8,83,31,25.58,,,421-1,11140,7
80,,2014,갱신,22.09~23.09,2022,신당아르브,신당동,"3,000",중구,8,65,31,21.31,"3,000",50,160-5,11140,10
81,,2016,,,2022,리마크빌 동대문,흥인동,"1,000",중구,8,85,2,28.62,,,86,11140,4
82,,2014,신규,22.08~23.08,2022,청계천 두산위브더제니스,흥인동,"1,000",중구,8,140,9,46.23,,,13-1,11140,19
83,,2016,,,2022,리마크빌 동대문,흥인동,"1,000",중구,8,79,12,24.65,,,86,11140,11
84,,2018,,,2022,위더스하임,흥인동,"12,000",중구,8,60,13,29.76,,,142-1,11140,4
85,,2018,신규,22.09~24.09,2022,위더스하임,흥인동,"12,000",중구,8,60,13,29.76,,,142-1,11140,4
86,,2018,신규,22.08~24.08,2022,위더스하임,흥인동,"5,000",중구,8,80,16,24.48,,,142-1,11140,3
87,,2014,,,2022,동대문 와이즈 캐슬,흥인동,"1,000",중구,8,65,16,21.35,,,119,11140,3
88,,2016,신규,22.08~23.08,2022,동대문솔하임,흥인동,"23,000",중구,8,0,16,29.83,,,8,11140,10
89,,2016,신규,,2022,동대문솔하임,흥인동,500,중구,8,100,17,25,,,8,11140,13
90,,2016,,,2022,리마크빌 동대문,흥인동,"1,000",중구,8,80,18,24.65,,,86,11140,13
91,,2014,신규,22.09~23.09,2022,동대문 와이즈 캐슬,흥인동,"1,000",중구,8,70,19,19.92,,,119,11140,2
92,,2016,,,2022,리마크빌 동대문,흥인동,"1,000",중구,8,82,22,24.65,,,86,11140,16
93,,2014,신규,22.09~23.09,2022,동대문 와이즈 캐슬,흥인동,"1,000",중구,8,65,26,19.92,,,119,11140,6
94,,2014,신규,22.08~23.08,2022,동대문 와이즈 캐슬,흥인동,"1,000",중구,8,65,26,19.92,,,119,11140,4
95,,2016,,,2022,리마크빌 동대문,흥인동,"1,000",중구,8,90,29,28.28,,,86,11140,16
96,,2014,갱신,,2022,동대문 와이즈 캐슬,흥인동,"1,000",중구,8,55,29,21.35,"1,000",55,119,11140,3
97,,2014,,,2022,동대문 와이즈 캐슬,흥인동,"1,000",중구,8,57,30,19.92,,,119,11140,2
98,,2014,신규,22.10~24.10,2022,동대문 와이즈 캐슬,흥인동,"15,500",중구,8,0,31,19.92,,,119,11140,4
99,,2019,신규,22.08~23.08,2022,유진빌딩,무학동,"1,000",중구,8,65,2,17.91,,,7-1,11140,4
100,,2021,,,2022,메트하임 신당역 오피스텔,황학동,"3,000",중구,8,70,1,24.19,,,1074-2,11140,13
101,,2004,신규,22.08~23.08,2022,올리브1,황학동,"1,000",중구,8,55,1,25.05,,,808,11140,12
102,,2014,신규,22.09~24.09,2022,아미인,황학동,"14,000",중구,8,0,3,18.41,,,836,11140,3
103,,2018,갱신,22.08~24.08,2022,동광팰리스,황학동,"24,150",중구,8,0,4,35.94,"23,000",,1572,11140,5
104,,2014,신규,22.08~24.08,2022,다올 노블리움 B동,황학동,"2,000",중구,8,100,5,46.2,,,1744-1,11140,3
105,,2018,신규,22.08~24.08,2022,청계 블루카운티,황학동,"3,000",중구,8,110,6,51.43,,,1720,11140,11
106,,2022,신규,22.08~24.08,2022,메르센트,황학동,"42,900",중구,8,0,6,37.76,,,959,11140,10
107,,2018,신규,22.09~24.09,2022,청계 블루카운티,황학동,"38,000",중구,8,0,6,52.37,,,1720,11140,11
108,,2022,,,2022,메르센트,황학동,"35,800",중구,8,0,7,29.95,,,959,11140,2
109,,2018,,,2022,벨로하우스황학,황학동,"22,300",중구,8,0,9,34.12,,,1565,11140,6
110,,2016,,,2022,신당블루카운티,황학동,"25,800",중구,8,0,9,28.58,,,846,11140,9
111,,2018,,,2022,벨로하우스황학,황학동,"24,100",중구,8,0,10,34.12,,,1565,11140,4
112,,2019,,,2022,황학동 1931 주거복합 시설,황학동,"1,000",중구,8,58,10,18.32,,,1930,11140,2
113,,2014,갱신,22.08~23.08,2022,DUO302,황학동,"1,000",중구,8,66,10,22.52,"1,000",63,819,11140,2
114,,2022,,,2022,메르센트,황학동,"35,400",중구,8,0,10,29.97,,,959,11140,2
115,,2018,,,2022,청계 블루카운티,황학동,"20,129",중구,8,0,11,25.04,,,1720,11140,4
116,,2014,,,2022,다올노블리움A동,황학동,"25,200",중구,8,0,13,44.8,,,1744,11140,5
117,,,,,2022,밸류 에스엘,황학동,"23,500",중구,8,0,13,41.51,,,1496,11140,2
118,,2017,,,2022,골드캐슬Ⅲ,황학동,"2,000",중구,8,105,13,40.47,,,1743,11140,2
119,,2022,,,2022,메르센트,황학동,"36,400",중구,8,0,14,29.97,,,959,11140,6
120,,2018,,,2022,벨로하우스황학,황학동,"24,780",중구,8,0,15,34.9,,,1565,11140,3
121,,2004,신규,22.08~23.08,2022,올리브1,황학동,"1,000",중구,8,55,17,23.73,,,808,11140,14
122,,2018,,,2022,골드캐슬Ⅳ,황학동,"23,625",중구,8,0,17,43.78,,,1733,11140,4
123,,2010,신규,22.09~24.09,2022,황학동 코아루,황학동,"33,000",중구,8,0,18,48.1,,,882,11140,5
124,,2014,신규,22.10~24.10,2022,다올 노블리움 B동,황학동,"33,000",중구,8,0,18,56.15,,,1744-1,11140,6
125,,2016,,,2022,하늘드리움2차,황학동,"3,000",중구,8,100,19,38.31,,,876,11140,4
126,,2022,신규,22.08~24.08,2022,메르센트,황학동,"42,900",중구,8,0,19,37.76,,,959,11140,9
127,,2021,신규,22.09~23.09,2022,한양립스 이노와이즈,황학동,"1,000",중구,8,70,20,18.56,,,1257,11140,2
128,,2014,,,2022,DUO302,황학동,"2,000",중구,8,63,20,22.52,,,819,11140,2
129,,2019,신규,22.09~24.09,2022,베네스트,황학동,"22,500",중구,8,0,22,33.52,,,855,11140,8
130,,2003,신규,22.09~24.09,2022,중앙시티빌,황학동,"2,000",중구,8,55,23,25.5,,,805,11140,3
131,,2022,,,2022,메르센트,황학동,"42,900",중구,8,0,23,37.76,,,959,11140,10
132,,2014,신규,22.09~24.09,2022,DUO302,황학동,"16,000",중구,8,0,23,22.52,,,819,11140,5
133,,2021,신규,22.09~24.09,2022,디아레나청계,황학동,"36,000",중구,8,0,24,36.31,,,1715,11140,11
134,,,신규,22.09~23.08,2022,주건축물제1동,황학동,"1,000",중구,8,70,24,23.23,,,19,11140,5
135,,2018,,,2022,벨로하우스황학,황학동,"21,500",중구,8,0,25,34.12,,,1565,11140,2
136,,2022,신규,22.09~24.09,2022,메르센트,황학동,"36,800",중구,8,0,27,29.95,,,959,11140,6
137,,2021,,,2022,메트하임 신당역 오피스텔,황학동,"41,000",중구,8,0,27,46.17,,,1074-2,11140,13
138,,2014,신규,22.08~23.08,2022,DUO302,황학동,"5,000",중구,8,50,29,22.52,,,819,11140,11
139,,2022,신규,22.09~23.09,2022,메르센트,황학동,"35,800",중구,8,0,29,29.97,,,959,11140,4
140,,2022,신규,22.11~24.11,2022,메르센트,황학동,"35,800",중구,8,0,30,29.95,,,959,11140,4
141,,2019,,,2022,청계리버팰리스A,황학동,"24,150",중구,8,0,30,44.4,,,2033,11140,2
142,,2018,,,2022,벨로하우스황학,황학동,"23,100",중구,8,0,31,33.98,,,1565,11140,6
143,,2014,신규,22.09~24.09,2022,DUO302,황학동,"1,000",중구,8,65,31,22.52,,,819,11140,12
144,,2016,,,2022,덕수궁롯데캐슬,순화동,"1,000",중구,8,105,16,38.79,,,217,11140,2
145,,2005,신규,22.09~23.09,2022,바비엥-2,의주로1가,"26,460",중구,8,0,13,40.22,,,25-10,11140,12
146,사용,2006,갱신,22.08~23.08,2022,브라운스톤서울,중림동,"3,000",중구,8,158,6,62.82,"3,000",150,355,11140,38
147,사용,2005,갱신,22.08~24.08,2022,서울역 디오빌,만리동1가,"19,950",중구,8,0,5,27.7,"19,000",,62-7,11140,2
148,,2020,신규,22.08~23.08,2022,하람휴,만리동1가,"2,000",중구,8,130,26,28.39,,,32-1,11140,9
149,,2004,신규,22.09~24.09,2022,KCC 파크타운,만리동2가,"48,000",중구,8,0,5,66.47,,,11-1,11140,9
150,,2004,신규,22.10~23.10,2022,KCC 파크타운,만리동2가,"1,000",중구,8,90,6,32.02,,,11-1,11140,6
151,,2004,갱신,22.09~24.08,2022,KCC 파크타운,만리동2가,"52,000",중구,8,0,11,66.47,"39,500",,11-1,11140,10
152,,2004,,,2022,KCC 파크타운,만리동2가,"47,250",중구,8,0,20,66.47,,,11-1,11140,12
153,,2004,,,2022,KCC 파크타운,만리동2가,"42,000",중구,8,0,21,66.47,,,11-1,11140,9
154,,2004,신규,22.09~23.09,2022,KCC 파크타운,만리동2가,"3,000",중구,8,80,28,32.02,,,11-1,11140,7
0,사용,2007,갱신,22.11~23.11,2022,명동 엠퍼스트플레이스,충무로2가,"18,900",중구,9,0,3,20.28,"18,000",,48-2,11140,7
1,,2007,,,2022,명동 엠퍼스트플레이스,충무로2가,"19,000",중구,9,10,14,21.52,,,48-2,11140,10
2,,2007,,,2022,명동 엠퍼스트플레이스,충무로2가,"3,000",중구,9,64,16,18.6,,,48-2,11140,13
3,사용,2007,갱신,22.10~23.10,2022,명동 엠퍼스트플레이스,충무로2가,"7,500",중구,9,55,19,20.28,"7,000",53,48-2,11140,6
4,,2016,신규,22.09~23.09,2022,충무로엘크루메트로시티2,충무로5가,"2,000",중구,9,65,2,23.03,,,36-2,11140,10
5,,2016,신규,22.09~23.09,2022,충무로엘크루메트로시티2,충무로5가,"5,000",중구,9,55,7,23.03,,,36-2,11140,19
6,,2016,신규,22.10~24.10,2022,충무로엘크루메트로시티2,충무로5가,"17,500",중구,9,0,15,23.03,,,36-2,11140,18
7,,2016,신규,22.09~23.09,2022,충무로엘크루메트로시티2,충무로5가,"1,000",중구,9,120,26,37.07,,,36-2,11140,11
8,,2016,신규,22.09~23.09,2022,충무로엘크루메트로시티2,충무로5가,"1,000",중구,9,70,26,23.03,,,36-2,11140,5
9,,2021,신규,22.09~23.09,2022,충무로역 스위트엠,묵정동,"1,000",중구,9,84,19,18.57,,,32-5,11140,9
10,,2021,,,2022,충무로역 스위트엠,묵정동,"23,000",중구,9,0,25,18.57,,,32-5,11140,9
11,,2022,신규,22.09~23.09,2022,서울스테이트,광희동1가,"1,000",중구,9,100,1,17.93,,,257,11140,2
12,,2022,신규,22.09~23.09,2022,서울스테이트,광희동1가,"1,000",중구,9,95,2,17.93,,,257,11140,3
13,,2022,신규,22.09~23.09,2022,동대문D플레이스,광희동1가,"5,000",중구,9,83,2,25.49,,,145-2,11140,3
14,,2022,신규,22.09~23.09,2022,서울스테이트,광희동1가,"1,000",중구,9,130,2,21.87,,,257,11140,4
15,,2022,신규,22.09~23.09,2022,서울스테이트,광희동1가,"1,000",중구,9,125,6,21.87,,,257,11140,5
16,,2022,신규,22.09~23.09,2022,동대문D플레이스,광희동1가,"10,000",중구,9,60,7,19.62,,,145-2,11140,14
17,,2022,신규,22.09~23.09,2022,서울스테이트,광희동1가,"1,000",중구,9,140,12,21.87,,,257,11140,12
18,,2022,신규,22.10~23.09,2022,서울스테이트,광희동1가,"1,000",중구,9,110,22,17.93,,,257,11140,11
19,,2022,신규,22.12~23.10,2022,서울스테이트,광희동1가,"1,000",중구,9,100,28,17.93,,,257,11140,4
20,,2022,신규,22.10~23.09,2022,동대문D플레이스,광희동1가,"5,000",중구,9,65,30,19.62,,,145-2,11140,13
21,,2020,신규,22.10~24.10,2022,남산 오렌지카운티,쌍림동,"22,000",중구,9,0,22,18.49,,,106-14,11140,5
22,,2003,신규,22.09~23.08,2022,정건벨라지오오피스텔,을지로5가,500,중구,9,55,6,29.25,,,20-1,11140,7
23,,2003,,,2022,정건벨라지오오피스텔,을지로5가,"1,000",중구,9,30,13,29.76,,,20-1,11140,12
24,,2003,,,2022,정건벨라지오오피스텔,을지로5가,"5,000",중구,9,30,14,21.94,,,20-1,11140,13
25,,2004,신규,22.10~23.10,2022,삼성골드캐슬,을지로5가,"1,000",중구,9,80,17,30.5,,,273-2,11140,4
26,,2004,신규,22.10~23.09,2022,삼성골드캐슬,을지로5가,"1,000",중구,9,65,29,26.79,,,273-2,11140,7
27,사용,2020,갱신,22.10~24.10,2022,오렌지카운티을지로,오장동,"15,000",중구,9,0,3,16.32,"15,000",,145-1,11140,7
28,,2020,,,2022,오렌지카운티을지로,오장동,"15,000",중구,9,0,3,16.32,,,145-1,11140,6
29,,2020,신규,22.09~24.09,2022,오렌지카운티을지로,오장동,"21,000",중구,9,0,6,21.12,,,145-1,11140,5
30,,2022,신규,22.09~24.09,2022,남산 센트럴시티 투웨니퍼스트,오장동,"12,000",중구,9,40,13,18.21,,,148-16,11140,9
31,,2018,신규,22.09~24.09,2022,이지마루 오장,오장동,"26,500",중구,9,0,15,34.55,,,206-34,11140,7
32,,2014,,,2022,코발트팰리스,오장동,"13,000",중구,9,0,16,20.36,,,90-24,11140,14
33,,2022,갱신,22.09~23.09,2022,남산 센트럴시티 투웨니퍼스트,오장동,"1,000",중구,9,80,17,18.28,"1,000",80,148-16,11140,12
34,,2022,신규,22.09~23.09,2022,남산 센트럴시티 투웨니퍼스트,오장동,"20,500",중구,9,0,22,18.28,,,148-16,11140,8
35,,2020,,,2022,오렌지카운티을지로,오장동,"15,200",중구,9,0,23,16.32,,,145-1,11140,3
36,,2022,신규,22.10~24.10,2022,남산 센트럴시티 투웨니퍼스트,오장동,"21,000",중구,9,0,23,18.28,,,148-16,11140,12
37,,2013,신규,22.09~24.09,2022,엘크루 메트로시티,충무로3가,"25,000",중구,9,0,5,28.1,,,49,11140,18
38,,2013,신규,22.09~23.09,2022,엘크루 메트로시티,충무로3가,"1,000",중구,9,90,6,29.46,,,49,11140,13
39,,2013,신규,22.09~23.09,2022,엘크루 메트로시티,충무로3가,"1,000",중구,9,90,7,28.1,,,49,11140,15
40,사용,2013,갱신,22.10~24.10,2022,엘크루 메트로시티,충무로3가,"31,000",중구,9,0,13,44.55,"30,000",,49,11140,11
41,,2013,신규,22.11~24.11,2022,엘크루 메트로시티,충무로3가,"24,000",중구,9,0,14,36.72,,,49,11140,16
42,,2013,신규,22.09~24.09,2022,엘크루 메트로시티,충무로3가,"24,500",중구,9,0,16,28.94,,,49,11140,19
43,,2013,신규,22.10~23.09,2022,엘크루 메트로시티,충무로3가,"1,000",중구,9,95,16,30.92,,,49,11140,18
44,,2013,신규,22.10~23.10,2022,엘크루 메트로시티,충무로3가,"1,000",중구,9,95,24,28.94,,,49,11140,14
45,사용,2018,갱신,22.09~23.09,2022,제이매크로 타워,저동2가,"20,295",중구,9,0,1,22.6,"19,800",,7-2,11140,4
46,,2018,,,2022,제이매크로 타워,저동2가,"17,000",중구,9,0,3,19.35,,,7-2,11140,7
47,,2018,신규,22.10~23.10,2022,제이매크로 타워,저동2가,"5,000",중구,9,65,5,22.6,,,7-2,11140,10
48,,2018,갱신,22.09~23.03,2022,제이매크로 타워,저동2가,"19,215",중구,9,0,13,19.35,"18,300",,7-2,11140,13
49,사용,2018,갱신,22.10~23.10,2022,제이매크로 타워,저동2가,"1,000",중구,9,72,19,19.35,"1,000",70,7-2,11140,3
50,,2018,,,2022,제이매크로 타워,저동2가,"2,000",중구,9,70,19,19.35,,,7-2,11140,6
51,,2018,갱신,22.10~24.10,2022,제이매크로 타워,저동2가,"21,000",중구,9,0,20,22.47,"20,000",,7-2,11140,9
52,,2018,,,2022,제이매크로 타워,저동2가,"14,500",중구,9,13,28,19.35,,,7-2,11140,8
53,,2018,,,2022,제이매크로 타워,저동2가,"1,000",중구,9,79,29,19.35,,,7-2,11140,6
54,,2018,신규,22.09~23.09,2022,대현프리몰,신당동,"1,000",중구,9,71,1,21.37,,,421-1,11140,4
55,,2021,,,2022,(372-49),신당동,"22,000",중구,9,0,1,20.76,,,372-49,11140,5
56,사용,2020,갱신,22.09~24.09,2022,은수빌딩,신당동,"23,000",중구,9,0,2,29.82,"22,000",,120-1,11140,14
57,,2014,신규,22.09~24.09,2022,신당아르브,신당동,"17,500",중구,9,0,5,21.31,,,160-5,11140,12
58,,2018,신규,22.09~23.09,2022,대현프리몰,신당동,"1,000",중구,9,82,6,27.32,,,421-1,11140,4
59,,2018,신규,22.09~24.09,2022,대현프리몰,신당동,"1,000",중구,9,67,8,18.18,,,421-1,11140,4
60,,2014,신규,22.09~23.09,2022,신당아르브,신당동,"1,000",중구,9,70,8,21.31,,,160-5,11140,14
61,,2018,신규,22.10~24.10,2022,대현프리몰,신당동,"3,000",중구,9,62,15,18.18,,,421-1,11140,7
62,,2004,갱신,22.09~23.09,2022,JK오피스텔,신당동,"10,500",중구,9,0,15,22.75,"10,000",,353-22,11140,5
63,,2020,,,2022,은수빌딩,신당동,"16,800",중구,9,0,16,20.19,,,120-1,11140,9
64,,2016,신규,22.09~24.09,2022,신당역솔하임,신당동,"1,000",중구,9,75,16,18.6,,,140-23,11140,12
65,,2016,,,2022,신당역솔하임,신당동,"18,500",중구,9,0,16,18.8,,,140-23,11140,4
66,,2021,신규,22.09~24.09,2022,(372-49),신당동,"1,000",중구,9,80,17,20.76,,,372-49,11140,8
67,,2022,신규,22.09~23.09,2022,카임34,신당동,"1,500",중구,9,135,19,28.37,,,251-110,11140,13
68,,2018,신규,22.09~24.09,2022,대현프리몰,신당동,"1,000",중구,9,82,20,27.32,,,421-1,11140,4
69,,2021,신규,22.09~24.09,2022,(372-49),신당동,"2,000",중구,9,80,20,20.34,,,372-49,11140,8
70,,2018,,,2022,아리스타 에스디,신당동,"1,000",중구,9,74,22,18.66,,,160-1,11140,4
71,,2016,신규,22.10~24.10,2022,신당역솔하임,신당동,"10,000",중구,9,35,27,18.8,,,140-23,11140,7
72,,2018,신규,22.10~23.10,2022,아리스타 에스디,신당동,"1,000",중구,9,78,28,18.7,,,160-1,11140,10
73,,2021,신규,22.10~24.10,2022,(372-49),신당동,"20,000",중구,9,0,28,20.34,,,372-49,11140,9
74,,2018,신규,22.10~23.10,2022,아리스타 에스디,신당동,"1,000",중구,9,75,29,18.66,,,160-1,11140,10
75,,2014,신규,22.09~24.09,2022,청계천 두산위브더제니스,흥인동,"10,000",중구,9,100,1,46.74,,,13-1,11140,8
76,,2014,신규,22.09~23.09,2022,청계천 두산위브더제니스,흥인동,"33,000",중구,9,0,6,39.33,,,13-1,11140,27
77,,2014,신규,22.09~23.09,2022,청계천 두산위브더제니스,흥인동,"1,000",중구,9,110,7,34.61,,,13-1,11140,14
78,,2014,신규,22.09~23.09,2022,동대문 와이즈 캐슬,흥인동,"1,000",중구,9,58,19,19.92,,,119,11140,3
79,,2013,갱신,,2022,(91),흥인동,"3,000",중구,9,48,19,24.85,"3,000",30,91,11140,9
80,,2014,신규,22.10~23.10,2022,동대문 와이즈 캐슬,흥인동,"1,000",중구,9,65,21,19.92,,,119,11140,6
81,,2014,,,2022,청계천 두산위브더제니스,흥인동,"34,000",중구,9,0,26,46.74,,,13-1,11140,15
82,,2014,신규,22.10~24.10,2022,동대문 와이즈 캐슬,흥인동,"1,000",중구,9,65,28,19.92,,,119,11140,4
83,,2014,,,2022,동대문 와이즈 캐슬,흥인동,"1,000",중구,9,65,28,19.92,,,119,11140,4
84,,2021,신규,22.09~24.09,2022,다베로,황학동,"29,800",중구,9,0,2,27.17,,,970,11140,4
85,,2022,,,2022,메르센트,황학동,"42,900",중구,9,0,2,37.76,,,959,11140,8
86,,2003,신규,22.10~23.10,2022,중앙시티빌,황학동,"1,000",중구,9,65,6,31.04,,,805,11140,6
87,사용,,갱신,23.01~25.01,2022,주건축물제1동,황학동,"17,500",중구,9,0,6,23.61,"17,500",,19,11140,9
88,,2013,신규,22.11~23.11,2022,한양 I-Class,황학동,"1,000",중구,9,63,6,19.05,,,787,11140,8
89,,2014,신규,22.09~24.03,2022,DUO302,황학동,"1,000",중구,9,70,9,22.52,,,819,11140,6
90,,2013,신규,22.10~24.10,2022,한양 I-Class,황학동,"13,500",중구,9,0,13,19.05,,,787,11140,5
91,,2004,신규,22.10~23.09,2022,신당역올리브2,황학동,"1,000",중구,9,60,13,23.82,,,2484,11140,5
92,,2021,신규,22.10~24.10,2022,다베로,황학동,"32,800",중구,9,0,16,27.69,,,970,11140,9
93,,2021,신규,22.10~24.10,2022,메트하임 신당역 오피스텔,황학동,"38,000",중구,9,0,16,40.47,,,1074-2,11140,7
94,,2014,신규,22.11~23.11,2022,DUO302,황학동,"1,000",중구,9,70,17,23.06,,,819,11140,13
95,,2018,신규,22.10~24.10,2022,청계 블루카운티,황학동,"22,000",중구,9,0,19,26.19,,,1720,11140,8
96,사용,2004,갱신,22.10~23.10,2022,올리브1,황학동,"1,000",중구,9,63,20,25.05,"1,000",60,808,11140,15
97,,2013,신규,22.10~24.10,2022,한양 I-Class,황학동,"13,500",중구,9,0,20,19.05,,,787,11140,11
98,,2021,,,2022,한양립스 이노와이즈,황학동,"22,000",중구,9,0,20,21.72,,,1257,11140,12
99,,2003,신규,22.09~24.09,2022,중앙시티빌,황학동,"2,000",중구,9,55,20,25.5,,,805,11140,3
100,,2014,신규,22.10~24.10,2022,다올노블리움A동,황학동,"36,000",중구,9,0,22,58.5,,,1744,11140,5
101,,2018,,,2022,벨로하우스황학,황학동,"22,000",중구,9,0,23,33.98,,,1565,11140,2
102,사용,2016,갱신,22.10~23.10,2022,하늘드리움2차,황학동,"3,000",중구,9,97,23,38.32,"3,000",92,876,11140,5
103,,2022,신규,22.09~24.09,2022,메르센트,황학동,"36,800",중구,9,0,23,29.95,,,959,11140,6
104,,2021,신규,22.10~24.10,2022,메트하임 신당역 오피스텔,황학동,"20,000",중구,9,0,24,22.31,,,1074-2,11140,15
105,,2013,신규,22.10~24.10,2022,한양 I-Class,황학동,"13,500",중구,9,0,24,19.05,,,787,11140,5
106,,2004,신규,22.10~24.10,2022,올리브1,황학동,"1,000",중구,9,55,24,25.05,,,808,11140,12
107,,2014,신규,22.10~23.10,2022,DUO302,황학동,"1,000",중구,9,68,27,22.52,,,819,11140,5
108,,2013,신규,22.10~24.10,2022,한양 I-Class,황학동,"19,500",중구,9,0,28,29.64,,,787,11140,12
109,,2019,갱신,,2022,MAVL PLACE,황학동,"1,000",중구,9,68,29,22.89,"1,000",65,1596,11140,10
110,,2004,신규,22.10~23.09,2022,신당역올리브2,황학동,"1,000",중구,9,65,29,23.82,,,2484,11140,4
111,,2021,,,2022,한양립스 이노와이즈,황학동,"17,000",중구,9,0,30,18.56,,,1257,11140,8
112,,2005,신규,22.10~23.10,2022,바비엥-2,의주로1가,"23,000",중구,9,0,16,29.48,,,25-10,11140,17
113,,2003,신규,22.10~24.09,2022,바비엥-1,의주로1가,"5,000",중구,9,350,20,126.59,,,32-2,11140,11
114,,2006,신규,22.09~23.09,2022,브라운스톤서울,중림동,"26,500",중구,9,0,2,30.99,,,355,11140,4
115,,2006,신규,22.10~23.10,2022,브라운스톤서울,중림동,"55,000",중구,9,0,19,62.82,,,355,11140,24
116,,2005,신규,22.10~24.10,2022,서울역 디오빌,만리동1가,"40,000",중구,9,0,3,56.17,,,62-7,11140,2
117,,2005,갱신,22.09~24.09,2022,서울역 디오빌,만리동1가,"43,000",중구,9,0,23,56.17,"38,000",,62-7,11140,9
118,,2005,신규,22.11~24.11,2022,서울역 디오빌,만리동1가,"1,000",중구,9,75,26,27.74,,,62-7,11140,4
119,,2020,신규,22.09~23.09,2022,하람휴,만리동1가,"2,000",중구,9,130,28,28.39,,,32-1,11140,10
120,,2004,신규,22.10~23.12,2022,KCC 파크타운,만리동2가,"5,000",중구,9,150,2,66.47,,,11-1,11140,15
121,,2004,신규,22.10~24.10,2022,KCC 파크타운,만리동2가,"45,000",중구,9,0,23,66.47,,,11-1,11140,7
122,사용,2004,갱신,22.11~24.11,2022,KCC 파크타운,만리동2가,"47,250",중구,9,0,29,66.47,"45,000",,11-1,11140,14
0,,2007,신규,22.11~23.11,2022,명동 엠퍼스트플레이스,충무로2가,"3,000",중구,10,74,4,20.28,,,48-2,11140,10
1,,2007,,,2022,명동 엠퍼스트플레이스,충무로2가,"20,000",중구,10,0,4,21.52,,,48-2,11140,9
2,,2007,,,2022,명동 엠퍼스트플레이스,충무로2가,"1,000",중구,10,85,5,18.6,,,48-2,11140,13
3,,2007,,,2022,명동 엠퍼스트플레이스,충무로2가,"5,000",중구,10,62,6,20.28,,,48-2,11140,3
4,,2007,,,2022,명동 엠퍼스트플레이스,충무로2가,"1,000",중구,10,88,10,18.6,,,48-2,11140,13
5,,2007,,,2022,명동 엠퍼스트플레이스,충무로2가,"3,600",중구,10,61,15,18.6,,,48-2,11140,10
6,,2007,갱신,22.10~23.10,2022,명동 엠퍼스트플레이스,충무로2가,"10,000",중구,10,45,21,18.6,"4,500",55,48-2,11140,10
7,,2007,,,2022,명동 엠퍼스트플레이스,충무로2가,"20,000",중구,10,0,25,20.28,,,48-2,11140,6
8,,2007,,,2022,명동 엠퍼스트플레이스,충무로2가,"20,500",중구,10,0,25,18.6,,,48-2,11140,3
9,,2007,,,2022,명동 엠퍼스트플레이스,충무로2가,"6,000",중구,10,53,29,20.84,,,48-2,11140,2
10,,2016,신규,22.11~24.11,2022,충무로엘크루메트로시티2,충무로5가,"10,000",중구,10,35,8,23.03,,,36-2,11140,17
11,,2020,신규,22.11~24.11,2022,이지마루 충무로,충무로5가,"26,000",중구,10,0,25,35.57,,,36-19,11140,2
12,,2003,신규,22.12~23.12,2022,스타빌딩,필동1가,"1,000",중구,10,90,26,27.43,,,22-2,11140,6
13,,2022,신규,22.11~23.11,2022,서울스테이트,광희동1가,"1,000",중구,10,125,1,21.87,,,257,11140,3
14,,2022,신규,22.10~24.10,2022,동대문D플레이스,광희동1가,"24,000",중구,10,0,15,24.34,,,145-2,11140,4
15,,1999,신규,22.10~24.10,2022,광희동금호트윈 오피스텔,광희동1가,"1,500",중구,10,80,30,37.13,,,89-1,11140,11
16,사용,,갱신,22.10~23.10,2022,동원스위트광희,광희동2가,"2,000",중구,10,115,16,34.02,"2,000",110,47-2,11140,6
17,,2020,신규,22.10~23.10,2022,남산 오렌지카운티,쌍림동,"1,000",중구,10,90,1,18.49,,,106-14,11140,12
18,사용,2020,갱신,22.12~23.12,2022,남산 오렌지카운티,쌍림동,"1,000",중구,10,82,8,18.49,"1,000",78,106-14,11140,7
19,,2020,신규,22.10~24.10,2022,남산 오렌지카운티,쌍림동,"5,000",중구,10,60,14,18.49,,,106-14,11140,4
20,,2020,갱신,22.11~24.11,2022,남산 오렌지카운티,쌍림동,"21,500",중구,10,0,15,18.49,"20,000",,106-14,11140,12
21,,2020,신규,22.11~24.11,2022,남산 오렌지카운티,쌍림동,"6,000",중구,10,60,20,18.49,,,106-14,11140,10
22,,2020,신규,22.11~24.11,2022,남산 오렌지카운티,쌍림동,"12,000",중구,10,35,24,18.49,,,106-14,11140,10
23,,2020,신규,22.11~23.11,2022,남산 오렌지카운티,쌍림동,"1,000",중구,10,85,27,18.49,,,106-14,11140,5
24,,2019,,,2022,을지 웰 라이프,을지로4가,"26,000",중구,10,0,4,32.63,,,187-9,11140,2
25,,2022,신규,22.11~24.11,2022,남산 센트럴시티 투웨니퍼스트,오장동,"20,000",중구,10,0,25,18.21,,,148-16,11140,10
26,,2013,신규,22.11~24.11,2022,엘크루 메트로시티,충무로3가,"28,000",중구,10,0,15,36.53,,,49,11140,9
27,,2013,신규,22.10~24.10,2022,엘크루 메트로시티,충무로3가,"15,000",중구,10,50,17,28.94,,,49,11140,9
28,사용,2013,갱신,22.12~23.12,2022,엘크루 메트로시티,충무로3가,"23,000",중구,10,0,19,26.65,"22,000",,49,11140,14
29,,2013,신규,22.10~23.10,2022,엘크루 메트로시티,충무로3가,"1,000",중구,10,85,25,29.78,,,49,11140,7
30,,2013,신규,22.11~23.11,2022,엘크루 메트로시티,충무로3가,"1,000",중구,10,100,29,29.46,,,49,11140,15
31,사용,2018,갱신,22.10~24.10,2022,제이매크로 타워,저동2가,500,중구,10,76,14,19.35,500,72,7-2,11140,3
32,,2021,신규,22.10~24.10,2022,(372-49),신당동,"20,000",중구,10,0,1,20.34,,,372-49,11140,7
33,,2022,신규,22.11~23.11,2022,카임34,신당동,"3,500",중구,10,143,4,28.37,,,251-110,11140,8
34,,2018,신규,22.10~24.10,2022,대현프리몰,신당동,"1,000",중구,10,82,6,26.37,,,421-1,11140,4
35,,2014,갱신,22.10~23.10,2022,신당아르브,신당동,"15,750",중구,10,0,8,21.31,"15,000",,160-5,11140,16
36,,2020,갱신,22.10~23.11,2022,은수빌딩,신당동,"1,000",중구,10,73,10,20.19,"1,000",70,120-1,11140,3
37,,2003,신규,22.11~24.11,2022,(340-123),신당동,"14,000",중구,10,0,17,22.4,,,340-123,11140,2
38,,2016,신규,22.11~24.11,2022,신당역솔하임,신당동,"18,500",중구,10,0,17,18.8,,,140-23,11140,11
39,,2014,,,2022,신당아르브,신당동,"17,500",중구,10,0,20,21.31,,,160-5,11140,15
40,,2014,신규,22.11~24.11,2022,신당아르브,신당동,"4,000",중구,10,50,25,21.31,,,160-5,11140,15
41,,2020,신규,22.12~23.12,2022,은수빌딩,신당동,"1,000",중구,10,73,26,20.19,,,120-1,11140,3
42,,2005,신규,22.12~23.12,2022,남산정은스카이,신당동,"1,000",중구,10,100,28,38.26,,,366-126,11140,3
43,,2022,,,2022,카임34,신당동,"3,000",중구,10,130,28,21.34,,,251-110,11140,14
44,,2014,,,2022,신당아르브,신당동,500,중구,10,68,29,21.31,,,160-5,11140,9
45,,2014,신규,22.10~24.10,2022,청계천 두산위브더제니스,흥인동,"33,000",중구,10,0,4,46.74,,,13-1,11140,5
46,,2013,신규,,2022,(91),흥인동,"1,000",중구,10,65,13,21.88,,,91,11140,5
47,,2014,신규,22.10~23.10,2022,청계천 두산위브더제니스,흥인동,"27,900",중구,10,0,16,34.61,,,13-1,11140,7
48,,2014,신규,22.11~23.11,2022,청계천 두산위브더제니스,흥인동,"33,000",중구,10,0,17,46.74,,,13-1,11140,27
49,,2014,갱신,22.11~24.11,2022,동대문 와이즈 캐슬,흥인동,"16,000",중구,10,0,20,21.35,"16,500",,119,11140,5
50,,2018,,,2022,위더스하임,흥인동,"27,300",중구,10,0,30,29.76,,,142-1,11140,7
51,,2014,신규,22.10~24.10,2022,블루카운티Ⅱ,황학동,"14,800",중구,10,0,1,22.81,,,1628,11140,5
52,사용,2016,갱신,22.11~24.11,2022,하늘드리움2차,황학동,"25,600",중구,10,0,1,38.32,"24,600",,876,11140,5
53,,2017,신규,22.10~24.10,2022,주건축물제1동,황학동,"3,000",중구,10,130,2,57.81,,,1452,11140,3
54,,2017,,,2022,(2022),황학동,"27,300",중구,10,0,3,41.75,,,2022,11140,5
55,,2018,신규,22.11~24.11,2022,동광팰리스,황학동,"24,800",중구,10,0,4,36.41,,,1572,11140,3
56,,2018,신규,22.11~24.11,2022,위너빌(Winnervill),황학동,"17,000",중구,10,0,6,29.32,,,1200,11140,3
57,,,,,2022,주건축물제1동,황학동,"16,580",중구,10,0,6,20.78,,,19,11140,8
58,,2019,,,2022,소미골드라인,황학동,"26,250",중구,10,0,7,33.98,,,955,11140,4
59,,2021,신규,22.11~24.11,2022,다베로,황학동,"3,000",중구,10,100,7,27.17,,,970,11140,8
60,,2021,,,2022,한양립스 이노와이즈,황학동,"1,000",중구,10,71,10,18.56,,,1257,11140,11
61,,2018,신규,22.10~24.10,2022,위너빌(Winnervill),황학동,"24,000",중구,10,0,11,29.71,,,1200,11140,2
62,,2021,신규,22.11~24.11,2022,다베로,황학동,"3,000",중구,10,100,11,27.17,,,970,11140,6
63,,2021,신규,22.11~24.11,2022,다베로,황학동,"3,000",중구,10,100,13,27.17,,,970,11140,9
64,,2021,,,2022,한양립스 이노와이즈,황학동,"8,000",중구,10,32,14,18.56,,,1257,11140,4
65,,2004,신규,22.11~23.11,2022,올리브1,황학동,"1,000",중구,10,60,15,25.05,,,808,11140,11
66,,2022,,,2022,메르센트,황학동,"35,800",중구,10,0,15,29.95,,,959,11140,3
67,,2013,신규,22.11~24.11,2022,한양 I-Class,황학동,"13,500",중구,10,0,17,19.05,,,787,11140,3
68,,2003,신규,22.11~23.11,2022,중앙시티빌,황학동,"3,000",중구,10,50,17,25,,,805,11140,12
69,,2014,,,2022,DUO302,황학동,"1,000",중구,10,65,18,22.52,,,819,11140,15
70,,2017,,,2022,주건축물제1동,황학동,"26,000",중구,10,0,18,41.58,,,1452,11140,11
71,,2018,,,2022,청계 블루카운티,황학동,"20,000",중구,10,0,19,25.04,,,1720,11140,11
72,,2017,,,2022,(2022),황학동,"8,000",중구,10,70,20,41.75,,,2022,11140,4
73,,2013,신규,22.11~24.11,2022,한양 I-Class,황학동,"13,500",중구,10,0,21,19.05,,,787,11140,9
74,,2014,,,2022,DUO302,황학동,"15,000",중구,10,5,21,22.52,,,819,11140,18
75,,2014,신규,22.10~24.10,2022,다올 노블리움 B동,황학동,"2,000",중구,10,100,21,48.31,,,1744-1,11140,8
76,,2021,갱신,22.11~23.11,2022,한양립스 이노와이즈,황학동,"6,000",중구,10,54,22,21.72,"6,000",50,1257,11140,6
77,,2014,신규,22.11~24.11,2022,아미인,황학동,"14,000",중구,10,0,22,18.62,,,836,11140,5
78,,2013,,,2022,한양 I-Class,황학동,"13,000",중구,10,0,22,19.05,,,787,11140,11
79,,,신규,22.11~24.11,2022,주건축물제1동,황학동,"17,500",중구,10,0,22,23.61,,,19,11140,7
80,,2021,갱신,22.11~23.11,2022,한양립스 이노와이즈,황학동,"17,000",중구,10,0,24,21.72,"17,000",,1257,11140,2
81,,2014,신규,22.11~24.11,2022,DUO302,황학동,"1,000",중구,10,65,27,23.06,,,819,11140,9
82,,2004,신규,22.11~23.11,2022,올리브1,황학동,"1,000",중구,10,60,27,25.05,,,808,11140,12
83,,2015,신규,22.10~24.10,2022,(1542),황학동,"2,000",중구,10,100,28,45.5,,,1542,11140,5
84,,2004,신규,22.10~23.10,2022,올리브1,황학동,"1,000",중구,10,90,28,25.05,,,808,11140,15
85,,,신규,22.12~24.12,2022,주건축물제1동,황학동,"1,000",중구,10,65,29,21.32,,,19,11140,8
86,,2014,,,2022,다올 노블리움 B동,황학동,"2,000",중구,10,100,30,48.31,,,1744-1,11140,6
87,,2014,신규,22.11~23.11,2022,DUO302,황학동,"1,000",중구,10,70,31,23.06,,,819,11140,18
88,,2003,신규,22.12~24.11,2022,중앙시티빌,황학동,"2,000",중구,10,55,31,24.99,,,805,11140,13
89,사용,2016,갱신,22.10~24.10,2022,덕수궁롯데캐슬,순화동,"21,000",중구,10,45,12,41.14,"21,000",40,217,11140,4
90,사용,2003,갱신,22.11~24.11,2022,바비엥-1,의주로1가,"3,000",중구,10,158,15,83.05,"3,000",150,32-2,11140,16
91,,2005,신규,22.10~23.10,2022,바비엥-2,의주로1가,"1,000",중구,10,160,19,46.29,,,25-10,11140,10
92,,2005,신규,22.11~24.11,2022,바비엥-2,의주로1가,"2,000",중구,10,260,25,78.15,,,25-10,11140,8
93,사용,2006,갱신,22.10~24.10,2022,브라운스톤서울,중림동,"73,500",중구,10,0,14,113.2,"70,000",,355,11140,28
94,,2005,신규,22.12~24.12,2022,서울역 디오빌,만리동1가,"38,000",중구,10,0,1,56.17,,,62-7,11140,6
95,,2005,,,2022,서울역 디오빌,만리동1가,"32,000",중구,10,0,1,56.17,,,62-7,11140,7
96,,2005,신규,22.11~24.11,2022,서울역 디오빌,만리동1가,"37,000",중구,10,0,6,56.17,,,62-7,11140,6
97,,2004,신규,22.10~23.10,2022,KCC 파크타운,만리동2가,"2,000",중구,10,160,4,66.47,,,11-1,11140,15
98,,2004,신규,22.11~24.10,2022,KCC 파크타운,만리동2가,"50,000",중구,10,0,8,66.47,,,11-1,11140,9
0,,2007,,,2022,명동 엠퍼스트플레이스,충무로2가,"21,000",중구,11,0,8,20.28,,,48-2,11140,7
1,,2007,신규,22.11~23.11,2022,명동 엠퍼스트플레이스,충무로2가,"4,000",중구,11,73,9,18.6,,,48-2,11140,12
2,,2007,신규,22.12~24.12,2022,명동 엠퍼스트플레이스,충무로2가,"20,000",중구,11,0,12,20.28,,,48-2,11140,6
3,,2007,신규,22.12~24.12,2022,명동 엠퍼스트플레이스,충무로2가,"17,000",중구,11,0,15,20.28,,,48-2,11140,2
4,,2007,,,2022,명동 엠퍼스트플레이스,충무로2가,"1,000",중구,11,83,18,20.84,,,48-2,11140,10
5,,2007,신규,23.01~24.01,2022,명동 엠퍼스트플레이스,충무로2가,"3,500",중구,11,65,27,17.59,,,48-2,11140,5
6,,2007,신규,22.12~24.12,2022,명동 엠퍼스트플레이스,충무로2가,"15,000",중구,11,0,28,17.59,,,48-2,11140,3
7,,2016,신규,22.11~23.10,2022,충무로엘크루메트로시티2,충무로5가,"1,000",중구,11,70,1,23.03,,,36-2,11140,7
8,,2016,신규,22.11~23.11,2022,충무로엘크루메트로시티2,충무로5가,"1,000",중구,11,73,8,23.03,,,36-2,11140,13
9,,2016,신규,22.11~23.11,2022,충무로엘크루메트로시티2,충무로5가,"1,000",중구,11,70,10,23.03,,,36-2,11140,20
10,,2020,신규,23.01~25.01,2022,이지마루 충무로,충무로5가,"30,000",중구,11,0,26,35.57,,,36-19,11140,7
11,,2021,신규,22.11~23.11,2022,충무로역 스위트엠,묵정동,"1,000",중구,11,100,8,18.57,,,32-5,11140,14
12,,2021,신규,22.12~23.12,2022,충무로역 스위트엠,묵정동,"2,000",중구,11,90,26,18.57,,,32-5,11140,14
13,,2021,신규,22.12~23.12,2022,충무로역 스위트엠,묵정동,"1,000",중구,11,80,28,18.97,,,32-5,11140,9
14,,2021,신규,22.12~23.12,2022,충무로역 스위트엠,묵정동,"1,500",중구,11,74,28,18.97,,,32-5,11140,11
15,사용,2003,갱신,22.12~24.11,2022,스타빌딩,필동1가,"15,000",중구,11,0,28,28.67,"13,000",10,22-2,11140,6
16,,2022,신규,22.11~23.11,2022,동대문D플레이스,광희동1가,"5,000",중구,11,105,14,25.49,,,145-2,11140,10
17,,,신규,22.12~24.12,2022,동원스위트광희,광희동2가,"26,200",중구,11,0,20,35.76,,,47-2,11140,6
18,,,신규,22.12~24.12,2022,동원스위트광희,광희동2가,"3,000",중구,11,106,24,34.02,,,47-2,11140,10
19,,2005,신규,22.12~24.12,2022,성진오피스텔,광희동2가,"8,000",중구,11,25,28,22.8,,,194-1,11140,9
20,사용,2020,갱신,22.12~24.12,2022,남산 오렌지카운티,쌍림동,"21,000",중구,11,0,22,18.49,"20,000",,106-14,11140,7
21,,2019,신규,22.12~23.12,2022,을지 웰 라이프,을지로4가,"2,000",중구,11,115,30,34.59,,,187-9,11140,4
22,,2003,신규,22.12~24.12,2022,정건벨라지오오피스텔,을지로5가,"11,000",중구,11,0,19,21.94,,,20-1,11140,9
23,,2020,,,2022,오렌지카운티을지로,오장동,"15,000",중구,11,0,6,16.15,,,145-1,11140,7
24,,2020,신규,22.12~24.12,2022,오렌지카운티을지로,오장동,"15,000",중구,11,0,16,16.15,,,145-1,11140,7
25,,2020,신규,22.11~24.11,2022,오렌지카운티을지로,오장동,"18,000",중구,11,0,23,21.12,,,145-1,11140,5
26,,2021,신규,22.12~23.12,2022,오장동 오팰리오,오장동,"1,000",중구,11,90,29,22.63,,,139-7,11140,3
27,,2013,신규,22.11~23.11,2022,엘크루 메트로시티,충무로3가,"1,000",중구,11,100,7,36.53,,,49,11140,16
28,,2013,신규,22.11~23.11,2022,엘크루 메트로시티,충무로3가,500,중구,11,90,21,28.1,,,49,11140,7
29,,2013,신규,23.01~24.01,2022,엘크루 메트로시티,충무로3가,"1,000",중구,11,85,23,26.65,,,49,11140,16
30,,2013,갱신,22.12~23.12,2022,엘크루 메트로시티,충무로3가,"1,000",중구,11,74,29,26.78,"1,000",70,49,11140,10
31,,2018,갱신,22.11~23.11,2022,제이매크로 타워,저동2가,"1,000",중구,11,78,14,19.35,"1,000",74,7-2,11140,8
32,,2018,,,2022,제이매크로 타워,저동2가,"1,000",중구,11,82,15,19.35,,,7-2,11140,9
33,,2018,신규,22.12~23.12,2022,제이매크로 타워,저동2가,"1,000",중구,11,87,15,22.47,,,7-2,11140,5
34,,2018,,,2022,제이매크로 타워,저동2가,"18,570",중구,11,4,15,19.35,,,7-2,11140,13
35,,2018,신규,22.11~24.11,2022,제이매크로 타워,저동2가,"23,000",중구,11,0,15,24.85,,,7-2,11140,3
36,,2018,신규,22.12~23.12,2022,제이매크로 타워,저동2가,"5,000",중구,11,60,26,19.35,,,7-2,11140,8
37,사용,2018,갱신,22.12~23.12,2022,제이매크로 타워,저동2가,"3,400",중구,11,74,28,22.47,"3,400",70,7-2,11140,3
38,,2015,,,2022,(420-1),신당동,"19,000",중구,11,0,2,32.74,,,420-1,11140,5
39,사용,2014,갱신,22.11~24.11,2022,신당아르브,신당동,"15,000",중구,11,7,4,21.31,"15,000",5,160-5,11140,16
40,,2014,갱신,22.12~24.12,2022,신당아르브,신당동,"14,000",중구,11,11,7,21.31,"14,000",6,160-5,11140,14
41,,2004,신규,22.12~24.12,2022,JK오피스텔,신당동,"6,190",중구,11,30,8,24.3,,,353-22,11140,3
42,,2014,신규,22.11~23.11,2022,신당아르브,신당동,"10,000",중구,11,25,10,21.31,,,160-5,11140,10
43,,2021,신규,22.12~24.12,2022,(372-49),신당동,"21,000",중구,11,0,11,20.76,,,372-49,11140,10
44,,2015,,,2022,(420-1),신당동,"21,000",중구,11,0,14,32.51,,,420-1,11140,5
45,,2014,신규,22.12~24.12,2022,신당아르브,신당동,"17,000",중구,11,0,15,21.31,,,160-5,11140,14
46,,2014,신규,22.12~24.12,2022,신당아르브,신당동,"17,500",중구,11,0,16,21.31,,,160-5,11140,12
47,,2014,,,2022,신당아르브,신당동,"5,000",중구,11,50,16,21.31,,,160-5,11140,11
48,,2004,신규,22.11~23.11,2022,신당동 오피스텔,신당동,250,중구,11,40,16,13.84,,,294-64,11140,4
49,,2015,신규,22.12~24.12,2022,승리빌딩,신당동,"5,000",중구,11,50,18,21.09,,,309-45,11140,4
50,,2020,,,2022,은수빌딩,신당동,500,중구,11,71,25,20.19,,,120-1,11140,4
51,,2015,갱신,22.12~24.12,2022,남산더힐A동,신당동,"26,400",중구,11,0,28,36.97,"25,200",,420-17,11140,7
52,,2020,,,2022,은수빌딩,신당동,"1,000",중구,11,65,29,17.22,,,120-1,11140,8
53,사용,2014,갱신,,2022,동대문 와이즈 캐슬,흥인동,"13,300",중구,11,0,3,21.35,"13,000",,119,11140,2
54,,2014,신규,22.11~23.11,2022,청계천 두산위브더제니스,흥인동,"31,000",중구,11,20,4,40.89,,,13-1,11140,19
55,,2014,신규,22.12~24.12,2022,청계천 두산위브더제니스,흥인동,"34,000",중구,11,0,12,46.74,,,13-1,11140,7
56,,2014,신규,22.12~23.11,2022,동대문 와이즈 캐슬,흥인동,"1,000",중구,11,65,17,19.92,,,119,11140,5
57,,2018,,,2022,위더스하임,흥인동,"21,000",중구,11,0,19,24.48,,,142-1,11140,7
58,,2014,,,2022,동대문 와이즈 캐슬,흥인동,"1,000",중구,11,60,23,19.92,,,119,11140,2
59,,2013,신규,22.12~23.12,2022,(91),흥인동,"1,000",중구,11,68,23,24.85,,,91,11140,10
60,,2022,신규,22.11~24.11,2022,신당 큐브스테이트,황학동,"22,000",중구,11,0,1,22.8,,,1173,11140,18
61,,2021,신규,22.11~24.11,2022,다베로,황학동,"3,000",중구,11,130,1,27.69,,,970,11140,4
62,,2021,,,2022,한양립스 이노와이즈,황학동,"1,000",중구,11,68,2,21.72,,,1257,11140,2
63,사용,2021,갱신,22.11~23.11,2022,한양립스 이노와이즈,황학동,"1,000",중구,11,68,2,18.56,"1,000",65,1257,11140,5
64,,2004,신규,22.12~24.12,2022,신당역올리브2,황학동,"1,000",중구,11,55,2,23.82,,,2484,11140,7
65,,2022,,,2022,신당 큐브스테이트,황학동,"1,000",중구,11,65,2,17.32,,,1173,11140,7
66,,,신규,22.11~24.11,2022,주건축물제1동,황학동,"1,000",중구,11,65,3,20.78,,,19,11140,5
67,,2014,신규,22.12~24.12,2022,다올노블리움A동,황학동,"24,000",중구,11,0,3,44.8,,,1744,11140,2
68,사용,2010,갱신,22.11~23.05,2022,황학동 코아루,황학동,"25,500",중구,11,0,4,46.63,"25,500",,882,11140,7
69,,2014,신규,22.11~23.11,2022,DUO302,황학동,"3,000",중구,11,60,5,22.52,,,819,11140,11
70,,2022,신규,22.11~24.11,2022,신당 큐브스테이트,황학동,"21,000",중구,11,0,6,22.8,,,1173,11140,18
71,,2022,,,2022,신당 큐브스테이트,황학동,"21,000",중구,11,0,6,22.8,,,1173,11140,17
72,,2021,신규,22.12~24.12,2022,한양립스 이노와이즈,황학동,"19,000",중구,11,0,7,21.72,,,1257,11140,9
73,,2022,,,2022,신당 큐브스테이트,황학동,"19,000",중구,11,10,9,22.1,,,1173,11140,19
74,,2013,신규,22.12~24.12,2022,한양 I-Class,황학동,"14,500",중구,11,0,10,19.05,,,787,11140,8
75,,2022,신규,22.12~24.11,2022,신당 큐브스테이트,황학동,"21,000",중구,11,0,10,22.8,,,1173,11140,16
76,,2022,,,2022,신당 큐브스테이트,황학동,"20,000",중구,11,0,10,22.8,,,1173,11140,8
77,,2014,신규,23.01~24.07,2022,DUO302,황학동,"6,000",중구,11,40,11,23.06,,,819,11140,3
78,,2022,신규,23.01~25.01,2022,신당 큐브스테이트,황학동,"7,000",중구,11,75,11,23.46,,,1173,11140,10
79,,2022,,,2022,신당 큐브스테이트,황학동,"5,000",중구,11,70,11,21.08,,,1173,11140,19
80,,,,,2022,주건축물제1동,황학동,"17,000",중구,11,0,12,23.61,,,19,11140,6
81,,2017,신규,22.12~24.12,2022,(1079),황학동,"5,000",중구,11,100,12,45.56,,,1079,11140,8
82,,2021,신규,22.12~23.12,2022,디아레나청계,황학동,"30,000",중구,11,0,13,37.47,,,1715,11140,12
83,,2013,신규,22.12~24.12,2022,한양 I-Class,황학동,"15,300",중구,11,0,14,19.05,,,787,11140,11
84,,2022,,,2022,신당 큐브스테이트,황학동,"20,000",중구,11,0,14,23.46,,,1173,11140,14
85,,2013,신규,22.12~24.12,2022,한양 I-Class,황학동,"2,000",중구,11,50,14,19.05,,,787,11140,5
86,,2021,신규,22.12~24.12,2022,한양립스 이노와이즈,황학동,"17,000",중구,11,0,15,18.56,,,1257,11140,11
87,,2014,갱신,22.11~24.11,2022,다올 노블리움 B동,황학동,"27,000",중구,11,0,17,56.15,"27,000",,1744-1,11140,2
88,,2022,신규,22.12~24.12,2022,신당 큐브스테이트,황학동,"20,000",중구,11,0,17,22.8,,,1173,11140,10
89,,2022,신규,22.11~23.11,2022,신당 큐브스테이트,황학동,"5,000",중구,11,80,18,22.8,,,1173,11140,5
90,,2022,,,2022,신당 큐브스테이트,황학동,"21,000",중구,11,0,18,22.8,,,1173,11140,20
91,,2022,신규,22.12~24.12,2022,신당 큐브스테이트,황학동,"20,000",중구,11,0,18,23.46,,,1173,11140,8
92,,2022,,,2022,신당 큐브스테이트,황학동,"19,000",중구,11,0,18,23.96,,,1173,11140,6
93,,2004,신규,22.11~23.11,2022,올리브1,황학동,500,중구,11,65,18,23.73,,,808,11140,12
94,,2022,신규,22.12~24.12,2022,신당 큐브스테이트,황학동,"21,000",중구,11,0,19,22.8,,,1173,11140,16
95,,2022,,,2022,신당 큐브스테이트,황학동,"20,000",중구,11,0,19,23.46,,,1173,11140,8
96,,2022,,,2022,신당 큐브스테이트,황학동,"18,000",중구,11,0,20,17.8,,,1173,11140,17
97,,2022,신규,22.12~24.12,2022,신당 큐브스테이트,황학동,"21,000",중구,11,0,21,23.96,,,1173,11140,17
98,,2022,,,2022,신당 큐브스테이트,황학동,"20,500",중구,11,0,22,23.96,,,1173,11140,12
99,,2022,,,2022,신당 큐브스테이트,황학동,"18,000",중구,11,0,23,17.8,,,1173,11140,16
100,,2022,,,2022,신당 큐브스테이트,황학동,"20,000",중구,11,0,23,22.1,,,1173,11140,10
101,,2022,,,2022,신당 큐브스테이트,황학동,"20,000",중구,11,0,23,23.96,,,1173,11140,13
102,,2022,,,2022,신당 큐브스테이트,황학동,"20,000",중구,11,0,23,23.46,,,1173,11140,9
103,,2022,,,2022,신당 큐브스테이트,황학동,"17,000",중구,11,20,24,21.08,,,1173,11140,5
104,,2022,신규,22.12~24.12,2022,신당 큐브스테이트,황학동,"20,000",중구,11,0,24,22.8,,,1173,11140,8
105,,2013,신규,22.12~24.12,2022,한양 I-Class,황학동,"14,500",중구,11,0,25,19.05,,,787,11140,7
106,,2022,,,2022,신당 큐브스테이트,황학동,"20,000",중구,11,0,25,22.8,,,1173,11140,13
107,,2022,신규,22.12~23.12,2022,신당 큐브스테이트,황학동,"20,000",중구,11,0,26,23.46,,,1173,11140,6
108,,2022,,,2022,신당 큐브스테이트,황학동,"20,500",중구,11,0,26,23.46,,,1173,11140,15
109,,2014,신규,23.01~24.01,2022,DUO302,황학동,"1,000",중구,11,68,26,22.52,,,819,11140,7
110,,2022,신규,22.12~24.12,2022,신당 큐브스테이트,황학동,"18,000",중구,11,0,26,17.32,,,1173,11140,15
111,,2022,,,2022,신당 큐브스테이트,황학동,"5,000",중구,11,75,26,23.46,,,1173,11140,11
112,,2022,,,2022,신당 큐브스테이트,황학동,"19,500",중구,11,0,26,21.46,,,1173,11140,15
113,,2022,,,2022,신당 큐브스테이트,황학동,"20,500",중구,11,0,26,23.96,,,1173,11140,11
114,,2003,신규,22.11~24.11,2022,중앙시티빌,황학동,500,중구,11,65,27,25,,,805,11140,7
115,,2022,신규,22.12~24.12,2022,신당 큐브스테이트,황학동,"18,500",중구,11,0,27,21.88,,,1173,11140,2
116,,2022,신규,22.12~24.12,2022,메르센트,황학동,"40,900",중구,11,0,27,37.76,,,959,11140,3
117,,2003,신규,22.12~23.12,2022,중앙시티빌,황학동,"1,000",중구,11,60,27,24.99,,,805,11140,14
118,,2022,,,2022,신당 큐브스테이트,황학동,"20,000",중구,11,0,28,23.46,,,1173,11140,7
119,,2022,,,2022,신당 큐브스테이트,황학동,"20,000",중구,11,0,28,22.8,,,1173,11140,11
120,,2019,신규,22.12~24.12,2022,테인트리즈,황학동,"27,510",중구,11,0,28,38.26,,,1087,11140,3
121,,2004,신규,22.12~23.12,2022,올리브1,황학동,500,중구,11,65,28,23.73,,,808,11140,15
122,,2014,신규,23.01~24.01,2022,DUO302,황학동,"1,000",중구,11,70,28,22.52,,,819,11140,4
123,,2022,,,2022,메르센트,황학동,"35,800",중구,11,0,29,29.95,,,959,11140,4
124,,2013,신규,23.01~25.01,2022,한양 I-Class,황학동,"13,000",중구,11,0,29,19.05,,,787,11140,6
125,,2015,,,2022,(1546),황학동,"24,000",중구,11,0,29,40.07,,,1546,11140,4
126,,2016,신규,22.11~23.07,2022,덕수궁롯데캐슬,순화동,"1,000",중구,11,103,11,36.15,,,217,11140,2
127,,2016,갱신,22.12~23.12,2022,덕수궁롯데캐슬,순화동,"32,100",중구,11,0,28,36.15,"32,000",,217,11140,12
128,,2005,신규,22.12~24.12,2022,바비엥-2,의주로1가,"26,000",중구,11,0,19,40.22,,,25-10,11140,5
129,,2005,신규,22.12~24.12,2022,바비엥-2,의주로1가,"27,000",중구,11,0,22,44.48,,,25-10,11140,6
130,,2005,갱신,22.12~24.12,2022,서울역 디오빌,만리동1가,"20,000",중구,11,60,5,56.17,"20,000",50,62-7,11140,5
131,,2004,신규,22.11~24.11,2022,KCC 파크타운,만리동2가,"2,000",중구,11,230,3,66.47,,,11-1,11140,11
132,,2004,신규,22.11~24.11,2022,KCC 파크타운,만리동2가,"42,000",중구,11,0,12,66.47,,,11-1,11140,15
0,,2007,,,2022,명동 엠퍼스트플레이스,충무로2가,"19,700",중구,12,0,1,18.6,,,48-2,11140,2
1,,2007,,,2022,명동 엠퍼스트플레이스,충무로2가,"3,000",중구,12,67,1,18.6,,,48-2,11140,10
2,,2007,,,2022,명동 엠퍼스트플레이스,충무로2가,"10,000",중구,12,45,7,20.28,,,48-2,11140,8
3,,2007,신규,22.12~23.12,2022,명동 엠퍼스트플레이스,충무로2가,"1,000",중구,12,90,7,18.6,,,48-2,11140,9
4,,2007,,,2022,명동 엠퍼스트플레이스,충무로2가,"1,000",중구,12,74,19,18.6,,,48-2,11140,13
5,,2007,,,2022,명동 엠퍼스트플레이스,충무로2가,"1,000",중구,12,70,19,17.59,,,48-2,11140,10
6,,2007,신규,23.01~24.01,2022,명동 엠퍼스트플레이스,충무로2가,"5,000",중구,12,70,30,21.52,,,48-2,11140,5
7,,2016,,,2022,충무로엘크루메트로시티2,충무로5가,"1,000",중구,12,70,5,23.03,,,36-2,11140,4
8,,2016,신규,22.12~23.12,2022,충무로엘크루메트로시티2,충무로5가,"1,000",중구,12,73,16,23.03,,,36-2,11140,8
9,사용,2016,갱신,22.12~24.12,2022,충무로엘크루메트로시티2,충무로5가,"18,900",중구,12,0,19,23.03,"18,000",,36-2,11140,20
10,,2021,신규,23.01~24.01,2022,충무로역 스위트엠,묵정동,"4,000",중구,12,70,7,18.47,,,32-5,11140,10
11,,2021,신규,23.02~24.02,2022,충무로역 스위트엠,묵정동,"7,000",중구,12,55,27,18.57,,,32-5,11140,8
12,,2021,신규,23.02~25.02,2022,충무로역 스위트엠,묵정동,"21,000",중구,12,0,31,18.57,,,32-5,11140,8
13,,2022,신규,22.12~24.12,2022,동대문D플레이스,광희동1가,"24,800",중구,12,0,1,25.49,,,145-2,11140,8
14,,2022,신규,23.02~24.01,2022,서울스테이트,광희동1가,"1,000",중구,12,115,19,17.93,,,257,11140,13
15,,1999,신규,23.01~24.01,2022,광희동금호트윈 오피스텔,광희동1가,500,중구,12,50,29,21.96,,,89-1,11140,13
16,,2020,신규,23.01~25.01,2022,남산 오렌지카운티,쌍림동,"22,000",중구,12,0,13,18.49,,,106-14,11140,12
17,,2020,신규,23.01~24.01,2022,남산 오렌지카운티,쌍림동,"1,000",중구,12,74,20,18.49,,,106-14,11140,11
18,,2020,신규,22.12~23.12,2022,오렌지카운티을지로,오장동,"1,000",중구,12,65,5,16.32,,,145-1,11140,5
19,,2021,신규,22.12~23.12,2022,오장동 오팰리오,오장동,"29,000",중구,12,0,8,29.95,,,139-7,11140,5
20,,2020,신규,22.12~24.12,2022,오렌지카운티을지로,오장동,"8,000",중구,12,50,15,21.12,,,145-1,11140,4
21,,2014,갱신,23.01~25.01,2022,코발트팰리스,오장동,"13,000",중구,12,0,27,20.36,"13,000",,90-24,11140,12
22,,2013,갱신,23.01~24.01,2022,엘크루 메트로시티,충무로3가,"1,000",중구,12,80,1,26.27,"1,000",80,49,11140,8
23,,2013,신규,22.12~23.12,2022,엘크루 메트로시티,충무로3가,"2,000",중구,12,85,1,28.94,,,49,11140,17
24,,2013,신규,22.12~23.12,2022,엘크루 메트로시티,충무로3가,"1,000",중구,12,90,1,28.94,,,49,11140,8
25,사용,2013,갱신,23.01~25.01,2022,엘크루 메트로시티,충무로3가,"23,000",중구,12,0,9,26.65,"22,000",,49,11140,13
26,,2013,신규,23.01~24.01,2022,엘크루 메트로시티,충무로3가,"1,000",중구,12,90,13,28.94,,,49,11140,10
27,,2018,신규,22.12~23.12,2022,제이매크로 타워,저동2가,"1,000",중구,12,85,2,22.6,,,7-2,11140,9
28,,2018,신규,22.12~24.03,2022,제이매크로 타워,저동2가,115,중구,12,115,9,19.35,,,7-2,11140,4
29,,2018,갱신,22.12~23.12,2022,제이매크로 타워,저동2가,"1,000",중구,12,80,13,19.35,"1,000",75,7-2,11140,14
30,,2018,신규,23.01~25.01,2022,제이매크로 타워,저동2가,"10,000",중구,12,35,15,19.35,,,7-2,11140,5
31,,2018,,,2022,제이매크로 타워,저동2가,"1,000",중구,12,72,27,19.35,,,7-2,11140,5
32,,2018,신규,23.01~25.01,2022,제이매크로 타워,저동2가,"18,000",중구,12,0,28,19.35,,,7-2,11140,14
33,,2021,,,2022,자강헌,신당동,"4,100",중구,12,80,3,23.93,,,367-12,11140,3
34,,2021,신규,22.12~23.12,2022,(372-49),신당동,"2,000",중구,12,80,3,20.34,,,372-49,11140,10
35,,2020,신규,22.12~23.12,2022,(251-73),신당동,"1,000",중구,12,92,5,18.7,,,251-73,11140,3
36,,2018,,,2022,아리스타 에스디,신당동,"3,000",중구,12,68,5,18.66,,,160-1,11140,3
37,,2004,,,2022,신당동 오피스텔,신당동,900,중구,12,20,10,13.84,,,294-64,11140,5
38,,2016,신규,23.01~25.01,2022,신당역솔하임,신당동,"1,000",중구,12,75,10,18.8,,,140-23,11140,8
39,,2018,신규,22.12~24.12,2022,대현프리몰,신당동,"3,000",중구,12,62,10,18.18,,,421-1,11140,8
40,,2018,신규,23.01~24.12,2022,대현프리몰,신당동,"3,000",중구,12,74,12,26.37,,,421-1,11140,4
41,,2018,신규,23.01~25.01,2022,대현프리몰,신당동,"3,000",중구,12,62,12,18.18,,,421-1,11140,5
42,,2018,신규,22.12~24.12,2022,대현프리몰,신당동,"5,000",중구,12,55,12,18.18,,,421-1,11140,7
43,,2018,,23.01~24.01,2022,대현프리몰,신당동,"1,000",중구,12,69,16,18.18,,,421-1,11140,5
44,,2018,신규,23.01~24.01,2022,대현프리몰,신당동,"1,000",중구,12,69,16,18.18,,,421-1,11140,6
45,,2021,신규,22.12~24.12,2022,(372-49),신당동,"1,000",중구,12,80,17,20.34,,,372-49,11140,3
46,,2014,신규,23.02~25.02,2022,신당아르브,신당동,"17,500",중구,12,0,17,21.31,,,160-5,11140,10
47,,2016,신규,23.01~25.01,2022,신당역솔하임,신당동,"20,000",중구,12,0,22,20.69,,,140-23,11140,13
48,,2014,신규,23.01~24.01,2022,신당아르브,신당동,"1,000",중구,12,70,24,21.31,,,160-5,11140,11
49,,2020,,,2022,(251-73),신당동,"3,000",중구,12,90,27,18.7,,,251-73,11140,6
50,,2021,신규,22.12~24.12,2022,(372-49),신당동,"1,000",중구,12,80,31,20.34,,,372-49,11140,5
51,,2021,신규,23.01~25.01,2022,(372-49),신당동,"22,000",중구,12,0,31,20.34,,,372-49,11140,5
52,,2004,신규,23.01~25.01,2022,JK오피스텔,신당동,"6,500",중구,12,20,31,25.41,,,353-22,11140,4
53,,2016,,,2022,리마크빌 동대문,흥인동,"1,000",중구,12,78,14,24.65,,,86,11140,7
54,사용,2014,갱신,22.12~23.11,2022,동대문 와이즈 캐슬,흥인동,"14,265",중구,12,0,20,19.92,"14,265",2,119,11140,3
55,,2014,신규,23.01~24.01,2022,청계천 두산위브더제니스,흥인동,"2,000",중구,12,135,20,46.74,,,13-1,11140,12
56,,2014,신규,23.01~24.01,2022,동대문 와이즈 캐슬,흥인동,"1,000",중구,12,65,23,19.92,,,119,11140,3
57,,2014,신규,23.01~24.01,2022,동대문 와이즈 캐슬,흥인동,"1,000",중구,12,60,23,19.92,,,119,11140,2
58,,2014,신규,23.01~24.01,2022,동대문 와이즈 캐슬,흥인동,500,중구,12,63,26,21.35,,,119,11140,5
59,,2014,,,2022,동대문 와이즈 캐슬,흥인동,"14,500",중구,12,0,29,19.92,,,119,11140,4
60,사용,2014,갱신,22.12~23.08,2022,동대문 와이즈 캐슬,흥인동,"5,000",중구,12,34,30,19.92,"5,000",32,119,11140,4
61,,2019,,,2022,MAVL PLACE,황학동,"1,000",중구,12,68,1,26.75,,,1596,11140,10
62,,2022,,,2022,신당 큐브스테이트,황학동,"20,000",중구,12,0,1,22.8,,,1173,11140,9
63,,2013,갱신,22.12~23.12,2022,한양 I-Class,황학동,"1,000",중구,12,63,1,19.05,"1,000",60,787,11140,7
64,,2022,신규,22.12~24.12,2022,신당 큐브스테이트,황학동,"20,000",중구,12,0,1,22.1,,,1173,11140,9
65,,2022,신규,22.12~24.12,2022,신당 큐브스테이트,황학동,"21,000",중구,12,0,2,23.96,,,1173,11140,18
66,,2022,,,2022,메르센트,황학동,"35,400",중구,12,0,2,29.97,,,959,11140,4
67,,2022,신규,22.12~24.12,2022,신당 큐브스테이트,황학동,"18,000",중구,12,0,3,17.8,,,1173,11140,20
68,,2022,신규,23.01~25.01,2022,신당 큐브스테이트,황학동,"17,500",중구,12,0,4,18.4,,,1173,11140,2
69,,2022,,,2022,신당 큐브스테이트,황학동,"12,000",중구,12,55,5,23.46,,,1173,11140,4
70,,2022,,,2022,신당 큐브스테이트,황학동,"18,000",중구,12,0,6,17.32,,,1173,11140,9
71,,2014,신규,22.12~23.12,2022,DUO302,황학동,"1,000",중구,12,70,6,23.06,,,819,11140,10
72,,2022,신규,22.12~24.12,2022,신당 큐브스테이트,황학동,"20,500",중구,12,0,6,22.1,,,1173,11140,18
73,,2022,신규,23.01~25.01,2022,신당 큐브스테이트,황학동,"20,000",중구,12,0,6,23.46,,,1173,11140,17
74,,2013,,,2022,블루카운티,황학동,"3,000",중구,12,0,7,41.87,,,1519,11140,4
75,,2014,,,2022,DUO302,황학동,"1,000",중구,12,67,7,22.52,,,819,11140,9
76,,2013,신규,23.01~24.01,2022,한양 I-Class,황학동,"12,000",중구,12,10,7,19.05,,,787,11140,3
77,,2019,신규,23.02~25.02,2022,베네스트,황학동,"23,500",중구,12,0,7,36.97,,,855,11140,8
78,,2013,,,2022,한양 I-Class,황학동,220,중구,12,60,9,19.05,,,787,11140,4
79,,2022,신규,22.12~24.12,2022,신당 큐브스테이트,황학동,"20,000",중구,12,0,10,23.46,,,1173,11140,12
80,,2022,,,2022,신당 큐브스테이트,황학동,"20,000",중구,12,0,11,23.46,,,1173,11140,11
81,,2018,,,2022,동광팰리스 Ⅱ,황학동,"25,700",중구,12,0,11,42.14,,,1665,11140,4
82,,2022,,,2022,신당 큐브스테이트,황학동,"20,000",중구,12,0,13,21.46,,,1173,11140,17
83,,2022,,,2022,신당 큐브스테이트,황학동,"17,450",중구,12,0,14,18.61,,,1173,11140,2
84,,2022,,,2022,신당 큐브스테이트,황학동,"21,000",중구,12,0,14,23.96,,,1173,11140,19
85,,2022,,,2022,신당 큐브스테이트,황학동,"19,000",중구,12,0,14,21.08,,,1173,11140,16
86,,2022,,,2022,신당 큐브스테이트,황학동,"21,000",중구,12,0,15,22.8,,,1173,11140,19
87,,2022,신규,23.02~25.02,2022,신당 큐브스테이트,황학동,"20,000",중구,12,0,16,23.96,,,1173,11140,13
88,,2003,갱신,22.12~23.12,2022,중앙시티빌,황학동,"1,000",중구,12,70,16,31.04,"3,000",55,805,11140,12
89,,2022,,,2022,신당 큐브스테이트,황학동,"21,000",중구,12,0,16,21.46,,,1173,11140,19
90,,2004,신규,22.12~23.12,2022,올리브1,황학동,"3,000",중구,12,42,16,25.05,,,808,11140,6
91,,2022,,,2022,신당 큐브스테이트,황학동,"22,000",중구,12,0,17,23.46,,,1173,11140,4
92,,2019,신규,23.03~25.03,2022,청계리버팰리스A,황학동,"24,000",중구,12,0,17,37.66,,,2033,11140,2
93,,2003,신규,22.12~23.12,2022,중앙시티빌,황학동,"1,000",중구,12,58,17,24.5,,,805,11140,9
94,,2022,신규,23.02~25.02,2022,신당 큐브스테이트,황학동,"21,000",중구,12,0,17,23.96,,,1173,11140,16
95,,2022,신규,23.02~25.02,2022,신당 큐브스테이트,황학동,"20,000",중구,12,0,17,23.46,,,1173,11140,6
96,,2022,신규,23.01~25.01,2022,신당 큐브스테이트,황학동,"20,000",중구,12,0,17,22.8,,,1173,11140,6
97,,2022,,,2022,신당 큐브스테이트,황학동,"20,000",중구,12,0,18,22.8,,,1173,11140,17
98,,2022,,,2022,신당 큐브스테이트,황학동,"23,000",중구,12,0,19,21.08,,,1173,11140,3
99,,2022,,,2022,신당 큐브스테이트,황학동,"21,000",중구,12,0,19,22.8,,,1173,11140,19
100,,2004,신규,22.12~23.12,2022,올리브1,황학동,500,중구,12,70,20,25.05,,,808,11140,2
101,,2022,,,2022,신당 큐브스테이트,황학동,"20,500",중구,12,0,20,22.1,,,1173,11140,13
102,,2019,,,2022,베네스트,황학동,"23,600",중구,12,0,21,35.11,,,855,11140,8
103,,2021,,,2022,한양립스 이노와이즈,황학동,"20,000",중구,12,0,21,25.31,,,1257,11140,7
104,,2022,신규,23.02~25.02,2022,신당 큐브스테이트,황학동,"20,500",중구,12,0,22,23.96,,,1173,11140,10
105,,2022,신규,23.01~25.01,2022,신당 큐브스테이트,황학동,"21,000",중구,12,0,22,23.46,,,1173,11140,18
106,,2014,신규,23.01~24.01,2022,다올 노블리움 B동,황학동,500,중구,12,55,22,22.44,,,1744-1,11140,7
107,,2022,신규,23.01~25.01,2022,신당 큐브스테이트,황학동,"20,500",중구,12,0,22,21.46,,,1173,11140,14
108,,2001,신규,22.12~23.12,2022,골든빌,황학동,500,중구,12,50,23,23.52,,,1752,11140,3
109,,2022,,,2022,신당 큐브스테이트,황학동,"20,000",중구,12,0,24,22.8,,,1173,11140,7
110,,,신규,23.02~25.02,2022,청계아델리아 II,황학동,"28,500",중구,12,0,24,30.72,,,1153,11140,11
111,,2022,,,2022,신당 큐브스테이트,황학동,"20,000",중구,12,0,24,23.46,,,1173,11140,12
112,,2022,,,2022,신당 큐브스테이트,황학동,"21,000",중구,12,0,25,23.96,,,1173,11140,14
113,,2014,신규,22.12~23.12,2022,DUO302,황학동,"1,000",중구,12,68,26,22.52,,,819,11140,3
114,,2014,신규,23.02~25.02,2022,다올노블리움A동,황학동,"25,000",중구,12,0,28,44.8,,,1744,11140,2
115,,2022,신규,23.01~24.01,2022,신당 큐브스테이트,황학동,"21,000",중구,12,0,28,22.8,,,1173,11140,14
116,,2022,신규,23.01~25.01,2022,신당 큐브스테이트,황학동,"20,400",중구,12,0,30,21.46,,,1173,11140,13
117,,2022,신규,23.02~25.02,2022,신당 큐브스테이트,황학동,"20,500",중구,12,0,31,22.1,,,1173,11140,16
118,,2005,신규,23.03~24.02,2022,바비엥-2,의주로1가,"2,000",중구,12,150,23,46.29,,,25-10,11140,5
119,,2005,신규,23.01~25.01,2022,바비엥-2,의주로1가,"1,000",중구,12,130,26,44.94,,,25-10,11140,18
120,,2005,신규,22.12~24.12,2022,서울역 디오빌,만리동1가,"38,000",중구,12,0,13,56.17,,,62-7,11140,9
121,,2005,신규,23.01~25.01,2022,서울역 디오빌,만리동1가,"36,000",중구,12,0,23,56.17,,,62-7,11140,7
122,사용,2004,갱신,22.12~24.12,2022,KCC 파크타운,만리동2가,"44,100",중구,12,0,6,66.47,"42,000",,11-1,11140,5
123,,2004,신규,22.12~23.12,2022,KCC 파크타운,만리동2가,"3,000",중구,12,175,28,66.47,,,11-1,11140,8
