,갱신요구권사용,건축년도,계약구분,계약기간,년,단지,법정동,보증금,시군구,월,월세,일,전용면적,종전계약보증금,종전계약월세,지번,지역코드,층
0,,1990,,,2016,(339-4),후암동,"1,000",용산구,1,50,3,34.38,,,339-4,11170,2
1,,2004,,,2016,갈월동 에이트리움,갈월동,"8,000",용산구,1,0,5,34.21,,,101-49,11170,21
2,,2004,,,2016,갈월동 에이트리움,갈월동,"1,000",용산구,1,80,16,30.97,,,101-49,11170,7
3,,2015,,,2016,트윈시티 남산,동자동,"1,000",용산구,1,100,21,27.69,,,56,11170,14
4,,2013,,,2016,센트레빌아스테리움서울,동자동,"30,000",용산구,1,0,23,47.39,,,45,11170,15
5,,2014,,,2016,아인하우스,원효로3가,"14,000",용산구,1,0,26,23.04,,,277-36,11170,3
6,,2010,,,2016,리첸시아 용산B,문배동,"30,000",용산구,1,0,7,40.23,,,40-31,11170,2
7,,2013,,,2016,용산큐브,문배동,"2,000",용산구,1,60,11,17.46,,,24-4,11170,11
8,,2007,,,2016,용산아크로타워,문배동,"35,000",용산구,1,0,25,51.45,,,24-21,11170,5
9,,2013,,,2016,용산큐브,문배동,"5,000",용산구,1,45,26,17.46,,,24-4,11170,9
10,,2007,,,2016,용산씨제이나인파크,문배동,"35,000",용산구,1,0,30,54.96,,,24-6,11170,11
11,,2005,,,2016,용산파크자이,한강로1가,"6,000",용산구,1,85,6,39.03,,,50-1,11170,32
12,,2005,,,2016,용산파크자이,한강로1가,"13,000",용산구,1,45,9,33.6,,,50-1,11170,23
13,,2007,,,2016,대우 월드마크 용산,한강로1가,"30,000",용산구,1,70,23,79.65,,,64,11170,17
14,,2005,,,2016,용산파크자이,한강로1가,"27,000",용산구,1,0,25,39.03,,,50-1,11170,16
15,,2005,,,2016,한강현대하이엘,한강로2가,"12,000",용산구,1,0,4,40.28,,,2-36,11170,13
16,,2005,,,2016,한강로벽산메가트리움,한강로2가,"20,000",용산구,1,0,5,30.06,,,2-8,11170,21
17,,2004,,,2016,한강로 대우아이빌,한강로2가,"4,000",용산구,1,60,6,34.83,,,2-11,11170,6
18,,2005,,,2016,한강로벽산메가트리움,한강로2가,"19,000",용산구,1,0,9,29.54,,,2-8,11170,11
19,,2012,,,2016,아스테리움 용산,한강로2가,"25,000",용산구,1,50,12,49.85,,,419,11170,19
20,,2004,,,2016,대우디오빌한강로오피스텔,한강로2가,"5,000",용산구,1,80,18,33.95,,,312-4,11170,3
21,,2005,,,2016,한강현대하이엘,한강로2가,"3,000",용산구,1,60,22,30.03,,,2-36,11170,7
22,,2005,,,2016,한강현대하이엘,한강로2가,"20,000",용산구,1,0,23,41.82,,,2-36,11170,10
23,,2006,,,2016,지에스 한강에클라스,한강로3가,"15,000",용산구,1,0,21,35.06,,,16-85,11170,7
24,,2007,,,2016,용산 시티파크(63-389),한강로3가,"2,000",용산구,1,150,23,48.05,,,63-389,11170,8
25,,2006,,,2016,지에스 한강에클라스,한강로3가,"18,000",용산구,1,0,25,40.86,,,16-85,11170,9
26,,2004,,,2016,한강대우트럼프월드3,한강로3가,"2,000",용산구,1,65,29,25.52,,,65-230,11170,9
0,,1990,,,2016,(339-4),후암동,"6,000",용산구,2,10,16,34.38,,,339-4,11170,2
1,,1990,,,2016,(339-4),후암동,"3,000",용산구,2,40,17,34.38,,,339-4,11170,2
2,,1990,,,2016,(339-4),후암동,"1,000",용산구,2,45,23,34.38,,,339-4,11170,2
3,,2004,,,2016,그린빌파크,갈월동,"2,000",용산구,2,47,27,24.92,,,53-19,11170,4
4,,2004,,,2016,서울역풍림아이원플러스,서계동,"15,000",용산구,2,0,18,27.95,,,219-17,11170,4
5,,2004,,,2016,디아뜨 센트럴,원효로1가,"1,000",용산구,2,65,2,25.5,,,112-4,11170,13
6,,2004,,,2016,디아뜨 센트럴,원효로1가,"1,000",용산구,2,65,2,25.5,,,112-4,11170,6
7,,2015,,,2016,용산KCC웰츠타워,문배동,"1,000",용산구,2,90,11,29.97,,,11-10,11170,6
8,,2015,,,2016,용산KCC웰츠타워,문배동,"1,000",용산구,2,85,16,29.97,,,11-10,11170,4
9,,2013,,,2016,용산큐브,문배동,"5,000",용산구,2,50,17,17.46,,,24-4,11170,13
10,,2007,,,2016,이안용산프리미어,문배동,"35,500",용산구,2,0,19,66.24,,,3-3,11170,2
11,,2015,,,2016,용산KCC웰츠타워,문배동,"31,000",용산구,2,0,20,38.95,,,11-10,11170,7
12,,2007,,,2016,이안용산프리미어,문배동,"20,000",용산구,2,90,24,84.51,,,3-3,11170,2
13,,2007,,,2016,용산씨제이나인파크,문배동,"3,000",용산구,2,155,24,68.41,,,24-6,11170,10
14,,2007,,,2016,이안용산프리미어,문배동,"25,000",용산구,2,55,26,72.99,,,3-3,11170,7
15,,2015,,,2016,용산KCC웰츠타워,문배동,"8,000",용산구,2,50,26,27.46,,,11-10,11170,5
16,,2007,,,2016,대우 월드마크 용산,한강로1가,"50,000",용산구,2,0,5,86.38,,,64,11170,22
17,,2005,,,2016,용산파크자이,한강로1가,"21,000",용산구,2,0,13,28.46,,,50-1,11170,9
18,,2005,,,2016,용산파크자이,한강로1가,"23,000",용산구,2,0,13,36.13,,,50-1,11170,6
19,,2005,,,2016,용산파크자이,한강로1가,"12,000",용산구,2,60,20,37.26,,,50-1,11170,5
20,,2005,,,2016,용산파크자이,한강로1가,"28,000",용산구,2,0,22,50.31,,,50-1,11170,4
21,,2005,,,2016,용산파크자이,한강로1가,"27,000",용산구,2,0,26,50.31,,,50-1,11170,12
22,,2005,,,2016,용산파크자이,한강로1가,"26,000",용산구,2,0,27,39.03,,,50-1,11170,10
23,,2005,,,2016,한강로벽산메가트리움,한강로2가,"19,000",용산구,2,5,1,30.35,,,2-8,11170,28
24,,2005,,,2016,한강로벽산메가트리움,한강로2가,"20,000",용산구,2,0,1,30.06,,,2-8,11170,21
25,,2005,,,2016,한강로벽산메가트리움,한강로2가,"17,000",용산구,2,0,6,30.35,,,2-8,11170,24
26,,2005,,,2016,한강로벽산메가트리움,한강로2가,"5,000",용산구,2,65,20,33.02,,,2-8,11170,6
27,,2005,,,2016,한강현대하이엘,한강로2가,"18,000",용산구,2,0,22,42.32,,,2-36,11170,15
28,,2004,,,2016,한강대우트럼프월드3,한강로3가,"50,000",용산구,2,0,1,105.4,,,65-230,11170,30
29,,2004,,,2016,한강대우트럼프월드3,한강로3가,"10,000",용산구,2,55,1,30.91,,,65-230,11170,29
30,,2004,,,2016,한강대우트럼프월드3,한강로3가,"7,000",용산구,2,80,5,39.7,,,65-230,11170,21
31,,2007,,,2016,용산 시티파크(63-387),한강로3가,"32,000",용산구,2,0,13,60.48,,,63-387,11170,4
32,,2004,,,2016,한강대우트럼프월드3,한강로3가,"18,000",용산구,2,0,22,25.59,,,65-230,11170,15
33,,2007,,,2016,용산 시티파크(63-389),한강로3가,"53,000",용산구,2,0,24,81.7,,,63-389,11170,6
0,,2013,,,2016,센트레빌아스테리움서울,동자동,"30,000",용산구,3,0,5,47.39,,,45,11170,7
1,,1990,,,2016,(1),원효로2가,"1,000",용산구,3,50,10,22.03,,,1,11170,4
2,,2007,,,2016,이안용산프리미어,문배동,"8,000",용산구,3,70,1,47.51,,,3-3,11170,3
3,,2007,,,2016,용산아크로타워,문배동,"30,000",용산구,3,0,4,51.45,,,24-21,11170,7
4,,2007,,,2016,이안용산프리미어,문배동,"37,000",용산구,3,0,5,72.46,,,3-3,11170,6
5,,2013,,,2016,용산큐브,문배동,"16,000",용산구,3,0,5,17.46,,,24-4,11170,3
6,,2010,,,2016,리첸시아 용산B,문배동,"29,000",용산구,3,0,5,46.52,,,40-31,11170,3
7,,2015,,,2016,용산KCC웰츠타워,문배동,"38,000",용산구,3,0,8,59.57,,,11-10,11170,4
8,,2005,,,2016,이안 용산1차(11-14),문배동,"34,500",용산구,3,0,16,61.06,,,11-14,11170,15
9,,2005,,,2016,이안 용산1차(11-14),문배동,"34,000",용산구,3,0,19,63.2,,,11-14,11170,6
10,,2005,,,2016,이안 용산1차(11-14),문배동,"15,000",용산구,3,80,19,73.56,,,11-14,11170,11
11,,2007,,,2016,용산아크로타워,문배동,"7,000",용산구,3,80,24,38.37,,,24-21,11170,6
12,,2013,,,2016,용산큐브,문배동,"10,000",용산구,3,30,26,17.46,,,24-4,11170,6
13,,2013,,,2016,용산큐브,문배동,"15,000",용산구,3,0,26,17.46,,,24-4,11170,4
14,,2012,,,2016,프라임펠리스,문배동,"22,000",용산구,3,0,30,27.83,,,24-8,11170,8
15,,2015,,,2016,용산KCC웰츠타워,문배동,"20,000",용산구,3,0,30,23.44,,,11-10,11170,6
16,,2005,,,2016,용산파크자이,한강로1가,"6,000",용산구,3,105,18,37.26,,,50-1,11170,19
17,,2007,,,2016,대우 월드마크 용산,한강로1가,"5,000",용산구,3,250,23,104.29,,,64,11170,29
18,,2005,,,2016,한강로벽산메가트리움,한강로2가,"6,000",용산구,3,50,1,29.54,,,2-8,11170,14
19,,2012,,,2016,아스테리움 용산,한강로2가,"25,000",용산구,3,60,2,49.66,,,419,11170,26
20,,2004,,,2016,한강로 대우아이빌,한강로2가,"21,000",용산구,3,0,5,39.76,,,2-11,11170,2
21,,2012,,,2016,아스테리움 용산,한강로2가,"35,000",용산구,3,0,5,49.98,,,419,11170,24
22,,2012,,,2016,아스테리움 용산,한강로2가,"10,000",용산구,3,110,7,49.85,,,419,11170,18
23,,2005,,,2016,한강현대하이엘,한강로2가,"19,000",용산구,3,0,10,40.28,,,2-36,11170,15
24,,2005,,,2016,한강현대하이엘,한강로2가,"19,000",용산구,3,0,10,40.28,,,2-36,11170,15
25,,2012,,,2016,아스테리움 용산,한강로2가,"38,000",용산구,3,0,19,49.66,,,419,11170,22
26,,2005,,,2016,한강로벽산메가트리움,한강로2가,"15,000",용산구,3,10,25,29.54,,,2-8,11170,3
27,,2005,,,2016,한강로벽산메가트리움,한강로2가,"20,000",용산구,3,0,25,29.54,,,2-8,11170,13
28,,2009,,,2016,파크타워,용산동5가,"85,000",용산구,3,0,19,150.6,,,24,11170,14
29,,2004,,,2016,한강대우트럼프월드3,한강로3가,"23,000",용산구,3,0,14,30.91,,,65-230,11170,7
30,,2006,,,2016,지에스 한강에클라스,한강로3가,"17,000",용산구,3,0,14,41.07,,,16-85,11170,8
31,,2004,,,2016,한강대우트럼프월드3,한강로3가,"35,500",용산구,3,0,24,48.53,,,65-230,11170,19
32,,2004,,,2016,한강대우트럼프월드3,한강로3가,"16,000",용산구,3,0,28,25.52,,,65-230,11170,30
33,,2004,,,2016,언고오피스텔,한남동,"1,000",용산구,3,60,30,20.85,,,72-17,11170,4
0,,1990,,,2016,(339-4),후암동,"1,000",용산구,4,50,20,34.38,,,339-4,11170,2
1,,2004,,,2016,그린빌파크,갈월동,"1,000",용산구,4,52,5,23.01,,,53-19,11170,4
2,,2004,,,2016,갈월동 에이트리움,갈월동,"8,000",용산구,4,0,25,34.11,,,101-49,11170,21
3,,2004,,,2016,디아뜨 센트럴,원효로1가,"5,000",용산구,4,40,30,25.19,,,112-4,11170,13
4,,2014,,,2016,아인하우스,원효로3가,"13,000",용산구,4,0,30,21.27,,,277-36,11170,3
5,,2015,,,2016,용산KCC웰츠타워,문배동,"1,000",용산구,4,85,1,29.69,,,11-10,11170,4
6,,2015,,,2016,용산KCC웰츠타워,문배동,"26,000",용산구,4,0,2,37.48,,,11-10,11170,6
7,,2015,,,2016,용산KCC웰츠타워,문배동,"4,000",용산구,4,70,2,31.37,,,11-10,11170,8
8,,2007,,,2016,이안용산프리미어,문배동,"38,000",용산구,4,0,9,72.46,,,3-3,11170,7
9,,2015,,,2016,용산KCC웰츠타워,문배동,"21,000",용산구,4,0,9,29.69,,,11-10,11170,7
10,,2015,,,2016,용산KCC웰츠타워,문배동,"7,000",용산구,4,60,9,37.24,,,11-10,11170,7
11,,2015,,,2016,용산KCC웰츠타워,문배동,"25,000",용산구,4,0,11,38.48,,,11-10,11170,4
12,,2015,,,2016,용산KCC웰츠타워,문배동,"18,000",용산구,4,0,11,27.55,,,11-10,11170,3
13,,2015,,,2016,용산KCC웰츠타워,문배동,"25,000",용산구,4,0,12,33.1,,,11-10,11170,5
14,,2007,,,2016,용산아크로타워,문배동,"22,000",용산구,4,50,14,48.28,,,24-21,11170,5
15,,2015,,,2016,용산KCC웰츠타워,문배동,"5,000",용산구,4,90,16,37.24,,,11-10,11170,7
16,,2010,,,2016,리첸시아 용산B,문배동,"22,000",용산구,4,50,16,59.2,,,40-31,11170,3
17,,2004,,,2016,삼라마이다스빌,문배동,"9,000",용산구,4,0,16,28.23,,,40-19,11170,4
18,,2015,,,2016,용산KCC웰츠타워,문배동,"15,000",용산구,4,55,18,38.48,,,11-10,11170,8
19,,2015,,,2016,용산KCC웰츠타워,문배동,"20,000",용산구,4,45,18,38.19,,,11-10,11170,8
20,,2005,,,2016,이안 용산1차(11-14),문배동,"34,500",용산구,4,0,19,63.2,,,11-14,11170,11
21,,2007,,,2016,용산씨제이나인파크,문배동,"36,000",용산구,4,0,19,71.39,,,24-6,11170,9
22,,2007,,,2016,용산아크로타워,문배동,"20,000",용산구,4,60,19,48.28,,,24-21,11170,9
23,,2007,,,2016,용산씨제이나인파크,문배동,"10,000",용산구,4,100,20,63.96,,,24-6,11170,12
24,,2015,,,2016,용산KCC웰츠타워,문배동,"20,000",용산구,4,0,21,29.97,,,11-10,11170,5
25,,2013,,,2016,용산큐브,문배동,"5,000",용산구,4,45,23,17.46,,,24-4,11170,6
26,,2015,,,2016,용산KCC웰츠타워,문배동,"2,000",용산구,4,80,23,29.9,,,11-10,11170,7
27,,2015,,,2016,용산KCC웰츠타워,문배동,"19,500",용산구,4,25,25,35.79,,,11-10,11170,4
28,,2010,,,2016,리첸시아 용산B,문배동,"15,000",용산구,4,55,27,40.23,,,40-31,11170,3
29,,2005,,,2016,용산파크자이,한강로1가,"1,000",용산구,4,100,12,39.03,,,50-1,11170,9
30,,2005,,,2016,용산파크자이,한강로1가,"28,000",용산구,4,0,28,39.03,,,50-1,11170,17
31,,2005,,,2016,한강로벽산메가트리움,한강로2가,"20,500",용산구,4,0,14,32.15,,,2-8,11170,11
32,,2004,,,2016,대우디오빌한강로오피스텔,한강로2가,"17,500",용산구,4,0,16,32.19,,,312-4,11170,17
33,,2005,,,2016,한강로벽산메가트리움,한강로2가,"1,000",용산구,4,80,18,29.54,,,2-8,11170,16
34,,2012,,,2016,아스테리움 용산,한강로2가,"37,000",용산구,4,0,29,49.66,,,419,11170,27
35,,2004,,,2016,한강대우트럼프월드3,한강로3가,"21,000",용산구,4,0,8,30.91,,,65-230,11170,5
36,,2007,,,2016,용산 시티파크(63-387),한강로3가,"38,000",용산구,4,0,13,43.77,,,63-387,11170,2
37,,2007,,,2016,용산 시티파크(63-389),한강로3가,"35,000",용산구,4,0,15,48.05,,,63-389,11170,5
38,,2004,,,2016,한강대우트럼프월드3,한강로3가,"5,000",용산구,4,90,19,38.14,,,65-230,11170,17
39,,2004,,,2016,한강대우트럼프월드3,한강로3가,"36,000",용산구,4,0,25,48.53,,,65-230,11170,18
40,,2004,,,2016,한강대우트럼프월드3,한강로3가,"10,000",용산구,4,55,27,30.91,,,65-230,11170,29
0,,2004,,,2016,갈월동 에이트리움,갈월동,"19,000",용산구,5,0,4,34.11,,,101-49,11170,11
1,,2004,,,2016,그린빌파크,갈월동,"1,000",용산구,5,52,16,23.01,,,53-19,11170,4
2,,2015,,,2016,트윈시티 남산,동자동,"1,000",용산구,5,100,2,27.42,,,56,11170,23
3,,2015,,,2016,트윈시티 남산,동자동,"1,000",용산구,5,85,20,21.52,,,56,11170,17
4,,2004,,,2016,서울역풍림아이원플러스,서계동,"19,000",용산구,5,0,24,28.79,,,219-17,11170,6
5,,2014,,,2016,아인하우스,원효로3가,"13,500",용산구,5,0,13,24.48,,,277-36,11170,4
6,,2005,,,2016,이안 용산1차(11-29),문배동,"17,500",용산구,5,0,1,30.04,,,11-29,11170,13
7,,2013,,,2016,용산큐브,문배동,"16,000",용산구,5,0,11,17.46,,,24-4,11170,8
8,,2004,,,2016,삼라마이다스빌,문배동,"16,000",용산구,5,0,13,25.11,,,40-19,11170,7
9,,2005,,,2016,이안 용산1차(11-14),문배동,"34,000",용산구,5,0,14,63.2,,,11-14,11170,12
10,,2015,,,2016,용산KCC웰츠타워,문배동,"30,000",용산구,5,0,14,38.95,,,11-10,11170,6
11,,2015,,,2016,용산KCC웰츠타워,문배동,"27,500",용산구,5,0,23,39.69,,,11-10,11170,4
12,,2015,,,2016,용산KCC웰츠타워,문배동,"12,000",용산구,5,80,23,47.54,,,11-10,11170,7
13,,2013,,,2016,용산큐브,문배동,"16,000",용산구,5,0,26,17.46,,,24-4,11170,6
14,,2015,,,2016,용산KCC웰츠타워,문배동,"1,000",용산구,5,85,26,29.97,,,11-10,11170,7
15,,2013,,,2016,용산큐브,문배동,"17,000",용산구,5,0,26,17.46,,,24-4,11170,6
16,,2015,,,2016,용산KCC웰츠타워,문배동,"26,000",용산구,5,0,27,38.13,,,11-10,11170,8
17,,2010,,,2016,리첸시아 용산B,문배동,"30,000",용산구,5,0,28,59.57,,,40-31,11170,2
18,,2005,,,2016,용산파크자이,한강로1가,"1,000",용산구,5,100,28,37.26,,,50-1,11170,7
19,,2004,,,2016,한강로 대우아이빌,한강로2가,"6,000",용산구,5,55,3,34.83,,,2-11,11170,5
20,,2012,,,2016,아스테리움 용산,한강로2가,"35,000",용산구,5,0,28,49.66,,,419,11170,16
21,,2004,,,2016,대우디오빌한강로오피스텔,한강로2가,"3,000",용산구,5,55,28,30.64,,,312-4,11170,13
22,,2005,,,2016,한강로벽산메가트리움,한강로2가,"18,000",용산구,5,15,31,32.87,,,2-8,11170,9
23,,2009,,,2016,파크타워,용산동5가,"65,000",용산구,5,0,18,123.34,,,24,11170,8
24,,2009,,,2016,파크타워,용산동5가,"65,000",용산구,5,0,23,123.34,,,24,11170,7
25,,2004,,,2016,한강대우트럼프월드3,한강로3가,"25,000",용산구,5,0,17,38.14,,,65-230,11170,11
26,,2007,,,2016,용산 시티파크(63-389),한강로3가,"50,000",용산구,5,0,27,74.73,,,63-389,11170,5
27,,2004,,,2016,한강대우트럼프월드3,한강로3가,"8,000",용산구,5,110,28,49.66,,,65-230,11170,16
28,,2004,,,2016,한남동 하이페리온Ⅱ,한남동,"86,000",용산구,5,0,2,139.38,,,550,11170,2
29,,2002,,,2016,(726-116),한남동,"2,000",용산구,5,160,26,68.87,,,726-116,11170,3
0,,1990,,,2016,(339-4),후암동,"1,000",용산구,6,50,8,34.38,,,339-4,11170,3
1,,2015,,,2016,트윈시티 남산,동자동,"1,000",용산구,6,110,13,29.95,,,56,11170,10
2,,2013,,,2016,센트레빌아스테리움서울,동자동,"55,000",용산구,6,0,24,99.36,,,45,11170,16
3,,2004,,,2016,디아뜨 센트럴,원효로1가,"1,000",용산구,6,65,30,25.19,,,112-4,11170,15
4,,2014,,,2016,아인하우스,원효로3가,"15,500",용산구,6,0,10,26.88,,,277-36,11170,5
5,,2004,,,2016,지오베르크,문배동,"18,000",용산구,6,0,2,32.49,,,17-1,11170,3
6,,2012,,,2016,프라임펠리스,문배동,"21,000",용산구,6,0,3,27.83,,,24-8,11170,4
7,,2015,,,2016,용산KCC웰츠타워,문배동,"1,000",용산구,6,90,6,37.17,,,11-10,11170,4
8,,2013,,,2016,용산큐브,문배동,"15,000",용산구,6,0,7,17.46,,,24-4,11170,3
9,,2007,,,2016,이안용산프리미어,문배동,"41,000",용산구,6,0,8,87.29,,,3-3,11170,3
10,,2012,,,2016,프라임펠리스,문배동,"5,000",용산구,6,45,9,18.77,,,24-8,11170,7
11,,2005,,,2016,이안 용산1차(11-29),문배동,"15,000",용산구,6,0,18,30.04,,,11-29,11170,9
12,,2005,,,2016,이안 용산1차,문배동,"17,500",용산구,6,0,18,30.04,,,7-6,11170,1
13,,2007,,,2016,용산아크로타워,문배동,"2,000",용산구,6,130,20,47.42,,,24-21,11170,5
14,,2010,,,2016,리첸시아 용산B,문배동,"32,000",용산구,6,0,20,59.2,,,40-31,11170,2
15,,2013,,,2016,용산큐브,문배동,"15,500",용산구,6,0,21,17.46,,,24-4,11170,3
16,,2010,,,2016,리첸시아 용산B,문배동,"33,000",용산구,6,0,23,47.51,,,40-31,11170,3
17,,2013,,,2016,용산큐브,문배동,"1,000",용산구,6,70,23,17.46,,,24-4,11170,4
18,,2013,,,2016,용산큐브,문배동,"16,500",용산구,6,0,30,17.46,,,24-4,11170,7
19,,2005,,,2016,용산파크자이,한강로1가,"22,000",용산구,6,0,2,28.46,,,50-1,11170,7
20,,2005,,,2016,용산파크자이,한강로1가,"1,000",용산구,6,100,4,37.26,,,50-1,11170,12
21,,2005,,,2016,용산파크자이,한강로1가,"24,000",용산구,6,0,15,33.46,,,50-1,11170,11
22,,2005,,,2016,용산파크자이,한강로1가,"24,000",용산구,6,0,16,36.13,,,50-1,11170,7
23,,2005,,,2016,용산파크자이,한강로1가,"11,000",용산구,6,80,17,52.55,,,50-1,11170,12
24,,2006,,,2016,용산 토투벨리,한강로2가,"19,000",용산구,6,0,7,33.93,,,2-37,11170,11
25,,2005,,,2016,한강로벽산메가트리움,한강로2가,"9,000",용산구,6,40,9,33.02,,,2-8,11170,21
26,,2004,,,2016,한강로 대우아이빌,한강로2가,"18,000",용산구,6,0,10,33.54,,,2-11,11170,4
27,,2005,,,2016,한강현대하이엘,한강로2가,"19,000",용산구,6,0,17,40.28,,,2-36,11170,8
28,,2005,,,2016,한강로벽산메가트리움,한강로2가,"1,000",용산구,6,70,23,30.35,,,2-8,11170,13
29,,2012,,,2016,아스테리움 용산,한강로2가,"40,000",용산구,6,0,24,49.66,,,419,11170,22
30,,2005,,,2016,한강현대하이엘,한강로2가,"10,000",용산구,6,35,25,40.28,,,2-36,11170,10
31,,2012,,,2016,아스테리움 용산,한강로2가,"42,000",용산구,6,0,29,49.98,,,419,11170,26
32,,2004,,,2016,한강대우트럼프월드3,한강로3가,"20,000",용산구,6,0,4,30.91,,,65-230,11170,9
33,,2006,,,2016,지에스 한강에클라스,한강로3가,"17,000",용산구,6,0,20,35.06,,,16-85,11170,11
34,,2004,,,2016,한강대우트럼프월드3,한강로3가,"17,500",용산구,6,0,21,25.59,,,65-230,11170,11
35,,2003,,,2016,디에스오피스텔,한남동,"13,000",용산구,6,0,27,28.49,,,257-1,11170,3
0,,2015,,,2016,트윈시티 남산,동자동,"1,000",용산구,7,110,25,29.95,,,56,11170,21
1,,2015,,,2016,용산KCC웰츠타워,문배동,"20,000",용산구,7,0,1,29.97,,,11-10,11170,5
2,,2007,,,2016,이안용산프리미어,문배동,"30,000",용산구,7,32,2,72.46,,,3-3,11170,3
3,,2012,,,2016,프라임펠리스,문배동,"14,000",용산구,7,0,2,18.55,,,24-8,11170,6
4,,2015,,,2016,용산KCC웰츠타워,문배동,"14,000",용산구,7,50,2,37.24,,,11-10,11170,6
5,,2013,,,2016,용산큐브,문배동,"15,500",용산구,7,0,7,17.46,,,24-4,11170,3
6,,2013,,,2016,용산큐브,문배동,"5,000",용산구,7,50,9,17.46,,,24-4,11170,5
7,,2007,,,2016,이안용산프리미어,문배동,"40,000",용산구,7,0,12,87.29,,,3-3,11170,5
8,,2007,,,2016,이안용산프리미어,문배동,"41,000",용산구,7,0,12,87.29,,,3-3,11170,5
9,,2015,,,2016,용산KCC웰츠타워,문배동,"1,000",용산구,7,80,14,29.69,,,11-10,11170,7
10,,2015,,,2016,용산KCC웰츠타워,문배동,"23,000",용산구,7,0,14,29.33,,,11-10,11170,5
11,,2013,,,2016,용산큐브,문배동,"1,000",용산구,7,70,18,17.46,,,24-4,11170,8
12,,2013,,,2016,용산큐브,문배동,"1,000",용산구,7,67,18,17.46,,,24-4,11170,4
13,,2013,,,2016,용산큐브,문배동,"16,000",용산구,7,0,18,17.46,,,24-4,11170,13
14,,2015,,,2016,용산KCC웰츠타워,문배동,"3,000",용산구,7,75,19,32.84,,,11-10,11170,3
15,,2005,,,2016,이안 용산1차(11-14),문배동,"35,000",용산구,7,0,19,73.56,,,11-14,11170,12
16,,2015,,,2016,용산KCC웰츠타워,문배동,"1,000",용산구,7,90,21,30,,,11-10,11170,6
17,,2015,,,2016,용산KCC웰츠타워,문배동,"12,000",용산구,7,40,29,29.97,,,11-10,11170,4
18,,2012,,,2016,프라임펠리스,문배동,"1,000",용산구,7,60,30,18.55,,,24-8,11170,12
19,,2005,,,2016,용산파크자이,한강로1가,"1,000",용산구,7,105,6,39.03,,,50-1,11170,19
20,,2005,,,2016,용산파크자이,한강로1가,"27,000",용산구,7,5,14,37.26,,,50-1,11170,8
21,,2005,,,2016,용산파크자이,한강로1가,"1,000",용산구,7,100,21,39.03,,,50-1,11170,9
22,,2005,,,2016,한강현대하이엘,한강로2가,"20,000",용산구,7,0,1,42.32,,,2-36,11170,8
23,,2004,,,2016,한강로 대우아이빌,한강로2가,"18,000",용산구,7,0,4,35.28,,,2-11,11170,7
24,,2005,,,2016,한강로벽산메가트리움,한강로2가,"12,300",용산구,7,0,15,32.15,,,2-8,11170,13
25,,2012,,,2016,아스테리움 용산,한강로2가,"20,000",용산구,7,80,16,49.66,,,419,11170,25
26,,2006,,,2016,용산 토투벨리,한강로2가,"12,000",용산구,7,20,17,33.93,,,2-37,11170,10
27,,2005,,,2016,한강로벽산메가트리움,한강로2가,"21,500",용산구,7,0,18,30.11,,,2-8,11170,27
28,,2005,,,2016,한강현대하이엘,한강로2가,"20,000",용산구,7,0,21,41.82,,,2-36,11170,13
29,,2012,,,2016,아스테리움 용산,한강로2가,"38,000",용산구,7,0,22,49.85,,,419,11170,26
30,,2012,,,2016,아스테리움 용산,한강로2가,"2,000",용산구,7,160,27,49.98,,,419,11170,13
31,,2005,,,2016,한강로벽산메가트리움,한강로2가,"19,000",용산구,7,0,27,30.35,,,2-8,11170,8
32,,2005,,,2016,한강로벽산메가트리움,한강로2가,"2,000",용산구,7,75,28,32.87,,,2-8,11170,3
33,,2004,,,2016,한남동 하이페리온Ⅱ,한남동,"84,000",용산구,7,0,25,145.63,,,550,11170,4
0,,2004,,,2016,갈월동 에이트리움,갈월동,"11,000",용산구,8,0,8,39.52,,,101-49,11170,21
1,,2004,,,2016,디아뜨 센트럴,원효로1가,"1,000",용산구,8,65,22,25.19,,,112-4,11170,3
2,,2015,,,2016,용산KCC웰츠타워,문배동,"24,000",용산구,8,0,3,37.07,,,11-10,11170,4
3,,2012,,,2016,프라임펠리스,문배동,"22,000",용산구,8,0,4,27.83,,,24-8,11170,5
4,,2015,,,2016,용산KCC웰츠타워,문배동,"1,500",용산구,8,80,6,28.66,,,11-10,11170,3
5,,2015,,,2016,용산KCC웰츠타워,문배동,"1,000",용산구,8,85,9,33.1,,,11-10,11170,6
6,,2013,,,2016,용산큐브,문배동,"16,300",용산구,8,0,10,17.46,,,24-4,11170,10
7,,2015,,,2016,용산KCC웰츠타워,문배동,"30,000",용산구,8,0,13,38.1,,,11-10,11170,5
8,,2007,,,2016,용산아크로타워,문배동,"21,000",용산구,8,0,17,28.72,,,24-21,11170,9
9,,2007,,,2016,용산아크로타워,문배동,"26,500",용산구,8,0,18,38.37,,,24-21,11170,8
10,,2015,,,2016,용산KCC웰츠타워,문배동,"1,000",용산구,8,85,20,29.69,,,11-10,11170,5
11,,2015,,,2016,용산KCC웰츠타워,문배동,"1,000",용산구,8,150,22,40.88,,,11-10,11170,5
12,,2007,,,2016,용산아크로타워,문배동,"25,000",용산구,8,0,24,38.37,,,24-21,11170,6
13,,2010,,,2016,리첸시아 용산B,문배동,"3,000",용산구,8,140,25,56.1,,,40-31,11170,3
14,,2007,,,2016,용산씨제이나인파크,문배동,"33,000",용산구,8,0,27,71.39,,,24-6,11170,4
15,,2012,,,2016,프라임펠리스,문배동,"5,000",용산구,8,60,29,27.83,,,24-8,11170,4
16,,2015,,,2016,용산KCC웰츠타워,문배동,"25,000",용산구,8,0,30,36.8,,,11-10,11170,8
17,,2015,,,2016,용산KCC웰츠타워,문배동,"1,000",용산구,8,90,31,29.97,,,11-10,11170,7
18,,2005,,,2016,용산파크자이,한강로1가,"27,500",용산구,8,0,1,38.1,,,50-1,11170,11
19,,2005,,,2016,용산파크자이,한강로1가,"28,000",용산구,8,0,20,42.99,,,50-1,11170,12
20,,2004,,,2016,대우디오빌한강로오피스텔,한강로2가,"16,000",용산구,8,0,3,23.85,,,312-4,11170,12
21,,2012,,,2016,아스테리움 용산,한강로2가,"2,000",용산구,8,155,5,49.98,,,419,11170,21
22,,2012,,,2016,아스테리움 용산,한강로2가,"40,000",용산구,8,0,8,49.98,,,419,11170,15
23,,2005,,,2016,한강로벽산메가트리움,한강로2가,"19,000",용산구,8,0,19,30.06,,,2-8,11170,24
24,,2012,,,2016,아스테리움 용산,한강로2가,"40,000",용산구,8,0,20,49.98,,,419,11170,21
25,,2012,,,2016,위너스타워,한강로2가,"12,500",용산구,8,5,22,40.03,,,2-132,11170,12
26,,2012,,,2016,아스테리움 용산,한강로2가,"40,000",용산구,8,0,23,49.85,,,419,11170,27
27,,2005,,,2016,한강현대하이엘,한강로2가,"21,000",용산구,8,0,26,41.82,,,2-36,11170,5
28,,2009,,,2016,파크타워,용산동5가,"5,000",용산구,8,380,31,150.6,,,24,11170,10
29,,2004,,,2016,한강대우트럼프월드3,한강로3가,"26,000",용산구,8,0,23,38.14,,,65-230,11170,11
30,,2004,,,2016,한강대우트럼프월드3,한강로3가,"20,000",용산구,8,0,23,30.91,,,65-230,11170,8
0,,1990,,,2016,(339-4),후암동,"3,000",용산구,9,40,6,34.38,,,339-4,11170,2
1,,2015,,,2016,트윈시티 남산,동자동,"4,200",용산구,9,63,12,21.71,,,56,11170,9
2,,2015,,,2016,트윈시티 남산,동자동,"1,000",용산구,9,84,13,21.71,,,56,11170,19
3,,2004,,,2016,서울역풍림아이원플러스,서계동,"2,000",용산구,9,70,24,28.11,,,219-17,11170,3
4,,2004,,,2016,디아뜨 센트럴,원효로1가,"3,000",용산구,9,50,27,25.5,,,112-4,11170,3
5,,2012,,,2016,프라임펠리스,문배동,"1,000",용산구,9,60,3,18.55,,,24-8,11170,10
6,,2005,,,2016,이안 용산1차,문배동,"17,000",용산구,9,0,3,30.04,,,7-6,11170,7
7,,2007,,,2016,용산씨제이나인파크,문배동,"43,000",용산구,9,0,3,70.92,,,24-6,11170,7
8,,2007,,,2016,이안용산프리미어,문배동,"36,000",용산구,9,0,5,71.38,,,3-3,11170,4
9,,2015,,,2016,용산KCC웰츠타워,문배동,"25,000",용산구,9,0,6,28.14,,,11-10,11170,8
10,,2013,,,2016,용산큐브,문배동,"9,500",용산구,9,30,20,17.46,,,24-4,11170,9
11,,2013,,,2016,용산큐브,문배동,"9,500",용산구,9,30,20,17.46,,,24-4,11170,9
12,,2012,,,2016,프라임펠리스,문배동,"22,000",용산구,9,0,23,27.83,,,24-8,11170,5
13,,2015,,,2016,용산KCC웰츠타워,문배동,"23,000",용산구,9,0,27,29.69,,,11-10,11170,6
14,,2005,,,2016,용산파크자이,한강로1가,"28,000",용산구,9,0,6,37.26,,,50-1,11170,25
15,,2005,,,2016,용산파크자이,한강로1가,"27,000",용산구,9,0,20,39.03,,,50-1,11170,12
16,,2005,,,2016,용산파크자이,한강로1가,"1,500",용산구,9,145,22,52.84,,,50-1,11170,2
17,,2005,,,2016,한강로벽산메가트리움,한강로2가,"3,000",용산구,9,70,2,32.15,,,2-8,11170,23
18,,2005,,,2016,한강현대하이엘,한강로2가,"2,000",용산구,9,80,7,42.32,,,2-36,11170,5
19,,2005,,,2016,한강로벽산메가트리움,한강로2가,"1,000",용산구,9,75,21,29.55,,,2-8,11170,5
20,,2012,,,2016,아스테리움 용산,한강로2가,"20,000",용산구,9,90,24,49.85,,,419,11170,30
21,,2005,,,2016,한강로벽산메가트리움,한강로2가,"15,000",용산구,9,0,24,32.15,,,2-8,11170,25
22,,2005,,,2016,한강로벽산메가트리움,한강로2가,"21,000",용산구,9,0,26,29.89,,,2-8,11170,17
23,,2005,,,2016,한강현대하이엘,한강로2가,"19,000",용산구,9,0,27,40.28,,,2-36,11170,4
24,,2007,,,2016,용산 시티파크(63-387),한강로3가,"2,000",용산구,9,180,12,61.71,,,63-387,11170,4
25,,1991,,,2016,용산전자오피스텔,한강로3가,300,용산구,9,52,30,24.6,,,16-58,11170,7
26,,2005,,,2016,로얄샤르망,한남동,"3,000",용산구,9,330,5,114.66,,,274-1,11170,8
0,,2015,,,2016,트윈시티 남산,동자동,"4,200",용산구,10,63,28,21.71,,,56,11170,7
1,,2013,,,2016,용산큐브,문배동,"12,000",용산구,10,20,1,17.46,,,24-4,11170,7
2,,2007,,,2016,용산씨제이나인파크,문배동,"40,000",용산구,10,0,1,70.92,,,24-6,11170,12
3,,2004,,,2016,지오베르크,문배동,"5,000",용산구,10,80,4,43.37,,,17-1,11170,3
4,,2005,,,2016,이안 용산1차(11-14),문배동,"35,500",용산구,10,0,8,73.56,,,11-14,11170,8
5,,2013,,,2016,용산큐브,문배동,"16,500",용산구,10,0,11,17.46,,,24-4,11170,11
6,,2015,,,2016,용산KCC웰츠타워,문배동,"21,000",용산구,10,0,15,29.69,,,11-10,11170,6
7,,2007,,,2016,용산아크로타워,문배동,"26,000",용산구,10,0,17,38.37,,,24-21,11170,2
8,,2007,,,2016,용산아크로타워,문배동,"3,000",용산구,10,130,17,51.45,,,24-21,11170,8
9,,2005,,,2016,이안 용산1차(11-14),문배동,"35,000",용산구,10,0,19,63.2,,,11-14,11170,10
10,,2005,,,2016,이안 용산1차,문배동,"18,000",용산구,10,0,20,30.04,,,7-6,11170,5
11,,2004,,,2016,지오베르크,문배동,"27,000",용산구,10,0,24,51.92,,,17-1,11170,2
12,,2015,,,2016,용산KCC웰츠타워,문배동,"33,000",용산구,10,0,26,42.38,,,11-10,11170,7
13,,2004,,,2016,삼라마이다스빌,문배동,"1,000",용산구,10,60,28,27.12,,,40-19,11170,1
14,,2012,,,2016,프라임펠리스,문배동,"15,000",용산구,10,0,28,18.55,,,24-8,11170,8
15,,2007,,,2016,용산씨제이나인파크,문배동,"39,000",용산구,10,0,29,70.92,,,24-6,11170,9
16,,2007,,,2016,용산아크로타워,문배동,"33,500",용산구,10,0,31,46.29,,,24-21,11170,7
17,,2005,,,2016,용산파크자이,한강로1가,"28,000",용산구,10,0,3,42.39,,,50-1,11170,22
18,,2007,,,2016,대우 월드마크 용산,한강로1가,"31,000",용산구,10,55,5,79.65,,,64,11170,35
19,,2005,,,2016,용산파크자이,한강로1가,"32,000",용산구,10,0,12,50.31,,,50-1,11170,5
20,,2005,,,2016,용산파크자이,한강로1가,"24,000",용산구,10,0,15,36.13,,,50-1,11170,12
21,,2005,,,2016,용산파크자이,한강로1가,"32,000",용산구,10,0,21,42.39,,,50-1,11170,22
22,,2005,,,2016,용산파크자이,한강로1가,"32,000",용산구,10,0,21,42.39,,,50-1,11170,35
23,,2005,,,2016,용산파크자이,한강로1가,"10,000",용산구,10,80,21,39.25,,,50-1,11170,32
24,,2006,,,2016,용산 토투벨리,한강로2가,"19,000",용산구,10,0,1,34.92,,,2-37,11170,13
25,,2005,,,2016,한강로벽산메가트리움,한강로2가,"18,500",용산구,10,0,12,29.89,,,2-8,11170,6
26,,2004,,,2016,한강로 대우아이빌,한강로2가,"18,000",용산구,10,0,17,34.83,,,2-11,11170,4
27,,2005,,,2016,한강로벽산메가트리움,한강로2가,"18,000",용산구,10,0,18,30.35,,,2-8,11170,12
28,,2005,,,2016,한강로벽산메가트리움,한강로2가,"20,000",용산구,10,0,22,33.02,,,2-8,11170,3
29,,2012,,,2016,아스테리움 용산,한강로2가,"40,000",용산구,10,0,27,49.98,,,419,11170,18
30,,2012,,,2016,아스테리움 용산,한강로2가,"37,500",용산구,10,0,31,49.66,,,419,11170,15
31,,2007,,,2016,용산 시티파크(63-387),한강로3가,"36,500",용산구,10,0,5,45.51,,,63-387,11170,2
32,,2004,,,2016,한강대우트럼프월드3,한강로3가,"19,000",용산구,10,0,6,25.59,,,65-230,11170,22
33,,2004,,,2016,한강대우트럼프월드3,한강로3가,"42,000",용산구,10,0,10,105.4,,,65-230,11170,23
34,,2007,,,2016,용산 시티파크(63-387),한강로3가,"23,000",용산구,10,0,20,36.01,,,63-387,11170,2
35,,2007,,,2016,용산 시티파크(63-387),한강로3가,"37,000",용산구,10,0,20,43.77,,,63-387,11170,3
36,,2007,,,2016,용산 시티파크(63-387),한강로3가,"35,000",용산구,10,30,22,65.89,,,63-387,11170,3
37,,2007,,,2016,용산 시티파크(63-387),한강로3가,"3,000",용산구,10,145,24,43.77,,,63-387,11170,2
38,,2007,,,2016,용산 시티파크(63-387),한강로3가,"30,000",용산구,10,50,29,54,,,63-387,11170,4
39,,2003,,,2016,디에스오피스텔,한남동,"3,000",용산구,10,45,8,28.49,,,257-1,11170,5
0,,2004,,,2016,그린빌파크,갈월동,"1,000",용산구,11,52,7,23.01,,,53-19,11170,2
1,,2004,,,2016,그린빌파크,갈월동,"1,000",용산구,11,52,19,23.01,,,53-19,11170,3
2,,2015,,,2016,트윈시티 남산,동자동,"1,000",용산구,11,95,8,27.42,,,56,11170,17
3,,2015,,,2016,용산KCC웰츠타워,문배동,"22,000",용산구,11,0,2,29.97,,,11-10,11170,8
4,,2015,,,2016,용산KCC웰츠타워,문배동,"24,000",용산구,11,0,5,29.97,,,11-10,11170,7
5,,2005,,,2016,이안 용산1차,문배동,"18,000",용산구,11,0,6,30.76,,,7-6,11170,12
6,,2015,,,2016,용산KCC웰츠타워,문배동,"36,000",용산구,11,0,12,53.53,,,11-10,11170,5
7,,2015,,,2016,용산KCC웰츠타워,문배동,"23,000",용산구,11,0,12,27.46,,,11-10,11170,5
8,,2005,,,2016,이안 용산1차(11-14),문배동,"23,000",용산구,11,0,13,61.06,,,11-14,11170,2
9,,2013,,,2016,용산큐브,문배동,"16,800",용산구,11,0,14,17.46,,,24-4,11170,10
10,,2007,,,2016,용산씨제이나인파크,문배동,"3,000",용산구,11,140,19,54.96,,,24-6,11170,6
11,,2007,,,2016,용산씨제이나인파크,문배동,"37,500",용산구,11,0,21,54.96,,,24-6,11170,7
12,,2015,,,2016,용산KCC웰츠타워,문배동,"38,000",용산구,11,0,21,53.53,,,11-10,11170,6
13,,2015,,,2016,용산KCC웰츠타워,문배동,"26,500",용산구,11,0,22,32.84,,,11-10,11170,7
14,,2007,,,2016,용산아크로타워,문배동,"33,800",용산구,11,0,26,47.42,,,24-21,11170,9
15,,2007,,,2016,대우 월드마크 용산,한강로1가,"30,000",용산구,11,0,3,104.29,,,64,11170,30
16,,2005,,,2016,용산파크자이,한강로1가,"29,000",용산구,11,0,4,38.1,,,50-1,11170,31
17,,2005,,,2016,용산파크자이,한강로1가,"22,000",용산구,11,0,11,28.46,,,50-1,11170,4
18,,2005,,,2016,용산파크자이,한강로1가,"28,000",용산구,11,0,16,39.03,,,50-1,11170,16
19,,2007,,,2016,대우 월드마크 용산,한강로1가,"20,000",용산구,11,130,16,86.38,,,64,11170,21
20,,2005,,,2016,용산파크자이,한강로1가,"1,000",용산구,11,100,18,37.26,,,50-1,11170,9
21,,2005,,,2016,용산파크자이,한강로1가,"10,000",용산구,11,70,21,39.03,,,50-1,11170,28
22,,2005,,,2016,한강로벽산메가트리움,한강로2가,"19,000",용산구,11,0,5,30.06,,,2-8,11170,10
23,,2012,,,2016,아스테리움 용산,한강로2가,"2,000",용산구,11,160,9,49.98,,,419,11170,17
24,,2004,,,2016,대우디오빌한강로오피스텔,한강로2가,"2,000",용산구,11,60,11,29.66,,,312-4,11170,10
25,,2004,,,2016,한강로 대우아이빌,한강로2가,"18,000",용산구,11,0,12,33.54,,,2-11,11170,3
26,,2006,,,2016,용산 토투벨리,한강로2가,"6,000",용산구,11,100,15,54.23,,,2-37,11170,13
27,,2012,,,2016,아스테리움 용산,한강로2가,"20,000",용산구,11,65,18,49.66,,,419,11170,26
28,,2005,,,2016,한강로벽산메가트리움,한강로2가,"18,000",용산구,11,0,22,29.55,,,2-8,11170,7
29,,2012,,,2016,아스테리움 용산,한강로2가,"38,000",용산구,11,0,23,49.66,,,419,11170,27
30,,2004,,,2016,대우디오빌한강로오피스텔,한강로2가,"19,000",용산구,11,0,30,33.95,,,312-4,11170,7
31,,2006,,,2016,지에스 한강에클라스,한강로3가,"16,500",용산구,11,0,3,35.06,,,16-85,11170,10
32,,2007,,,2016,용산 시티파크(63-387),한강로3가,"45,000",용산구,11,0,7,65.89,,,63-387,11170,2
33,,2004,,,2016,한강대우트럼프월드3,한강로3가,"21,000",용산구,11,0,23,30.91,,,65-230,11170,5
34,,2007,,,2016,용산 시티파크(63-389),한강로3가,"46,000",용산구,11,0,25,56.86,,,63-389,11170,10
0,,2015,,,2016,트윈시티 남산,동자동,"1,000",용산구,12,115,5,29.61,,,56,11170,24
1,,2004,,,2016,디아뜨 센트럴,원효로1가,"17,500",용산구,12,0,16,37.17,,,112-4,11170,8
2,,2004,,,2016,디아뜨 센트럴,원효로1가,"14,500",용산구,12,0,19,25.5,,,112-4,11170,8
3,,2014,,,2016,아인하우스,원효로3가,"15,000",용산구,12,0,17,23.04,,,277-36,11170,5
4,,2007,,,2016,용산씨제이나인파크,문배동,"37,000",용산구,12,0,1,54.96,,,24-6,11170,3
5,,2005,,,2016,이안 용산1차(11-14),문배동,"34,800",용산구,12,0,2,61.06,,,11-14,11170,3
6,,2013,,,2016,용산큐브,문배동,"3,000",용산구,12,60,2,17.46,,,24-4,11170,13
7,,2007,,,2016,이안용산프리미어,문배동,"40,000",용산구,12,0,4,87.29,,,3-3,11170,2
8,,2013,,,2016,용산큐브,문배동,"16,500",용산구,12,0,7,17.46,,,24-4,11170,6
9,,2012,,,2016,프라임펠리스,문배동,"15,000",용산구,12,0,9,18.77,,,24-8,11170,10
10,,2005,,,2016,이안 용산1차(11-14),문배동,"26,000",용산구,12,0,10,73.56,,,11-14,11170,3
11,,2005,,,2016,이안 용산1차(11-14),문배동,"35,000",용산구,12,0,12,61.06,,,11-14,11170,5
12,,2015,,,2016,용산KCC웰츠타워,문배동,"21,700",용산구,12,0,20,25.05,,,11-10,11170,5
13,,2013,,,2016,용산큐브,문배동,"3,000",용산구,12,59,21,17.46,,,24-4,11170,6
14,,2013,,,2016,용산큐브,문배동,"16,800",용산구,12,0,23,17.46,,,24-4,11170,10
15,,2005,,,2016,이안 용산1차(11-29),문배동,"19,500",용산구,12,0,27,30.04,,,11-29,11170,9
16,,2007,,,2016,용산씨제이나인파크,문배동,"38,000",용산구,12,0,27,63.96,,,24-6,11170,5
17,,2013,,,2016,용산큐브,문배동,"17,000",용산구,12,0,29,17.46,,,24-4,11170,12
18,,2012,,,2016,프라임펠리스,문배동,"1,000",용산구,12,65,30,18.55,,,24-8,11170,9
19,,2017,,,2016,용산 리브,문배동,"26,000",용산구,12,0,31,42.25,,,10-3,11170,8
20,,2017,,,2016,용산 리브,문배동,"26,000",용산구,12,0,31,42.25,,,10-3,11170,8
21,,2017,,,2016,용산 리브,문배동,"18,000",용산구,12,20,31,42.25,,,10-3,11170,8
22,,2005,,,2016,용산파크자이,한강로1가,"28,000",용산구,12,0,3,39.03,,,50-1,11170,7
23,,2005,,,2016,용산파크자이,한강로1가,"1,000",용산구,12,95,7,32.1,,,50-1,11170,22
24,,2005,,,2016,용산파크자이,한강로1가,"27,000",용산구,12,0,10,39.03,,,50-1,11170,31
25,,2005,,,2016,용산파크자이,한강로1가,"28,000",용산구,12,0,15,39.03,,,50-1,11170,14
26,,2005,,,2016,용산파크자이,한강로1가,"25,000",용산구,12,10,17,37.26,,,50-1,11170,3
27,,2007,,,2016,대우 월드마크 용산,한강로1가,"42,000",용산구,12,0,19,83.07,,,64,11170,19
28,,2005,,,2016,용산파크자이,한강로1가,"25,000",용산구,12,0,22,36.13,,,50-1,11170,3
29,,2012,,,2016,아스테리움 용산,한강로2가,"19,000",용산구,12,90,1,49.66,,,419,11170,13
30,,2005,,,2016,한강로벽산메가트리움,한강로2가,"2,000",용산구,12,60,8,32.15,,,2-8,11170,8
31,,2005,,,2016,한강로벽산메가트리움,한강로2가,"18,000",용산구,12,0,11,29.54,,,2-8,11170,17
32,,2005,,,2016,한강로벽산메가트리움,한강로2가,"15,000",용산구,12,0,12,32.15,,,2-8,11170,28
33,,2012,,,2016,아스테리움 용산,한강로2가,"37,000",용산구,12,0,13,49.66,,,419,11170,19
34,,2005,,,2016,한강로벽산메가트리움,한강로2가,"20,000",용산구,12,0,13,29.54,,,2-8,11170,11
35,,2005,,,2016,한강로벽산메가트리움,한강로2가,"12,000",용산구,12,30,15,29.54,,,2-8,11170,19
36,,2005,,,2016,한강로벽산메가트리움,한강로2가,"22,000",용산구,12,0,17,32.15,,,2-8,11170,20
37,,2005,,,2016,한강로벽산메가트리움,한강로2가,"1,000",용산구,12,80,19,32.15,,,2-8,11170,10
38,,2004,,,2016,대우디오빌한강로오피스텔,한강로2가,"10,000",용산구,12,40,20,30.64,,,312-4,11170,3
39,,2004,,,2016,한강로 대우아이빌,한강로2가,"17,000",용산구,12,0,22,35.28,,,2-11,11170,2
40,,2012,,,2016,아스테리움 용산,한강로2가,"20,000",용산구,12,80,23,49.85,,,419,11170,21
41,,2012,,,2016,아스테리움 용산,한강로2가,"30,000",용산구,12,40,26,49.98,,,419,11170,16
42,,2012,,,2016,아스테리움 용산,한강로2가,"38,000",용산구,12,0,27,49.66,,,419,11170,18
43,,2012,,,2016,아스테리움 용산,한강로2가,"40,000",용산구,12,0,28,49.66,,,419,11170,12
44,,2005,,,2016,한강로벽산메가트리움,한강로2가,"3,000",용산구,12,65,29,30.29,,,2-8,11170,10
45,,2009,,,2016,파크타워,용산동5가,"50,000",용산구,12,0,26,123.34,,,24,11170,9
46,,2007,,,2016,용산 시티파크(63-387),한강로3가,"37,000",용산구,12,0,2,43.77,,,63-387,11170,4
47,,2004,,,2016,한강대우트럼프월드3,한강로3가,"9,000",용산구,12,45,6,25.59,,,65-230,11170,21
48,,2007,,,2016,용산 시티파크(63-387),한강로3가,"2,000",용산구,12,190,8,61.71,,,63-387,11170,4
49,,2006,,,2016,지에스 한강에클라스,한강로3가,"14,000",용산구,12,20,9,34.43,,,16-85,11170,9
50,,2004,,,2016,한강대우트럼프월드3,한강로3가,"18,250",용산구,12,0,26,25.59,,,65-230,11170,26
51,,2007,,,2016,용산 시티파크(63-389),한강로3가,"2,000",용산구,12,185,28,64.73,,,63-389,11170,8
52,,2004,,,2016,언고오피스텔,한남동,"1,000",용산구,12,60,29,21.33,,,72-17,11170,4
0,,2004,,,2017,갈월동 에이트리움,갈월동,"10,000",용산구,1,47,16,34.11,,,101-49,11170,18
1,,2015,,,2017,트윈시티 남산,동자동,"1,000",용산구,1,100,6,28.33,,,56,11170,17
2,,2015,,,2017,트윈시티 남산,동자동,"1,000",용산구,1,85,13,21.51,,,56,11170,19
3,,2015,,,2017,트윈시티 남산,동자동,"4,000",용산구,1,75,13,25.37,,,56,11170,9
4,,2015,,,2017,트윈시티 남산,동자동,"4,000",용산구,1,65,19,21.51,,,56,11170,16
5,,2015,,,2017,트윈시티 남산,동자동,"4,000",용산구,1,65,31,21.51,,,56,11170,17
6,,2004,,,2017,디아뜨 센트럴,원효로1가,"1,000",용산구,1,65,18,25.19,,,112-4,11170,9
7,,2014,,,2017,아인하우스,원효로3가,"16,000",용산구,1,0,11,26.88,,,277-36,11170,8
8,,2014,,,2017,아인하우스,원효로3가,"15,000",용산구,1,0,11,23.04,,,277-36,11170,7
9,,2004,,,2017,삼라마이다스빌,문배동,"3,000",용산구,1,55,3,28.23,,,40-19,11170,3
10,,2012,,,2017,프라임펠리스,문배동,"4,000",용산구,1,50,4,18.55,,,24-8,11170,5
11,,2017,,,2017,용산 리브,문배동,"26,000",용산구,1,0,4,42.25,,,10-3,11170,5
12,,2015,,,2017,용산KCC웰츠타워,문배동,"2,000",용산구,1,100,6,37.48,,,11-10,11170,8
13,,2010,,,2017,리첸시아 용산B,문배동,"34,000",용산구,1,0,7,56.38,,,40-31,11170,2
14,,2005,,,2017,이안 용산1차(11-29),문배동,"23,000",용산구,1,0,7,39.2,,,11-29,11170,13
15,,2017,,,2017,용산 리브,문배동,"28,500",용산구,1,0,9,45.92,,,10-3,11170,10
16,,2017,,,2017,용산 리브,문배동,"26,000",용산구,1,0,11,42.25,,,10-3,11170,10
17,,2013,,,2017,용산큐브,문배동,"3,000",용산구,1,60,14,17.46,,,24-4,11170,10
18,,2017,,,2017,용산 리브,문배동,"25,500",용산구,1,0,14,36.06,,,10-3,11170,11
19,,2010,,,2017,리첸시아 용산B,문배동,"34,000",용산구,1,0,14,59.39,,,40-31,11170,3
20,,2015,,,2017,용산KCC웰츠타워,문배동,"23,000",용산구,1,0,17,29.97,,,11-10,11170,3
21,,2017,,,2017,용산 리브,문배동,"26,000",용산구,1,0,17,42.25,,,10-3,11170,9
22,,2013,,,2017,용산큐브,문배동,"4,000",용산구,1,50,17,17.46,,,24-4,11170,7
23,,2007,,,2017,용산아크로타워,문배동,"32,500",용산구,1,0,18,47.42,,,24-21,11170,8
24,,2004,,,2017,지오베르크,문배동,"5,000",용산구,1,60,18,31.35,,,17-1,11170,2
25,,2013,,,2017,용산큐브,문배동,"1,000",용산구,1,65,19,17.46,,,24-4,11170,13
26,,2015,,,2017,용산KCC웰츠타워,문배동,"15,000",용산구,1,30,19,29.69,,,11-10,11170,5
27,,2017,,,2017,용산 리브,문배동,"26,000",용산구,1,0,20,36.06,,,10-3,11170,10
28,,2013,,,2017,용산큐브,문배동,"17,000",용산구,1,0,23,17.46,,,24-4,11170,13
29,,2013,,,2017,용산큐브,문배동,"1,000",용산구,1,65,23,17.46,,,24-4,11170,5
30,,2017,,,2017,용산 리브,문배동,"28,000",용산구,1,0,23,45.92,,,10-3,11170,5
31,,2007,,,2017,용산아크로타워,문배동,"32,000",용산구,1,0,24,46.29,,,24-21,11170,5
32,,2005,,,2017,이안 용산1차,문배동,"23,000",용산구,1,0,25,39.2,,,7-6,11170,1
33,,2005,,,2017,용산파크자이,한강로1가,"10,500",용산구,1,40,4,36.13,,,50-1,11170,8
34,,2005,,,2017,용산파크자이,한강로1가,"5,000",용산구,1,80,12,37.26,,,50-1,11170,18
35,,2007,,,2017,대우 월드마크 용산,한강로1가,"15,000",용산구,1,130,17,86.38,,,64,11170,10
36,,2005,,,2017,용산파크자이,한강로1가,"7,000",용산구,1,60,19,28.46,,,50-1,11170,12
37,,2005,,,2017,용산파크자이,한강로1가,"25,000",용산구,1,0,19,33.6,,,50-1,11170,9
38,,2005,,,2017,용산파크자이,한강로1가,"21,000",용산구,1,0,22,28.46,,,50-1,11170,4
39,,2005,,,2017,용산파크자이,한강로1가,"30,000",용산구,1,0,25,39.03,,,50-1,11170,20
40,,2005,,,2017,한강로벽산메가트리움,한강로2가,"1,000",용산구,1,80,7,32.15,,,2-8,11170,20
41,,2004,,,2017,한강로 대우아이빌,한강로2가,"2,000",용산구,1,80,12,37.85,,,2-11,11170,7
42,,2005,,,2017,한강로벽산메가트리움,한강로2가,"20,500",용산구,1,0,13,29.89,,,2-8,11170,9
43,,2004,,,2017,대우디오빌한강로오피스텔,한강로2가,"7,000",용산구,1,58,13,30.64,,,312-4,11170,5
44,,2005,,,2017,한강로벽산메가트리움,한강로2가,"21,000",용산구,1,0,16,29.54,,,2-8,11170,13
45,,2005,,,2017,한강로벽산메가트리움,한강로2가,"2,000",용산구,1,70,17,29.54,,,2-8,11170,11
46,,2012,,,2017,아스테리움 용산,한강로2가,"35,000",용산구,1,0,21,49.66,,,419,11170,21
47,,2004,,,2017,한강로 대우아이빌,한강로2가,"23,000",용산구,1,0,23,39.76,,,2-11,11170,8
48,,2005,,,2017,한강로벽산메가트리움,한강로2가,"20,000",용산구,1,0,23,32.15,,,2-8,11170,14
49,,2005,,,2017,한강로벽산메가트리움,한강로2가,"5,000",용산구,1,60,24,30.29,,,2-8,11170,18
50,,2012,,,2017,위너스타워,한강로2가,"10,000",용산구,1,0,25,40.03,,,2-132,11170,10
51,,2004,,,2017,한강로 대우아이빌,한강로2가,"20,000",용산구,1,0,26,36.64,,,2-11,11170,5
52,,2006,,,2017,지에스 한강에클라스,한강로3가,"23,000",용산구,1,0,9,44.57,,,16-85,11170,8
53,,2004,,,2017,한강대우트럼프월드3,한강로3가,"23,000",용산구,1,0,11,30.91,,,65-230,11170,26
54,,2007,,,2017,용산 시티파크(63-389),한강로3가,"2,000",용산구,1,135,24,41.57,,,63-389,11170,7
55,,2004,,,2017,한강대우트럼프월드3,한강로3가,"26,000",용산구,1,0,25,38.14,,,65-230,11170,15
0,,1990,,,2017,(339-4),후암동,"8,000",용산구,2,0,27,34.38,,,339-4,11170,2
1,,1990,,,2017,(339-4),후암동,"8,000",용산구,2,0,28,34.38,,,339-4,11170,2
2,,2004,,,2017,갈월동 에이트리움,갈월동,"10,000",용산구,2,47,6,34.11,,,101-49,11170,18
3,,2004,,,2017,그린빌파크,갈월동,"1,000",용산구,2,60,6,34.32,,,53-19,11170,3
4,,2004,,,2017,갈월동 에이트리움,갈월동,"1,000",용산구,2,75,15,30.97,,,101-49,11170,15
5,,2004,,,2017,갈월동 에이트리움,갈월동,"10,000",용산구,2,35,24,33.77,,,101-49,11170,7
6,,2015,,,2017,트윈시티 남산,동자동,"1,000",용산구,2,95,3,25.37,,,56,11170,7
7,,2015,,,2017,트윈시티 남산,동자동,"4,000",용산구,2,65,3,21.51,,,56,11170,4
8,,2015,,,2017,트윈시티 남산,동자동,"4,000",용산구,2,75,14,25.37,,,56,11170,8
9,,2015,,,2017,트윈시티 남산,동자동,"1,000",용산구,2,100,20,27.43,,,56,11170,11
10,,2015,,,2017,트윈시티 남산,동자동,500,용산구,2,95,21,27.42,,,56,11170,15
11,,2004,,,2017,디아뜨 센트럴,원효로1가,"2,000",용산구,2,60,1,25.19,,,112-4,11170,9
12,,2004,,,2017,디아뜨 센트럴,원효로1가,"1,000",용산구,2,60,11,25.5,,,112-4,11170,3
13,,2014,,,2017,아인하우스,원효로3가,"15,500",용산구,2,0,4,26.88,,,277-36,11170,4
14,,2017,,,2017,용산 리브,문배동,"28,000",용산구,2,0,2,42.25,,,10-3,11170,8
15,,2013,,,2017,용산큐브,문배동,"5,000",용산구,2,50,3,17.46,,,24-4,11170,3
16,,2017,,,2017,용산 리브,문배동,"28,000",용산구,2,0,4,42.25,,,10-3,11170,11
17,,2017,,,2017,용산 리브,문배동,"30,000",용산구,2,0,4,45.92,,,10-3,11170,13
18,,2017,,,2017,용산 리브,문배동,"27,000",용산구,2,0,4,42.25,,,10-3,11170,11
19,,2017,,,2017,용산 리브,문배동,"2,000",용산구,2,89,6,36.06,,,10-3,11170,9
20,,2015,,,2017,용산KCC웰츠타워,문배동,"27,300",용산구,2,0,6,38.95,,,11-10,11170,4
21,,2015,,,2017,용산KCC웰츠타워,문배동,"25,000",용산구,2,0,7,32.84,,,11-10,11170,4
22,,2015,,,2017,용산KCC웰츠타워,문배동,"22,000",용산구,2,0,8,29.97,,,11-10,11170,8
23,,2005,,,2017,이안 용산1차(11-14),문배동,"37,000",용산구,2,0,9,73.56,,,11-14,11170,4
24,,2007,,,2017,용산아크로타워,문배동,"32,000",용산구,2,0,9,47.42,,,24-21,11170,4
25,,2013,,,2017,용산큐브,문배동,"5,000",용산구,2,50,9,17.46,,,24-4,11170,13
26,,2007,,,2017,이안용산프리미어,문배동,"8,000",용산구,2,110,11,66.7,,,3-3,11170,5
27,,2015,,,2017,용산KCC웰츠타워,문배동,"1,000",용산구,2,90,11,29.97,,,11-10,11170,6
28,,2012,,,2017,프라임펠리스,문배동,"15,000",용산구,2,0,12,18.77,,,24-8,11170,8
29,,2012,,,2017,프라임펠리스,문배동,"23,000",용산구,2,0,14,27.83,,,24-8,11170,8
30,,2007,,,2017,이안용산프리미어,문배동,"39,000",용산구,2,0,14,72.46,,,3-3,11170,4
31,,2013,,,2017,용산큐브,문배동,"16,500",용산구,2,0,16,17.46,,,24-4,11170,5
32,,2007,,,2017,이안용산프리미어,문배동,"38,000",용산구,2,0,17,72.46,,,3-3,11170,6
33,,2017,,,2017,용산 리브,문배동,"28,000",용산구,2,0,17,42.25,,,10-3,11170,4
34,,2017,,,2017,용산 리브,문배동,"28,000",용산구,2,0,17,36.06,,,10-3,11170,12
35,,2012,,,2017,프라임펠리스,문배동,"1,000",용산구,2,60,18,18.55,,,24-8,11170,12
36,,2017,,,2017,용산 리브,문배동,"27,500",용산구,2,0,18,36.06,,,10-3,11170,4
37,,2013,,,2017,용산큐브,문배동,"4,000",용산구,2,55,18,17.46,,,24-4,11170,9
38,,2017,,,2017,용산 리브,문배동,"10,000",용산구,2,60,18,42.25,,,10-3,11170,12
39,,2005,,,2017,이안 용산1차(11-14),문배동,"33,000",용산구,2,0,18,61.06,,,11-14,11170,6
40,,2017,,,2017,용산 리브,문배동,"10,000",용산구,2,60,18,36.06,,,10-3,11170,6
41,,2012,,,2017,프라임펠리스,문배동,"1,000",용산구,2,60,21,18.55,,,24-8,11170,7
42,,2017,,,2017,용산 리브,문배동,"10,000",용산구,2,60,22,42.25,,,10-3,11170,12
43,,2015,,,2017,용산KCC웰츠타워,문배동,"14,000",용산구,2,50,24,37.24,,,11-10,11170,6
44,,2017,,,2017,용산 리브,문배동,"15,000",용산구,2,45,25,42.25,,,10-3,11170,7
45,,2015,,,2017,용산KCC웰츠타워,문배동,"25,000",용산구,2,0,28,28.14,,,11-10,11170,6
46,,2015,,,2017,용산KCC웰츠타워,문배동,"25,000",용산구,2,0,28,28.14,,,11-10,11170,6
47,,2005,,,2017,용산파크자이,한강로1가,"2,000",용산구,2,90,1,33.6,,,50-1,11170,23
48,,2005,,,2017,용산파크자이,한강로1가,"25,500",용산구,2,0,3,33.6,,,50-1,11170,31
49,,2005,,,2017,용산파크자이,한강로1가,"31,500",용산구,2,0,6,42.39,,,50-1,11170,16
50,,2005,,,2017,용산파크자이,한강로1가,"36,000",용산구,2,0,8,50.31,,,50-1,11170,4
51,,2005,,,2017,용산파크자이,한강로1가,"27,000",용산구,2,0,10,39.03,,,50-1,11170,10
52,,2005,,,2017,용산파크자이,한강로1가,"22,000",용산구,2,0,11,28.46,,,50-1,11170,9
53,,2005,,,2017,용산파크자이,한강로1가,"1,000",용산구,2,85,18,33.46,,,50-1,11170,7
54,,2005,,,2017,용산파크자이,한강로1가,"23,000",용산구,2,0,23,38.1,,,50-1,11170,32
55,,2007,,,2017,대우 월드마크 용산,한강로1가,"15,000",용산구,2,125,25,83.07,,,64,11170,13
56,,2005,,,2017,용산파크자이,한강로1가,"3,000",용산구,2,90,28,38.1,,,50-1,11170,32
57,,2005,,,2017,한강로벽산메가트리움,한강로2가,"1,000",용산구,2,75,1,32.15,,,2-8,11170,8
58,,2004,,,2017,한강로 대우아이빌,한강로2가,"1,000",용산구,2,70,1,35.28,,,2-11,11170,9
59,,2004,,,2017,한강로 대우아이빌,한강로2가,"19,000",용산구,2,0,2,33.54,,,2-11,11170,8
60,,2004,,,2017,대우디오빌한강로오피스텔,한강로2가,"8,000",용산구,2,55,3,33.95,,,312-4,11170,3
61,,2005,,,2017,한강로벽산메가트리움,한강로2가,"8,000",용산구,2,45,6,29.55,,,2-8,11170,3
62,,2005,,,2017,한강로벽산메가트리움,한강로2가,"12,000",용산구,2,28,6,30.29,,,2-8,11170,21
63,,2012,,,2017,아스테리움 용산,한강로2가,"38,000",용산구,2,0,7,49.66,,,419,11170,13
64,,2012,,,2017,아스테리움 용산,한강로2가,"3,000",용산구,2,180,11,49.85,,,419,11170,15
65,,2012,,,2017,아스테리움 용산,한강로2가,"20,000",용산구,2,120,13,49.98,,,419,11170,27
66,,2005,,,2017,한강로벽산메가트리움,한강로2가,"6,000",용산구,2,50,14,29.54,,,2-8,11170,14
67,,2005,,,2017,한강로벽산메가트리움,한강로2가,"21,000",용산구,2,0,15,29.54,,,2-8,11170,15
68,,2005,,,2017,한강현대하이엘,한강로2가,"21,000",용산구,2,0,17,42.32,,,2-36,11170,8
69,,2005,,,2017,한강로벽산메가트리움,한강로2가,"20,500",용산구,2,0,17,30.29,,,2-8,11170,27
70,,2005,,,2017,한강로벽산메가트리움,한강로2가,"20,000",용산구,2,0,20,29.54,,,2-8,11170,11
71,,2005,,,2017,한강로벽산메가트리움,한강로2가,"7,000",용산구,2,50,22,30.29,,,2-8,11170,8
72,,2012,,,2017,아스테리움 용산,한강로2가,"40,000",용산구,2,0,24,49.98,,,419,11170,25
73,,2005,,,2017,한강현대하이엘,한강로2가,"20,000",용산구,2,0,27,42.32,,,2-36,11170,15
74,,2012,,,2017,아스테리움 용산,한강로2가,"40,000",용산구,2,0,28,49.98,,,419,11170,16
75,,2004,,,2017,한강대우트럼프월드3,한강로3가,"7,000",용산구,2,80,4,39.7,,,65-230,11170,21
76,,2007,,,2017,용산 시티파크(63-387),한강로3가,"50,000",용산구,2,0,7,79.08,,,63-387,11170,3
77,,2006,,,2017,지에스 한강에클라스,한강로3가,"14,000",용산구,2,0,11,27.48,,,16-85,11170,8
78,,2007,,,2017,용산 시티파크(63-387),한강로3가,"36,000",용산구,2,60,11,84.85,,,63-387,11170,2
79,,2004,,,2017,한강대우트럼프월드3,한강로3가,"1,000",용산구,2,80,20,25.59,,,65-230,11170,11
80,,2004,,,2017,언고오피스텔,한남동,"1,000",용산구,2,60,21,17.2,,,72-17,11170,6
0,,2004,,,2017,그린빌파크,갈월동,"1,000",용산구,3,50,10,23.01,,,53-19,11170,2
1,,2015,,,2017,트윈시티 남산,동자동,"1,000",용산구,3,100,3,27.42,,,56,11170,21
2,,2015,,,2017,트윈시티 남산,동자동,"1,000",용산구,3,95,13,25.43,,,56,11170,13
3,,2013,,,2017,센트레빌아스테리움서울,동자동,"5,000",용산구,3,200,23,78.21,,,45,11170,12
4,,2004,,,2017,디아뜨 센트럴,원효로1가,"14,000",용산구,3,0,4,25.19,,,112-4,11170,12
5,,2004,,,2017,디아뜨 센트럴,원효로1가,"14,000",용산구,3,0,4,25.19,,,112-4,11170,12
6,,2017,,,2017,용산 리브,문배동,"15,000",용산구,3,50,4,42.25,,,10-3,11170,9
7,,2015,,,2017,용산KCC웰츠타워,문배동,"5,000",용산구,3,65,4,28.66,,,11-10,11170,4
8,,2013,,,2017,용산큐브,문배동,"17,000",용산구,3,0,4,17.46,,,24-4,11170,3
9,,2005,,,2017,이안 용산1차(11-14),문배동,"33,000",용산구,3,0,10,61.06,,,11-14,11170,9
10,,2013,,,2017,용산큐브,문배동,"16,000",용산구,3,0,10,17.46,,,24-4,11170,4
11,,2015,,,2017,용산KCC웰츠타워,문배동,"2,000",용산구,3,85,13,29.9,,,11-10,11170,7
12,,2017,,,2017,용산 리브,문배동,"15,000",용산구,3,40,14,36.06,,,10-3,11170,7
13,,2007,,,2017,이안용산프리미어,문배동,"37,500",용산구,3,0,15,71.38,,,3-3,11170,2
14,,2015,,,2017,용산KCC웰츠타워,문배동,"24,000",용산구,3,0,16,29.25,,,11-10,11170,4
15,,2017,,,2017,용산 리브,문배동,"15,000",용산구,3,50,16,42.25,,,10-3,11170,4
16,,2017,,,2017,용산 리브,문배동,"17,000",용산구,3,50,18,45.92,,,10-3,11170,4
17,,2015,,,2017,용산KCC웰츠타워,문배동,"23,000",용산구,3,0,20,29.97,,,11-10,11170,6
18,,2015,,,2017,용산KCC웰츠타워,문배동,"20,000",용산구,3,0,21,23.44,,,11-10,11170,6
19,,2017,,,2017,용산 리브,문배동,"5,000",용산구,3,90,23,42.25,,,10-3,11170,7
20,,2015,,,2017,용산KCC웰츠타워,문배동,"23,000",용산구,3,0,25,29.25,,,11-10,11170,3
21,,2015,,,2017,용산KCC웰츠타워,문배동,"23,000",용산구,3,0,25,29.69,,,11-10,11170,7
22,,2015,,,2017,용산KCC웰츠타워,문배동,"20,000",용산구,3,0,29,29.97,,,11-10,11170,6
23,,2005,,,2017,이안 용산1차(11-14),문배동,"35,000",용산구,3,0,29,63.2,,,11-14,11170,7
24,,2015,,,2017,용산KCC웰츠타워,문배동,"30,000",용산구,3,0,30,37.24,,,11-10,11170,6
25,,2005,,,2017,용산파크자이,한강로1가,"26,000",용산구,3,0,4,33.6,,,50-1,11170,13
26,,2007,,,2017,대우 월드마크 용산,한강로1가,"45,000",용산구,3,0,6,79.65,,,64,11170,36
27,,2007,,,2017,대우 월드마크 용산,한강로1가,"40,000",용산구,3,30,18,83.07,,,64,11170,15
28,,2007,,,2017,대우 월드마크 용산,한강로1가,"50,000",용산구,3,0,31,86.38,,,64,11170,6
29,,2005,,,2017,한강로벽산메가트리움,한강로2가,"2,000",용산구,3,60,1,29.54,,,2-8,11170,3
30,,2005,,,2017,한강로벽산메가트리움,한강로2가,"5,000",용산구,3,65,2,33.02,,,2-8,11170,6
31,,2005,,,2017,한강로벽산메가트리움,한강로2가,"5,000",용산구,3,65,6,32.15,,,2-8,11170,22
32,,2006,,,2017,용산 토투벨리,한강로2가,"2,000",용산구,3,150,7,62.25,,,2-37,11170,10
33,,2005,,,2017,한강로벽산메가트리움,한강로2가,"20,000",용산구,3,0,8,29.55,,,2-8,11170,7
34,,2012,,,2017,아스테리움 용산,한강로2가,"10,000",용산구,3,130,9,49.98,,,419,11170,28
35,,2004,,,2017,한강로 대우아이빌,한강로2가,"20,000",용산구,3,0,10,37.85,,,2-11,11170,8
36,,2005,,,2017,한강로벽산메가트리움,한강로2가,"23,000",용산구,3,0,11,33.02,,,2-8,11170,23
37,,2012,,,2017,아스테리움 용산,한강로2가,"42,000",용산구,3,0,13,49.66,,,419,11170,28
38,,2005,,,2017,한강현대하이엘,한강로2가,"18,500",용산구,3,0,17,30.03,,,2-36,11170,4
39,,2005,,,2017,한강로벽산메가트리움,한강로2가,"22,000",용산구,3,0,17,32.15,,,2-8,11170,15
40,,2004,,,2017,대우디오빌한강로오피스텔,한강로2가,"18,500",용산구,3,0,17,32.85,,,312-4,11170,7
41,,2012,,,2017,아스테리움 용산,한강로2가,"25,000",용산구,3,100,20,49.85,,,419,11170,30
42,,2004,,,2017,한강대우트럼프월드3,한강로3가,"22,000",용산구,3,20,2,39.7,,,65-230,11170,23
43,,2006,,,2017,지에스 한강에클라스,한강로3가,"17,000",용산구,3,0,3,35.06,,,16-85,11170,7
44,,2004,,,2017,한강대우트럼프월드3,한강로3가,"3,000",용산구,3,80,22,30.91,,,65-230,11170,21
45,,2004,,,2017,한강대우트럼프월드3,한강로3가,"7,000",용산구,3,80,25,39.7,,,65-230,11170,20
46,,2004,,,2017,언고오피스텔,한남동,"3,000",용산구,3,50,2,21.33,,,72-17,11170,3
0,,1990,,,2017,(339-4),후암동,"8,000",용산구,4,0,5,34.38,,,339-4,11170,5
1,,1990,,,2017,(339-4),후암동,"9,000",용산구,4,0,29,34.38,,,339-4,11170,3
2,,2004,,,2017,갈월동 에이트리움,갈월동,"18,900",용산구,4,0,14,31.1,,,101-49,11170,17
3,,2014,,,2017,아인하우스,원효로3가,"14,000",용산구,4,0,8,21.27,,,277-36,11170,6
4,,2014,,,2017,아인하우스,원효로3가,"14,500",용산구,4,0,28,23.04,,,277-36,11170,4
5,,2015,,,2017,용산KCC웰츠타워,문배동,"29,400",용산구,4,0,3,38.1,,,11-10,11170,6
6,,2015,,,2017,용산KCC웰츠타워,문배동,"21,000",용산구,4,0,6,27.46,,,11-10,11170,6
7,,2007,,,2017,이안용산프리미어,문배동,"39,000",용산구,4,0,7,72.99,,,3-3,11170,7
8,,2013,,,2017,용산큐브,문배동,"1,000",용산구,4,65,8,17.46,,,24-4,11170,6
9,,2005,,,2017,이안 용산1차(11-29),문배동,"19,500",용산구,4,0,8,30.04,,,11-29,11170,6
10,,2012,,,2017,프라임펠리스,문배동,"22,000",용산구,4,0,14,27.83,,,24-8,11170,10
11,,2015,,,2017,용산KCC웰츠타워,문배동,"4,000",용산구,4,70,15,31.37,,,11-10,11170,8
12,,2007,,,2017,용산씨제이나인파크,문배동,"38,000",용산구,4,0,15,71.39,,,24-6,11170,9
13,,2007,,,2017,용산아크로타워,문배동,"31,000",용산구,4,0,15,46.29,,,24-21,11170,9
14,,2004,,,2017,삼라마이다스빌,문배동,"16,000",용산구,4,0,17,28.23,,,40-19,11170,6
15,,2007,,,2017,이안용산프리미어,문배동,"45,000",용산구,4,0,17,86.16,,,3-3,11170,4
16,,2015,,,2017,용산KCC웰츠타워,문배동,"35,000",용산구,4,0,19,47.54,,,11-10,11170,8
17,,2015,,,2017,용산KCC웰츠타워,문배동,"5,000",용산구,4,90,19,37.24,,,11-10,11170,7
18,,2015,,,2017,용산KCC웰츠타워,문배동,"25,000",용산구,4,0,22,31.37,,,11-10,11170,7
19,,2015,,,2017,용산KCC웰츠타워,문배동,"19,000",용산구,4,0,22,24.06,,,11-10,11170,4
20,,2005,,,2017,이안 용산1차,문배동,"22,000",용산구,4,0,25,35.6,,,7-6,11170,9
21,,2007,,,2017,이안용산프리미어,문배동,"41,000",용산구,4,0,26,72.46,,,3-3,11170,3
22,,2015,,,2017,용산KCC웰츠타워,문배동,"26,000",용산구,4,0,27,37.24,,,11-10,11170,5
23,,2017,,,2017,용산 리브,문배동,"30,000",용산구,4,0,27,42.25,,,10-3,11170,13
24,,2017,,,2017,용산 리브,문배동,"30,000",용산구,4,0,29,45.92,,,10-3,11170,6
25,,2007,,,2017,대우 월드마크 용산,한강로1가,"2,000",용산구,4,190,3,83.07,,,64,11170,25
26,,2005,,,2017,용산파크자이,한강로1가,"30,000",용산구,4,0,7,42.39,,,50-1,11170,17
27,,2005,,,2017,용산파크자이,한강로1가,"1,000",용산구,4,95,13,32.1,,,50-1,11170,22
28,,2005,,,2017,용산파크자이,한강로1가,"21,000",용산구,4,0,14,28.46,,,50-1,11170,11
29,,2005,,,2017,용산파크자이,한강로1가,"15,000",용산구,4,30,17,32.1,,,50-1,11170,19
30,,2005,,,2017,용산파크자이,한강로1가,"1,000",용산구,4,80,18,31.83,,,50-1,11170,15
31,,2005,,,2017,용산파크자이,한강로1가,"5,000",용산구,4,67,26,36.13,,,50-1,11170,10
32,,2005,,,2017,한강로벽산메가트리움,한강로2가,"22,000",용산구,4,0,1,29.54,,,2-8,11170,14
33,,2012,,,2017,아스테리움 용산,한강로2가,"40,000",용산구,4,0,5,49.66,,,419,11170,14
34,,2004,,,2017,한강로 대우아이빌,한강로2가,"20,500",용산구,4,0,20,34.83,,,2-11,11170,6
35,,2012,,,2017,아스테리움 용산,한강로2가,"20,000",용산구,4,60,21,49.66,,,419,11170,23
36,,2004,,,2017,한강로 대우아이빌,한강로2가,"21,000",용산구,4,0,24,39.76,,,2-11,11170,9
37,,2005,,,2017,한강로벽산메가트리움,한강로2가,"15,000",용산구,4,15,25,29.54,,,2-8,11170,3
38,,2005,,,2017,한강로벽산메가트리움,한강로2가,"4,000",용산구,4,60,26,30.06,,,2-8,11170,26
39,,2004,,,2017,한강대우트럼프월드3,한강로3가,"16,500",용산구,4,0,12,25.52,,,65-230,11170,15
40,,2004,,,2017,한강대우트럼프월드3,한강로3가,"6,000",용산구,4,80,13,38.14,,,65-230,11170,17
41,,2003,,,2017,디에스오피스텔,한남동,"15,000",용산구,4,0,1,37.23,,,257-1,11170,4
0,,1990,,,2017,(339-4),후암동,"9,000",용산구,5,0,31,34.38,,,339-4,11170,3
1,,2004,,,2017,갈월동 에이트리움,갈월동,"17,500",용산구,5,0,25,31.51,,,101-49,11170,18
2,,2015,,,2017,트윈시티 남산,동자동,"1,000",용산구,5,85,22,21.71,,,56,11170,4
3,,2013,,,2017,센트레빌아스테리움서울,동자동,"32,000",용산구,5,0,25,47.39,,,45,11170,7
4,,2015,,,2017,트윈시티 남산,동자동,"1,000",용산구,5,85,29,21.71,,,56,11170,14
5,,2015,,,2017,트윈시티 남산,동자동,"1,000",용산구,5,85,31,21.71,,,56,11170,11
6,,2004,,,2017,디아뜨 센트럴,원효로1가,"7,000",용산구,5,35,3,25.19,,,112-4,11170,11
7,,2004,,,2017,디아뜨 센트럴,원효로1가,500,용산구,5,30,27,25.5,,,112-4,11170,12
8,,2014,,,2017,아인하우스,원효로3가,"14,500",용산구,5,0,8,23.04,,,277-36,11170,5
9,,2014,,,2017,아인하우스,원효로3가,"15,000",용산구,5,0,16,24.48,,,277-36,11170,5
10,,2014,,,2017,아인하우스,원효로3가,"15,000",용산구,5,0,29,23.04,,,277-36,11170,6
11,,2007,,,2017,이안용산프리미어,문배동,"40,000",용산구,5,0,2,72.99,,,3-3,11170,4
12,,2015,,,2017,용산KCC웰츠타워,문배동,"23,000",용산구,5,0,4,28.14,,,11-10,11170,7
13,,2013,,,2017,용산큐브,문배동,"17,000",용산구,5,0,5,17.46,,,24-4,11170,12
14,,2015,,,2017,용산KCC웰츠타워,문배동,"22,000",용산구,5,0,6,29.97,,,11-10,11170,8
15,,2015,,,2017,용산KCC웰츠타워,문배동,"16,000",용산구,5,25,9,37.07,,,11-10,11170,3
16,,2013,,,2017,용산큐브,문배동,"3,000",용산구,5,60,9,17.46,,,24-4,11170,12
17,,2015,,,2017,용산KCC웰츠타워,문배동,"23,000",용산구,5,0,16,29.69,,,11-10,11170,3
18,,2015,,,2017,용산KCC웰츠타워,문배동,"24,000",용산구,5,0,16,34.06,,,11-10,11170,3
19,,2015,,,2017,용산KCC웰츠타워,문배동,"20,000",용산구,5,45,17,38.19,,,11-10,11170,8
20,,2017,,,2017,용산 리브,문배동,"2,000",용산구,5,120,18,42.25,,,10-3,11170,4
21,,2013,,,2017,용산큐브,문배동,"10,000",용산구,5,30,19,17.46,,,24-4,11170,6
22,,2013,,,2017,용산큐브,문배동,"5,000",용산구,5,50,20,17.46,,,24-4,11170,6
23,,2005,,,2017,이안 용산1차,문배동,"23,000",용산구,5,0,23,35.6,,,7-6,11170,8
24,,2015,,,2017,용산KCC웰츠타워,문배동,"3,000",용산구,5,80,24,32.84,,,11-10,11170,3
25,,2007,,,2017,이안용산프리미어,문배동,"15,000",용산구,5,0,25,24.78,,,3-3,11170,5
26,,2015,,,2017,용산KCC웰츠타워,문배동,"26,000",용산구,5,0,27,38.95,,,11-10,11170,4
27,,2005,,,2017,용산파크자이,한강로1가,"26,000",용산구,5,0,1,37.26,,,50-1,11170,27
28,,2005,,,2017,용산파크자이,한강로1가,"20,000",용산구,5,0,8,28.46,,,50-1,11170,7
29,,2005,,,2017,용산파크자이,한강로1가,"27,000",용산구,5,0,12,42.39,,,50-1,11170,2
30,,2005,,,2017,용산파크자이,한강로1가,"27,500",용산구,5,0,12,37.26,,,50-1,11170,3
31,,2005,,,2017,용산파크자이,한강로1가,"31,000",용산구,5,0,16,42.39,,,50-1,11170,27
32,,2005,,,2017,용산파크자이,한강로1가,"29,000",용산구,5,0,17,42.39,,,50-1,11170,19
33,,2007,,,2017,대우 월드마크 용산,한강로1가,"65,000",용산구,5,0,17,104.29,,,64,11170,36
34,,2005,,,2017,용산파크자이,한강로1가,"1,000",용산구,5,115,18,39.25,,,50-1,11170,10
35,,2005,,,2017,용산파크자이,한강로1가,"25,000",용산구,5,0,27,42.39,,,50-1,11170,8
36,,2005,,,2017,한강로벽산메가트리움,한강로2가,"21,500",용산구,5,0,4,29.54,,,2-8,11170,24
37,,2005,,,2017,한강로벽산메가트리움,한강로2가,"4,000",용산구,5,60,5,29.54,,,2-8,11170,27
38,,2005,,,2017,한강로벽산메가트리움,한강로2가,"18,000",용산구,5,0,8,30.11,,,2-8,11170,19
39,,2005,,,2017,한강로벽산메가트리움,한강로2가,"20,000",용산구,5,0,8,29.89,,,2-8,11170,13
40,,2005,,,2017,한강로벽산메가트리움,한강로2가,"21,500",용산구,5,0,8,33.02,,,2-8,11170,19
41,,2005,,,2017,한강로벽산메가트리움,한강로2가,"21,000",용산구,5,0,10,29.89,,,2-8,11170,18
42,,2005,,,2017,한강로벽산메가트리움,한강로2가,"15,000",용산구,5,20,12,30.29,,,2-8,11170,15
43,,2005,,,2017,한강로벽산메가트리움,한강로2가,"5,000",용산구,5,60,13,30.35,,,2-8,11170,10
44,,2004,,,2017,대우디오빌한강로오피스텔,한강로2가,"12,000",용산구,5,30,15,36.69,,,312-4,11170,3
45,,2005,,,2017,한강로벽산메가트리움,한강로2가,"20,000",용산구,5,0,17,29.55,,,2-8,11170,7
46,,2005,,,2017,한강로벽산메가트리움,한강로2가,"1,000",용산구,5,75,18,30.29,,,2-8,11170,12
47,,2004,,,2017,대우디오빌한강로오피스텔,한강로2가,"18,500",용산구,5,0,18,33.95,,,312-4,11170,15
48,,2005,,,2017,한강현대하이엘,한강로2가,"10,000",용산구,5,50,18,41.82,,,2-36,11170,3
49,,2004,,,2017,대우디오빌한강로오피스텔,한강로2가,"8,000",용산구,5,40,20,33.95,,,312-4,11170,10
50,,2005,,,2017,한강로벽산메가트리움,한강로2가,"22,000",용산구,5,0,25,32.15,,,2-8,11170,25
51,,2005,,,2017,한강로벽산메가트리움,한강로2가,"2,000",용산구,5,70,27,32.74,,,2-8,11170,18
52,,2005,,,2017,한강로벽산메가트리움,한강로2가,"20,000",용산구,5,0,29,32.15,,,2-8,11170,8
53,,2006,,,2017,용산 토투벨리,한강로2가,"19,500",용산구,5,0,31,33.93,,,2-37,11170,11
54,,2004,,,2017,한강대우트럼프월드3,한강로3가,"10,000",용산구,5,100,9,49.66,,,65-230,11170,11
55,,2004,,,2017,한강대우트럼프월드3,한강로3가,"35,000",용산구,5,0,16,48.53,,,65-230,11170,26
56,,2006,,,2017,지에스 한강에클라스,한강로3가,"1,000",용산구,5,65,24,35.06,,,16-85,11170,9
57,,2004,,,2017,한강대우트럼프월드3,한강로3가,"7,000",용산구,5,80,26,39.7,,,65-230,11170,21
58,,2004,,,2017,한강대우트럼프월드3,한강로3가,"1,000",용산구,5,70,31,25.52,,,65-230,11170,5
0,,1990,,,2017,(339-4),후암동,"8,500",용산구,6,0,30,34.38,,,339-4,11170,3
1,,2004,,,2017,그린빌파크,갈월동,"1,000",용산구,6,52,6,24.92,,,53-19,11170,4
2,,2004,,,2017,그린빌파크,갈월동,"2,000",용산구,6,47,26,23.01,,,53-19,11170,4
3,,2004,,,2017,갈월동 에이트리움,갈월동,"18,500",용산구,6,0,29,34.11,,,101-49,11170,5
4,,2015,,,2017,트윈시티 남산,동자동,"1,000",용산구,6,85,9,21.51,,,56,11170,20
5,,2015,,,2017,트윈시티 남산,동자동,"1,000",용산구,6,85,23,21.71,,,56,11170,4
6,,2014,,,2017,아인하우스,원효로3가,"15,000",용산구,6,0,19,23.04,,,277-36,11170,7
7,,2007,,,2017,용산씨제이나인파크,문배동,"38,000",용산구,6,0,1,68.41,,,24-6,11170,5
8,,2013,,,2017,용산큐브,문배동,"5,000",용산구,6,50,1,17.46,,,24-4,11170,3
9,,2013,,,2017,용산큐브,문배동,"1,000",용산구,6,65,2,17.46,,,24-4,11170,4
10,,2017,,,2017,용산 리브,문배동,"30,000",용산구,6,0,5,42.25,,,10-3,11170,6
11,,2007,,,2017,용산씨제이나인파크,문배동,"39,000",용산구,6,0,8,71.39,,,24-6,11170,5
12,,2015,,,2017,용산KCC웰츠타워,문배동,300,용산구,6,150,10,58.55,,,11-10,11170,7
13,,2015,,,2017,용산KCC웰츠타워,문배동,"26,000",용산구,6,0,14,37.48,,,11-10,11170,6
14,,2007,,,2017,용산아크로타워,문배동,"31,100",용산구,6,0,16,46.29,,,24-21,11170,3
15,,2007,,,2017,용산아크로타워,문배동,"31,100",용산구,6,0,16,46.29,,,24-21,11170,3
16,,2015,,,2017,용산KCC웰츠타워,문배동,"24,000",용산구,6,0,17,37.48,,,11-10,11170,4
17,,2012,,,2017,프라임펠리스,문배동,"2,000",용산구,6,75,17,27.83,,,24-8,11170,7
18,,2005,,,2017,이안 용산1차(11-14),문배동,"32,000",용산구,6,0,17,63.2,,,11-14,11170,4
19,,2005,,,2017,이안 용산1차,문배동,"18,000",용산구,6,0,21,30.04,,,7-6,11170,1
20,,2013,,,2017,용산큐브,문배동,"17,000",용산구,6,0,22,17.46,,,24-4,11170,3
21,,2015,,,2017,용산KCC웰츠타워,문배동,"22,000",용산구,6,0,23,31.32,,,11-10,11170,7
22,,2015,,,2017,용산KCC웰츠타워,문배동,"40,000",용산구,6,0,23,58.67,,,11-10,11170,5
23,,2015,,,2017,용산KCC웰츠타워,문배동,"18,500",용산구,6,0,24,24.06,,,11-10,11170,3
24,,2015,,,2017,용산KCC웰츠타워,문배동,"24,500",용산구,6,0,24,34.06,,,11-10,11170,4
25,,2012,,,2017,프라임펠리스,문배동,"19,000",용산구,6,0,29,27.83,,,24-8,11170,4
26,,2010,,,2017,리첸시아 용산B,문배동,"4,000",용산구,6,130,29,56.1,,,40-31,11170,3
27,,2017,,,2017,용산 리브,문배동,"31,000",용산구,6,0,29,45.92,,,10-3,11170,7
28,,2015,,,2017,용산KCC웰츠타워,문배동,"35,000",용산구,6,0,30,42.38,,,11-10,11170,8
29,,2005,,,2017,용산파크자이,한강로1가,"28,000",용산구,6,0,3,39.03,,,50-1,11170,7
30,,2005,,,2017,용산파크자이,한강로1가,"15,000",용산구,6,60,19,52.58,,,50-1,11170,13
31,,2005,,,2017,용산파크자이,한강로1가,"27,000",용산구,6,0,24,39.03,,,50-1,11170,10
32,,2005,,,2017,용산파크자이,한강로1가,"18,500",용산구,6,35,26,37.26,,,50-1,11170,22
33,,2004,,,2017,한강로 대우아이빌,한강로2가,"5,000",용산구,6,55,3,35.28,,,2-11,11170,7
34,,2005,,,2017,한강로벽산메가트리움,한강로2가,"20,500",용산구,6,0,3,30.29,,,2-8,11170,17
35,,2005,,,2017,한강로벽산메가트리움,한강로2가,"21,000",용산구,6,0,4,33.02,,,2-8,11170,6
36,,2005,,,2017,한강로벽산메가트리움,한강로2가,"20,000",용산구,6,0,5,29.54,,,2-8,11170,20
37,,2005,,,2017,한강로벽산메가트리움,한강로2가,"21,500",용산구,6,0,14,30.11,,,2-8,11170,22
38,,2005,,,2017,한강로벽산메가트리움,한강로2가,"1,000",용산구,6,73,16,29.54,,,2-8,11170,12
39,,2004,,,2017,대우디오빌한강로오피스텔,한강로2가,"1,000",용산구,6,75,21,33.95,,,312-4,11170,6
40,,2005,,,2017,한강현대하이엘,한강로2가,"20,000",용산구,6,0,22,41.82,,,2-36,11170,15
41,,2004,,,2017,한강로 대우아이빌,한강로2가,"17,000",용산구,6,0,24,34.83,,,2-11,11170,3
42,,2004,,,2017,한강로 대우아이빌,한강로2가,"1,000",용산구,6,70,26,35.28,,,2-11,11170,6
43,,2005,,,2017,한강로벽산메가트리움,한강로2가,"22,000",용산구,6,0,29,32.15,,,2-8,11170,21
44,,2004,,,2017,한강대우트럼프월드3,한강로3가,"1,000",용산구,6,75,7,25.59,,,65-230,11170,28
45,,2004,,,2017,한강대우트럼프월드3,한강로3가,"23,000",용산구,6,0,16,30.91,,,65-230,11170,7
46,,2006,,,2017,지에스 한강에클라스,한강로3가,"12,000",용산구,6,25,19,35.06,,,16-85,11170,11
47,,2003,,,2017,디에스오피스텔,한남동,"17,800",용산구,6,0,12,37.22,,,257-1,11170,2
48,,2003,,,2017,디에스오피스텔,한남동,"4,000",용산구,6,45,30,28.49,,,257-1,11170,2
0,,2004,,,2017,그린빌파크,갈월동,"1,000",용산구,7,52,1,23.01,,,53-19,11170,5
1,,2004,,,2017,갈월동 에이트리움,갈월동,"19,000",용산구,7,0,21,31.1,,,101-49,11170,6
2,,2004,,,2017,디아뜨 센트럴,원효로1가,"17,000",용산구,7,0,15,37.17,,,112-4,11170,6
3,,1990,,,2017,(1),원효로2가,500,용산구,7,40,10,22.03,,,1,11170,6
4,,2014,,,2017,아인하우스,원효로3가,"14,000",용산구,7,0,6,21.27,,,277-36,11170,7
5,,2015,,,2017,용산KCC웰츠타워,문배동,"1,000",용산구,7,80,7,29.32,,,11-10,11170,5
6,,2004,,,2017,지오베르크,문배동,"2,000",용산구,7,70,8,31.35,,,17-1,11170,2
7,,2015,,,2017,용산KCC웰츠타워,문배동,"1,000",용산구,7,87,8,32.84,,,11-10,11170,7
8,,2013,,,2017,용산큐브,문배동,"16,000",용산구,7,0,10,17.46,,,24-4,11170,8
9,,2010,,,2017,리첸시아 용산B,문배동,"28,000",용산구,7,20,11,51.42,,,40-31,11170,2
10,,2015,,,2017,용산KCC웰츠타워,문배동,"25,000",용산구,7,0,11,38.13,,,11-10,11170,7
11,,2015,,,2017,용산KCC웰츠타워,문배동,"26,000",용산구,7,0,16,38.95,,,11-10,11170,5
12,,2007,,,2017,용산씨제이나인파크,문배동,"28,000",용산구,7,0,19,42.5,,,24-6,11170,9
13,,2013,,,2017,용산큐브,문배동,500,용산구,7,70,20,17.46,,,24-4,11170,9
14,,2010,,,2017,리첸시아 용산B,문배동,"27,000",용산구,7,0,21,36.23,,,40-31,11170,2
15,,2013,,,2017,용산큐브,문배동,"17,000",용산구,7,0,24,17.46,,,24-4,11170,3
16,,2013,,,2017,용산큐브,문배동,"17,500",용산구,7,0,26,17.46,,,24-4,11170,8
17,,2017,,,2017,용산 리브,문배동,"10,000",용산구,7,75,26,45.92,,,10-3,11170,12
18,,2012,,,2017,프라임펠리스,문배동,"10,000",용산구,7,20,29,18.77,,,24-8,11170,7
19,,2015,,,2017,용산KCC웰츠타워,문배동,"23,000",용산구,7,0,29,34.77,,,11-10,11170,6
20,,2004,,,2017,삼라마이다스빌,문배동,"16,000",용산구,7,0,30,25.11,,,40-19,11170,7
21,,2017,,,2017,용산 리브,문배동,"29,800",용산구,7,0,31,42.25,,,10-3,11170,6
22,,2005,,,2017,이안 용산1차(11-14),문배동,"5,000",용산구,7,125,31,61.06,,,11-14,11170,2
23,,2005,,,2017,용산파크자이,한강로1가,"30,000",용산구,7,0,3,39.25,,,50-1,11170,12
24,,2005,,,2017,용산파크자이,한강로1가,"3,000",용산구,7,125,14,52.84,,,50-1,11170,5
25,,2005,,,2017,용산파크자이,한강로1가,"17,000",용산구,7,40,21,38.1,,,50-1,11170,29
26,,2005,,,2017,용산파크자이,한강로1가,"1,000",용산구,7,105,21,37.26,,,50-1,11170,35
27,,2005,,,2017,용산파크자이,한강로1가,"28,000",용산구,7,0,22,39.03,,,50-1,11170,17
28,,2007,,,2017,대우 월드마크 용산,한강로1가,"63,000",용산구,7,0,25,104.29,,,64,11170,21
29,,2005,,,2017,용산파크자이,한강로1가,"26,000",용산구,7,0,27,33.6,,,50-1,11170,24
30,,2005,,,2017,한강로벽산메가트리움,한강로2가,"1,000",용산구,7,75,3,29.54,,,2-8,11170,24
31,,2012,,,2017,아스테리움 용산,한강로2가,"42,000",용산구,7,0,4,49.98,,,419,11170,26
32,,2005,,,2017,한강로벽산메가트리움,한강로2가,"19,000",용산구,7,10,5,30.35,,,2-8,11170,28
33,,2005,,,2017,한강로벽산메가트리움,한강로2가,"21,500",용산구,7,0,6,29.54,,,2-8,11170,9
34,,2005,,,2017,한강로벽산메가트리움,한강로2가,"19,000",용산구,7,0,11,29.54,,,2-8,11170,5
35,,2005,,,2017,한강현대하이엘,한강로2가,"2,000",용산구,7,60,12,30.03,,,2-36,11170,7
36,,2004,,,2017,한강로 대우아이빌,한강로2가,"18,500",용산구,7,0,18,33.54,,,2-11,11170,3
37,,2005,,,2017,한강로벽산메가트리움,한강로2가,"20,000",용산구,7,0,18,30.29,,,2-8,11170,23
38,,2005,,,2017,한강현대하이엘,한강로2가,"10,000",용산구,7,40,19,40.28,,,2-36,11170,13
39,,2004,,,2017,한강로 대우아이빌,한강로2가,"18,000",용산구,7,0,22,34.83,,,2-11,11170,7
40,,2004,,,2017,한강로 대우아이빌,한강로2가,"18,000",용산구,7,0,22,34.83,,,2-11,11170,10
41,,2012,,,2017,아스테리움 용산,한강로2가,"10,000",용산구,7,90,22,49.66,,,419,11170,17
42,,2005,,,2017,한강로벽산메가트리움,한강로2가,"16,000",용산구,7,20,24,29.89,,,2-8,11170,14
43,,2017,,,2017,용산푸르지오써밋,한강로2가,"25,000",용산구,7,0,24,29.85,,,420,11170,26
44,,2017,,,2017,용산푸르지오써밋,한강로2가,"30,000",용산구,7,0,25,42.64,,,420,11170,32
45,,2005,,,2017,한강로벽산메가트리움,한강로2가,"20,000",용산구,7,0,27,29.89,,,2-8,11170,27
46,,2004,,,2017,대우디오빌한강로오피스텔,한강로2가,"20,000",용산구,7,0,28,33.95,,,312-4,11170,4
47,,2012,,,2017,아스테리움 용산,한강로2가,"40,000",용산구,7,0,29,49.98,,,419,11170,19
48,,2017,,,2017,용산푸르지오써밋,한강로2가,"25,000",용산구,7,0,29,35.47,,,420,11170,25
49,,2004,,,2017,한강대우트럼프월드3,한강로3가,"2,000",용산구,7,80,13,30.91,,,65-230,11170,8
50,,2004,,,2017,한강대우트럼프월드3,한강로3가,"23,000",용산구,7,0,21,30.91,,,65-230,11170,27
51,,2007,,,2017,용산 시티파크(63-389),한강로3가,"2,000",용산구,7,120,29,41.57,,,63-389,11170,9
52,,2007,,,2017,용산 시티파크(63-387),한강로3가,"40,000",용산구,7,50,29,84.85,,,63-387,11170,3
0,,2015,,,2017,트윈시티 남산,동자동,500,용산구,8,105,7,27.42,,,56,11170,12
1,,1990,,,2017,(1),원효로2가,500,용산구,8,35,13,71.67,,,1,11170,7
2,,2013,,,2017,용산큐브,문배동,"17,500",용산구,8,0,4,17.46,,,24-4,11170,8
3,,2012,,,2017,프라임펠리스,문배동,"13,000",용산구,8,0,5,18.55,,,24-8,11170,4
4,,2007,,,2017,용산씨제이나인파크,문배동,"38,000",용산구,8,0,5,54.96,,,24-6,11170,12
5,,2007,,,2017,용산씨제이나인파크,문배동,"38,000",용산구,8,0,5,54.96,,,24-6,11170,12
6,,2015,,,2017,용산KCC웰츠타워,문배동,"26,000",용산구,8,0,7,38.1,,,11-10,11170,8
7,,2010,,,2017,리첸시아 용산B,문배동,"8,000",용산구,8,110,11,58.96,,,40-31,11170,2
8,,2013,,,2017,용산큐브,문배동,"1,000",용산구,8,65,14,17.46,,,24-4,11170,8
9,,2012,,,2017,프라임펠리스,문배동,"14,000",용산구,8,0,15,18.77,,,24-8,11170,7
10,,2017,,,2017,용산 리브,문배동,"18,000",용산구,8,30,17,42.25,,,10-3,11170,8
11,,2007,,,2017,이안용산프리미어,문배동,"38,000",용산구,8,0,24,72.99,,,3-3,11170,2
12,,2007,,,2017,용산아크로타워,문배동,"26,700",용산구,8,0,28,38.37,,,24-21,11170,6
13,,2007,,,2017,용산아크로타워,문배동,"10,000",용산구,8,37,28,28.72,,,24-21,11170,4
14,,2005,,,2017,용산파크자이,한강로1가,"24,000",용산구,8,0,7,32.1,,,50-1,11170,30
15,,2005,,,2017,용산파크자이,한강로1가,"27,000",용산구,8,0,8,39.03,,,50-1,11170,16
16,,2005,,,2017,용산파크자이,한강로1가,"22,000",용산구,8,20,14,39.03,,,50-1,11170,3
17,,2005,,,2017,용산파크자이,한강로1가,"24,000",용산구,8,0,30,31.83,,,50-1,11170,35
18,,2017,,,2017,용산푸르지오써밋,한강로2가,"4,000",용산구,8,70,1,26.7,,,420,11170,30
19,,2017,,,2017,용산푸르지오써밋,한강로2가,"22,000",용산구,8,0,2,26.7,,,420,11170,27
20,,2017,,,2017,용산푸르지오써밋,한강로2가,"22,000",용산구,8,0,2,27.75,,,420,11170,21
21,,2017,,,2017,용산푸르지오써밋,한강로2가,"22,000",용산구,8,0,2,27.75,,,420,11170,21
22,,2005,,,2017,한강로벽산메가트리움,한강로2가,"19,000",용산구,8,0,2,30.29,,,2-8,11170,5
23,,2017,,,2017,용산푸르지오써밋,한강로2가,"30,000",용산구,8,0,3,46.29,,,420,11170,32
24,,2017,,,2017,용산푸르지오써밋,한강로2가,"27,000",용산구,8,0,3,40.39,,,420,11170,27
25,,2017,,,2017,용산푸르지오써밋,한강로2가,"22,000",용산구,8,0,4,26.7,,,420,11170,22
26,,2005,,,2017,한강로벽산메가트리움,한강로2가,"10,000",용산구,8,45,5,33.02,,,2-8,11170,17
27,,2017,,,2017,용산푸르지오써밋,한강로2가,"30,000",용산구,8,0,5,44.7,,,420,11170,24
28,,2005,,,2017,한강로벽산메가트리움,한강로2가,"4,000",용산구,8,60,7,30.06,,,2-8,11170,17
29,,2017,,,2017,용산푸르지오써밋,한강로2가,"22,000",용산구,8,0,8,26.7,,,420,11170,23
30,,2017,,,2017,용산푸르지오써밋,한강로2가,"25,000",용산구,8,0,8,46,,,420,11170,32
31,,2017,,,2017,용산푸르지오써밋,한강로2가,"2,000",용산구,8,80,8,29.85,,,420,11170,22
32,,2017,,,2017,용산푸르지오써밋,한강로2가,"2,500",용산구,8,70,8,26.7,,,420,11170,31
33,,2017,,,2017,용산푸르지오써밋,한강로2가,"25,000",용산구,8,0,8,46,,,420,11170,32
34,,2017,,,2017,용산푸르지오써밋,한강로2가,"30,000",용산구,8,10,8,44.7,,,420,11170,29
35,,2017,,,2017,용산푸르지오써밋,한강로2가,"20,000",용산구,8,0,9,26.7,,,420,11170,15
36,,2017,,,2017,용산푸르지오써밋,한강로2가,"20,000",용산구,8,0,10,24.6,,,420,11170,27
37,,2017,,,2017,용산푸르지오써밋,한강로2가,"5,000",용산구,8,70,10,26.7,,,420,11170,19
38,,2017,,,2017,용산푸르지오써밋,한강로2가,"15,000",용산구,8,20,11,25.65,,,420,11170,21
39,,2017,,,2017,용산푸르지오써밋,한강로2가,"23,000",용산구,8,0,11,27.75,,,420,11170,21
40,,2017,,,2017,용산푸르지오써밋,한강로2가,"22,000",용산구,8,0,12,26.7,,,420,11170,32
41,,2005,,,2017,한강현대하이엘,한강로2가,"20,000",용산구,8,0,12,41.8,,,2-36,11170,4
42,,2017,,,2017,용산푸르지오써밋,한강로2가,"22,000",용산구,8,0,12,27.75,,,420,11170,28
43,,2017,,,2017,용산푸르지오써밋,한강로2가,"22,000",용산구,8,0,14,26.7,,,420,11170,26
44,,2004,,,2017,한강로 대우아이빌,한강로2가,"1,000",용산구,8,65,14,35.28,,,2-11,11170,3
45,,2005,,,2017,한강로벽산메가트리움,한강로2가,"19,000",용산구,8,0,14,29.54,,,2-8,11170,8
46,,2017,,,2017,용산푸르지오써밋,한강로2가,"30,000",용산구,8,0,15,44.7,,,420,11170,17
47,,2017,,,2017,용산푸르지오써밋,한강로2가,"23,000",용산구,8,0,15,29.85,,,420,11170,28
48,,2005,,,2017,한강로벽산메가트리움,한강로2가,"19,000",용산구,8,0,15,29.54,,,2-8,11170,8
49,,2017,,,2017,용산푸르지오써밋,한강로2가,"20,000",용산구,8,0,15,26.7,,,420,11170,20
50,,2012,,,2017,아스테리움 용산,한강로2가,"40,000",용산구,8,0,16,49.66,,,419,11170,29
51,,2017,,,2017,용산푸르지오써밋,한강로2가,"2,000",용산구,8,70,16,24.6,,,420,11170,31
52,,2017,,,2017,용산푸르지오써밋,한강로2가,"22,500",용산구,8,0,16,26.7,,,420,11170,26
53,,2017,,,2017,용산푸르지오써밋,한강로2가,"1,000",용산구,8,80,16,26.7,,,420,11170,20
54,,2017,,,2017,용산푸르지오써밋,한강로2가,"30,000",용산구,8,0,16,48.72,,,420,11170,20
55,,2017,,,2017,용산푸르지오써밋,한강로2가,"22,000",용산구,8,0,16,27.64,,,420,11170,18
56,,2017,,,2017,용산푸르지오써밋,한강로2가,"20,500",용산구,8,0,17,27.64,,,420,11170,20
57,,2017,,,2017,용산푸르지오써밋,한강로2가,"22,000",용산구,8,0,17,26.7,,,420,11170,24
58,,2017,,,2017,용산푸르지오써밋,한강로2가,"10,000",용산구,8,40,17,26.7,,,420,11170,31
59,,2017,,,2017,용산푸르지오써밋,한강로2가,"27,000",용산구,8,0,17,40.39,,,420,11170,24
60,,2005,,,2017,한강로벽산메가트리움,한강로2가,"20,500",용산구,8,0,17,29.54,,,2-8,11170,28
61,,2017,,,2017,용산푸르지오써밋,한강로2가,"22,000",용산구,8,0,18,27.75,,,420,11170,19
62,,2017,,,2017,용산푸르지오써밋,한강로2가,"24,000",용산구,8,0,18,27.75,,,420,11170,28
63,,2017,,,2017,용산푸르지오써밋,한강로2가,"31,000",용산구,8,0,19,48.72,,,420,11170,19
64,,2017,,,2017,용산푸르지오써밋,한강로2가,"31,000",용산구,8,0,19,46,,,420,11170,36
65,,2017,,,2017,용산푸르지오써밋,한강로2가,"21,000",용산구,8,0,19,27.75,,,420,11170,28
66,,2017,,,2017,용산푸르지오써밋,한강로2가,"22,000",용산구,8,0,19,26.7,,,420,11170,32
67,,2017,,,2017,용산푸르지오써밋,한강로2가,"10,000",용산구,8,55,19,29.85,,,420,11170,25
68,,2017,,,2017,용산푸르지오써밋,한강로2가,"20,000",용산구,8,0,20,26.7,,,420,11170,25
69,,2017,,,2017,용산푸르지오써밋,한강로2가,"24,000",용산구,8,0,21,29.85,,,420,11170,20
70,,2017,,,2017,용산푸르지오써밋,한강로2가,"27,000",용산구,8,0,21,40.39,,,420,11170,17
71,,2017,,,2017,용산푸르지오써밋,한강로2가,"23,000",용산구,8,0,21,27.75,,,420,11170,32
72,,2017,,,2017,용산푸르지오써밋,한강로2가,"19,000",용산구,8,0,21,24.49,,,420,11170,27
73,,2004,,,2017,한강로 대우아이빌,한강로2가,"15,000",용산구,8,10,22,35.28,,,2-11,11170,5
74,,2017,,,2017,용산푸르지오써밋,한강로2가,"30,000",용산구,8,0,23,44.7,,,420,11170,38
75,,2017,,,2017,용산푸르지오써밋,한강로2가,"30,000",용산구,8,0,23,44.7,,,420,11170,21
76,,2005,,,2017,한강로벽산메가트리움,한강로2가,"19,500",용산구,8,0,24,32.15,,,2-8,11170,11
77,,2017,,,2017,용산푸르지오써밋,한강로2가,"21,500",용산구,8,0,24,26.59,,,420,11170,29
78,,2017,,,2017,용산푸르지오써밋,한강로2가,"30,000",용산구,8,0,24,46,,,420,11170,32
79,,2017,,,2017,용산푸르지오써밋,한강로2가,"21,500",용산구,8,0,24,26.59,,,420,11170,31
80,,2017,,,2017,용산푸르지오써밋,한강로2가,"24,000",용산구,8,0,25,29.85,,,420,11170,35
81,,2017,,,2017,용산푸르지오써밋,한강로2가,"22,000",용산구,8,0,25,26.7,,,420,11170,28
82,,2017,,,2017,용산푸르지오써밋,한강로2가,"21,000",용산구,8,0,26,26.7,,,420,11170,23
83,,2017,,,2017,용산푸르지오써밋,한강로2가,"21,000",용산구,8,0,26,27.64,,,420,11170,17
84,,2017,,,2017,용산푸르지오써밋,한강로2가,"5,000",용산구,8,70,27,26.7,,,420,11170,36
85,,2017,,,2017,용산푸르지오써밋,한강로2가,"23,000",용산구,8,0,27,26.7,,,420,11170,25
86,,2004,,,2017,한강로 대우아이빌,한강로2가,"19,000",용산구,8,0,29,33.54,,,2-11,11170,4
87,,2006,,,2017,용산 토투벨리,한강로2가,"27,000",용산구,8,0,29,56.29,,,2-37,11170,11
88,,2005,,,2017,한강현대하이엘,한강로2가,"1,000",용산구,8,90,29,41.82,,,2-36,11170,5
89,,2017,,,2017,용산푸르지오써밋,한강로2가,"4,000",용산구,8,100,29,46.29,,,420,11170,20
90,,2017,,,2017,용산푸르지오써밋,한강로2가,"26,500",용산구,8,0,29,46.29,,,420,11170,19
91,,2017,,,2017,용산푸르지오써밋,한강로2가,"1,000",용산구,8,80,29,29.85,,,420,11170,24
92,,2017,,,2017,용산푸르지오써밋,한강로2가,"23,000",용산구,8,0,29,26.7,,,420,11170,17
93,,2005,,,2017,한강로벽산메가트리움,한강로2가,"21,000",용산구,8,0,30,29.54,,,2-8,11170,9
94,,2017,,,2017,용산푸르지오써밋,한강로2가,"5,000",용산구,8,70,30,26.7,,,420,11170,38
95,,2017,,,2017,용산푸르지오써밋,한강로2가,"23,000",용산구,8,0,30,27.75,,,420,11170,27
96,,2017,,,2017,용산푸르지오써밋,한강로2가,"21,000",용산구,8,0,30,27.64,,,420,11170,28
97,,2017,,,2017,용산푸르지오써밋,한강로2가,"24,500",용산구,8,0,30,34.74,,,420,11170,37
98,,2017,,,2017,용산푸르지오써밋,한강로2가,"2,000",용산구,8,80,30,26.7,,,420,11170,30
99,,2017,,,2017,용산푸르지오써밋,한강로2가,"30,000",용산구,8,0,31,46.29,,,420,11170,30
100,,2017,,,2017,용산푸르지오써밋,한강로2가,"1,000",용산구,8,80,31,44.21,,,420,11170,15
101,,2009,,,2017,파크타워,용산동5가,"65,000",용산구,8,0,17,99.77,,,24,11170,12
102,,2004,,,2017,한강대우트럼프월드3,한강로3가,"34,000",용산구,8,0,3,49.66,,,65-230,11170,15
103,,2007,,,2017,용산 시티파크(63-387),한강로3가,"50,000",용산구,8,0,4,84.85,,,63-387,11170,3
104,,2006,,,2017,지에스 한강에클라스,한강로3가,"21,000",용산구,8,0,24,46.42,,,16-85,11170,11
105,,2006,,,2017,지에스 한강에클라스,한강로3가,"22,000",용산구,8,0,25,44.57,,,16-85,11170,10
106,,2006,,,2017,지에스 한강에클라스,한강로3가,"13,000",용산구,8,0,30,27.48,,,16-85,11170,11
107,,2007,,,2017,용산 시티파크(63-387),한강로3가,"15,000",용산구,8,60,30,61.71,,,63-387,11170,4
108,,2004,,,2017,한남동 리첸시아,한남동,"3,700",용산구,8,100,17,51.01,,,72-1,11170,3
0,,2004,,,2017,갈월동 에이트리움,갈월동,"18,000",용산구,9,0,12,30.97,,,101-49,11170,6
1,,2004,,,2017,갈월동 에이트리움,갈월동,"5,000",용산구,9,60,18,30.97,,,101-49,11170,6
2,,2004,,,2017,갈월동 에이트리움,갈월동,"9,000",용산구,9,0,27,30.97,,,101-49,11170,21
3,,2007,,,2017,용산씨제이나인파크,문배동,"25,000",용산구,9,50,1,71.39,,,24-6,11170,5
4,,2013,,,2017,용산큐브,문배동,"16,500",용산구,9,0,2,17.46,,,24-4,11170,6
5,,2015,,,2017,용산KCC웰츠타워,문배동,"26,000",용산구,9,0,2,38.95,,,11-10,11170,5
6,,2015,,,2017,용산KCC웰츠타워,문배동,"28,000",용산구,9,0,12,40.88,,,11-10,11170,6
7,,2007,,,2017,용산씨제이나인파크,문배동,"40,000",용산구,9,0,12,71.39,,,24-6,11170,10
8,,2004,,,2017,삼라마이다스빌,문배동,"17,500",용산구,9,0,16,28.23,,,40-19,11170,5
9,,2013,,,2017,용산큐브,문배동,"17,500",용산구,9,0,18,17.46,,,24-4,11170,5
10,,2005,,,2017,이안 용산1차(11-14),문배동,"35,500",용산구,9,0,18,61.06,,,11-14,11170,7
11,,2012,,,2017,프라임펠리스,문배동,"14,500",용산구,9,0,19,18.55,,,24-8,11170,5
12,,2007,,,2017,용산씨제이나인파크,문배동,"37,000",용산구,9,0,20,54.96,,,24-6,11170,9
13,,2013,,,2017,용산큐브,문배동,"17,500",용산구,9,0,20,17.46,,,24-4,11170,11
14,,2004,,,2017,지오베르크,문배동,"24,000",용산구,9,0,23,42.31,,,17-1,11170,2
15,,2007,,,2017,이안용산프리미어,문배동,"37,000",용산구,9,0,25,71.38,,,3-3,11170,4
16,,2010,,,2017,리첸시아 용산B,문배동,"33,000",용산구,9,0,25,58.62,,,40-31,11170,3
17,,2013,,,2017,용산큐브,문배동,"5,000",용산구,9,50,29,17.46,,,24-4,11170,5
18,,2015,,,2017,용산KCC웰츠타워,문배동,"25,000",용산구,9,0,29,32.84,,,11-10,11170,8
19,,2005,,,2017,용산파크자이,한강로1가,"21,000",용산구,9,0,15,28.46,,,50-1,11170,4
20,,2005,,,2017,용산파크자이,한강로1가,"24,000",용산구,9,0,20,31.83,,,50-1,11170,19
21,,2005,,,2017,용산파크자이,한강로1가,"28,000",용산구,9,0,26,42.39,,,50-1,11170,15
22,,2005,,,2017,용산파크자이,한강로1가,"24,500",용산구,9,0,28,36.13,,,50-1,11170,13
23,,2017,,,2017,용산푸르지오써밋,한강로2가,"1,000",용산구,9,70,1,25.65,,,420,11170,38
24,,2017,,,2017,용산푸르지오써밋,한강로2가,"27,000",용산구,9,0,1,44.21,,,420,11170,20
25,,2017,,,2017,용산푸르지오써밋,한강로2가,"26,000",용산구,9,0,1,46.29,,,420,11170,18
26,,2017,,,2017,용산푸르지오써밋,한강로2가,"30,000",용산구,9,0,1,44.7,,,420,11170,23
27,,2017,,,2017,용산푸르지오써밋,한강로2가,"22,000",용산구,9,0,2,27.75,,,420,11170,17
28,,2017,,,2017,용산푸르지오써밋,한강로2가,"21,000",용산구,9,0,2,27.64,,,420,11170,27
29,,2017,,,2017,용산푸르지오써밋,한강로2가,"2,000",용산구,9,95,2,45.66,,,420,11170,28
30,,2017,,,2017,용산푸르지오써밋,한강로2가,"31,000",용산구,9,0,2,44.7,,,420,11170,28
31,,2005,,,2017,한강로벽산메가트리움,한강로2가,"1,000",용산구,9,70,4,29.55,,,2-8,11170,4
32,,2017,,,2017,용산푸르지오써밋,한강로2가,"26,000",용산구,9,0,4,40.39,,,420,11170,27
33,,2017,,,2017,용산푸르지오써밋,한강로2가,"29,000",용산구,9,0,4,44.7,,,420,11170,32
34,,2017,,,2017,용산푸르지오써밋,한강로2가,"28,500",용산구,9,0,4,46.29,,,420,11170,33
35,,2017,,,2017,용산푸르지오써밋,한강로2가,"10,000",용산구,9,45,5,26.7,,,420,11170,25
36,,2017,,,2017,용산푸르지오써밋,한강로2가,"1,000",용산구,9,85,5,27.75,,,420,11170,37
37,,2017,,,2017,용산푸르지오써밋,한강로2가,"2,000",용산구,9,75,5,26.59,,,420,11170,32
38,,2017,,,2017,용산푸르지오써밋,한강로2가,"2,000",용산구,9,115,5,48.43,,,420,11170,18
39,,2017,,,2017,용산푸르지오써밋,한강로2가,"13,000",용산구,9,40,5,44.21,,,420,11170,21
40,,2017,,,2017,용산푸르지오써밋,한강로2가,"21,500",용산구,9,0,6,26.59,,,420,11170,28
41,,2017,,,2017,용산푸르지오써밋,한강로2가,"22,000",용산구,9,0,6,27.75,,,420,11170,21
42,,2017,,,2017,용산푸르지오써밋,한강로2가,"25,000",용산구,9,0,6,34.74,,,420,11170,32
43,,2017,,,2017,용산푸르지오써밋,한강로2가,"30,000",용산구,9,0,6,43.86,,,420,11170,27
44,,2017,,,2017,용산푸르지오써밋,한강로2가,"21,000",용산구,9,0,7,26.7,,,420,11170,25
45,,2017,,,2017,용산푸르지오써밋,한강로2가,"24,000",용산구,9,0,7,35.47,,,420,11170,31
46,,2005,,,2017,한강현대하이엘,한강로2가,"1,000",용산구,9,60,7,30.03,,,2-36,11170,3
47,,2017,,,2017,용산푸르지오써밋,한강로2가,"27,000",용산구,9,0,8,42.64,,,420,11170,28
48,,2017,,,2017,용산푸르지오써밋,한강로2가,"24,000",용산구,9,0,9,29.85,,,420,11170,29
49,,2005,,,2017,한강로벽산메가트리움,한강로2가,"19,000",용산구,9,0,9,29.54,,,2-8,11170,7
50,,2017,,,2017,용산푸르지오써밋,한강로2가,"28,000",용산구,9,0,10,40.39,,,420,11170,22
51,,2017,,,2017,용산푸르지오써밋,한강로2가,"3,000",용산구,9,100,10,46,,,420,11170,38
52,,2017,,,2017,용산푸르지오써밋,한강로2가,"28,000",용산구,9,0,11,42.64,,,420,11170,37
53,,2017,,,2017,용산푸르지오써밋,한강로2가,"3,000",용산구,9,100,11,46,,,420,11170,30
54,,2005,,,2017,한강로벽산메가트리움,한강로2가,"4,000",용산구,9,60,11,30.29,,,2-8,11170,10
55,,2017,,,2017,용산푸르지오써밋,한강로2가,"35,000",용산구,9,0,12,44.7,,,420,11170,27
56,,2017,,,2017,용산푸르지오써밋,한강로2가,"26,500",용산구,9,0,12,44.21,,,420,11170,19
57,,2017,,,2017,용산푸르지오써밋,한강로2가,"23,500",용산구,9,0,13,26.7,,,420,11170,35
58,,2017,,,2017,용산푸르지오써밋,한강로2가,"29,000",용산구,9,0,13,46.29,,,420,11170,38
59,,2017,,,2017,용산푸르지오써밋,한강로2가,"28,000",용산구,9,0,13,44.89,,,420,11170,22
60,,2005,,,2017,한강현대하이엘,한강로2가,"5,000",용산구,9,50,13,39.37,,,2-36,11170,9
61,,2005,,,2017,한강로벽산메가트리움,한강로2가,"15,000",용산구,9,20,13,29.54,,,2-8,11170,23
62,,2017,,,2017,용산푸르지오써밋,한강로2가,"23,000",용산구,9,0,14,26.7,,,420,11170,23
63,,2017,,,2017,용산푸르지오써밋,한강로2가,"1,000",용산구,9,78,14,26.7,,,420,11170,27
64,,2017,,,2017,용산푸르지오써밋,한강로2가,"30,000",용산구,9,0,14,44.89,,,420,11170,26
65,,2017,,,2017,용산푸르지오써밋,한강로2가,"24,000",용산구,9,0,14,29.85,,,420,11170,17
66,,2017,,,2017,용산푸르지오써밋,한강로2가,"31,000",용산구,9,0,14,46.29,,,420,11170,39
67,,2017,,,2017,용산푸르지오써밋,한강로2가,"32,000",용산구,9,0,14,45.66,,,420,11170,38
68,,2012,,,2017,위너스타워,한강로2가,"13,000",용산구,9,0,15,30.26,,,2-132,11170,7
69,,2017,,,2017,용산푸르지오써밋,한강로2가,"28,000",용산구,9,0,15,46.29,,,420,11170,31
70,,2012,,,2017,아스테리움 용산,한강로2가,"36,000",용산구,9,0,15,49.66,,,419,11170,25
71,,2017,,,2017,용산푸르지오써밋,한강로2가,"2,000",용산구,9,80,15,27.75,,,420,11170,38
72,,2017,,,2017,용산푸르지오써밋,한강로2가,"25,000",용산구,9,0,15,35.47,,,420,11170,23
73,,2017,,,2017,용산푸르지오써밋,한강로2가,"20,000",용산구,9,0,15,27.64,,,420,11170,19
74,,2017,,,2017,용산푸르지오써밋,한강로2가,"28,000",용산구,9,0,15,46.29,,,420,11170,31
75,,2017,,,2017,용산푸르지오써밋,한강로2가,"30,000",용산구,9,0,16,42.64,,,420,11170,36
76,,2017,,,2017,용산푸르지오써밋,한강로2가,"7,000",용산구,9,50,16,40.81,,,420,11170,18
77,,2017,,,2017,용산푸르지오써밋,한강로2가,"21,000",용산구,9,0,16,27.64,,,420,11170,32
78,,2017,,,2017,용산푸르지오써밋,한강로2가,"21,500",용산구,9,0,16,27.64,,,420,11170,31
79,,2004,,,2017,한강로 대우아이빌,한강로2가,"1,000",용산구,9,65,16,34.83,,,2-11,11170,3
80,,2004,,,2017,한강로 대우아이빌,한강로2가,"1,000",용산구,9,70,16,34.83,,,2-11,11170,10
81,,2017,,,2017,용산푸르지오써밋,한강로2가,"10,000",용산구,9,50,18,29.85,,,420,11170,37
82,,2017,,,2017,용산푸르지오써밋,한강로2가,"27,000",용산구,9,0,18,40.81,,,420,11170,31
83,,2017,,,2017,용산푸르지오써밋,한강로2가,"10,000",용산구,9,70,18,44.89,,,420,11170,20
84,,2017,,,2017,용산푸르지오써밋,한강로2가,"21,000",용산구,9,0,18,25.65,,,420,11170,30
85,,2017,,,2017,용산푸르지오써밋,한강로2가,"4,000",용산구,9,70,19,26.7,,,420,11170,29
86,,2017,,,2017,용산푸르지오써밋,한강로2가,"20,000",용산구,9,45,19,44.7,,,420,11170,25
87,,2017,,,2017,용산푸르지오써밋,한강로2가,"22,500",용산구,9,0,19,44.21,,,420,11170,25
88,,2017,,,2017,용산푸르지오써밋,한강로2가,"2,000",용산구,9,75,20,27.64,,,420,11170,23
89,,2017,,,2017,용산푸르지오써밋,한강로2가,"21,000",용산구,9,0,21,26.7,,,420,11170,25
90,,2017,,,2017,용산푸르지오써밋,한강로2가,"24,000",용산구,9,0,22,26.7,,,420,11170,18
91,,2017,,,2017,용산푸르지오써밋,한강로2가,"32,000",용산구,9,0,23,44.7,,,420,11170,24
92,,2017,,,2017,용산푸르지오써밋,한강로2가,"25,000",용산구,9,0,25,29.85,,,420,11170,23
93,,2017,,,2017,용산푸르지오써밋,한강로2가,"23,000",용산구,9,0,26,27.75,,,420,11170,27
94,,2017,,,2017,용산푸르지오써밋,한강로2가,"25,500",용산구,9,0,28,35.47,,,420,11170,17
95,,2017,,,2017,용산푸르지오써밋,한강로2가,"20,500",용산구,9,0,28,24.6,,,420,11170,30
96,,2017,,,2017,용산푸르지오써밋,한강로2가,"22,800",용산구,9,0,28,27.75,,,420,11170,22
97,,2012,,,2017,아스테리움 용산,한강로2가,"37,000",용산구,9,0,29,49.85,,,419,11170,28
98,,2017,,,2017,용산푸르지오써밋,한강로2가,"32,000",용산구,9,0,29,46.29,,,420,11170,34
99,,2017,,,2017,용산푸르지오써밋,한강로2가,"4,000",용산구,9,30,29,40.39,,,420,11170,19
100,,2017,,,2017,용산푸르지오써밋,한강로2가,"25,000",용산구,9,0,29,27.75,,,420,11170,18
101,,2017,,,2017,용산푸르지오써밋,한강로2가,"29,000",용산구,9,0,30,44.89,,,420,11170,23
102,,2005,,,2017,한강로벽산메가트리움,한강로2가,"19,500",용산구,9,0,30,30.29,,,2-8,11170,3
103,,2004,,,2017,한강대우트럼프월드3,한강로3가,"19,000",용산구,9,0,9,25.52,,,65-230,11170,29
104,,2004,,,2017,한강대우트럼프월드3,한강로3가,"27,000",용산구,9,0,20,38.14,,,65-230,11170,11
105,,1990,,,2017,(16-91),한강로3가,500,용산구,9,35,27,28.35,,,16-91,11170,3
0,,2015,,,2017,트윈시티 남산,동자동,"1,000",용산구,10,95,10,25.37,,,56,11170,18
1,,2007,,,2017,용산아크로타워,문배동,"8,000",용산구,10,47,12,28.72,,,24-21,11170,4
2,,2013,,,2017,용산큐브,문배동,"16,500",용산구,10,0,13,17.46,,,24-4,11170,6
3,,2007,,,2017,이안용산프리미어,문배동,"40,000",용산구,10,0,14,66.53,,,3-3,11170,5
4,,2013,,,2017,용산큐브,문배동,"16,800",용산구,10,0,19,17.46,,,24-4,11170,7
5,,2013,,,2017,용산큐브,문배동,"1,000",용산구,10,65,20,17.46,,,24-4,11170,11
6,,2007,,,2017,용산아크로타워,문배동,"31,000",용산구,10,0,20,48.28,,,24-21,11170,3
7,,2013,,,2017,용산큐브,문배동,"3,000",용산구,10,60,21,17.46,,,24-4,11170,13
8,,2013,,,2017,용산큐브,문배동,"10,000",용산구,10,30,21,17.46,,,24-4,11170,7
9,,2007,,,2017,용산아크로타워,문배동,"23,000",용산구,10,30,23,48.28,,,24-21,11170,9
10,,2013,,,2017,용산큐브,문배동,"17,000",용산구,10,0,23,17.46,,,24-4,11170,5
11,,2004,,,2017,삼라마이다스빌,문배동,"16,500",용산구,10,0,25,28.23,,,40-19,11170,2
12,,2007,,,2017,이안용산프리미어,문배동,"24,000",용산구,10,0,26,39.3,,,3-3,11170,6
13,,2004,,,2017,지오베르크,문배동,"28,000",용산구,10,0,28,47.08,,,17-1,11170,2
14,,2005,,,2017,용산파크자이,한강로1가,"1,000",용산구,10,95,16,37.26,,,50-1,11170,12
15,,2005,,,2017,용산파크자이,한강로1가,"10,000",용산구,10,80,21,39.25,,,50-1,11170,32
16,,2005,,,2017,용산파크자이,한강로1가,"1,000",용산구,10,90,31,39.03,,,50-1,11170,18
17,,2017,,,2017,용산푸르지오써밋,한강로2가,"7,000",용산구,10,75,6,29.85,,,420,11170,29
18,,2017,,,2017,용산푸르지오써밋,한강로2가,"20,000",용산구,10,50,7,46.29,,,420,11170,28
19,,2017,,,2017,용산푸르지오써밋,한강로2가,"22,000",용산구,10,0,7,27.64,,,420,11170,29
20,,2017,,,2017,용산푸르지오써밋,한강로2가,"1,000",용산구,10,85,9,26.7,,,420,11170,26
21,,2017,,,2017,용산푸르지오써밋,한강로2가,"25,000",용산구,10,0,10,27.75,,,420,11170,29
22,,2017,,,2017,용산푸르지오써밋,한강로2가,"10,000",용산구,10,50,11,26.7,,,420,11170,18
23,,2017,,,2017,용산푸르지오써밋,한강로2가,"3,000",용산구,10,80,11,27.75,,,420,11170,32
24,,2017,,,2017,용산푸르지오써밋,한강로2가,"27,000",용산구,10,0,11,40.81,,,420,11170,29
25,,2017,,,2017,용산푸르지오써밋,한강로2가,"10,000",용산구,10,50,11,27.75,,,420,11170,21
26,,2017,,,2017,용산푸르지오써밋,한강로2가,"22,000",용산구,10,0,11,24.6,,,420,11170,28
27,,2017,,,2017,용산푸르지오써밋,한강로2가,"28,000",용산구,10,0,12,45.66,,,420,11170,17
28,,2005,,,2017,한강로벽산메가트리움,한강로2가,"22,000",용산구,10,0,12,30.06,,,2-8,11170,21
29,,2017,,,2017,용산푸르지오써밋,한강로2가,"10,000",용산구,10,75,12,48.72,,,420,11170,23
30,,2017,,,2017,용산푸르지오써밋,한강로2가,"1,000",용산구,10,100,13,44.21,,,420,11170,17
31,,2017,,,2017,용산푸르지오써밋,한강로2가,"15,000",용산구,10,45,13,26.7,,,420,11170,31
32,,2017,,,2017,용산푸르지오써밋,한강로2가,"32,000",용산구,10,0,13,46,,,420,11170,29
33,,2005,,,2017,한강로벽산메가트리움,한강로2가,"20,000",용산구,10,0,14,32.15,,,2-8,11170,13
34,,2017,,,2017,용산푸르지오써밋,한강로2가,"22,500",용산구,10,0,14,26.7,,,420,11170,26
35,,2017,,,2017,용산푸르지오써밋,한강로2가,"25,000",용산구,10,0,14,27.75,,,420,11170,23
36,,2017,,,2017,용산푸르지오써밋,한강로2가,"23,000",용산구,10,0,14,29.85,,,420,11170,25
37,,2017,,,2017,용산푸르지오써밋,한강로2가,"6,500",용산구,10,60,14,35.47,,,420,11170,28
38,,2017,,,2017,용산푸르지오써밋,한강로2가,"5,000",용산구,10,70,14,29.85,,,420,11170,20
39,,2017,,,2017,용산푸르지오써밋,한강로2가,"28,000",용산구,10,0,14,35.47,,,420,11170,20
40,,2017,,,2017,용산푸르지오써밋,한강로2가,"1,000",용산구,10,85,14,26.7,,,420,11170,39
41,,2005,,,2017,한강로벽산메가트리움,한강로2가,"6,000",용산구,10,50,14,29.89,,,2-8,11170,8
42,,2005,,,2017,한강로벽산메가트리움,한강로2가,"4,000",용산구,10,60,14,32.15,,,2-8,11170,18
43,,2017,,,2017,용산푸르지오써밋,한강로2가,"5,000",용산구,10,90,15,45.66,,,420,11170,34
44,,2017,,,2017,용산푸르지오써밋,한강로2가,"26,000",용산구,10,0,16,29.85,,,420,11170,32
45,,2017,,,2017,용산푸르지오써밋,한강로2가,"10,000",용산구,10,75,16,48.72,,,420,11170,17
46,,2017,,,2017,용산푸르지오써밋,한강로2가,"26,000",용산구,10,0,16,29.85,,,420,11170,32
47,,2017,,,2017,용산푸르지오써밋,한강로2가,"27,000",용산구,10,0,16,35.47,,,420,11170,26
48,,2006,,,2017,용산 토투벨리,한강로2가,"25,000",용산구,10,0,16,47.99,,,2-37,11170,12
49,,2017,,,2017,용산푸르지오써밋,한강로2가,"28,000",용산구,10,0,17,45.66,,,420,11170,18
50,,2017,,,2017,용산푸르지오써밋,한강로2가,"2,000",용산구,10,90,18,29.85,,,420,11170,37
51,,2017,,,2017,용산푸르지오써밋,한강로2가,"30,000",용산구,10,0,18,45.66,,,420,11170,25
52,,2017,,,2017,용산푸르지오써밋,한강로2가,"23,000",용산구,10,0,19,26.7,,,420,11170,31
53,,2017,,,2017,용산푸르지오써밋,한강로2가,"2,000",용산구,10,80,19,29.85,,,420,11170,19
54,,2017,,,2017,용산푸르지오써밋,한강로2가,"1,000",용산구,10,75,19,27.75,,,420,11170,35
55,,2017,,,2017,용산푸르지오써밋,한강로2가,"26,000",용산구,10,20,19,48.43,,,420,11170,17
56,,2004,,,2017,대우디오빌한강로오피스텔,한강로2가,"17,000",용산구,10,0,20,29.66,,,312-4,11170,9
57,,2017,,,2017,용산푸르지오써밋,한강로2가,"10,000",용산구,10,50,20,26.7,,,420,11170,32
58,,2005,,,2017,한강로벽산메가트리움,한강로2가,"10,000",용산구,10,40,21,30.35,,,2-8,11170,24
59,,2005,,,2017,한강로벽산메가트리움,한강로2가,"1,000",용산구,10,75,21,32.15,,,2-8,11170,6
60,,2017,,,2017,용산푸르지오써밋,한강로2가,"5,000",용산구,10,100,22,45.66,,,420,11170,30
61,,2017,,,2017,용산푸르지오써밋,한강로2가,"30,000",용산구,10,0,23,45.66,,,420,11170,37
62,,2012,,,2017,아스테리움 용산,한강로2가,"33,000",용산구,10,0,23,49.98,,,419,11170,13
63,,2004,,,2017,대우디오빌한강로오피스텔,한강로2가,"2,000",용산구,10,80,24,44.95,,,312-4,11170,17
64,,2017,,,2017,용산푸르지오써밋,한강로2가,"31,000",용산구,10,0,24,40.81,,,420,11170,37
65,,2017,,,2017,용산푸르지오써밋,한강로2가,"32,000",용산구,10,0,24,44.89,,,420,11170,25
66,,2017,,,2017,용산푸르지오써밋,한강로2가,"23,000",용산구,10,0,24,25.65,,,420,11170,26
67,,2017,,,2017,용산푸르지오써밋,한강로2가,"28,000",용산구,10,0,25,35.47,,,420,11170,32
68,,2004,,,2017,대우디오빌한강로오피스텔,한강로2가,"18,500",용산구,10,0,26,32.85,,,312-4,11170,18
69,,2017,,,2017,용산푸르지오써밋,한강로2가,"27,000",용산구,10,0,26,29.85,,,420,11170,18
70,,2005,,,2017,한강현대하이엘,한강로2가,"21,000",용산구,10,0,28,41.8,,,2-36,11170,3
71,,2017,,,2017,용산푸르지오써밋,한강로2가,"1,000",용산구,10,85,28,26.7,,,420,11170,17
72,,2017,,,2017,용산푸르지오써밋,한강로2가,"28,000",용산구,10,0,28,27.75,,,420,11170,26
73,,2005,,,2017,한강현대하이엘,한강로2가,"20,000",용산구,10,0,30,41.82,,,2-36,11170,11
74,,2017,,,2017,용산푸르지오써밋,한강로2가,"28,000",용산구,10,0,30,44.7,,,420,11170,18
75,,2017,,,2017,용산푸르지오써밋,한강로2가,"1,000",용산구,10,78,30,26.59,,,420,11170,35
76,,2017,,,2017,용산푸르지오써밋,한강로2가,"2,000",용산구,10,105,31,44.7,,,420,11170,35
0,,2015,,,2017,트윈시티 남산,동자동,500,용산구,11,105,6,27.42,,,56,11170,28
1,,2015,,,2017,트윈시티 남산,동자동,"1,000",용산구,11,85,14,21.71,,,56,11170,18
2,,2013,,,2017,센트레빌아스테리움서울,동자동,"30,000",용산구,11,0,16,47.39,,,45,11170,16
3,,2003,,,2017,e테크밸리,원효로3가,"1,000",용산구,11,40,23,32,,,51-37,11170,11
4,,2013,,,2017,용산큐브,문배동,"1,000",용산구,11,65,3,17.46,,,24-4,11170,5
5,,2007,,,2017,이안용산프리미어,문배동,"39,000",용산구,11,0,4,71.38,,,3-3,11170,2
6,,2017,,,2017,용산 리브,문배동,"15,000",용산구,11,50,6,42.25,,,10-3,11170,4
7,,2007,,,2017,용산아크로타워,문배동,"33,000",용산구,11,0,11,46.29,,,24-21,11170,7
8,,2013,,,2017,용산큐브,문배동,"17,500",용산구,11,0,13,17.46,,,24-4,11170,10
9,,2007,,,2017,용산아크로타워,문배동,"37,000",용산구,11,0,13,51.45,,,24-21,11170,7
10,,2005,,,2017,이안 용산1차(11-14),문배동,"35,500",용산구,11,0,14,61.06,,,11-14,11170,3
11,,2015,,,2017,용산KCC웰츠타워,문배동,"20,000",용산구,11,0,18,29.97,,,11-10,11170,5
12,,2013,,,2017,용산큐브,문배동,"5,000",용산구,11,45,18,17.46,,,24-4,11170,10
13,,2010,,,2017,리첸시아 용산B,문배동,"5,000",용산구,11,90,20,56.37,,,40-31,11170,3
14,,2017,,,2017,용산 리브,문배동,"27,500",용산구,11,0,25,36.06,,,10-3,11170,4
15,,2015,,,2017,용산KCC웰츠타워,문배동,"24,000",용산구,11,0,27,37.07,,,11-10,11170,4
16,,2012,,,2017,프라임펠리스,문배동,"2,000",용산구,11,55,29,18.55,,,24-8,11170,10
17,,2013,,,2017,용산큐브,문배동,"17,500",용산구,11,0,30,17.46,,,24-4,11170,3
18,,2005,,,2017,용산파크자이,한강로1가,"32,000",용산구,11,0,3,50.31,,,50-1,11170,5
19,,2005,,,2017,용산파크자이,한강로1가,"5,000",용산구,11,68,4,39.03,,,50-1,11170,5
20,,2005,,,2017,용산파크자이,한강로1가,"30,000",용산구,11,0,8,42.39,,,50-1,11170,29
21,,2005,,,2017,용산파크자이,한강로1가,"1,000",용산구,11,95,13,39.03,,,50-1,11170,25
22,,2005,,,2017,용산파크자이,한강로1가,"20,000",용산구,11,35,15,42.39,,,50-1,11170,17
23,,2005,,,2017,용산파크자이,한강로1가,"10,000",용산구,11,50,18,28.46,,,50-1,11170,11
24,,2005,,,2017,용산파크자이,한강로1가,"28,000",용산구,11,0,24,37.26,,,50-1,11170,18
25,,2005,,,2017,용산파크자이,한강로1가,"22,000",용산구,11,0,24,28.46,,,50-1,11170,4
26,,2005,,,2017,용산파크자이,한강로1가,"7,000",용산구,11,80,25,42.39,,,50-1,11170,5
27,,2005,,,2017,한강현대하이엘,한강로2가,"10,000",용산구,11,40,1,41.82,,,2-36,11170,11
28,,2004,,,2017,대우디오빌한강로오피스텔,한강로2가,"15,000",용산구,11,20,1,30.64,,,312-4,11170,3
29,,2005,,,2017,한강로벽산메가트리움,한강로2가,"20,000",용산구,11,0,2,30.11,,,2-8,11170,3
30,,2005,,,2017,한강로벽산메가트리움,한강로2가,"21,000",용산구,11,0,3,29.54,,,2-8,11170,12
31,,2017,,,2017,용산푸르지오써밋,한강로2가,"24,500",용산구,11,0,8,25.65,,,420,11170,31
32,,2017,,,2017,용산푸르지오써밋,한강로2가,"37,000",용산구,11,0,8,44.7,,,420,11170,18
33,,2017,,,2017,용산푸르지오써밋,한강로2가,"1,000",용산구,11,85,10,26.7,,,420,11170,19
34,,2005,,,2017,한강현대하이엘,한강로2가,"19,000",용산구,11,0,10,40.28,,,2-36,11170,12
35,,2005,,,2017,한강로벽산메가트리움,한강로2가,"20,000",용산구,11,0,11,29.54,,,2-8,11170,11
36,,2017,,,2017,용산푸르지오써밋,한강로2가,"3,000",용산구,11,78,11,29.85,,,420,11170,31
37,,2017,,,2017,용산푸르지오써밋,한강로2가,"36,000",용산구,11,0,11,44.7,,,420,11170,17
38,,2017,,,2017,용산푸르지오써밋,한강로2가,"35,000",용산구,11,0,14,46,,,420,11170,30
39,,2005,,,2017,한강로벽산메가트리움,한강로2가,"20,500",용산구,11,0,17,30.29,,,2-8,11170,11
40,,2017,,,2017,용산푸르지오써밋,한강로2가,"28,000",용산구,11,0,17,27.75,,,420,11170,32
41,,2017,,,2017,용산푸르지오써밋,한강로2가,500,용산구,11,95,17,27.64,,,420,11170,33
42,,2017,,,2017,용산푸르지오써밋,한강로2가,"1,000",용산구,11,80,17,27.64,,,420,11170,26
43,,2017,,,2017,용산푸르지오써밋,한강로2가,260,용산구,11,130,17,46.29,,,420,11170,17
44,,2005,,,2017,한강현대하이엘,한강로2가,"2,000",용산구,11,80,17,42.32,,,2-36,11170,5
45,,2017,,,2017,용산푸르지오써밋,한강로2가,"2,000",용산구,11,120,18,46.29,,,420,11170,23
46,,2017,,,2017,용산푸르지오써밋,한강로2가,"35,000",용산구,11,0,18,46.29,,,420,11170,25
47,,2004,,,2017,한강로 대우아이빌,한강로2가,"1,000",용산구,11,65,20,33.54,,,2-11,11170,4
48,,2012,,,2017,아스테리움 용산,한강로2가,"37,000",용산구,11,0,21,49.66,,,419,11170,18
49,,2017,,,2017,용산푸르지오써밋,한강로2가,"2,000",용산구,11,115,21,42.64,,,420,11170,29
50,,2017,,,2017,용산푸르지오써밋,한강로2가,"2,000",용산구,11,80,22,29.85,,,420,11170,19
51,,2017,,,2017,용산푸르지오써밋,한강로2가,"2,000",용산구,11,120,23,42.64,,,420,11170,34
52,,2005,,,2017,한강로벽산메가트리움,한강로2가,"1,000",용산구,11,70,23,29.54,,,2-8,11170,19
53,,2017,,,2017,용산푸르지오써밋,한강로2가,"1,000",용산구,11,85,24,26.7,,,420,11170,34
54,,2017,,,2017,용산푸르지오써밋,한강로2가,"1,000",용산구,11,80,24,25.65,,,420,11170,35
55,,2017,,,2017,용산푸르지오써밋,한강로2가,"35,000",용산구,11,0,27,44.7,,,420,11170,37
56,,2017,,,2017,용산푸르지오써밋,한강로2가,"34,000",용산구,11,0,29,44.7,,,420,11170,20
57,,2017,,,2017,용산푸르지오써밋,한강로2가,"20,000",용산구,11,65,29,42.64,,,420,11170,30
58,,2017,,,2017,용산푸르지오써밋,한강로2가,"2,000",용산구,11,90,30,27.75,,,420,11170,17
59,,2017,,,2017,용산푸르지오써밋,한강로2가,"35,000",용산구,11,0,30,46,,,420,11170,35
60,,2017,,,2017,용산푸르지오써밋,한강로2가,"20,000",용산구,11,45,30,35.47,,,420,11170,30
61,,1990,,,2017,(16-91),한강로3가,500,용산구,11,40,1,39.11,,,16-91,11170,5
62,,2004,,,2017,한강대우트럼프월드3,한강로3가,"9,000",용산구,11,45,7,25.59,,,65-230,11170,21
63,,2004,,,2017,언고오피스텔,한남동,"2,000",용산구,11,50,9,21.33,,,72-17,11170,5
64,,2003,,,2017,디에스오피스텔,한남동,"13,700",용산구,11,0,21,28.49,,,257-1,11170,4
0,,2004,,,2017,갈월동 에이트리움,갈월동,"19,000",용산구,12,0,20,34.11,,,101-49,11170,5
1,,2015,,,2017,트윈시티 남산,동자동,"1,000",용산구,12,100,1,27.42,,,56,11170,12
2,,2013,,,2017,센트레빌아스테리움서울,동자동,"40,000",용산구,12,0,15,78.13,,,45,11170,4
3,,2015,,,2017,트윈시티 남산,동자동,"1,000",용산구,12,100,15,27.42,,,56,11170,15
4,,2015,,,2017,트윈시티 남산,동자동,500,용산구,12,105,28,27.42,,,56,11170,24
5,,2007,,,2017,용산아크로타워,문배동,"35,000",용산구,12,0,1,38.37,,,24-21,11170,7
6,,2010,,,2017,리첸시아 용산B,문배동,"10,000",용산구,12,90,9,59.94,,,40-31,11170,3
7,,2007,,,2017,용산씨제이나인파크,문배동,"20,000",용산구,12,80,11,71.39,,,24-6,11170,12
8,,2013,,,2017,용산큐브,문배동,"3,000",용산구,12,60,13,17.46,,,24-4,11170,10
9,,2013,,,2017,용산큐브,문배동,"1,000",용산구,12,65,15,17.46,,,24-4,11170,13
10,,2013,,,2017,용산큐브,문배동,"17,500",용산구,12,0,15,17.46,,,24-4,11170,3
11,,2013,,,2017,용산큐브,문배동,"2,000",용산구,12,60,16,17.46,,,24-4,11170,5
12,,2005,,,2017,이안 용산1차(11-14),문배동,"40,000",용산구,12,0,16,73.56,,,11-14,11170,13
13,,2010,,,2017,리첸시아 용산B,문배동,"33,000",용산구,12,0,17,51.42,,,40-31,11170,2
14,,2010,,,2017,리첸시아 용산B,문배동,"33,000",용산구,12,0,17,51.42,,,40-31,11170,2
15,,2013,,,2017,용산큐브,문배동,"17,500",용산구,12,0,19,17.46,,,24-4,11170,7
16,,2017,,,2017,용산 리브,문배동,"12,000",용산구,12,60,19,45.92,,,10-3,11170,11
17,,2004,,,2017,지오베르크,문배동,"4,000",용산구,12,50,20,31.35,,,17-1,11170,3
18,,2004,,,2017,삼라마이다스빌,문배동,"16,500",용산구,12,0,20,28.23,,,40-19,11170,4
19,,2013,,,2017,용산큐브,문배동,"17,500",용산구,12,0,22,17.46,,,24-4,11170,11
20,,2013,,,2017,용산큐브,문배동,"16,000",용산구,12,0,22,17.46,,,24-4,11170,5
21,,2007,,,2017,용산씨제이나인파크,문배동,"22,000",용산구,12,60,23,68.41,,,24-6,11170,12
22,,2007,,,2017,이안용산프리미어,문배동,"40,000",용산구,12,0,27,66.7,,,3-3,11170,4
23,,2015,,,2017,용산KCC웰츠타워,문배동,"24,000",용산구,12,0,29,29.25,,,11-10,11170,3
24,,2015,,,2017,용산KCC웰츠타워,문배동,"27,000",용산구,12,0,29,38.48,,,11-10,11170,4
25,,2012,,,2017,프라임펠리스,문배동,"14,000",용산구,12,0,30,18.55,,,24-8,11170,12
26,,2007,,,2017,대우 월드마크 용산,한강로1가,"45,000",용산구,12,0,1,86.38,,,64,11170,29
27,,2005,,,2017,용산파크자이,한강로1가,"22,000",용산구,12,0,2,32.89,,,50-1,11170,8
28,,2005,,,2017,용산파크자이,한강로1가,"22,000",용산구,12,0,14,28.46,,,50-1,11170,4
29,,2005,,,2017,용산파크자이,한강로1가,"8,000",용산구,12,65,15,33.6,,,50-1,11170,22
30,,2005,,,2017,용산파크자이,한강로1가,"34,000",용산구,12,0,16,52.58,,,50-1,11170,6
31,,2005,,,2017,용산파크자이,한강로1가,"2,000",용산구,12,100,23,39.25,,,50-1,11170,26
32,,2005,,,2017,용산파크자이,한강로1가,"29,000",용산구,12,0,26,39.03,,,50-1,11170,29
33,,2005,,,2017,용산파크자이,한강로1가,"21,000",용산구,12,15,28,36.13,,,50-1,11170,4
34,,2005,,,2017,한강로벽산메가트리움,한강로2가,"19,000",용산구,12,0,2,30.35,,,2-8,11170,6
35,,2017,,,2017,용산푸르지오써밋,한강로2가,"20,000",용산구,12,60,2,44.7,,,420,11170,27
36,,2017,,,2017,용산푸르지오써밋,한강로2가,"25,500",용산구,12,0,4,27.75,,,420,11170,19
37,,2017,,,2017,용산푸르지오써밋,한강로2가,"32,500",용산구,12,0,11,35.47,,,420,11170,29
38,,2017,,,2017,용산푸르지오써밋,한강로2가,"15,000",용산구,12,55,11,40.81,,,420,11170,20
39,,2017,,,2017,용산푸르지오써밋,한강로2가,"2,000",용산구,12,80,12,26.7,,,420,11170,34
40,,2017,,,2017,용산푸르지오써밋,한강로2가,"26,000",용산구,12,0,12,26.7,,,420,11170,34
41,,2017,,,2017,용산푸르지오써밋,한강로2가,"2,000",용산구,12,100,13,29.74,,,420,11170,22
42,,2004,,,2017,한강로 대우아이빌,한강로2가,"19,000",용산구,12,0,14,37.85,,,2-11,11170,5
43,,2017,,,2017,용산푸르지오써밋,한강로2가,"27,000",용산구,12,0,15,27.75,,,420,11170,23
44,,2012,,,2017,위너스타워,한강로2가,"13,000",용산구,12,0,16,40.05,,,2-132,11170,12
45,,2004,,,2017,한강로 대우아이빌,한강로2가,"16,000",용산구,12,8,18,34.83,,,2-11,11170,2
46,,2005,,,2017,한강로벽산메가트리움,한강로2가,"1,000",용산구,12,70,19,30.11,,,2-8,11170,6
47,,2017,,,2017,용산푸르지오써밋,한강로2가,"36,000",용산구,12,0,21,42.64,,,420,11170,33
48,,2004,,,2017,한강로 대우아이빌,한강로2가,"20,000",용산구,12,0,21,34.83,,,2-11,11170,4
49,,2017,,,2017,용산푸르지오써밋,한강로2가,"26,000",용산구,12,0,21,26.7,,,420,11170,37
50,,2017,,,2017,용산푸르지오써밋,한강로2가,"2,000",용산구,12,85,23,25.65,,,420,11170,20
51,,2017,,,2017,용산푸르지오써밋,한강로2가,"1,000",용산구,12,110,26,35.47,,,420,11170,27
52,,2017,,,2017,용산푸르지오써밋,한강로2가,"2,000",용산구,12,80,26,27.75,,,420,11170,33
53,,2017,,,2017,용산푸르지오써밋,한강로2가,"10,000",용산구,12,55,26,27.75,,,420,11170,30
54,,2004,,,2017,한강로 대우아이빌,한강로2가,"18,000",용산구,12,0,27,33.54,,,2-11,11170,2
55,,2012,,,2017,아스테리움 용산,한강로2가,"3,000",용산구,12,140,29,49.66,,,419,11170,12
56,,2017,,,2017,용산푸르지오써밋,한강로2가,"2,000",용산구,12,110,29,40.81,,,420,11170,23
57,,2007,,,2017,용산 시티파크(63-387),한강로3가,"37,000",용산구,12,0,14,60.48,,,63-387,11170,4
58,,2004,,,2017,한강대우트럼프월드3,한강로3가,"25,000",용산구,12,0,15,39.7,,,65-230,11170,29
59,,2007,,,2017,용산 시티파크(63-387),한강로3가,"3,000",용산구,12,160,16,61.71,,,63-387,11170,4
60,,2006,,,2017,지에스 한강에클라스,한강로3가,"13,000",용산구,12,0,27,27.48,,,16-85,11170,11
61,,2006,,,2017,지에스 한강에클라스,한강로3가,"1,000",용산구,12,60,28,35.06,,,16-85,11170,6
62,,2004,,,2017,언고오피스텔,한남동,"1,000",용산구,12,60,11,21.33,,,72-17,11170,4
0,,2004,,,2018,그린빌파크,갈월동,"1,000",용산구,1,50,2,24.18,,,53-19,11170,4
1,,2004,,,2018,그린빌파크,갈월동,"1,000",용산구,1,48,5,23.01,,,53-19,11170,2
2,,2004,,18.02~19.02,2018,갈월동 에이트리움,갈월동,"1,000",용산구,1,90,13,40.98,,,101-49,11170,6
3,,2004,,,2018,갈월동 에이트리움,갈월동,"13,000",용산구,1,20,17,34.21,,,101-49,11170,16
4,,2004,,,2018,갈월동 에이트리움,갈월동,"19,000",용산구,1,0,26,31.1,,,101-49,11170,20
5,,2015,,,2018,트윈시티 남산,동자동,"1,000",용산구,1,85,11,21.71,,,56,11170,6
6,,2013,,,2018,센트레빌아스테리움서울,동자동,"32,000",용산구,1,0,15,47.39,,,45,11170,15
7,,2015,,,2018,트윈시티 남산,동자동,"1,000",용산구,1,100,18,27.42,,,56,11170,18
8,,2015,,,2018,트윈시티 남산,동자동,"1,000",용산구,1,100,22,27.42,,,56,11170,13
9,,2015,,,2018,트윈시티 남산,동자동,"1,000",용산구,1,115,22,29.95,,,56,11170,15
10,,2015,,,2018,트윈시티 남산,동자동,"1,000",용산구,1,85,25,21.51,,,56,11170,2
11,,2015,,,2018,트윈시티 남산,동자동,"1,000",용산구,1,100,30,28.33,,,56,11170,24
12,,2004,,,2018,서울역풍림아이원플러스,서계동,"19,000",용산구,1,0,8,28.11,,,219-17,11170,4
13,,2017,,,2018,용산1차휴먼타운,원효로1가,"28,000",용산구,1,0,3,33.61,,,120-20,11170,9
14,,2004,,,2018,디아뜨 센트럴,원효로1가,"14,000",용산구,1,0,10,25.5,,,112-4,11170,15
15,,2017,,,2018,용산1차휴먼타운,원효로1가,"28,000",용산구,1,0,13,33.61,,,120-20,11170,10
16,,2004,,,2018,디아뜨 센트럴,원효로1가,"5,000",용산구,1,28,15,25.5,,,112-4,11170,10
17,,2017,,,2018,용산1차휴먼타운,원효로1가,"28,000",용산구,1,0,20,29.97,,,120-20,11170,15
18,,2017,,,2018,용산1차휴먼타운,원효로1가,"28,000",용산구,1,0,20,29.97,,,120-20,11170,15
19,,2017,,,2018,용산1차휴먼타운,원효로1가,"28,000",용산구,1,0,26,29.97,,,120-20,11170,12
20,,2017,,,2018,용산1차휴먼타운,원효로1가,"28,000",용산구,1,0,27,33.61,,,120-20,11170,5
21,,2014,,,2018,아인하우스,원효로3가,"14,500",용산구,1,0,16,23.04,,,277-36,11170,4
22,,2012,,,2018,프라임펠리스,문배동,"14,500",용산구,1,0,1,18.55,,,24-8,11170,8
23,,2007,,,2018,용산씨제이나인파크,문배동,"27,000",용산구,1,0,2,42.5,,,24-6,11170,7
24,,2013,,,2018,용산큐브,문배동,"17,500",용산구,1,0,3,17.46,,,24-4,11170,3
25,,2007,,,2018,용산씨제이나인파크,문배동,"37,000",용산구,1,0,3,68.41,,,24-6,11170,4
26,,2013,,,2018,용산큐브,문배동,"16,000",용산구,1,0,8,17.46,,,24-4,11170,5
27,,2012,,,2018,프라임펠리스,문배동,"4,000",용산구,1,50,11,18.55,,,24-8,11170,5
28,,2007,,,2018,용산아크로타워,문배동,"5,000",용산구,1,62,13,28.72,,,24-21,11170,4
29,,2007,,,2018,용산아크로타워,문배동,"33,000",용산구,1,0,13,47.42,,,24-21,11170,8
30,,2004,,,2018,삼라마이다스빌,문배동,"1,000",용산구,1,60,16,25.11,,,40-19,11170,7
31,,2013,,,2018,용산큐브,문배동,"17,500",용산구,1,0,16,17.46,,,24-4,11170,7
32,,2013,,,2018,용산큐브,문배동,"16,500",용산구,1,0,16,17.46,,,24-4,11170,7
33,,2013,,,2018,용산큐브,문배동,"18,000",용산구,1,0,17,17.46,,,24-4,11170,13
34,,2013,,,2018,용산큐브,문배동,"17,500",용산구,1,0,18,17.46,,,24-4,11170,13
35,,2012,,,2018,프라임펠리스,문배동,"22,000",용산구,1,0,18,27.83,,,24-8,11170,8
36,,2007,,,2018,이안용산프리미어,문배동,"39,000",용산구,1,0,19,66.24,,,3-3,11170,2
37,,2012,,,2018,프라임펠리스,문배동,"16,000",용산구,1,20,20,27.83,,,24-8,11170,12
38,,2004,,,2018,삼라마이다스빌,문배동,"15,500",용산구,1,0,20,28.23,,,40-19,11170,2
39,,2012,,,2018,프라임펠리스,문배동,"1,500",용산구,1,57,24,18.77,,,24-8,11170,8
40,,2015,,,2018,용산KCC웰츠타워,문배동,"31,000",용산구,1,0,24,38.95,,,11-10,11170,7
41,,2013,,,2018,용산큐브,문배동,"17,850",용산구,1,0,26,17.46,,,24-4,11170,13
42,,2004,,,2018,삼라마이다스빌,문배동,"15,500",용산구,1,0,26,28.23,,,40-19,11170,2
43,,2005,,,2018,이안 용산1차,문배동,"2,000",용산구,1,70,27,30.04,,,7-6,11170,5
44,,2012,,,2018,프라임펠리스,문배동,"15,000",용산구,1,0,29,18.55,,,24-8,11170,5
45,,2007,,,2018,용산씨제이나인파크,문배동,"37,000",용산구,1,0,30,54.96,,,24-6,11170,10
46,,2007,,,2018,이안용산프리미어,문배동,"42,000",용산구,1,0,30,72.46,,,3-3,11170,2
47,,2005,,,2018,용산파크자이,한강로1가,"29,500",용산구,1,0,6,39.25,,,50-1,11170,7
48,,2005,,,2018,용산파크자이,한강로1가,"27,000",용산구,1,0,8,37.26,,,50-1,11170,12
49,,2005,,,2018,용산파크자이,한강로1가,"25,500",용산구,1,0,12,38.1,,,50-1,11170,32
50,,2005,,,2018,용산파크자이,한강로1가,"1,000",용산구,1,40,23,37.26,,,50-1,11170,33
51,,2005,,,2018,용산파크자이,한강로1가,"25,000",용산구,1,0,23,31.83,,,50-1,11170,19
52,,2005,,,2018,용산파크자이,한강로1가,"28,000",용산구,1,0,24,38.1,,,50-1,11170,15
53,,2005,,,2018,용산파크자이,한강로1가,"28,000",용산구,1,0,26,39.03,,,50-1,11170,16
54,,2005,,,2018,용산파크자이,한강로1가,"21,000",용산구,1,0,27,28.46,,,50-1,11170,7
55,,2007,,,2018,대우 월드마크 용산,한강로1가,"30,000",용산구,1,120,29,104.29,,,64,11170,30
56,,2005,,,2018,용산파크자이,한강로1가,"17,000",용산구,1,50,30,52.84,,,50-1,11170,4
57,,2017,,,2018,용산푸르지오써밋,한강로2가,"28,500",용산구,1,0,2,27.75,,,420,11170,30
58,,2017,,,2018,용산푸르지오써밋,한강로2가,"24,000",용산구,1,0,2,26.7,,,420,11170,34
59,,2017,,,2018,용산푸르지오써밋,한강로2가,"2,000",용산구,1,80,2,26.7,,,420,11170,37
60,,2005,,,2018,한강로벽산메가트리움,한강로2가,"20,500",용산구,1,0,3,29.54,,,2-8,11170,14
61,,2017,,,2018,용산푸르지오써밋,한강로2가,"24,000",용산구,1,0,4,26.7,,,420,11170,37
62,,2012,,,2018,아스테리움 용산,한강로2가,"38,000",용산구,1,0,4,49.85,,,419,11170,18
63,,2004,,,2018,대우디오빌한강로오피스텔,한강로2가,"21,000",용산구,1,0,6,33.95,,,312-4,11170,15
64,,2005,,,2018,한강현대하이엘,한강로2가,"3,000",용산구,1,60,6,30.03,,,2-36,11170,7
65,,2017,,,2018,용산푸르지오써밋,한강로2가,"40,000",용산구,1,0,8,44.7,,,420,11170,36
66,,2017,,,2018,용산푸르지오써밋,한강로2가,"1,000",용산구,1,110,8,29.85,,,420,11170,26
67,,2017,,,2018,용산푸르지오써밋,한강로2가,"37,000",용산구,1,0,9,40.81,,,420,11170,21
68,,2017,,,2018,용산푸르지오써밋,한강로2가,500,용산구,1,100,10,25.65,,,420,11170,24
69,,2004,,,2018,대우디오빌한강로오피스텔,한강로2가,"5,000",용산구,1,50,13,29.66,,,312-4,11170,17
70,,2005,,,2018,한강현대하이엘,한강로2가,"18,000",용산구,1,0,13,30.03,,,2-36,11170,11
71,,2005,,,2018,한강로벽산메가트리움,한강로2가,"22,000",용산구,1,0,13,29.54,,,2-8,11170,20
72,,2004,,,2018,대우디오빌한강로오피스텔,한강로2가,"8,000",용산구,1,65,14,33.95,,,312-4,11170,3
73,,2017,,,2018,용산푸르지오써밋,한강로2가,"2,000",용산구,1,120,14,46,,,420,11170,18
74,,2017,,,2018,용산푸르지오써밋,한강로2가,"31,500",용산구,1,0,15,29.85,,,420,11170,33
75,,2005,,,2018,한강로벽산메가트리움,한강로2가,"1,000",용산구,1,70,16,30.35,,,2-8,11170,13
76,,2017,,,2018,용산푸르지오써밋,한강로2가,"2,000",용산구,1,100,18,29.85,,,420,11170,18
77,,2017,,,2018,용산푸르지오써밋,한강로2가,"36,500",용산구,1,0,19,44.7,,,420,11170,20
78,,2017,,,2018,용산푸르지오써밋,한강로2가,"2,000",용산구,1,85,19,24.6,,,420,11170,35
79,,2017,,,2018,용산푸르지오써밋,한강로2가,"3,000",용산구,1,140,20,48.43,,,420,11170,25
80,,2017,,,2018,용산푸르지오써밋,한강로2가,"42,000",용산구,1,0,20,48.72,,,420,11170,26
81,,2005,,,2018,한강로벽산메가트리움,한강로2가,"20,000",용산구,1,0,20,33.02,,,2-8,11170,3
82,,2017,,,2018,용산푸르지오써밋,한강로2가,"1,500",용산구,1,100,22,26.7,,,420,11170,29
83,,2005,,,2018,한강로벽산메가트리움,한강로2가,"21,500",용산구,1,0,24,29.89,,,2-8,11170,26
84,,2017,,,2018,용산푸르지오써밋,한강로2가,"30,000",용산구,1,0,25,29.85,,,420,11170,20
85,,2017,,,2018,용산푸르지오써밋,한강로2가,"43,000",용산구,1,0,25,46,,,420,11170,37
86,,2004,,,2018,한강로 대우아이빌,한강로2가,"1,000",용산구,1,80,27,37.85,,,2-11,11170,3
87,,2017,,,2018,용산푸르지오써밋,한강로2가,"5,000",용산구,1,80,29,27.75,,,420,11170,25
88,,2017,,,2018,용산푸르지오써밋,한강로2가,"37,000",용산구,1,0,31,46.29,,,420,11170,29
89,,2007,,,2018,용산 시티파크(63-387),한강로3가,"39,000",용산구,1,0,24,51.81,,,63-387,11170,2
90,,2007,,,2018,용산 시티파크(63-387),한강로3가,"2,000",용산구,1,100,25,36.01,,,63-387,11170,2
91,,2007,,,2018,용산 시티파크(63-387),한강로3가,"2,000",용산구,1,90,25,36.01,,,63-387,11170,2
0,,2004,,,2018,그린빌파크,갈월동,"1,000",용산구,2,50,14,23.01,,,53-19,11170,4
1,,2015,,,2018,트윈시티 남산,동자동,"1,000",용산구,2,115,9,29.95,,,56,11170,9
2,,2004,,,2018,디아뜨 센트럴,원효로1가,"15,000",용산구,2,0,2,25.19,,,112-4,11170,15
3,,2017,,,2018,용산1차휴먼타운,원효로1가,"2,000",용산구,2,100,3,33.61,,,120-20,11170,8
4,,2017,,,2018,용산1차휴먼타운,원효로1가,"1,000",용산구,2,120,3,33.61,,,120-20,11170,5
5,,2017,,,2018,용산1차휴먼타운,원효로1가,"28,000",용산구,2,0,3,33.61,,,120-20,11170,5
6,,2017,,,2018,용산1차휴먼타운,원효로1가,"1,000",용산구,2,110,9,33.61,,,120-20,11170,11
7,,2017,,,2018,용산1차휴먼타운,원효로1가,"26,000",용산구,2,0,12,33.61,,,120-20,11170,5
8,,2017,,,2018,용산1차휴먼타운,원효로1가,"27,000",용산구,2,0,21,33.61,,,120-20,11170,8
9,,2017,,,2018,용산1차휴먼타운,원효로1가,"27,000",용산구,2,0,26,33.61,,,120-20,11170,6
10,,2017,,,2018,용산1차휴먼타운,원효로1가,"27,000",용산구,2,0,27,33.61,,,120-20,11170,7
11,,2014,,,2018,아인하우스,원효로3가,"14,500",용산구,2,0,11,23.04,,,277-36,11170,6
12,,2004,,,2018,용문 하이오피스텔,용문동,"2,000",용산구,2,50,9,28.95,,,10-4,11170,6
13,,2004,,,2018,용문 하이오피스텔,용문동,"1,000",용산구,2,55,21,28.95,,,10-4,11170,8
14,,2012,,,2018,프라임펠리스,문배동,"15,000",용산구,2,0,3,18.55,,,24-8,11170,10
15,,2007,,,2018,용산씨제이나인파크,문배동,"2,000",용산구,2,120,3,44.43,,,24-6,11170,12
16,,2013,,,2018,용산큐브,문배동,"17,500",용산구,2,0,3,17.46,,,24-4,11170,4
17,,2012,,,2018,프라임펠리스,문배동,"14,500",용산구,2,0,3,18.77,,,24-8,11170,11
18,,2004,,,2018,지오베르크,문배동,"20,000",용산구,2,0,6,31.35,,,17-1,11170,2
19,,2013,,,2018,용산큐브,문배동,"18,000",용산구,2,0,7,17.46,,,24-4,11170,11
20,,2013,,,2018,용산큐브,문배동,"5,000",용산구,2,50,8,17.46,,,24-4,11170,6
21,,2010,,,2018,리첸시아 용산B,문배동,"20,000",용산구,2,50,9,59.2,,,40-31,11170,3
22,,2007,,,2018,용산씨제이나인파크,문배동,"31,000",용산구,2,0,9,44.43,,,24-6,11170,9
23,,2015,,,2018,용산KCC웰츠타워,문배동,"1,000",용산구,2,80,10,29.97,,,11-10,11170,4
24,,2013,,,2018,용산큐브,문배동,"17,000",용산구,2,0,10,17.46,,,24-4,11170,12
25,,2015,,,2018,용산KCC웰츠타워,문배동,"15,000",용산구,2,30,14,30,,,11-10,11170,5
26,,2012,,,2018,프라임펠리스,문배동,"15,000",용산구,2,0,19,18.55,,,24-8,11170,8
27,,2013,,,2018,용산큐브,문배동,"1,000",용산구,2,70,20,17.46,,,24-4,11170,3
28,,2015,,,2018,용산KCC웰츠타워,문배동,"24,500",용산구,2,0,22,28.14,,,11-10,11170,6
29,,2015,,,2018,용산KCC웰츠타워,문배동,"22,470",용산구,2,0,23,29.69,,,11-10,11170,4
30,,2007,,,2018,용산씨제이나인파크,문배동,"30,000",용산구,2,0,24,42.5,,,24-6,11170,6
31,,2007,,,2018,용산아크로타워,문배동,"4,000",용산구,2,100,24,38.37,,,24-21,11170,4
32,,2013,,,2018,용산큐브,문배동,"17,500",용산구,2,0,26,17.46,,,24-4,11170,10
33,,2007,,,2018,용산아크로타워,문배동,"32,000",용산구,2,0,27,48.28,,,24-21,11170,3
34,,2015,,,2018,용산KCC웰츠타워,문배동,"12,000",용산구,2,50,27,29.32,,,11-10,11170,4
35,,2017,,,2018,용산 리브,문배동,"2,000",용산구,2,80,28,42.25,,,10-3,11170,6
36,,2005,,,2018,용산파크자이,한강로1가,"28,000",용산구,2,0,6,37.26,,,50-1,11170,25
37,,2005,,,2018,용산파크자이,한강로1가,"29,000",용산구,2,0,7,39.03,,,50-1,11170,22
38,,2005,,,2018,용산파크자이,한강로1가,"10,000",용산구,2,75,8,39.25,,,50-1,11170,29
39,,2005,,,2018,용산파크자이,한강로1가,"27,000",용산구,2,0,12,37.26,,,50-1,11170,4
40,,2005,,,2018,용산파크자이,한강로1가,"23,000",용산구,2,0,12,28.46,,,50-1,11170,10
41,,2005,,,2018,용산파크자이,한강로1가,"2,800",용산구,2,0,24,37.26,,,50-1,11170,8
42,,2005,,,2018,용산파크자이,한강로1가,"26,000",용산구,2,0,25,33.6,,,50-1,11170,33
43,,2005,,,2018,용산파크자이,한강로1가,"22,000",용산구,2,0,26,28.46,,,50-1,11170,11
44,,2005,,,2018,한강로벽산메가트리움,한강로2가,"2,000",용산구,2,68,1,30.29,,,2-8,11170,22
45,,2017,,,2018,용산푸르지오써밋,한강로2가,"1,000",용산구,2,95,2,29.74,,,420,11170,25
46,,2005,,,2018,한강로벽산메가트리움,한강로2가,"16,000",용산구,2,0,2,29.89,,,2-8,11170,14
47,,2017,,,2018,용산푸르지오써밋,한강로2가,"1,000",용산구,2,80,3,26.7,,,420,11170,20
48,,2004,,,2018,대우디오빌한강로오피스텔,한강로2가,"4,000",용산구,2,50,3,30.64,,,312-4,11170,13
49,,2005,,,2018,한강로벽산메가트리움,한강로2가,"21,500",용산구,2,0,5,29.89,,,2-8,11170,26
50,,2004,,,2018,대우디오빌한강로오피스텔,한강로2가,"13,000",용산구,2,20,5,23.85,,,312-4,11170,17
51,,2017,,,2018,용산푸르지오써밋,한강로2가,"2,000",용산구,2,75,6,26.7,,,420,11170,32
52,,2005,,,2018,한강로벽산메가트리움,한강로2가,"1,000",용산구,2,78,6,32.15,,,2-8,11170,10
53,,2005,,,2018,한강로벽산메가트리움,한강로2가,"21,500",용산구,2,0,10,29.54,,,2-8,11170,10
54,,2005,,,2018,한강로벽산메가트리움,한강로2가,"21,000",용산구,2,0,14,30.29,,,2-8,11170,13
55,,2017,,,2018,용산푸르지오써밋,한강로2가,"2,000",용산구,2,120,23,29.85,,,420,11170,25
56,,2017,,,2018,용산푸르지오써밋,한강로2가,"1,000",용산구,2,74,28,24.6,,,420,11170,31
57,,2004,,,2018,한강대우트럼프월드3,한강로3가,"34,000",용산구,2,0,3,49.66,,,65-230,11170,16
58,,2007,,,2018,용산 시티파크(63-387),한강로3가,"50,000",용산구,2,30,9,84.85,,,63-387,11170,3
59,,2004,,,2018,한강대우트럼프월드3,한강로3가,"25,000",용산구,2,0,24,39.7,,,65-230,11170,29
60,,2003,,,2018,디에스오피스텔,한남동,"20,000",용산구,2,0,26,37.23,,,257-1,11170,3
61,,2003,,,2018,디에스오피스텔,한남동,"10,000",용산구,2,10,26,28.49,,,257-1,11170,6
0,,2004,,,2018,갈월동 에이트리움,갈월동,"22,000",용산구,3,0,1,40.98,,,101-49,11170,18
1,,2004,,,2018,그린빌파크,갈월동,"1,000",용산구,3,48,5,23.01,,,53-19,11170,4
2,,2004,,,2018,그린빌파크,갈월동,"1,000",용산구,3,50,26,23.01,,,53-19,11170,5
3,,2015,,,2018,트윈시티 남산,동자동,"4,000",용산구,3,65,13,21.51,,,56,11170,6
4,,2015,,,2018,트윈시티 남산,동자동,"1,000",용산구,3,95,23,25.43,,,56,11170,18
5,,2015,,,2018,트윈시티 남산,동자동,"1,000",용산구,3,85,23,21.71,,,56,11170,8
6,,2017,,,2018,용산1차휴먼타운,원효로1가,"26,500",용산구,3,0,2,29.97,,,120-20,11170,16
7,,2017,,,2018,용산1차휴먼타운,원효로1가,"27,500",용산구,3,0,3,33.61,,,120-20,11170,6
8,,2017,,,2018,용산1차휴먼타운,원효로1가,"25,000",용산구,3,0,14,29.97,,,120-20,11170,14
9,,2017,,,2018,용산1차휴먼타운,원효로1가,"27,000",용산구,3,0,14,29.97,,,120-20,11170,15
10,,2014,,,2018,아인하우스,원효로3가,"16,000",용산구,3,0,25,26.88,,,277-36,11170,5
11,,2003,,,2018,e테크밸리,원효로3가,"11,000",용산구,3,0,29,38.12,,,51-37,11170,6
12,,2007,,,2018,이안용산프리미어,문배동,"40,000",용산구,3,0,1,72.99,,,3-3,11170,3
13,,2007,,,2018,이안용산프리미어,문배동,"7,000",용산구,3,80,1,47.51,,,3-3,11170,3
14,,2015,,,2018,용산KCC웰츠타워,문배동,"25,000",용산구,3,0,3,29.11,,,11-10,11170,8
15,,2007,,,2018,용산아크로타워,문배동,"31,100",용산구,3,0,3,46.29,,,24-21,11170,3
16,,2015,,,2018,용산KCC웰츠타워,문배동,"1,000",용산구,3,90,6,29.97,,,11-10,11170,6
17,,2015,,,2018,용산KCC웰츠타워,문배동,"21,500",용산구,3,0,7,31.37,,,11-10,11170,8
18,,2013,,,2018,용산큐브,문배동,"17,500",용산구,3,0,9,17.46,,,24-4,11170,8
19,,2007,,,2018,이안용산프리미어,문배동,"39,000",용산구,3,0,10,72.99,,,3-3,11170,7
20,,2005,,,2018,이안 용산1차(11-14),문배동,"36,000",용산구,3,0,10,61.06,,,11-14,11170,11
21,,2007,,,2018,용산아크로타워,문배동,"37,000",용산구,3,0,12,51.45,,,24-21,11170,7
22,,2007,,,2018,용산아크로타워,문배동,"32,000",용산구,3,0,14,48.28,,,24-21,11170,3
23,,2015,,,2018,용산KCC웰츠타워,문배동,"21,000",용산구,3,0,14,30.14,,,11-10,11170,6
24,,2004,,,2018,지오베르크,문배동,"27,000",용산구,3,0,15,47.08,,,17-1,11170,3
25,,2013,,,2018,용산큐브,문배동,"17,500",용산구,3,0,15,17.46,,,24-4,11170,4
26,,2013,,,2018,용산큐브,문배동,"18,000",용산구,3,0,17,17.46,,,24-4,11170,3
27,,2013,,,2018,용산큐브,문배동,"16,500",용산구,3,0,20,17.46,,,24-4,11170,5
28,,2015,,,2018,용산KCC웰츠타워,문배동,"28,600",용산구,3,0,20,38.95,,,11-10,11170,4
29,,2015,,,2018,용산KCC웰츠타워,문배동,"15,000",용산구,3,40,23,37.24,,,11-10,11170,5
30,,2012,,,2018,프라임펠리스,문배동,"15,000",용산구,3,0,24,18.55,,,24-8,11170,10
31,,2012,,,2018,프라임펠리스,문배동,"14,000",용산구,3,0,24,18.55,,,24-8,11170,4
32,,2015,,,2018,용산KCC웰츠타워,문배동,"40,000",용산구,3,0,24,59.57,,,11-10,11170,4
33,,2012,,,2018,프라임펠리스,문배동,"14,500",용산구,3,0,24,18.55,,,24-8,11170,11
34,,2007,,,2018,용산아크로타워,문배동,"4,000",용산구,3,70,24,35.6,,,24-21,11170,9
35,,2015,,,2018,용산KCC웰츠타워,문배동,"20,000",용산구,3,45,25,38.19,,,11-10,11170,8
36,,2015,,,2018,용산KCC웰츠타워,문배동,"30,000",용산구,3,0,27,37.24,,,11-10,11170,7
37,,2013,,,2018,용산큐브,문배동,"17,500",용산구,3,0,30,17.46,,,24-4,11170,10
38,,2015,,,2018,용산KCC웰츠타워,문배동,"22,000",용산구,3,0,31,27.55,,,11-10,11170,3
39,,2017,,,2018,용산 리브,문배동,"10,000",용산구,3,65,31,42.25,,,10-3,11170,10
40,,2015,,,2018,용산KCC웰츠타워,문배동,"25,000",용산구,3,0,31,38.13,,,11-10,11170,7
41,,2013,,,2018,용산큐브,문배동,"1,000",용산구,3,67,31,17.46,,,24-4,11170,6
42,,2005,,,2018,용산파크자이,한강로1가,"1,000",용산구,3,105,1,38.1,,,50-1,11170,29
43,,2005,,,2018,용산파크자이,한강로1가,"2,000",용산구,3,95,2,38.1,,,50-1,11170,32
44,,2005,,,2018,용산파크자이,한강로1가,"20,000",용산구,3,50,3,52.55,,,50-1,11170,12
45,,2005,,,2018,용산파크자이,한강로1가,"10,000",용산구,3,55,9,37.26,,,50-1,11170,2
46,,2005,,,2018,용산파크자이,한강로1가,"25,000",용산구,3,0,14,32.1,,,50-1,11170,26
47,,2005,,,2018,용산파크자이,한강로1가,"32,000",용산구,3,0,16,50.31,,,50-1,11170,10
48,,2005,,,2018,용산파크자이,한강로1가,"30,000",용산구,3,0,17,42.39,,,50-1,11170,17
49,,2005,,,2018,용산파크자이,한강로1가,"1,000",용산구,3,75,22,28.46,,,50-1,11170,9
50,,2005,,,2018,용산파크자이,한강로1가,"10,000",용산구,3,55,24,31.83,,,50-1,11170,32
51,,2005,,,2018,한강현대하이엘,한강로2가,"11,000",용산구,3,50,2,41.82,,,2-36,11170,7
52,,2004,,,2018,대우디오빌한강로오피스텔,한강로2가,"20,000",용산구,3,0,3,32.85,,,312-4,11170,14
53,,2005,,,2018,한강로벽산메가트리움,한강로2가,"12,000",용산구,3,40,14,30.29,,,2-8,11170,21
54,,2012,,,2018,아스테리움 용산,한강로2가,"40,000",용산구,3,0,22,49.66,,,419,11170,15
55,,2004,,,2018,한강대우트럼프월드3,한강로3가,"55,000",용산구,3,0,5,105.4,,,65-230,11170,30
56,,2004,,,2018,한강대우트럼프월드3,한강로3가,"1,000",용산구,3,70,10,25.59,,,65-230,11170,9
57,,2003,,,2018,디에스오피스텔,한남동,"3,000",용산구,3,50,24,23.46,,,257-1,11170,3
0,,2004,,,2018,갈월동 에이트리움,갈월동,"19,000",용산구,4,0,3,30.97,,,101-49,11170,5
1,,2004,,,2018,갈월동 에이트리움,갈월동,"18,000",용산구,4,0,7,33.77,,,101-49,11170,19
2,,2004,,,2018,갈월동 에이트리움,갈월동,"19,800",용산구,4,0,12,31.1,,,101-49,11170,17
3,,2004,,,2018,갈월동 에이트리움,갈월동,"18,900",용산구,4,0,12,31.1,,,101-49,11170,17
4,,2004,,,2018,갈월동 에이트리움,갈월동,"19,000",용산구,4,0,20,34.11,,,101-49,11170,11
5,,2004,,,2018,갈월동 에이트리움,갈월동,"9,000",용산구,4,0,29,33.77,,,101-49,11170,21
6,,2015,,,2018,트윈시티 남산,동자동,"1,000",용산구,4,85,6,21.71,,,56,11170,15
7,,2013,,,2018,센트레빌아스테리움서울,동자동,"55,000",용산구,4,0,6,99.36,,,45,11170,16
8,,2015,,,2018,트윈시티 남산,동자동,500,용산구,4,105,9,27.42,,,56,11170,6
9,,2015,,,2018,트윈시티 남산,동자동,"1,000",용산구,4,100,27,27.42,,,56,11170,18
10,,2004,,,2018,서울역풍림아이원플러스,서계동,"1,000",용산구,4,40,23,27.95,,,219-17,11170,5
11,,2018,,,2018,용산파크뷰,원효로1가,"16,000",용산구,4,0,7,19.46,,,46-3,11170,2
12,,2018,,,2018,용산파크뷰,원효로1가,"16,500",용산구,4,0,7,19.46,,,46-3,11170,5
13,,2018,,,2018,용산파크뷰,원효로1가,"2,000",용산구,4,100,11,42.95,,,46-3,11170,7
14,,2018,,,2018,용산파크뷰,원효로1가,"27,000",용산구,4,0,13,42.95,,,46-3,11170,3
15,,2018,,,2018,용산파크뷰,원효로1가,"16,500",용산구,4,0,14,19.46,,,46-3,11170,4
16,,2018,,,2018,용산파크뷰,원효로1가,"27,500",용산구,4,0,16,42.95,,,46-3,11170,6
17,,2018,,,2018,용산파크뷰,원효로1가,"16,500",용산구,4,0,18,19.46,,,46-3,11170,7
18,,2017,,,2018,용산1차휴먼타운,원효로1가,"26,500",용산구,4,0,21,33.61,,,120-20,11170,9
19,,2017,,,2018,용산1차휴먼타운,원효로1가,"2,000",용산구,4,95,27,29.97,,,120-20,11170,16
20,,2003,,,2018,e테크밸리,원효로3가,"15,000",용산구,4,0,20,38.12,,,51-37,11170,14
21,,2014,,,2018,아인하우스,원효로3가,"15,000",용산구,4,0,23,24.48,,,277-36,11170,6
22,,2015,,,2018,용산KCC웰츠타워,문배동,"18,000",용산구,4,0,3,23.44,,,11-10,11170,7
23,,2015,,,2018,용산KCC웰츠타워,문배동,"27,300",용산구,4,0,3,41.94,,,11-10,11170,8
24,,2007,,,2018,용산아크로타워,문배동,"32,500",용산구,4,0,6,46.29,,,24-21,11170,9
25,,2015,,,2018,용산KCC웰츠타워,문배동,"12,450",용산구,4,40,11,29.9,,,11-10,11170,8
26,,2004,,,2018,지오베르크,문배동,"10,000",용산구,4,65,11,51.92,,,17-1,11170,3
27,,2015,,,2018,용산KCC웰츠타워,문배동,"13,000",용산구,4,40,11,29.9,,,11-10,11170,8
28,,2005,,,2018,이안 용산1차(11-14),문배동,"3,000",용산구,4,130,11,63.2,,,11-14,11170,9
29,,2007,,,2018,용산아크로타워,문배동,"27,000",용산구,4,0,11,38.37,,,24-21,11170,7
30,,2015,,,2018,용산KCC웰츠타워,문배동,"5,000",용산구,4,50,12,29.69,,,11-10,11170,4
31,,2005,,,2018,이안 용산1차(11-29),문배동,"5,000",용산구,4,65,14,39.2,,,11-29,11170,9
32,,2007,,,2018,용산씨제이나인파크,문배동,"4,500",용산구,4,130,15,68.41,,,24-6,11170,10
33,,2005,,,2018,이안 용산1차(11-14),문배동,"36,500",용산구,4,0,16,63.2,,,11-14,11170,11
34,,2012,,,2018,프라임펠리스,문배동,"1,000",용산구,4,58,16,18.55,,,24-8,11170,12
35,,2010,,,2018,리첸시아 용산B,문배동,"15,000",용산구,4,50,16,40.23,,,40-31,11170,3
36,,2017,,,2018,용산 리브,문배동,"2,000",용산구,4,100,18,42.25,,,10-3,11170,4
37,,2012,,,2018,프라임펠리스,문배동,"22,000",용산구,4,0,20,27.83,,,24-8,11170,12
38,,2007,,,2018,이안용산프리미어,문배동,"43,000",용산구,4,0,23,84.51,,,3-3,11170,6
39,,2015,,,2018,용산KCC웰츠타워,문배동,"1,000",용산구,4,107,24,38.1,,,11-10,11170,5
40,,2007,,,2018,용산아크로타워,문배동,"38,000",용산구,4,0,27,51.45,,,24-21,11170,6
41,,2015,,,2018,용산KCC웰츠타워,문배동,"18,000",용산구,4,35,27,35.79,,,11-10,11170,4
42,,2015,,,2018,용산KCC웰츠타워,문배동,500,용산구,4,82,30,33,,,11-10,11170,4
43,,2007,,,2018,용산아크로타워,문배동,"33,000",용산구,4,0,30,46.29,,,24-21,11170,5
44,,2005,,,2018,용산파크자이,한강로1가,"6,000",용산구,4,80,7,37.26,,,50-1,11170,11
45,,2005,,,2018,용산파크자이,한강로1가,"5,000",용산구,4,70,21,32.1,,,50-1,11170,30
46,,2005,,,2018,용산파크자이,한강로1가,"29,000",용산구,4,0,21,39.03,,,50-1,11170,17
47,,2005,,,2018,용산파크자이,한강로1가,"1,000",용산구,4,75,26,28.46,,,50-1,11170,9
48,,2012,,,2018,아스테리움 용산,한강로2가,"52,000",용산구,4,0,1,49.98,,,419,11170,22
49,,2004,,,2018,한강로 대우아이빌,한강로2가,"17,000",용산구,4,0,3,34.83,,,2-11,11170,3
50,,2012,,,2018,아스테리움 용산,한강로2가,"40,000",용산구,4,0,4,49.66,,,419,11170,18
51,,2005,,,2018,한강현대하이엘,한강로2가,"18,000",용산구,4,0,9,30.03,,,2-36,11170,10
52,,2004,,,2018,대우디오빌한강로오피스텔,한강로2가,"20,000",용산구,4,0,13,32.19,,,312-4,11170,15
53,,2004,,,2018,대우디오빌한강로오피스텔,한강로2가,"20,000",용산구,4,0,13,32.19,,,312-4,11170,15
54,,2005,,,2018,한강현대하이엘,한강로2가,"1,000",용산구,4,75,26,30.03,,,2-36,11170,3
55,,2005,,,2018,한강로벽산메가트리움,한강로2가,"5,000",용산구,4,60,30,30.29,,,2-8,11170,9
56,,2009,,,2018,파크타워,용산동5가,"70,000",용산구,4,0,27,123.34,,,24,11170,8
57,,2004,,,2018,한강대우트럼프월드3,한강로3가,"17,000",용산구,4,0,14,25.59,,,65-230,11170,5
58,,2004,,,2018,한강대우트럼프월드3,한강로3가,"21,500",용산구,4,0,18,30.91,,,65-230,11170,16
59,,2004,,,2018,한강대우트럼프월드3,한강로3가,"18,000",용산구,4,0,23,25.52,,,65-230,11170,26
60,,2007,,,2018,용산 시티파크(63-387),한강로3가,"3,000",용산구,4,130,28,43.77,,,63-387,11170,2
61,,2004,,,2018,한강대우트럼프월드3,한강로3가,"21,000",용산구,4,0,28,30.91,,,65-230,11170,5
0,,1990,,,2018,(339-4),후암동,"1,000",용산구,5,50,19,34.38,,,339-4,11170,5
1,,2004,,,2018,갈월동 에이트리움,갈월동,"18,000",용산구,5,0,1,33.77,,,101-49,11170,19
2,,2015,,,2018,트윈시티 남산,동자동,"1,000",용산구,5,115,4,29.61,,,56,11170,11
3,,2018,,,2018,용산파크뷰,원효로1가,"27,500",용산구,5,0,1,42.95,,,46-3,11170,4
4,,2004,,,2018,디아뜨 센트럴,원효로1가,"9,000",용산구,5,20,2,25.19,,,112-4,11170,13
5,,2017,,,2018,용산1차휴먼타운,원효로1가,"27,000",용산구,5,0,8,33.61,,,120-20,11170,11
6,,2014,,,2018,아인하우스,원효로3가,"14,500",용산구,5,0,4,24.48,,,277-36,11170,4
7,,2007,,,2018,이안용산프리미어,문배동,"3,000",용산구,5,60,1,24.78,,,3-3,11170,2
8,,2010,,,2018,리첸시아 용산B,문배동,"34,000",용산구,5,0,2,51.42,,,40-31,11170,3
9,,2004,,,2018,삼라마이다스빌,문배동,"22,500",용산구,5,0,4,38.63,,,40-19,11170,6
10,,2007,,,2018,이안용산프리미어,문배동,"40,000",용산구,5,0,5,64.41,,,3-3,11170,2
11,,2007,,,2018,용산씨제이나인파크,문배동,"43,000",용산구,5,0,8,71.39,,,24-6,11170,5
12,,2015,,,2018,용산KCC웰츠타워,문배동,"28,800",용산구,5,0,8,38.46,,,11-10,11170,6
13,,2007,,,2018,이안용산프리미어,문배동,"39,000",용산구,5,0,9,72.46,,,3-3,11170,7
14,,2007,,,2018,이안용산프리미어,문배동,"8,000",용산구,5,150,9,72.46,,,3-3,11170,4
15,,2005,,,2018,이안 용산1차(11-29),문배동,"19,500",용산구,5,0,12,30.04,,,11-29,11170,13
16,,2017,,,2018,용산 리브,문배동,"17,000",용산구,5,40,12,45.92,,,10-3,11170,4
17,,2004,,,2018,삼라마이다스빌,문배동,"1,000",용산구,5,65,14,28.23,,,40-19,11170,6
18,,2015,,,2018,용산KCC웰츠타워,문배동,"1,000",용산구,5,90,14,34.06,,,11-10,11170,7
19,,2007,,,2018,이안용산프리미어,문배동,"42,000",용산구,5,0,15,73.86,,,3-3,11170,2
20,,2015,,,2018,용산KCC웰츠타워,문배동,"24,000",용산구,5,0,15,34.06,,,11-10,11170,3
21,,2015,,,2018,용산KCC웰츠타워,문배동,"30,000",용산구,5,0,15,38.95,,,11-10,11170,6
22,,2007,,,2018,용산아크로타워,문배동,"34,000",용산구,5,0,19,48.28,,,24-21,11170,4
23,,2007,,,2018,용산씨제이나인파크,문배동,"30,000",용산구,5,0,21,42.5,,,24-6,11170,6
24,,2005,,,2018,이안 용산1차,문배동,"24,000",용산구,5,0,22,35.6,,,7-6,11170,10
25,,2007,,,2018,용산아크로타워,문배동,"22,000",용산구,5,55,23,48.28,,,24-21,11170,5
26,,2007,,,2018,이안용산프리미어,문배동,"44,000",용산구,5,0,25,87.29,,,3-3,11170,5
27,,2004,,,2018,지오베르크,문배동,"29,000",용산구,5,0,25,51.92,,,17-1,11170,3
28,,2015,,,2018,용산KCC웰츠타워,문배동,"39,000",용산구,5,0,26,58.55,,,11-10,11170,7
29,,2015,,,2018,용산KCC웰츠타워,문배동,"1,000",용산구,5,72,28,24.06,,,11-10,11170,4
30,,2015,,,2018,용산KCC웰츠타워,문배동,"23,000",용산구,5,0,29,29.69,,,11-10,11170,6
31,,2015,,,2018,용산KCC웰츠타워,문배동,"26,000",용산구,5,0,30,33.1,,,11-10,11170,5
32,,2005,,,2018,용산파크자이,한강로1가,"1,000",용산구,5,100,10,38.1,,,50-1,11170,22
33,,2005,,,2018,용산파크자이,한강로1가,"28,000",용산구,5,0,12,39.03,,,50-1,11170,5
34,,2005,,,2018,용산파크자이,한강로1가,"30,000",용산구,5,0,16,37.26,,,50-1,11170,29
35,,2005,,,2018,용산파크자이,한강로1가,"25,000",용산구,5,0,28,36.13,,,50-1,11170,7
36,,2005,,,2018,한강로벽산메가트리움,한강로2가,"22,000",용산구,5,0,2,32.15,,,2-8,11170,24
37,,2005,,,2018,한강로벽산메가트리움,한강로2가,"20,000",용산구,5,0,3,29.54,,,2-8,11170,14
38,,2005,,,2018,한강로벽산메가트리움,한강로2가,"21,500",용산구,5,0,10,29.54,,,2-8,11170,26
39,,2005,,,2018,한강로벽산메가트리움,한강로2가,"21,000",용산구,5,0,14,29.54,,,2-8,11170,9
40,,2005,,,2018,한강현대하이엘,한강로2가,"19,000",용산구,5,0,14,39.37,,,2-36,11170,3
41,,2012,,,2018,위너스타워,한강로2가,"9,700",용산구,5,0,16,40.05,,,2-132,11170,10
42,,2017,,,2018,용산푸르지오써밋,한강로2가,"1,000",용산구,5,110,16,27.52,,,420,11170,27
43,,2004,,,2018,대우디오빌한강로오피스텔,한강로2가,"5,000",용산구,5,55,16,33.95,,,312-4,11170,10
44,,2004,,,2018,대우디오빌한강로오피스텔,한강로2가,"19,000",용산구,5,0,23,23.85,,,312-4,11170,5
45,,2004,,,2018,한강로 대우아이빌,한강로2가,"23,000",용산구,5,0,26,39.76,,,2-11,11170,8
46,,2007,,,2018,용산 시티파크(63-387),한강로3가,"36,000",용산구,5,0,1,43.77,,,63-387,11170,3
47,,2007,,,2018,용산 시티파크(63-389),한강로3가,"52,000",용산구,5,0,3,64.73,,,63-389,11170,11
48,,2004,,,2018,한강대우트럼프월드3,한강로3가,"24,000",용산구,5,0,10,30.91,,,65-230,11170,7
49,,2004,,,2018,한강대우트럼프월드3,한강로3가,"25,000",용산구,5,0,19,39.7,,,65-230,11170,20
50,,2004,,,2018,언고오피스텔,한남동,"1,000",용산구,5,60,14,21.33,,,72-17,11170,3
0,,2004,,,2018,그린빌파크,갈월동,"1,000",용산구,6,50,1,23.01,,,53-19,11170,5
1,,2015,,,2018,트윈시티 남산,동자동,"1,000",용산구,6,100,1,27.69,,,56,11170,23
2,,2013,,,2018,센트레빌아스테리움서울,동자동,"3,000",용산구,6,230,8,78.21,,,45,11170,13
3,,2015,,,2018,트윈시티 남산,동자동,500,용산구,6,100,18,21.71,,,56,11170,8
4,,2015,,,2018,트윈시티 남산,동자동,"1,000",용산구,6,95,29,25.43,,,56,11170,12
5,,2018,,,2018,용산파크뷰,원효로1가,"16,000",용산구,6,0,2,19.46,,,46-3,11170,3
6,,2018,,,2018,용산파크뷰,원효로1가,"26,000",용산구,6,0,16,36.64,,,46-3,11170,7
7,,2014,,,2018,아인하우스,원효로3가,"15,000",용산구,6,0,20,23.04,,,277-36,11170,6
8,,2004,,,2018,용문 하이오피스텔,용문동,"1,000",용산구,6,55,27,28.95,,,10-4,11170,7
9,,2007,,,2018,이안용산프리미어,문배동,"12,000",용산구,6,40,2,39.3,,,3-3,11170,4
10,,2010,,,2018,리첸시아 용산B,문배동,"35,000",용산구,6,0,4,58.87,,,40-31,11170,3
11,,2007,,,2018,용산아크로타워,문배동,"22,000",용산구,6,0,5,28.72,,,24-21,11170,3
12,,2015,,,2018,용산KCC웰츠타워,문배동,"26,200",용산구,6,0,5,38.95,,,11-10,11170,7
13,,2005,,,2018,이안 용산1차(11-14),문배동,"37,000",용산구,6,0,9,63.2,,,11-14,11170,12
14,,2005,,,2018,이안 용산1차(11-14),문배동,"36,000",용산구,6,0,9,61.06,,,11-14,11170,15
15,,2015,,,2018,용산KCC웰츠타워,문배동,"21,000",용산구,6,0,14,29.25,,,11-10,11170,8
16,,2007,,,2018,용산아크로타워,문배동,"27,000",용산구,6,0,14,38.37,,,24-21,11170,9
17,,2007,,,2018,용산씨제이나인파크,문배동,"2,000",용산구,6,200,15,70.92,,,24-6,11170,11
18,,2004,,,2018,지오베르크,문배동,"5,000",용산구,6,60,15,31.35,,,17-1,11170,3
19,,2015,,,2018,용산KCC웰츠타워,문배동,"24,000",용산구,6,0,16,29.97,,,11-10,11170,7
20,,2015,,,2018,용산KCC웰츠타워,문배동,"30,000",용산구,6,0,22,37.24,,,11-10,11170,8
21,,2007,,,2018,이안용산프리미어,문배동,"42,000",용산구,6,0,23,72.46,,,3-3,11170,3
22,,2012,,,2018,프라임펠리스,문배동,"10,000",용산구,6,20,23,18.77,,,24-8,11170,7
23,,2017,,,2018,용산 리브,문배동,"30,000",용산구,6,0,27,45.92,,,10-3,11170,5
24,,2012,,,2018,프라임펠리스,문배동,"19,950",용산구,6,0,30,27.83,,,24-8,11170,4
25,,2007,,,2018,용산아크로타워,문배동,"30,000",용산구,6,0,30,38.37,,,24-21,11170,8
26,,2005,,,2018,용산파크자이,한강로1가,"26,000",용산구,6,0,4,33.46,,,50-1,11170,7
27,,2005,,,2018,용산파크자이,한강로1가,"22,500",용산구,6,0,7,28.46,,,50-1,11170,13
28,,2007,,,2018,대우 월드마크 용산,한강로1가,"43,000",용산구,6,0,8,79.65,,,64,11170,12
29,,2005,,,2018,용산파크자이,한강로1가,"26,500",용산구,6,0,26,36.13,,,50-1,11170,10
30,,2006,,,2018,용산 토투벨리,한강로2가,"20,470",용산구,6,0,5,33.93,,,2-37,11170,11
31,,2017,,,2018,용산푸르지오써밋,한강로2가,"2,000",용산구,6,100,7,29.85,,,420,11170,18
32,,2017,,,2018,용산푸르지오써밋,한강로2가,"2,000",용산구,6,105,7,29.85,,,420,11170,18
33,,2006,,,2018,용산 토투벨리,한강로2가,"24,700",용산구,6,0,8,54.23,,,2-37,11170,12
34,,2005,,,2018,한강현대하이엘,한강로2가,"10,000",용산구,6,50,9,42.32,,,2-36,11170,10
35,,2017,,,2018,용산푸르지오써밋,한강로2가,"22,500",용산구,6,0,12,27.64,,,420,11170,31
36,,2017,,,2018,용산푸르지오써밋,한강로2가,"21,500",용산구,6,0,12,27.64,,,420,11170,31
37,,2004,,,2018,한강로 대우아이빌,한강로2가,"18,000",용산구,6,0,13,34.83,,,2-11,11170,7
38,,2005,,,2018,한강로벽산메가트리움,한강로2가,"2,000",용산구,6,75,15,32.74,,,2-8,11170,7
39,,2005,,,2018,한강현대하이엘,한강로2가,"20,000",용산구,6,0,21,41.82,,,2-36,11170,10
40,,2005,,,2018,한강현대하이엘,한강로2가,"21,500",용산구,6,0,22,41.82,,,2-36,11170,15
41,,2005,,,2018,한강현대하이엘,한강로2가,"10,000",용산구,6,50,23,41.82,,,2-36,11170,3
42,,2005,,,2018,한강로벽산메가트리움,한강로2가,"21,000",용산구,6,5,24,33.02,,,2-8,11170,6
43,,2017,,,2018,용산푸르지오써밋,한강로2가,"32,550",용산구,6,0,30,44.7,,,420,11170,28
44,,2004,,,2018,한강대우트럼프월드3,한강로3가,"21,000",용산구,6,0,16,30.91,,,65-230,11170,9
45,,2004,,,2018,한강대우트럼프월드3,한강로3가,"1,000",용산구,6,75,16,25.59,,,65-230,11170,20
46,,2006,,,2018,지에스 한강에클라스,한강로3가,"4,000",용산구,6,55,19,35.06,,,16-85,11170,9
47,,2004,,,2018,한강대우트럼프월드3,한강로3가,"8,000",용산구,6,55,25,30.91,,,65-230,11170,11
48,,2004,,,2018,한강대우트럼프월드3,한강로3가,"1,000",용산구,6,80,25,30.91,,,65-230,11170,30
49,,2004,,,2018,한남동 하이페리온Ⅱ,한남동,"84,000",용산구,6,0,5,145.63,,,550,11170,4
0,,2004,,,2018,그린빌파크,갈월동,"1,000",용산구,7,50,27,23.01,,,53-19,11170,5
1,,2004,,,2018,갈월동 에이트리움,갈월동,"19,000",용산구,7,0,28,30.97,,,101-49,11170,20
2,,2013,,,2018,센트레빌아스테리움서울,동자동,"10,000",용산구,7,140,14,102.31,,,45,11170,15
3,,2017,,,2018,용산1차휴먼타운,원효로1가,"25,000",용산구,7,0,3,29.97,,,120-20,11170,13
4,,2018,,,2018,용산파크뷰,원효로1가,"25,400",용산구,7,0,16,36.2,,,46-3,11170,5
5,,2018,,,2018,용산파크뷰,원효로1가,"25,400",용산구,7,0,18,36.2,,,46-3,11170,3
6,,2018,,,2018,용산파크뷰,원효로1가,"24,700",용산구,7,0,18,38.52,,,46-3,11170,3
7,,2018,,,2018,용산파크뷰,원효로1가,"27,000",용산구,7,0,19,38.52,,,46-3,11170,6
8,,2018,,,2018,용산파크뷰,원효로1가,"25,500",용산구,7,0,19,38.52,,,46-3,11170,5
9,,2018,,,2018,용산파크뷰,원효로1가,"26,000",용산구,7,0,21,38.52,,,46-3,11170,4
10,,2018,,,2018,용산파크뷰,원효로1가,"25,500",용산구,7,0,21,36.64,,,46-3,11170,6
11,,2018,,,2018,용산파크뷰,원효로1가,"25,400",용산구,7,0,21,36.2,,,46-3,11170,6
12,,2018,,,2018,용산파크뷰,원효로1가,"25,000",용산구,7,0,24,36.64,,,46-3,11170,3
13,,2004,,,2018,디아뜨 센트럴,원효로1가,"15,000",용산구,7,0,28,25.5,,,112-4,11170,5
14,,2017,,,2018,용산1차휴먼타운,원효로1가,"25,300",용산구,7,0,30,29.97,,,120-20,11170,14
15,,2017,,,2018,용산1차휴먼타운,원효로1가,"24,000",용산구,7,0,31,29.97,,,120-20,11170,15
16,,2018,,,2018,용산파크뷰,원효로1가,"25,000",용산구,7,0,31,36.64,,,46-3,11170,2
17,,2003,,,2018,e테크밸리,원효로3가,"15,000",용산구,7,0,20,38.12,,,51-37,11170,6
18,,2013,,,2018,용산큐브,문배동,"17,000",용산구,7,0,3,17.46,,,24-4,11170,9
19,,2010,,,2018,리첸시아 용산B,문배동,"34,000",용산구,7,0,3,47.51,,,40-31,11170,3
20,,2007,,,2018,이안용산프리미어,문배동,"25,000",용산구,7,0,3,47.51,,,3-3,11170,5
21,,2007,,,2018,용산아크로타워,문배동,"22,000",용산구,7,0,4,28.72,,,24-21,11170,9
22,,2007,,,2018,용산아크로타워,문배동,"22,000",용산구,7,0,4,28.72,,,24-21,11170,9
23,,2010,,,2018,리첸시아 용산B,문배동,"34,000",용산구,7,0,10,59.2,,,40-31,11170,2
24,,2013,,,2018,용산큐브,문배동,"17,500",용산구,7,0,18,17.46,,,24-4,11170,12
25,,2012,,,2018,프라임펠리스,문배동,"1,000",용산구,7,50,20,18.55,,,24-8,11170,4
26,,2013,,,2018,용산큐브,문배동,"3,000",용산구,7,50,20,17.46,,,24-4,11170,3
27,,2012,,,2018,프라임펠리스,문배동,"15,000",용산구,7,0,21,18.55,,,24-8,11170,6
28,,2015,,,2018,용산KCC웰츠타워,문배동,"1,000",용산구,7,70,23,25.05,,,11-10,11170,6
29,,2015,,,2018,용산KCC웰츠타워,문배동,"1,000",용산구,7,80,23,29.89,,,11-10,11170,4
30,,2005,,,2018,이안 용산1차(11-14),문배동,"38,500",용산구,7,0,28,73.56,,,11-14,11170,12
31,,2017,,,2018,용산 리브,문배동,"31,000",용산구,7,0,28,42.25,,,10-3,11170,6
32,,2013,,,2018,용산큐브,문배동,"1,000",용산구,7,63,30,17.46,,,24-4,11170,9
33,,2010,,,2018,리첸시아 용산B,문배동,"33,000",용산구,7,0,30,58.87,,,40-31,11170,2
34,,2007,,,2018,이안용산프리미어,문배동,"41,000",용산구,7,0,31,64.41,,,3-3,11170,7
35,,2017,,,2018,용산 리브,문배동,"29,000",용산구,7,0,31,42.25,,,10-3,11170,4
36,,2005,,,2018,용산파크자이,한강로1가,"29,000",용산구,7,0,16,42.39,,,50-1,11170,2
37,,2005,,,2018,용산파크자이,한강로1가,"29,000",용산구,7,0,20,42.99,,,50-1,11170,12
38,,2005,,,2018,용산파크자이,한강로1가,"22,500",용산구,7,0,27,28.46,,,50-1,11170,7
39,,2017,,,2018,용산푸르지오써밋,한강로2가,"30,000",용산구,7,0,2,26.7,,,420,11170,31
40,,,,,2018,래미안 용산 더 센트럴,한강로2가,"65,000",용산구,7,0,2,77.55,,,422,11170,13
41,,2017,,,2018,용산푸르지오써밋,한강로2가,"27,300",용산구,7,0,3,40.39,,,420,11170,27
42,,2017,,,2018,용산푸르지오써밋,한강로2가,"34,177",용산구,7,0,4,44.7,,,420,11170,28
43,,2005,,,2018,한강현대하이엘,한강로2가,"20,000",용산구,7,0,7,40.28,,,2-36,11170,10
44,,2004,,,2018,한강로 대우아이빌,한강로2가,"1,000",용산구,7,70,10,36.64,,,2-11,11170,2
45,,2005,,,2018,한강현대하이엘,한강로2가,"1,000",용산구,7,70,12,30.03,,,2-36,11170,12
46,,2005,,,2018,한강로벽산메가트리움,한강로2가,"20,000",용산구,7,0,13,30.06,,,2-8,11170,10
47,,2004,,,2018,대우디오빌한강로오피스텔,한강로2가,"16,000",용산구,7,0,14,22.05,,,312-4,11170,13
48,,2005,,,2018,한강현대하이엘,한강로2가,"22,000",용산구,7,0,16,40.28,,,2-36,11170,6
49,,2005,,,2018,한강현대하이엘,한강로2가,"20,000",용산구,7,0,20,40.28,,,2-36,11170,6
50,,2005,,,2018,한강현대하이엘,한강로2가,"4,000",용산구,7,65,21,41.82,,,2-36,11170,8
51,,2004,,,2018,한강대우트럼프월드3,한강로3가,"34,000",용산구,7,0,28,49.66,,,65-230,11170,15
0,,1990,,,2018,(339-4),후암동,"1,000",용산구,8,45,18,34.38,,,339-4,11170,4
1,,2004,,,2018,그린빌파크,갈월동,"1,000",용산구,8,50,3,23.01,,,53-19,11170,2
2,,2004,,,2018,갈월동 에이트리움,갈월동,"1,000",용산구,8,75,8,33.77,,,101-49,11170,18
3,,2004,,,2018,그린빌파크,갈월동,"1,000",용산구,8,50,10,23.01,,,53-19,11170,2
4,,2015,,,2018,트윈시티 남산,동자동,500,용산구,8,110,21,27.42,,,56,11170,20
5,,2004,,,2018,서울역풍림아이원플러스,서계동,"4,000",용산구,8,60,20,28.79,,,219-17,11170,6
6,,2017,,,2018,용산1차휴먼타운,원효로1가,"24,000",용산구,8,0,2,33.61,,,120-20,11170,9
7,,2017,,,2018,용산1차휴먼타운,원효로1가,"25,200",용산구,8,0,6,29.97,,,120-20,11170,13
8,,2018,,,2018,용산파크뷰,원효로1가,"25,800",용산구,8,0,8,38.52,,,46-3,11170,2
9,,2017,,,2018,용산1차휴먼타운,원효로1가,"27,000",용산구,8,0,18,33.61,,,120-20,11170,7
10,,2014,,,2018,아인하우스,원효로3가,"16,000",용산구,8,0,20,26.88,,,277-36,11170,8
11,,2004,,,2018,삼라마이다스빌,문배동,"22,000",용산구,8,0,1,38.63,,,40-19,11170,7
12,,2007,,,2018,용산씨제이나인파크,문배동,"45,000",용산구,8,0,3,71.39,,,24-6,11170,3
13,,2004,,,2018,삼라마이다스빌,문배동,"16,500",용산구,8,0,3,28.23,,,40-19,11170,2
14,,2015,,,2018,용산KCC웰츠타워,문배동,"1,000",용산구,8,80,4,29.69,,,11-10,11170,7
15,,2015,,,2018,용산KCC웰츠타워,문배동,"10,000",용산구,8,72,7,37.24,,,11-10,11170,6
16,,2005,,,2018,이안 용산1차(11-14),문배동,"5,000",용산구,8,130,7,73.56,,,11-14,11170,10
17,,2007,,,2018,용산씨제이나인파크,문배동,"46,000",용산구,8,0,8,71.39,,,24-6,11170,11
18,,2013,,,2018,용산큐브,문배동,"16,500",용산구,8,0,8,17.46,,,24-4,11170,4
19,,2015,,,2018,용산KCC웰츠타워,문배동,"26,500",용산구,8,0,8,32.84,,,11-10,11170,7
20,,2015,,,2018,용산KCC웰츠타워,문배동,"23,000",용산구,8,0,9,29.97,,,11-10,11170,3
21,,2007,,,2018,용산씨제이나인파크,문배동,"45,000",용산구,8,0,10,68.41,,,24-6,11170,7
22,,2015,,,2018,용산KCC웰츠타워,문배동,"25,000",용산구,8,0,11,36.8,,,11-10,11170,8
23,,2013,,,2018,용산큐브,문배동,"17,000",용산구,8,0,13,17.46,,,24-4,11170,8
24,,2013,,,2018,용산큐브,문배동,"14,500",용산구,8,10,13,17.46,,,24-4,11170,3
25,,2005,,,2018,이안 용산1차(11-29),문배동,"20,500",용산구,8,0,13,30.04,,,11-29,11170,10
26,,2005,,,2018,이안 용산1차,문배동,"23,000",용산구,8,0,13,39.2,,,7-6,11170,3
27,,2005,,,2018,이안 용산1차(11-14),문배동,"35,000",용산구,8,0,14,61.06,,,11-14,11170,2
28,,2015,,,2018,용산KCC웰츠타워,문배동,"1,000",용산구,8,90,14,32.84,,,11-10,11170,7
29,,2013,,,2018,용산큐브,문배동,"1,000",용산구,8,65,17,17.46,,,24-4,11170,13
30,,2007,,,2018,용산씨제이나인파크,문배동,"45,000",용산구,8,0,18,71.39,,,24-6,11170,4
31,,2015,,,2018,용산KCC웰츠타워,문배동,"22,000",용산구,8,0,18,29.69,,,11-10,11170,6
32,,2015,,,2018,용산KCC웰츠타워,문배동,"25,000",용산구,8,0,18,29.69,,,11-10,11170,6
33,,2007,,,2018,용산아크로타워,문배동,"1,000",용산구,8,80,22,28.72,,,24-21,11170,2
34,,2007,,,2018,이안용산프리미어,문배동,"42,000",용산구,8,0,23,72.46,,,3-3,11170,5
35,,2012,,,2018,프라임펠리스,문배동,"15,200",용산구,8,0,25,18.55,,,24-8,11170,5
36,,2005,,,2018,이안 용산1차(11-29),문배동,"18,000",용산구,8,20,28,39.2,,,11-29,11170,14
37,,2007,,,2018,용산아크로타워,문배동,"5,000",용산구,8,62,28,28.72,,,24-21,11170,4
38,,2017,,,2018,용산 리브,문배동,"15,000",용산구,8,50,29,42.25,,,10-3,11170,4
39,,2017,,,2018,용산 리브,문배동,"10,000",용산구,8,0,31,45.92,,,10-3,11170,12
40,,2005,,,2018,용산파크자이,한강로1가,"32,000",용산구,8,0,14,47.91,,,50-1,11170,11
41,,2005,,,2018,용산파크자이,한강로1가,"29,000",용산구,8,0,18,42.39,,,50-1,11170,33
42,,2005,,,2018,용산파크자이,한강로1가,"29,000",용산구,8,0,29,39.03,,,50-1,11170,23
43,,2004,,,2018,대우디오빌한강로오피스텔,한강로2가,"23,000",용산구,8,0,2,33.95,,,312-4,11170,5
44,,2012,,,2018,아스테리움 용산,한강로2가,"20,000",용산구,8,80,3,49.98,,,419,11170,15
45,,2017,,,2018,용산푸르지오써밋,한강로2가,"38,000",용산구,8,0,4,34.74,,,420,11170,31
46,,2005,,,2018,한강현대하이엘,한강로2가,"1,000",용산구,8,70,6,30.03,,,2-36,11170,7
47,,2005,,,2018,한강로벽산메가트리움,한강로2가,"19,500",용산구,8,0,8,29.54,,,2-8,11170,8
48,,2017,,,2018,용산푸르지오써밋,한강로2가,"37,000",용산구,8,0,11,44.89,,,420,11170,17
49,,2005,,,2018,한강로벽산메가트리움,한강로2가,"15,000",용산구,8,25,11,32.15,,,2-8,11170,22
50,,2004,,,2018,한강로 대우아이빌,한강로2가,"1,000",용산구,8,73,14,34.83,,,2-11,11170,7
51,,2017,,,2018,용산푸르지오써밋,한강로2가,"23,625",용산구,8,0,15,26.7,,,420,11170,26
52,,2005,,,2018,한강현대하이엘,한강로2가,"5,000",용산구,8,58,16,39.37,,,2-36,11170,9
53,,2005,,,2018,한강현대하이엘,한강로2가,"20,000",용산구,8,0,17,40.28,,,2-36,11170,6
54,,2005,,,2018,한강로벽산메가트리움,한강로2가,"1,000",용산구,8,70,17,29.54,,,2-8,11170,4
55,,2004,,,2018,한강로 대우아이빌,한강로2가,"1,000",용산구,8,65,17,35.28,,,2-11,11170,3
56,,2006,,,2018,용산 토투벨리,한강로2가,"18,500",용산구,8,0,17,33.93,,,2-37,11170,10
57,,2004,,,2018,한강로 대우아이빌,한강로2가,"22,000",용산구,8,0,24,39.76,,,2-11,11170,2
58,,2005,,,2018,한강로벽산메가트리움,한강로2가,"21,300",용산구,8,0,25,29.54,,,2-8,11170,28
59,,2005,,,2018,한강로벽산메가트리움,한강로2가,"21,000",용산구,8,0,27,29.54,,,2-8,11170,4
60,,2004,,,2018,대우디오빌한강로오피스텔,한강로2가,"19,500",용산구,8,0,27,23.85,,,312-4,11170,18
61,,2005,,,2018,한강현대하이엘,한강로2가,"4,000",용산구,8,65,28,41.82,,,2-36,11170,8
62,,2006,,,2018,용산 토투벨리,한강로2가,"18,500",용산구,8,0,31,33.93,,,2-37,11170,10
63,,,,,2018,래미안 용산 더 센트럴,한강로2가,"5,000",용산구,8,89,31,47.65,,,422,11170,8
64,,2006,,,2018,지에스 한강에클라스,한강로3가,"16,000",용산구,8,0,11,35.06,,,16-85,11170,7
65,,2007,,,2018,용산 시티파크(63-387),한강로3가,"15,000",용산구,8,70,13,61.71,,,63-387,11170,4
66,,2006,,,2018,지에스 한강에클라스,한강로3가,"17,000",용산구,8,0,29,35.06,,,16-85,11170,10
67,,2002,,,2018,(726-116),한남동,"35,000",용산구,8,0,20,68.87,,,726-116,11170,1
0,,2004,,,2018,갈월동 에이트리움,갈월동,"19,000",용산구,9,0,20,30.97,,,101-49,11170,15
1,,2015,,,2018,트윈시티 남산,동자동,"1,000",용산구,9,85,7,21.71,,,56,11170,7
2,,2015,,,2018,트윈시티 남산,동자동,"4,200",용산구,9,63,10,21.52,,,56,11170,3
3,,2015,,,2018,트윈시티 남산,동자동,500,용산구,9,95,18,21.71,,,56,11170,19
4,,2015,,,2018,트윈시티 남산,동자동,"1,000",용산구,9,95,27,25.37,,,56,11170,18
5,,2017,,,2018,용산1차휴먼타운,원효로1가,"26,000",용산구,9,0,15,33.61,,,120-20,11170,8
6,,2018,,,2018,용산파크뷰,원효로1가,"2,000",용산구,9,100,15,42.95,,,46-3,11170,7
7,,2014,,,2018,아인하우스,원효로3가,"15,000",용산구,9,0,8,23.04,,,277-36,11170,5
8,,2007,,,2018,이안용산프리미어,문배동,"42,000",용산구,9,0,5,72.46,,,3-3,11170,5
9,,2007,,,2018,용산아크로타워,문배동,"37,000",용산구,9,0,8,47.42,,,24-21,11170,6
10,,2007,,,2018,용산아크로타워,문배동,"29,000",용산구,9,0,11,38.37,,,24-21,11170,8
11,,2005,,,2018,이안 용산1차(11-14),문배동,"3,000",용산구,9,130,11,63.2,,,11-14,11170,2
12,,2007,,,2018,용산아크로타워,문배동,"35,000",용산구,9,0,12,47.42,,,24-21,11170,9
13,,2010,,,2018,리첸시아 용산B,문배동,"32,000",용산구,9,0,13,51.95,,,40-31,11170,2
14,,2007,,,2018,용산아크로타워,문배동,"40,000",용산구,9,0,14,51.45,,,24-21,11170,6
15,,2007,,,2018,용산씨제이나인파크,문배동,"40,000",용산구,9,0,14,54.96,,,24-6,11170,9
16,,2015,,,2018,용산KCC웰츠타워,문배동,"1,000",용산구,9,84,15,29.11,,,11-10,11170,7
17,,2015,,,2018,용산KCC웰츠타워,문배동,"2,000",용산구,9,75,15,29.69,,,11-10,11170,8
18,,2015,,,2018,용산KCC웰츠타워,문배동,"1,200",용산구,9,110,18,41.94,,,11-10,11170,7
19,,2015,,,2018,용산KCC웰츠타워,문배동,"1,000",용산구,9,90,20,29.97,,,11-10,11170,7
20,,2004,,,2018,삼라마이다스빌,문배동,"17,500",용산구,9,0,21,28.23,,,40-19,11170,5
21,,2013,,,2018,용산큐브,문배동,"1,000",용산구,9,65,27,17.46,,,24-4,11170,4
22,,2007,,,2018,용산씨제이나인파크,문배동,"29,000",용산구,9,0,28,42.5,,,24-6,11170,9
23,,2013,,,2018,용산큐브,문배동,"7,000",용산구,9,35,28,17.46,,,24-4,11170,9
24,,2017,,,2018,용산 리브,문배동,"32,000",용산구,9,0,29,42.25,,,10-3,11170,13
25,,2005,,,2018,용산파크자이,한강로1가,"20,000",용산구,9,30,4,37.26,,,50-1,11170,25
26,,2005,,,2018,용산파크자이,한강로1가,"34,000",용산구,9,0,5,52.84,,,50-1,11170,11
27,,2005,,,2018,용산파크자이,한강로1가,"22,500",용산구,9,0,15,28.46,,,50-1,11170,13
28,,2005,,,2018,용산파크자이,한강로1가,"30,000",용산구,9,0,17,38.1,,,50-1,11170,31
29,,2007,,,2018,대우 월드마크 용산,한강로1가,"30,000",용산구,9,50,22,83.07,,,64,11170,28
30,,,,,2018,래미안 용산 더 센트럴,한강로2가,"2,000",용산구,9,140,6,48.57,,,422,11170,14
31,,2005,,,2018,한강로벽산메가트리움,한강로2가,"14,000",용산구,9,30,8,32.15,,,2-8,11170,27
32,,2004,,,2018,대우디오빌한강로오피스텔,한강로2가,"7,000",용산구,9,55,13,30.64,,,312-4,11170,5
33,,2005,,,2018,한강현대하이엘,한강로2가,"20,000",용산구,9,0,15,39.37,,,2-36,11170,14
34,,2005,,,2018,한강현대하이엘,한강로2가,"10,000",용산구,9,45,18,42.32,,,2-36,11170,14
35,,2007,,,2018,용산 시티파크(63-387),한강로3가,"37,000",용산구,9,0,9,45.51,,,63-387,11170,2
36,,2006,,,2018,지에스 한강에클라스,한강로3가,"10,000",용산구,9,30,11,40.45,,,16-85,11170,6
37,,2004,,,2018,한강대우트럼프월드3,한강로3가,"18,000",용산구,9,0,13,25.59,,,65-230,11170,29
38,,2004,,,2018,한남동 리첸시아,한남동,"2,000",용산구,9,120,14,42.01,,,72-1,11170,3
0,,2017,,,2018,용산1차휴먼타운,원효로1가,"27,000",용산구,10,0,2,33.61,,,120-20,11170,11
1,,2018,,,2018,용산2차휴먼타운,원효로1가,"27,000",용산구,10,0,2,29.37,,,120-22,11170,11
2,,2017,,,2018,용산1차휴먼타운,원효로1가,"26,500",용산구,10,0,6,29.97,,,120-20,11170,16
3,,2017,,,2018,용산1차휴먼타운,원효로1가,"27,500",용산구,10,0,22,29.97,,,120-20,11170,13
4,,2003,,,2018,e테크밸리,원효로3가,"14,500",용산구,10,0,5,36,,,51-37,11170,12
5,,2012,,,2018,프라임펠리스,문배동,"15,500",용산구,10,0,1,18.55,,,24-8,11170,11
6,,2012,,,2018,프라임펠리스,문배동,"5,000",용산구,10,60,3,27.83,,,24-8,11170,4
7,,2012,,,2018,프라임펠리스,문배동,"1,000",용산구,10,60,6,18.55,,,24-8,11170,9
8,,2013,,,2018,용산큐브,문배동,"1,000",용산구,10,60,6,17.46,,,24-4,11170,4
9,,2004,,,2018,삼라마이다스빌,문배동,"5,000",용산구,10,45,8,28.23,,,40-19,11170,3
10,,2015,,,2018,용산KCC웰츠타워,문배동,"26,000",용산구,10,0,9,28.14,,,11-10,11170,8
11,,2013,,,2018,용산큐브,문배동,"17,000",용산구,10,0,9,17.46,,,24-4,11170,7
12,,2007,,,2018,용산씨제이나인파크,문배동,"45,000",용산구,10,0,10,68.41,,,24-6,11170,5
13,,2017,,,2018,용산 리브,문배동,"31,000",용산구,10,0,11,42.25,,,10-3,11170,12
14,,2013,,,2018,용산큐브,문배동,"10,000",용산구,10,30,13,17.46,,,24-4,11170,7
15,,2007,,,2018,이안용산프리미어,문배동,"10,000",용산구,10,90,13,66.7,,,3-3,11170,3
16,,2004,,,2018,삼라마이다스빌,문배동,"23,000",용산구,10,0,13,38.63,,,40-19,11170,5
17,,2007,,,2018,이안용산프리미어,문배동,"45,000",용산구,10,0,13,84.51,,,3-3,11170,7
18,,2013,,,2018,용산큐브,문배동,"3,000",용산구,10,60,15,17.46,,,24-4,11170,13
19,,2013,,,2018,용산큐브,문배동,"1,000",용산구,10,65,16,17.46,,,24-4,11170,11
20,,2004,,,2018,삼라마이다스빌,문배동,"23,000",용산구,10,0,16,38.63,,,40-19,11170,5
21,,2005,,,2018,이안 용산1차(11-14),문배동,"37,000",용산구,10,0,16,63.2,,,11-14,11170,10
22,,2012,,,2018,프라임펠리스,문배동,"15,500",용산구,10,0,17,18.55,,,24-8,11170,5
23,,2007,,,2018,용산아크로타워,문배동,"30,000",용산구,10,0,20,38.37,,,24-21,11170,2
24,,2015,,,2018,용산KCC웰츠타워,문배동,"5,500",용산구,10,55,20,29.33,,,11-10,11170,4
25,,2018,,,2018,G&P 용산파크,문배동,"27,000",용산구,10,0,22,39.73,,,11-34,11170,3
26,,2017,,,2018,용산 리브,문배동,"5,000",용산구,10,95,26,42.25,,,10-3,11170,7
27,,2015,,,2018,용산KCC웰츠타워,문배동,"1,000",용산구,10,90,27,34.06,,,11-10,11170,8
28,,2005,,,2018,이안 용산1차,문배동,"21,000",용산구,10,0,28,30.76,,,7-6,11170,12
29,,2010,,,2018,리첸시아 용산B,문배동,"35,000",용산구,10,0,30,56.38,,,40-31,11170,2
30,,2005,,,2018,용산파크자이,한강로1가,"29,000",용산구,10,0,8,42.39,,,50-1,11170,22
31,,2005,,,2018,한강현대하이엘,한강로2가,"1,000",용산구,10,73,3,30.03,,,2-36,11170,3
32,,2005,,,2018,한강로벽산메가트리움,한강로2가,"21,500",용산구,10,0,5,30.06,,,2-8,11170,25
33,,2005,,,2018,한강로벽산메가트리움,한강로2가,"23,000",용산구,10,0,9,32.15,,,2-8,11170,24
34,,2005,,,2018,한강로벽산메가트리움,한강로2가,"23,000",용산구,10,0,9,32.15,,,2-8,11170,24
35,,2005,,,2018,한강로벽산메가트리움,한강로2가,"20,000",용산구,10,0,11,30.29,,,2-8,11170,14
36,,2004,,,2018,한강로 대우아이빌,한강로2가,"21,000",용산구,10,0,13,33.54,,,2-11,11170,6
37,,,,,2018,래미안 용산 더 센트럴,한강로2가,"35,700",용산구,10,0,14,49.81,,,422,11170,12
38,,2005,,,2018,한강로벽산메가트리움,한강로2가,"20,000",용산구,10,0,16,29.54,,,2-8,11170,8
39,,2017,,,2018,용산푸르지오써밋,한강로2가,"2,000",용산구,10,158,17,46.29,,,420,11170,22
40,,2005,,,2018,한강로벽산메가트리움,한강로2가,"1,000",용산구,10,70,17,30.35,,,2-8,11170,3
41,,2004,,,2018,한강로 대우아이빌,한강로2가,"5,000",용산구,10,50,20,35.28,,,2-11,11170,4
42,,2004,,,2018,한강로 대우아이빌,한강로2가,"1,000",용산구,10,82,22,39.76,,,2-11,11170,5
43,,2005,,,2018,한강로벽산메가트리움,한강로2가,"23,000",용산구,10,0,24,32.15,,,2-8,11170,27
44,,2005,,,2018,한강로벽산메가트리움,한강로2가,"12,000",용산구,10,45,25,30.29,,,2-8,11170,9
45,,2017,,,2018,용산푸르지오써밋,한강로2가,"38,000",용산구,10,0,28,42.64,,,420,11170,29
46,,1990,,,2018,(16-91),한강로3가,300,용산구,10,40,24,28.15,,,16-91,11170,7
0,,2004,,,2018,갈월동 에이트리움,갈월동,"19,000",용산구,11,0,3,31.47,,,101-49,11170,14
1,,2004,,,2018,갈월동 에이트리움,갈월동,"9,000",용산구,11,0,16,30.97,,,101-49,11170,21
2,,2015,,,2018,트윈시티 남산,동자동,500,용산구,11,105,6,25.48,,,56,11170,24
3,,2015,,,2018,트윈시티 남산,동자동,"4,200",용산구,11,66,16,21.51,,,56,11170,18
4,,2015,,,2018,트윈시티 남산,동자동,"1,000",용산구,11,115,26,29.95,,,56,11170,8
5,,2004,,,2018,디아뜨 센트럴,원효로1가,"15,000",용산구,11,0,5,25.5,,,112-4,11170,5
6,,2004,,,2018,디아뜨 센트럴,원효로1가,"15,000",용산구,11,0,7,25.5,,,112-4,11170,9
7,,2004,,,2018,디아뜨 센트럴,원효로1가,"15,000",용산구,11,0,12,25.5,,,112-4,11170,2
8,,2015,,,2018,용산KCC웰츠타워,문배동,"1,000",용산구,11,84,1,31.37,,,11-10,11170,5
9,,2012,,,2018,프라임펠리스,문배동,"15,500",용산구,11,0,4,18.55,,,24-8,11170,8
10,,2004,,,2018,삼라마이다스빌,문배동,"16,000",용산구,11,0,5,28.23,,,40-19,11170,3
11,,2004,,,2018,지오베르크,문배동,"29,000",용산구,11,0,8,51.92,,,17-1,11170,2
12,,2015,,,2018,용산KCC웰츠타워,문배동,"22,000",용산구,11,0,9,27.46,,,11-10,11170,5
13,,2013,,,2018,용산큐브,문배동,"17,500",용산구,11,0,12,17.46,,,24-4,11170,10
14,,2012,,,2018,프라임펠리스,문배동,"2,000",용산구,11,55,13,18.55,,,24-8,11170,8
15,,2007,,,2018,용산씨제이나인파크,문배동,"40,000",용산구,11,0,16,54.96,,,24-6,11170,11
16,,2007,,,2018,용산씨제이나인파크,문배동,"45,000",용산구,11,0,16,70.92,,,24-6,11170,9
17,,2004,,,2018,삼라마이다스빌,문배동,"16,000",용산구,11,0,17,28.23,,,40-19,11170,2
18,,2012,,,2018,프라임펠리스,문배동,"21,000",용산구,11,0,17,27.83,,,24-8,11170,7
19,,2012,,,2018,프라임펠리스,문배동,"15,225",용산구,11,0,21,18.55,,,24-8,11170,6
20,,2015,,,2018,용산KCC웰츠타워,문배동,"1,000",용산구,11,80,23,29.97,,,11-10,11170,4
21,,2015,,,2018,용산KCC웰츠타워,문배동,"23,700",용산구,11,0,23,29.89,,,11-10,11170,5
22,,2005,,,2018,이안 용산1차(11-14),문배동,"40,000",용산구,11,0,24,73.56,,,11-14,11170,8
23,,2004,,,2018,삼라마이다스빌,문배동,"16,000",용산구,11,0,26,25.11,,,40-19,11170,7
24,,2005,,,2018,이안 용산1차(11-14),문배동,"37,000",용산구,11,0,28,73.56,,,11-14,11170,9
25,,2015,,,2018,용산KCC웰츠타워,문배동,"19,950",용산구,11,0,29,24.06,,,11-10,11170,4
26,,2018,,,2018,G&P 용산파크,문배동,"25,000",용산구,11,0,30,39.75,,,11-34,11170,3
27,,2010,,,2018,리첸시아 용산B,문배동,"34,000",용산구,11,0,30,46.52,,,40-31,11170,3
28,,2005,,,2018,한강현대하이엘,한강로2가,"15,000",용산구,11,10,2,30.03,,,2-36,11170,9
29,,2005,,,2018,한강로벽산메가트리움,한강로2가,"21,500",용산구,11,0,3,29.54,,,2-8,11170,26
30,,2017,,,2018,용산푸르지오써밋,한강로2가,"40,000",용산구,11,0,10,46.29,,,420,11170,36
31,,,,,2018,래미안 용산 더 센트럴,한강로2가,"5,000",용산구,11,140,14,51.84,,,422,11170,14
32,,2004,,,2018,한강로 대우아이빌,한강로2가,"1,000",용산구,11,70,17,36.64,,,2-11,11170,3
33,,2012,,,2018,아스테리움 용산,한강로2가,"30,000",용산구,11,60,19,49.98,,,419,11170,28
34,,2004,,,2018,한강로 대우아이빌,한강로2가,"21,000",용산구,11,0,29,33.54,,,2-11,11170,7
35,,2004,,,2018,한강대우트럼프월드3,한강로3가,"18,000",용산구,11,0,3,25.59,,,65-230,11170,23
36,,2006,,,2018,지에스 한강에클라스,한강로3가,"17,000",용산구,11,0,12,35.06,,,16-85,11170,11
37,,2004,,,2018,언고오피스텔,한남동,"2,000",용산구,11,50,21,21.33,,,72-17,11170,5
0,,2004,,,2018,그린빌파크,갈월동,"1,000",용산구,12,50,15,23.01,,,53-19,11170,3
1,,2015,,,2018,트윈시티 남산,동자동,"1,000",용산구,12,95,31,25.37,,,56,11170,20
2,,2017,,,2018,용산1차휴먼타운,원효로1가,"18,000",용산구,12,30,22,33.61,,,120-20,11170,11
3,,2018,,,2018,용산2차휴먼타운,원효로1가,"25,000",용산구,12,0,26,29.94,,,120-22,11170,5
4,,2018,,,2018,용산2차휴먼타운,원효로1가,"25,000",용산구,12,0,31,29.94,,,120-22,11170,10
5,,2004,,,2018,디아뜨 센트럴,원효로1가,"14,500",용산구,12,0,31,25.5,,,112-4,11170,7
6,,2007,,,2018,이안용산프리미어,문배동,"42,000",용산구,12,0,5,72.46,,,3-3,11170,5
7,,2007,,,2018,용산씨제이나인파크,문배동,"40,000",용산구,12,0,5,54.96,,,24-6,11170,6
8,,2015,,,2018,용산KCC웰츠타워,문배동,"3,000",용산구,12,100,5,38.48,,,11-10,11170,6
9,,2015,,,2018,용산KCC웰츠타워,문배동,"37,000",용산구,12,0,6,53.53,,,11-10,11170,5
10,,2013,,,2018,용산큐브,문배동,"17,500",용산구,12,0,6,17.46,,,24-4,11170,5
11,,2007,,,2018,이안용산프리미어,문배동,"43,000",용산구,12,0,8,87.29,,,3-3,11170,2
12,,2013,,,2018,용산큐브,문배동,"17,200",용산구,12,0,10,17.46,,,24-4,11170,13
13,,2012,,,2018,프라임펠리스,문배동,"15,500",용산구,12,0,10,18.55,,,24-8,11170,8
14,,2015,,,2018,용산KCC웰츠타워,문배동,"23,700",용산구,12,0,11,29.89,,,11-10,11170,5
15,,2004,,,2018,지오베르크,문배동,"19,000",용산구,12,0,13,31.35,,,17-1,11170,3
16,,2007,,,2018,용산씨제이나인파크,문배동,"47,000",용산구,12,0,15,70.92,,,24-6,11170,7
17,,2012,,,2018,프라임펠리스,문배동,"16,000",용산구,12,0,17,18.55,,,24-8,11170,6
18,,2013,,,2018,용산큐브,문배동,"10,000",용산구,12,30,17,17.46,,,24-4,11170,6
19,,2013,,,2018,용산큐브,문배동,"1,000",용산구,12,63,17,17.46,,,24-4,11170,13
20,,2012,,,2018,프라임펠리스,문배동,"1,000",용산구,12,60,19,18.55,,,24-8,11170,9
21,,2013,,,2018,용산큐브,문배동,"2,000",용산구,12,60,20,17.46,,,24-4,11170,5
22,,2015,,,2018,용산KCC웰츠타워,문배동,"1,000",용산구,12,60,21,29.97,,,11-10,11170,4
23,,2018,,,2018,G&P 용산파크,문배동,"25,000",용산구,12,0,21,35,,,11-34,11170,2
24,,2018,,,2018,G&P 용산파크,문배동,"26,000",용산구,12,0,31,39.07,,,11-34,11170,3
25,,2005,,,2018,용산파크자이,한강로1가,"13,000",용산구,12,50,15,39.03,,,50-1,11170,22
26,,2005,,,2018,용산파크자이,한강로1가,"21,000",용산구,12,20,21,36.13,,,50-1,11170,4
27,,2005,,,2018,한강로벽산메가트리움,한강로2가,"21,500",용산구,12,0,4,29.54,,,2-8,11170,17
28,,,,,2018,래미안 용산 더 센트럴,한강로2가,"60,000",용산구,12,0,9,71.71,,,422,11170,10
29,,,,,2018,래미안 용산 더 센트럴,한강로2가,"2,500",용산구,12,140,12,47.65,,,422,11170,6
30,,2006,,,2018,용산 토투벨리,한강로2가,"26,500",용산구,12,0,12,56.29,,,2-37,11170,11
31,,2004,,,2018,한강로 대우아이빌,한강로2가,"16,000",용산구,12,15,19,34.83,,,2-11,11170,2
32,,2004,,,2018,대우디오빌한강로오피스텔,한강로2가,"18,000",용산구,12,0,22,29.66,,,312-4,11170,10
33,,2005,,,2018,한강현대하이엘,한강로2가,"20,000",용산구,12,0,24,42.32,,,2-36,11170,12
34,,2005,,,2018,한강로벽산메가트리움,한강로2가,"2,000",용산구,12,70,26,32.15,,,2-8,11170,4
35,,2004,,,2018,한강로 대우아이빌,한강로2가,"19,000",용산구,12,0,26,34.83,,,2-11,11170,2
36,,2004,,,2018,한강대우트럼프월드3,한강로3가,"3,000",용산구,12,250,1,105.4,,,65-230,11170,22
37,,2007,,,2018,용산 시티파크(63-387),한강로3가,"51,000",용산구,12,0,15,83.85,,,63-387,11170,4
38,,2007,,,2018,용산 시티파크(63-387),한강로3가,"47,000",용산구,12,0,21,65.89,,,63-387,11170,2
39,,2006,,,2018,지에스 한강에클라스,한강로3가,"16,000",용산구,12,0,31,34.43,,,16-85,11170,10
0,,2004,,,2019,그린빌파크,갈월동,"1,000",용산구,1,50,21,23.01,,,53-19,11170,3
1,,2004,,,2019,갈월동 에이트리움,갈월동,"19,000",용산구,1,0,29,31.1,,,101-49,11170,10
2,,2004,,,2019,그린빌파크,갈월동,"1,000",용산구,1,50,29,23.01,,,53-19,11170,2
3,,2015,,,2019,트윈시티 남산,동자동,"1,000",용산구,1,90,4,21.71,,,56,11170,28
4,,2015,,,2019,트윈시티 남산,동자동,"1,000",용산구,1,85,4,21.51,,,56,11170,2
5,,2015,,,2019,트윈시티 남산,동자동,"1,000",용산구,1,100,16,27.42,,,56,11170,15
6,,2015,,,2019,트윈시티 남산,동자동,"4,200",용산구,1,84,23,27.42,,,56,11170,12
7,,2018,,,2019,용산2차휴먼타운,원효로1가,"27,000",용산구,1,0,4,29.94,,,120-22,11170,14
8,,2004,,,2019,디아뜨 센트럴,원효로1가,"15,000",용산구,1,0,12,25.5,,,112-4,11170,9
9,,2004,,,2019,디아뜨 센트럴,원효로1가,"14,000",용산구,1,0,15,25.5,,,112-4,11170,4
10,,2004,,,2019,디아뜨 센트럴,원효로1가,"15,000",용산구,1,0,17,25.5,,,112-4,11170,6
11,,2004,,,2019,디아뜨 센트럴,원효로1가,"1,000",용산구,1,60,18,25.5,,,112-4,11170,13
12,,2004,,,2019,디아뜨 센트럴,원효로1가,"18,000",용산구,1,0,18,37.17,,,112-4,11170,2
13,,2018,,,2019,용산2차휴먼타운,원효로1가,"25,000",용산구,1,0,19,29.94,,,120-22,11170,8
14,,2018,,,2019,용산2차휴먼타운,원효로1가,"25,000",용산구,1,0,21,29.37,,,120-22,11170,9
15,,2019,,,2019,하람 휴,원효로1가,"26,000",용산구,1,0,26,29.56,,,28-10,11170,12
16,,2019,,,2019,하람 휴,원효로1가,"26,000",용산구,1,0,26,29.56,,,28-10,11170,7
17,,2018,,,2019,용산2차휴먼타운,원효로1가,"26,000",용산구,1,0,26,29.94,,,120-22,11170,7
18,,2018,,,2019,용산2차휴먼타운,원효로1가,"26,000",용산구,1,0,28,29.94,,,120-22,11170,15
19,,2014,,,2019,아인하우스,원효로3가,"15,000",용산구,1,0,28,24.48,,,277-36,11170,3
20,,2012,,,2019,프라임펠리스,문배동,"4,000",용산구,1,50,1,18.55,,,24-8,11170,5
21,,2017,,,2019,용산 리브,문배동,"26,700",용산구,1,0,3,36.06,,,10-3,11170,11
22,,2018,,,2019,G&P 용산파크,문배동,"18,000",용산구,1,25,3,35,,,11-34,11170,3
23,,2017,,,2019,용산 리브,문배동,"27,300",용산구,1,0,4,42.25,,,10-3,11170,10
24,,2010,,,2019,리첸시아 용산B,문배동,"35,500",용산구,1,0,4,59.08,,,40-31,11170,3
25,,2007,,,2019,이안용산프리미어,문배동,"40,000",용산구,1,0,6,66.53,,,3-3,11170,6
26,,2018,,,2019,G&P 용산파크,문배동,"25,000",용산구,1,0,7,39.07,,,11-34,11170,2
27,,2004,,,2019,지오베르크,문배동,"8,000",용산구,1,50,8,31.35,,,17-1,11170,2
28,,2007,,,2019,용산아크로타워,문배동,"35,000",용산구,1,0,8,47.42,,,24-21,11170,8
29,,2017,,,2019,용산 리브,문배동,"10,000",용산구,1,65,9,42.25,,,10-3,11170,10
30,,2015,,,2019,용산KCC웰츠타워,문배동,"27,300",용산구,1,0,10,41.94,,,11-10,11170,8
31,,2017,,,2019,용산 리브,문배동,"30,000",용산구,1,0,10,42.25,,,10-3,11170,5
32,,2012,,,2019,프라임펠리스,문배동,"1,000",용산구,1,70,11,18.55,,,24-8,11170,9
33,,2007,,,2019,이안용산프리미어,문배동,"40,000",용산구,1,0,11,72.99,,,3-3,11170,5
34,,2013,,,2019,용산큐브,문배동,"16,650",용산구,1,0,12,17.46,,,24-4,11170,3
35,,2013,,,2019,용산큐브,문배동,"17,300",용산구,1,0,12,17.46,,,24-4,11170,7
36,,2013,,,2019,용산큐브,문배동,"16,700",용산구,1,0,12,17.46,,,24-4,11170,3
37,,2005,,,2019,이안 용산1차(11-14),문배동,"30,000",용산구,1,20,14,61.06,,,11-14,11170,4
38,,2007,,,2019,용산아크로타워,문배동,"35,000",용산구,1,0,14,46.29,,,24-21,11170,5
39,,2017,,,2019,용산 리브,문배동,"29,000",용산구,1,0,15,42.25,,,10-3,11170,8
40,,2012,,,2019,프라임펠리스,문배동,"4,000",용산구,1,40,15,18.55,,,24-8,11170,7
41,,2018,,,2019,G&P 용산파크,문배동,"18,000",용산구,1,25,16,35,,,11-34,11170,3
42,,2013,,,2019,용산큐브,문배동,"2,000",용산구,1,65,16,17.46,,,24-4,11170,3
43,,2007,,,2019,용산씨제이나인파크,문배동,"44,000",용산구,1,0,17,71.39,,,24-6,11170,10
44,,2013,,,2019,용산큐브,문배동,"17,500",용산구,1,0,17,17.46,,,24-4,11170,12
45,,2013,,,2019,용산큐브,문배동,"5,000",용산구,1,50,18,17.46,,,24-4,11170,5
46,,2007,,,2019,용산씨제이나인파크,문배동,"2,000",용산구,1,120,19,44.43,,,24-6,11170,12
47,,2004,,,2019,삼라마이다스빌,문배동,"9,000",용산구,1,35,19,28.23,,,40-19,11170,5
48,,2015,,,2019,용산KCC웰츠타워,문배동,"24,000",용산구,1,0,20,29.97,,,11-10,11170,6
49,,2012,,,2019,프라임펠리스,문배동,"15,500",용산구,1,0,21,18.55,,,24-8,11170,9
50,,2007,,,2019,용산아크로타워,문배동,"27,000",용산구,1,0,22,35.6,,,24-21,11170,8
51,,2018,,,2019,G&P 용산파크,문배동,"18,000",용산구,1,0,23,21.19,,,11-34,11170,2
52,,2015,,,2019,용산KCC웰츠타워,문배동,"15,000",용산구,1,34,23,30,,,11-10,11170,5
53,,2013,,,2019,용산큐브,문배동,"16,500",용산구,1,0,23,17.46,,,24-4,11170,5
54,,2013,,,2019,용산큐브,문배동,"17,500",용산구,1,0,25,17.46,,,24-4,11170,6
55,,2015,,,2019,용산KCC웰츠타워,문배동,"23,600",용산구,1,0,26,29.69,,,11-10,11170,4
56,,2013,,,2019,용산큐브,문배동,"17,500",용산구,1,0,28,17.46,,,24-4,11170,10
57,,2013,,,2019,용산큐브,문배동,"17,000",용산구,1,0,28,17.46,,,24-4,11170,13
58,,2015,,,2019,용산KCC웰츠타워,문배동,"21,000",용산구,1,0,28,32.84,,,11-10,11170,4
59,,2012,,,2019,프라임펠리스,문배동,"14,000",용산구,1,5,29,18.55,,,24-8,11170,9
60,,2012,,,2019,프라임펠리스,문배동,"15,000",용산구,1,0,30,18.77,,,24-8,11170,8
61,,2017,,,2019,용산 리브,문배동,"29,400",용산구,1,0,31,42.25,,,10-3,11170,11
62,,2005,,,2019,이안 용산1차(11-14),문배동,"5,000",용산구,1,130,31,73.56,,,11-14,11170,10
63,,2005,,,2019,용산파크자이,한강로1가,"30,500",용산구,1,0,2,42.39,,,50-1,11170,11
64,,2005,,,2019,용산파크자이,한강로1가,"2,000",용산구,1,95,14,39.03,,,50-1,11170,33
65,,2004,,,2019,한강로 대우아이빌,한강로2가,"5,000",용산구,1,60,4,37.85,,,2-11,11170,3
66,,2005,,,2019,한강로벽산메가트리움,한강로2가,"20,000",용산구,1,0,5,29.54,,,2-8,11170,11
67,,2005,,,2019,한강현대하이엘,한강로2가,"21,000",용산구,1,0,7,42.32,,,2-36,11170,4
68,,2005,,,2019,한강로벽산메가트리움,한강로2가,"22,000",용산구,1,0,7,32.15,,,2-8,11170,18
69,,2005,,,2019,한강로벽산메가트리움,한강로2가,"22,000",용산구,1,0,12,33.02,,,2-8,11170,5
70,,2004,,,2019,대우디오빌한강로오피스텔,한강로2가,"21,500",용산구,1,0,17,33.95,,,312-4,11170,6
71,,2004,,,2019,대우디오빌한강로오피스텔,한강로2가,"13,000",용산구,1,20,19,23.85,,,312-4,11170,17
72,,2004,,,2019,한강로 대우아이빌,한강로2가,"19,000",용산구,1,0,21,34.83,,,2-11,11170,2
73,,,,,2019,래미안 용산 더 센트럴,한강로2가,"44,000",용산구,1,0,21,47.65,,,422,11170,16
74,,2004,,,2019,한강로 대우아이빌,한강로2가,"21,000",용산구,1,0,22,37.85,,,2-11,11170,8
75,,2005,,,2019,한강로벽산메가트리움,한강로2가,"20,500",용산구,1,0,24,29.89,,,2-8,11170,9
76,,,,,2019,래미안 용산 더 센트럴,한강로2가,"45,000",용산구,1,0,24,53,,,422,11170,6
77,,2004,,,2019,한강로 대우아이빌,한강로2가,"1,000",용산구,1,75,26,33.54,,,2-11,11170,4
78,,2006,,,2019,지에스 한강에클라스,한강로3가,"16,000",용산구,1,0,3,35.06,,,16-85,11170,9
79,,2004,,,2019,한강대우트럼프월드3,한강로3가,"1,000",용산구,1,80,9,25.59,,,65-230,11170,11
80,,2004,,,2019,한강대우트럼프월드3,한강로3가,"26,000",용산구,1,0,18,39.7,,,65-230,11170,29
81,,2006,,,2019,지에스 한강에클라스,한강로3가,"23,000",용산구,1,0,26,44.57,,,16-85,11170,8
0,,1990,,,2019,(339-4),후암동,"9,500",용산구,2,0,25,34.38,,,339-4,11170,2
1,,2004,,,2019,갈월동 에이트리움,갈월동,"19,000",용산구,2,0,9,33.77,,,101-49,11170,8
2,,2015,,,2019,트윈시티 남산,동자동,"1,000",용산구,2,100,7,27.42,,,56,11170,20
3,,2015,,,2019,트윈시티 남산,동자동,"4,200",용산구,2,79,15,25.37,,,56,11170,5
4,,2015,,,2019,트윈시티 남산,동자동,"1,000",용산구,2,85,19,21.51,,,56,11170,7
5,,2015,,,2019,트윈시티 남산,동자동,"1,000",용산구,2,100,21,27.42,,,56,11170,24
6,,2015,,,2019,트윈시티 남산,동자동,"1,000",용산구,2,100,27,27.42,,,56,11170,13
7,,2017,,,2019,용산1차휴먼타운,원효로1가,"27,000",용산구,2,0,1,33.61,,,120-20,11170,6
8,,2004,,,2019,디아뜨 센트럴,원효로1가,"14,500",용산구,2,0,2,25.19,,,112-4,11170,2
9,,2018,,,2019,용산2차휴먼타운,원효로1가,"25,000",용산구,2,0,7,29.37,,,120-22,11170,5
10,,2004,,,2019,디아뜨 센트럴,원효로1가,"2,000",용산구,2,55,7,25.5,,,112-4,11170,2
11,,2004,,,2019,디아뜨 센트럴,원효로1가,"14,700",용산구,2,0,8,25.5,,,112-4,11170,15
12,,2018,,,2019,용산2차휴먼타운,원효로1가,"23,000",용산구,2,0,9,29.94,,,120-22,11170,5
13,,2004,,,2019,디아뜨 센트럴,원효로1가,"14,500",용산구,2,0,9,25.5,,,112-4,11170,3
14,,2017,,,2019,용산1차휴먼타운,원효로1가,"2,000",용산구,2,95,9,29.97,,,120-20,11170,16
15,,2018,,,2019,용산2차휴먼타운,원효로1가,"24,000",용산구,2,0,11,29.94,,,120-22,11170,6
16,,2018,,,2019,용산파크뷰,원효로1가,"25,000",용산구,2,0,11,36.64,,,46-3,11170,3
17,,2018,,,2019,용산2차휴먼타운,원효로1가,"24,500",용산구,2,0,11,29.37,,,120-22,11170,6
18,,2004,,,2019,디아뜨 센트럴,원효로1가,"1,000",용산구,2,60,11,25.5,,,112-4,11170,9
19,,2018,,,2019,용산2차휴먼타운,원효로1가,"27,000",용산구,2,0,11,29.94,,,120-22,11170,18
20,,2004,,,2019,디아뜨 센트럴,원효로1가,"19,000",용산구,2,0,11,37.17,,,112-4,11170,4
21,,2018,,,2019,용산2차휴먼타운,원효로1가,"24,000",용산구,2,0,12,29.37,,,120-22,11170,10
22,,2019,,,2019,하람 휴,원효로1가,"26,000",용산구,2,0,15,27.27,,,28-10,11170,9
23,,2018,,,2019,용산2차휴먼타운,원효로1가,"25,000",용산구,2,0,16,29.94,,,120-22,11170,12
24,,2018,,,2019,용산2차휴먼타운,원효로1가,"27,000",용산구,2,0,18,29.94,,,120-22,11170,18
25,,2004,,,2019,디아뜨 센트럴,원효로1가,"1,000",용산구,2,60,26,25.5,,,112-4,11170,13
26,,2018,,,2019,G&P 용산파크,문배동,"28,000",용산구,2,0,1,35,,,11-34,11170,4
27,,2004,,,2019,지오베르크,문배동,"28,000",용산구,2,0,2,47.08,,,17-1,11170,2
28,,2013,,,2019,용산큐브,문배동,"17,500",용산구,2,0,7,17.46,,,24-4,11170,5
29,,2013,,,2019,용산큐브,문배동,"17,000",용산구,2,0,7,17.46,,,24-4,11170,12
30,,2015,,,2019,용산KCC웰츠타워,문배동,"23,100",용산구,2,0,8,31.32,,,11-10,11170,7
31,,2007,,,2019,용산씨제이나인파크,문배동,"43,000",용산구,2,0,8,63.96,,,24-6,11170,5
32,,2013,,,2019,용산큐브,문배동,"1,000",용산구,2,63,8,17.46,,,24-4,11170,4
33,,2018,,,2019,G&P 용산파크,문배동,"26,000",용산구,2,0,8,39.07,,,11-34,11170,3
34,,2013,,,2019,용산큐브,문배동,"1,000",용산구,2,60,8,17.46,,,24-4,11170,4
35,,2004,,,2019,삼라마이다스빌,문배동,"14,000",용산구,2,0,9,21.99,,,40-19,11170,1
36,,2018,,,2019,G&P 용산파크,문배동,"28,000",용산구,2,0,9,39.73,,,11-34,11170,4
37,,2013,,,2019,용산큐브,문배동,"18,000",용산구,2,0,9,17.46,,,24-4,11170,11
38,,2017,,,2019,용산 리브,문배동,"27,500",용산구,2,0,9,36.06,,,10-3,11170,5
39,,2013,,,2019,용산큐브,문배동,"17,500",용산구,2,0,11,17.46,,,24-4,11170,8
40,,2007,,,2019,용산씨제이나인파크,문배동,"41,000",용산구,2,0,11,54.96,,,24-6,11170,7
41,,2018,,,2019,G&P 용산파크,문배동,"28,000",용산구,2,0,12,39.75,,,11-34,11170,4
42,,2007,,,2019,용산아크로타워,문배동,"30,000",용산구,2,0,12,38.37,,,24-21,11170,7
43,,2015,,,2019,용산KCC웰츠타워,문배동,"22,500",용산구,2,0,13,29.97,,,11-10,11170,8
44,,2005,,,2019,이안 용산1차,문배동,"26,000",용산구,2,0,13,35.6,,,7-6,11170,8
45,,2015,,,2019,용산KCC웰츠타워,문배동,"22,000",용산구,2,0,13,29.97,,,11-10,11170,8
46,,2012,,,2019,프라임펠리스,문배동,"15,500",용산구,2,0,15,18.55,,,24-8,11170,10
47,,2017,,,2019,용산 리브,문배동,"25,000",용산구,2,0,17,36.06,,,10-3,11170,7
48,,2005,,,2019,이안 용산1차(11-14),문배동,"42,000",용산구,2,0,18,73.56,,,11-14,11170,15
49,,2005,,,2019,이안 용산1차,문배동,"25,000",용산구,2,0,20,35.6,,,7-6,11170,9
50,,2015,,,2019,용산KCC웰츠타워,문배동,"4,000",용산구,2,79,22,31.37,,,11-10,11170,6
51,,2012,,,2019,프라임펠리스,문배동,"14,800",용산구,2,0,23,18.77,,,24-8,11170,11
52,,2015,,,2019,용산KCC웰츠타워,문배동,"23,594",용산구,2,0,23,29.69,,,11-10,11170,4
53,,2012,,,2019,프라임펠리스,문배동,"22,000",용산구,2,0,26,27.83,,,24-8,11170,4
54,,2017,,,2019,용산 리브,문배동,"29,900",용산구,2,0,26,45.92,,,10-3,11170,10
55,,2013,,,2019,용산큐브,문배동,"17,500",용산구,2,0,26,17.46,,,24-4,11170,11
56,,2007,,,2019,이안용산프리미어,문배동,"1,000",용산구,2,90,27,39.3,,,3-3,11170,5
57,,2010,,,2019,리첸시아 용산B,문배동,"31,000",용산구,2,0,28,37.68,,,40-31,11170,2
58,,2007,,,2019,대우 월드마크 용산,한강로1가,"15,000",용산구,2,130,2,83.07,,,64,11170,13
59,,2005,,,2019,용산파크자이,한강로1가,"30,000",용산구,2,0,13,39.03,,,50-1,11170,22
60,,2005,,,2019,용산파크자이,한강로1가,"3,000",용산구,2,100,20,39.03,,,50-1,11170,35
61,,2004,,,2019,대우디오빌한강로오피스텔,한강로2가,"1,000",용산구,2,70,2,29.66,,,312-4,11170,12
62,,2004,,,2019,한강로 대우아이빌,한강로2가,"1,000",용산구,2,75,6,37.85,,,2-11,11170,4
63,,,,,2019,래미안 용산 더 센트럴,한강로2가,"33,600",용산구,2,0,6,51.84,,,422,11170,17
64,,2005,,,2019,한강현대하이엘,한강로2가,"8,000",용산구,2,65,11,41.82,,,2-36,11170,7
65,,2004,,,2019,대우디오빌한강로오피스텔,한강로2가,"8,000",용산구,2,65,11,33.95,,,312-4,11170,3
66,,2004,,,2019,한강로 대우아이빌,한강로2가,"5,000",용산구,2,50,12,35.28,,,2-11,11170,2
67,,2005,,,2019,한강현대하이엘,한강로2가,"2,000",용산구,2,85,16,39.37,,,2-36,11170,6
68,,2005,,,2019,한강로벽산메가트리움,한강로2가,"22,000",용산구,2,0,19,29.89,,,2-8,11170,14
69,,2005,,,2019,한강로벽산메가트리움,한강로2가,"22,000",용산구,2,0,19,29.89,,,2-8,11170,14
70,,2004,,,2019,한강대우트럼프월드3,한강로3가,"22,500",용산구,2,0,11,30.91,,,65-230,11170,8
71,,2004,,,2019,한강대우트럼프월드3,한강로3가,"23,000",용산구,2,0,18,30.91,,,65-230,11170,25
0,,2004,,,2019,갈월동 에이트리움,갈월동,"2,000",용산구,3,70,28,31.51,,,101-49,11170,7
1,,2015,,,2019,트윈시티 남산,동자동,"1,000",용산구,3,120,12,29.61,,,56,11170,28
2,,2015,,,2019,트윈시티 남산,동자동,"1,000",용산구,3,100,15,28.33,,,56,11170,21
3,,2015,,,2019,트윈시티 남산,동자동,"1,000",용산구,3,115,19,29.95,,,56,11170,19
4,,2018,,,2019,용산2차휴먼타운,원효로1가,"25,000",용산구,3,0,1,29.94,,,120-22,11170,17
5,,2017,,,2019,용산1차휴먼타운,원효로1가,"25,000",용산구,3,0,4,33.61,,,120-20,11170,7
6,,2018,,,2019,용산2차휴먼타운,원효로1가,"26,000",용산구,3,0,5,29.37,,,120-22,11170,8
7,,2004,,,2019,디아뜨 센트럴,원효로1가,"14,000",용산구,3,0,8,25.19,,,112-4,11170,4
8,,2018,,,2019,용산2차휴먼타운,원효로1가,"25,000",용산구,3,0,9,29.94,,,120-22,11170,9
9,,2018,,,2019,용산2차휴먼타운,원효로1가,"25,000",용산구,3,0,11,29.37,,,120-22,11170,7
10,,2019,,,2019,하람 휴,원효로1가,"28,000",용산구,3,0,12,29.56,,,28-10,11170,11
11,,2019,,,2019,하람 휴,원효로1가,"18,000",용산구,3,0,15,24.29,,,28-10,11170,4
12,,2018,,,2019,용산2차휴먼타운,원효로1가,"1,000",용산구,3,100,16,29.94,,,120-22,11170,12
13,,2004,,,2019,디아뜨 센트럴,원효로1가,"15,000",용산구,3,0,16,25.5,,,112-4,11170,11
14,,2018,,,2019,용산2차휴먼타운,원효로1가,"24,000",용산구,3,0,16,29.94,,,120-22,11170,9
15,,2004,,,2019,디아뜨 센트럴,원효로1가,"15,000",용산구,3,0,16,25.5,,,112-4,11170,8
16,,2019,,,2019,하람 휴,원효로1가,"26,000",용산구,3,0,19,29.56,,,28-10,11170,10
17,,2018,,,2019,용산2차휴먼타운,원효로1가,"1,000",용산구,3,100,20,29.37,,,120-22,11170,15
18,,2004,,,2019,디아뜨 센트럴,원효로1가,"15,000",용산구,3,0,22,25.5,,,112-4,11170,7
19,,2019,,,2019,하람 휴,원효로1가,"26,000",용산구,3,0,23,29.56,,,28-10,11170,12
20,,2018,,,2019,용산2차휴먼타운,원효로1가,"25,500",용산구,3,0,26,29.94,,,120-22,11170,16
21,,2019,,,2019,하람 휴,원효로1가,"25,000",용산구,3,0,30,27.27,,,28-10,11170,6
22,,2014,,,2019,아인하우스,원효로3가,"15,000",용산구,3,0,18,23.04,,,277-36,11170,7
23,,2004,,,2019,용문 하이오피스텔,용문동,"1,000",용산구,3,550,29,28.95,,,10-4,11170,4
24,,2012,,,2019,프라임펠리스,문배동,"15,000",용산구,3,0,2,18.55,,,24-8,11170,9
25,,2007,,,2019,용산씨제이나인파크,문배동,"41,000",용산구,3,0,2,70.92,,,24-6,11170,4
26,,2015,,,2019,용산KCC웰츠타워,문배동,"20,000",용산구,3,0,2,23.44,,,11-10,11170,6
27,,2015,,,2019,용산KCC웰츠타워,문배동,"20,000",용산구,3,0,2,23.44,,,11-10,11170,6
28,,2017,,,2019,용산 리브,문배동,"3,000",용산구,3,90,4,42.25,,,10-3,11170,8
29,,2017,,,2019,용산 리브,문배동,"17,000",용산구,3,40,6,45.92,,,10-3,11170,4
30,,2007,,,2019,용산아크로타워,문배동,"3,000",용산구,3,80,7,35.6,,,24-21,11170,4
31,,2015,,,2019,용산KCC웰츠타워,문배동,"21,000",용산구,3,0,9,29.97,,,11-10,11170,6
32,,2004,,,2019,삼라마이다스빌,문배동,"16,000",용산구,3,0,9,25.11,,,40-19,11170,7
33,,2012,,,2019,프라임펠리스,문배동,"2,000",용산구,3,55,9,18.55,,,24-8,11170,12
34,,2007,,,2019,용산씨제이나인파크,문배동,"30,000",용산구,3,0,11,42.5,,,24-6,11170,5
35,,2018,,,2019,G&P 용산파크,문배동,"26,500",용산구,3,0,15,39.07,,,11-34,11170,4
36,,2004,,,2019,삼라마이다스빌,문배동,"1,000",용산구,3,100,16,28.23,,,40-19,11170,2
37,,2012,,,2019,프라임펠리스,문배동,"1,000",용산구,3,75,16,27.83,,,24-8,11170,5
38,,2012,,,2019,프라임펠리스,문배동,"3,000",용산구,3,50,17,18.55,,,24-8,11170,12
39,,2007,,,2019,용산아크로타워,문배동,"20,000",용산구,3,40,18,38.37,,,24-21,11170,7
40,,2015,,,2019,용산KCC웰츠타워,문배동,"31,500",용산구,3,0,19,42.38,,,11-10,11170,8
41,,2018,,,2019,G&P 용산파크,문배동,"27,000",용산구,3,0,19,39.07,,,11-34,11170,4
42,,2015,,,2019,용산KCC웰츠타워,문배동,"7,000",용산구,3,65,21,29.69,,,11-10,11170,3
43,,2007,,,2019,이안용산프리미어,문배동,"10,000",용산구,3,100,23,72.46,,,3-3,11170,6
44,,2007,,,2019,이안용산프리미어,문배동,"41,000",용산구,3,0,23,66.24,,,3-3,11170,7
45,,2017,,,2019,용산 리브,문배동,"32,000",용산구,3,0,26,42.25,,,10-3,11170,13
46,,2010,,,2019,리첸시아 용산B,문배동,"35,000",용산구,3,0,26,51.42,,,40-31,11170,3
47,,2005,,,2019,이안 용산1차,문배동,"24,000",용산구,3,0,27,39.2,,,7-6,11170,6
48,,2015,,,2019,용산KCC웰츠타워,문배동,"29,400",용산구,3,0,28,38.1,,,11-10,11170,6
49,,2007,,,2019,용산씨제이나인파크,문배동,"40,000",용산구,3,0,29,54.96,,,24-6,11170,4
50,,2005,,,2019,용산파크자이,한강로1가,"27,500",용산구,3,0,1,37.26,,,50-1,11170,3
51,,2005,,,2019,용산파크자이,한강로1가,"10,000",용산구,3,60,4,37.26,,,50-1,11170,23
52,,2005,,,2019,용산파크자이,한강로1가,"1,000",용산구,3,105,8,37.26,,,50-1,11170,9
53,,2007,,,2019,대우 월드마크 용산,한강로1가,"3,000",용산구,3,240,8,104.29,,,64,11170,26
54,,2005,,,2019,용산파크자이,한강로1가,"29,000",용산구,3,0,9,37.26,,,50-1,11170,30
55,,2007,,,2019,대우 월드마크 용산,한강로1가,"37,000",용산구,3,0,9,83.07,,,64,11170,24
56,,2005,,,2019,용산파크자이,한강로1가,"29,000",용산구,3,0,16,39.03,,,50-1,11170,23
57,,2005,,,2019,용산파크자이,한강로1가,"23,000",용산구,3,0,23,31.83,,,50-1,11170,25
58,,2004,,,2019,한강로 대우아이빌,한강로2가,"5,000",용산구,3,55,3,33.54,,,2-11,11170,3
59,,2017,,,2019,용산푸르지오써밋,한강로2가,"10,000",용산구,3,100,4,25.65,,,420,11170,24
60,,2004,,,2019,대우디오빌한강로오피스텔,한강로2가,"7,000",용산구,3,55,6,30.64,,,312-4,11170,5
61,,2004,,,2019,대우디오빌한강로오피스텔,한강로2가,"14,000",용산구,3,20,7,32.85,,,312-4,11170,7
62,,2005,,,2019,한강현대하이엘,한강로2가,"21,000",용산구,3,0,8,42.32,,,2-36,11170,8
63,,2005,,,2019,한강현대하이엘,한강로2가,"10,000",용산구,3,50,13,41.8,,,2-36,11170,4
64,,2005,,,2019,한강로벽산메가트리움,한강로2가,"20,000",용산구,3,0,14,29.55,,,2-8,11170,7
65,,2017,,,2019,용산푸르지오써밋,한강로2가,"29,000",용산구,3,0,18,26.7,,,420,11170,21
66,,2005,,,2019,한강로벽산메가트리움,한강로2가,"23,000",용산구,3,0,29,29.54,,,2-8,11170,24
67,,2006,,,2019,지에스 한강에클라스,한강로3가,"18,500",용산구,3,0,4,35.06,,,16-85,11170,7
68,,2004,,,2019,한강대우트럼프월드3,한강로3가,"55,000",용산구,3,0,7,105.4,,,65-230,11170,30
69,,2004,,,2019,한강대우트럼프월드3,한강로3가,"26,000",용산구,3,0,13,39.7,,,65-230,11170,20
70,,2004,,,2019,한강대우트럼프월드3,한강로3가,"36,000",용산구,3,0,16,48.53,,,65-230,11170,26
71,,2007,,,2019,용산 시티파크(63-387),한강로3가,"37,000",용산구,3,0,23,43.77,,,63-387,11170,3
0,,2004,,,2019,갈월동 에이트리움,갈월동,"19,000",용산구,4,0,22,30.97,,,101-49,11170,6
1,,2015,,,2019,트윈시티 남산,동자동,500,용산구,4,95,22,21.71,,,56,11170,4
2,,2019,,,2019,하람 휴,원효로1가,"26,000",용산구,4,0,7,29.56,,,28-10,11170,8
3,,2018,,,2019,용산2차휴먼타운,원효로1가,"25,500",용산구,4,0,10,29.94,,,120-22,11170,13
4,,2019,,,2019,하람 휴,원효로1가,"26,000",용산구,4,0,10,29.56,,,28-10,11170,5
5,,2004,,,2019,디아뜨 센트럴,원효로1가,"15,000",용산구,4,0,16,25.5,,,112-4,11170,14
6,,2018,,,2019,용산파크뷰,원효로1가,"26,500",용산구,4,0,22,36.2,,,46-3,11170,2
7,,2004,,,2019,디아뜨 센트럴,원효로1가,"6,000",용산구,4,40,25,25.19,,,112-4,11170,11
8,,2014,,,2019,아인하우스,원효로3가,"13,600",용산구,4,0,23,21.27,,,277-36,11170,5
9,,2004,,,2019,용문 하이오피스텔,용문동,"1,000",용산구,4,55,10,28.95,,,10-4,11170,5
10,,2017,,,2019,용산 리브,문배동,"27,000",용산구,4,0,2,36.06,,,10-3,11170,10
11,,2013,,,2019,용산큐브,문배동,"17,500",용산구,4,0,2,17.46,,,24-4,11170,12
12,,2015,,,2019,용산KCC웰츠타워,문배동,"1,000",용산구,4,90,5,29.97,,,11-10,11170,6
13,,2007,,,2019,이안용산프리미어,문배동,"39,000",용산구,4,0,6,72.46,,,3-3,11170,6
14,,2015,,,2019,용산KCC웰츠타워,문배동,"1,000",용산구,4,90,8,29.69,,,11-10,11170,5
15,,2004,,,2019,지오베르크,문배동,"3,000",용산구,4,100,11,51.92,,,17-1,11170,3
16,,2015,,,2019,용산KCC웰츠타워,문배동,"20,000",용산구,4,45,13,38.19,,,11-10,11170,8
17,,2005,,,2019,이안 용산1차(11-14),문배동,"37,500",용산구,4,0,15,63.2,,,11-14,11170,7
18,,2017,,,2019,용산 리브,문배동,"30,000",용산구,4,0,17,42.25,,,10-3,11170,9
19,,2007,,,2019,용산아크로타워,문배동,"35,000",용산구,4,0,19,48.28,,,24-21,11170,8
20,,2007,,,2019,이안용산프리미어,문배동,"26,000",용산구,4,0,20,39.3,,,3-3,11170,6
21,,2007,,,2019,이안용산프리미어,문배동,"10,000",용산구,4,105,20,64.41,,,3-3,11170,5
22,,2013,,,2019,용산큐브,문배동,"10,000",용산구,4,30,20,17.46,,,24-4,11170,6
23,,2015,,,2019,용산KCC웰츠타워,문배동,"40,000",용산구,4,0,22,59.57,,,11-10,11170,4
24,,2015,,,2019,용산KCC웰츠타워,문배동,"30,000",용산구,4,0,24,37.24,,,11-10,11170,6
25,,2015,,,2019,용산KCC웰츠타워,문배동,"24,000",용산구,4,0,25,29.69,,,11-10,11170,3
26,,2007,,,2019,이안용산프리미어,문배동,"3,000",용산구,4,60,25,24.78,,,3-3,11170,2
27,,2010,,,2019,리첸시아 용산B,문배동,"15,000",용산구,4,50,26,40.23,,,40-31,11170,3
28,,2007,,,2019,이안용산프리미어,문배동,"12,000",용산구,4,40,27,39.3,,,3-3,11170,4
29,,2015,,,2019,용산KCC웰츠타워,문배동,"24,500",용산구,4,0,27,34.06,,,11-10,11170,3
30,,2013,,,2019,용산큐브,문배동,"1,000",용산구,4,65,27,17.46,,,24-4,11170,10
31,,2015,,,2019,용산KCC웰츠타워,문배동,"27,000",용산구,4,0,30,38.95,,,11-10,11170,8
32,,2017,,,2019,용산 리브,문배동,"26,700",용산구,4,0,30,36.06,,,10-3,11170,11
33,,2007,,,2019,대우 월드마크 용산,한강로1가,"65,000",용산구,4,0,8,104.29,,,64,11170,36
34,,2005,,,2019,용산파크자이,한강로1가,"28,000",용산구,4,0,20,39.03,,,50-1,11170,3
35,,2005,,,2019,용산파크자이,한강로1가,"12,000",용산구,4,35,27,33.6,,,50-1,11170,17
36,,2005,,,2019,용산파크자이,한강로1가,"1,000",용산구,4,110,29,38.1,,,50-1,11170,29
37,,,,,2019,래미안 용산 더 센트럴,한강로2가,"36,700",용산구,4,0,6,47.65,,,422,11170,15
38,,2005,,,2019,한강로벽산메가트리움,한강로2가,"10,000",용산구,4,50,6,32.15,,,2-8,11170,11
39,,2004,,,2019,한강로 대우아이빌,한강로2가,"20,000",용산구,4,0,8,34.83,,,2-11,11170,5
40,,2005,,,2019,한강로벽산메가트리움,한강로2가,"20,500",용산구,4,0,9,29.54,,,2-8,11170,6
41,,,,,2019,래미안 용산 더 센트럴,한강로2가,"44,000",용산구,4,0,15,53,,,422,11170,13
42,,2004,,,2019,대우디오빌한강로오피스텔,한강로2가,"19,000",용산구,4,0,16,32.19,,,312-4,11170,17
43,,2017,,,2019,용산푸르지오써밋,한강로2가,"47,000",용산구,4,0,20,48.72,,,420,11170,26
44,,2005,,,2019,한강현대하이엘,한강로2가,"5,000",용산구,4,70,22,41.82,,,2-36,11170,8
45,,2017,,,2019,용산푸르지오써밋,한강로2가,"20,000",용산구,4,9,22,26.7,,,420,11170,25
46,,2012,,,2019,위너스타워,한강로2가,"10,000",용산구,4,0,24,40.05,,,2-132,11170,10
47,,2004,,,2019,한강로 대우아이빌,한강로2가,"21,500",용산구,4,0,25,34.83,,,2-11,11170,6
48,,,,,2019,래미안 용산 더 센트럴,한강로2가,"30,000",용산구,4,59,26,47.65,,,422,11170,9
49,,2005,,,2019,한강로벽산메가트리움,한강로2가,"22,000",용산구,4,0,27,29.54,,,2-8,11170,28
50,,2005,,,2019,한강현대하이엘,한강로2가,"21,000",용산구,4,0,30,40.28,,,2-36,11170,15
51,,2006,,,2019,지에스 한강에클라스,한강로3가,"18,300",용산구,4,0,3,35.06,,,16-85,11170,7
52,,2004,,,2019,한강대우트럼프월드3,한강로3가,"1,000",용산구,4,115,3,39.7,,,65-230,11170,28
53,,2006,,,2019,지에스 한강에클라스,한강로3가,"4,000",용산구,4,55,18,35.06,,,16-85,11170,9
54,,2007,,,2019,용산 시티파크(63-389),한강로3가,"5,000",용산구,4,150,20,64.73,,,63-389,11170,5
55,,2004,,,2019,언고오피스텔,한남동,500,용산구,4,60,1,19.9,,,72-17,11170,3
56,,2004,,,2019,언고오피스텔,한남동,"12,000",용산구,4,0,3,21.33,,,72-17,11170,5
57,,2005,,,2019,로얄샤르망,한남동,"5,000",용산구,4,280,10,114.66,,,274-1,11170,6
0,,2004,,,2019,갈월동 에이트리움,갈월동,"20,700",용산구,5,0,9,31.1,,,101-49,11170,17
1,,2004,,,2019,갈월동 에이트리움,갈월동,"20,000",용산구,5,0,13,30.97,,,101-49,11170,18
2,,2004,,,2019,그린빌파크,갈월동,"1,000",용산구,5,50,23,23.01,,,53-19,11170,3
3,,2015,,,2019,트윈시티 남산,동자동,"1,000",용산구,5,85,7,21.71,,,56,11170,3
4,,2004,,,2019,디아뜨 센트럴,원효로1가,"15,000",용산구,5,0,4,25.5,,,112-4,11170,2
5,,2018,,,2019,용산2차휴먼타운,원효로1가,"25,800",용산구,5,0,20,29.37,,,120-22,11170,16
6,,2004,,,2019,디아뜨 센트럴,원효로1가,"14,500",용산구,5,0,27,25.5,,,112-4,11170,8
7,,2017,,,2019,용산1차휴먼타운,원효로1가,"27,000",용산구,5,0,28,29.97,,,120-20,11170,14
8,,2018,,,2019,용산2차휴먼타운,원효로1가,"24,000",용산구,5,0,30,29.94,,,120-22,11170,8
9,,2014,,,2019,아인하우스,원효로3가,"15,000",용산구,5,0,1,23.04,,,277-36,11170,7
10,,2014,,,2019,아인하우스,원효로3가,"15,000",용산구,5,0,8,24.48,,,277-36,11170,5
11,,2015,,,2019,용산KCC웰츠타워,문배동,"14,000",용산구,5,40,1,29.32,,,11-10,11170,4
12,,2013,,,2019,용산큐브,문배동,"17,500",용산구,5,0,1,17.46,,,24-4,11170,9
13,,2017,,,2019,용산 리브,문배동,"32,500",용산구,5,0,2,45.92,,,10-3,11170,7
14,,2015,,,2019,용산KCC웰츠타워,문배동,"26,000",용산구,5,0,3,31.37,,,11-10,11170,7
15,,2015,,,2019,용산KCC웰츠타워,문배동,"34,500",용산구,5,0,7,47.54,,,11-10,11170,8
16,,2012,,,2019,프라임펠리스,문배동,"12,000",용산구,5,30,7,27.83,,,24-8,11170,7
17,,2015,,,2019,용산KCC웰츠타워,문배동,"21,750",용산구,5,0,8,37.24,,,11-10,11170,7
18,,2013,,,2019,용산큐브,문배동,"16,500",용산구,5,0,9,17.46,,,24-4,11170,5
19,,2007,,,2019,이안용산프리미어,문배동,"39,000",용산구,5,0,10,72.99,,,3-3,11170,4
20,,2017,,,2019,용산 리브,문배동,"15,000",용산구,5,45,10,42.25,,,10-3,11170,7
21,,2004,,,2019,지오베르크,문배동,"2,000",용산구,5,70,10,31.35,,,17-1,11170,3
22,,2015,,,2019,용산KCC웰츠타워,문배동,"18,500",용산구,5,0,11,24.06,,,11-10,11170,3
23,,2015,,,2019,용산KCC웰츠타워,문배동,"27,000",용산구,5,0,14,38.95,,,11-10,11170,4
24,,2007,,,2019,용산씨제이나인파크,문배동,"30,000",용산구,5,0,14,42.5,,,24-6,11170,9
25,,2004,,,2019,삼라마이다스빌,문배동,"16,000",용산구,5,0,14,28.23,,,40-19,11170,6
26,,2017,,,2019,용산 리브,문배동,"15,000",용산구,5,40,15,36.06,,,10-3,11170,6
27,,2015,,,2019,용산KCC웰츠타워,문배동,"20,000",용산구,5,0,18,23.44,,,11-10,11170,6
28,,2007,,,2019,용산씨제이나인파크,문배동,"34,000",용산구,5,0,23,70.92,,,24-6,11170,5
29,,2004,,,2019,지오베르크,문배동,"30,000",용산구,5,0,24,51.92,,,17-1,11170,3
30,,2012,,,2019,프라임펠리스,문배동,"21,800",용산구,5,0,24,27.83,,,24-8,11170,12
31,,2012,,,2019,프라임펠리스,문배동,"14,000",용산구,5,0,25,18.77,,,24-8,11170,8
32,,2015,,,2019,용산KCC웰츠타워,문배동,"2,000",용산구,5,95,29,38.48,,,11-10,11170,8
33,,2015,,,2019,용산KCC웰츠타워,문배동,"40,000",용산구,5,0,31,58.55,,,11-10,11170,7
34,,2013,,,2019,용산큐브,문배동,"17,000",용산구,5,0,31,17.46,,,24-4,11170,10
35,,2007,,,2019,대우 월드마크 용산,한강로1가,"63,000",용산구,5,0,1,104.29,,,64,11170,21
36,,2005,,,2019,용산파크자이,한강로1가,"31,000",용산구,5,0,5,42.39,,,50-1,11170,27
37,,2005,,,2019,용산파크자이,한강로1가,"9,000",용산구,5,35,13,28.46,,,50-1,11170,13
38,,2005,,,2019,용산파크자이,한강로1가,"10,000",용산구,5,50,17,36.13,,,50-1,11170,11
39,,2005,,,2019,용산파크자이,한강로1가,"26,500",용산구,5,0,17,33.6,,,50-1,11170,33
40,,2017,,,2019,용산푸르지오써밋,한강로2가,"3,000",용산구,5,98,1,29.85,,,420,11170,29
41,,2012,,,2019,아스테리움 용산,한강로2가,"39,000",용산구,5,0,3,49.66,,,419,11170,14
42,,2017,,,2019,용산푸르지오써밋,한강로2가,"26,250",용산구,5,0,7,29.85,,,420,11170,22
43,,2005,,,2019,한강로벽산메가트리움,한강로2가,"9,000",용산구,5,45,7,33.02,,,2-8,11170,21
44,,2017,,,2019,용산푸르지오써밋,한강로2가,"2,000",용산구,5,100,8,25.65,,,420,11170,34
45,,,,,2019,래미안 용산 더 센트럴,한강로2가,"27,000",용산구,5,48,9,50.74,,,422,11170,8
46,,,,,2019,래미안 용산 더 센트럴,한강로2가,"34,500",용산구,5,0,15,51.84,,,422,11170,7
47,,2006,,,2019,용산 토투벨리,한강로2가,"21,490",용산구,5,0,17,33.93,,,2-37,11170,11
48,,2005,,,2019,한강로벽산메가트리움,한강로2가,"1,000",용산구,5,78,23,33.02,,,2-8,11170,24
49,,2005,,,2019,한강로벽산메가트리움,한강로2가,"20,000",용산구,5,0,24,30.29,,,2-8,11170,28
50,,2005,,,2019,한강로벽산메가트리움,한강로2가,"22,000",용산구,5,0,25,32.15,,,2-8,11170,21
51,,2004,,,2019,대우디오빌한강로오피스텔,한강로2가,"19,000",용산구,5,0,29,29.66,,,312-4,11170,11
52,,2017,,,2019,용산푸르지오써밋,한강로2가,"3,000",용산구,5,135,29,40.39,,,420,11170,23
53,,2005,,,2019,한강로벽산메가트리움,한강로2가,"12,000",용산구,5,44,31,30.29,,,2-8,11170,21
54,,2007,,,2019,용산 시티파크(63-387),한강로3가,"3,000",용산구,5,135,13,43.77,,,63-387,11170,2
55,,2004,,,2019,한강대우트럼프월드3,한강로3가,"25,000",용산구,5,0,20,30.91,,,65-230,11170,7
56,,2004,,,2019,한강대우트럼프월드3,한강로3가,"5,000",용산구,5,70,22,30.91,,,65-230,11170,29
0,,2004,,,2019,갈월동 에이트리움,갈월동,"5,000",용산구,6,40,4,30.97,,,101-49,11170,20
1,,2015,,,2019,트윈시티 남산,동자동,"1,000",용산구,6,85,5,21.52,,,56,11170,11
2,,2015,,,2019,트윈시티 남산,동자동,"1,000",용산구,6,100,10,27.42,,,56,11170,25
3,,2015,,,2019,트윈시티 남산,동자동,"1,000",용산구,6,85,14,21.71,,,56,11170,19
4,,2015,,,2019,트윈시티 남산,동자동,"1,000",용산구,6,100,28,28.33,,,56,11170,14
5,,2018,,,2019,용산2차휴먼타운,원효로1가,"27,000",용산구,6,0,1,29.37,,,120-22,11170,17
6,,2019,,,2019,하람 휴,원효로1가,"28,000",용산구,6,0,17,29.56,,,28-10,11170,13
7,,2004,,,2019,디아뜨 센트럴,원효로1가,"19,000",용산구,6,0,22,37.17,,,112-4,11170,5
8,,2019,,,2019,하람 휴,원효로1가,"27,000",용산구,6,0,23,29.56,,,28-10,11170,12
9,,2004,,,2019,용문 하이오피스텔,용문동,"1,000",용산구,6,55,13,28.95,,,10-4,11170,3
10,,2017,,,2019,용산 리브,문배동,"28,000",용산구,6,0,1,36.06,,,10-3,11170,13
11,,2017,,,2019,용산 리브,문배동,"15,000",용산구,6,50,3,42.25,,,10-3,11170,4
12,,2015,,,2019,용산KCC웰츠타워,문배동,"26,000",용산구,6,0,4,38.95,,,11-10,11170,3
13,,2015,,,2019,용산KCC웰츠타워,문배동,"27,000",용산구,6,0,5,38.95,,,11-10,11170,5
14,,2018,,,2019,G&P 용산파크,문배동,"27,000",용산구,6,0,7,39.73,,,11-34,11170,3
15,,2015,,,2019,용산KCC웰츠타워,문배동,"24,000",용산구,6,0,7,28.14,,,11-10,11170,7
16,,2005,,,2019,이안 용산1차,문배동,"3,000",용산구,6,65,10,26.44,,,7-6,11170,9
17,,2004,,,2019,지오베르크,문배동,"5,000",용산구,6,70,11,43.37,,,17-1,11170,3
18,,2015,,,2019,용산KCC웰츠타워,문배동,"1,000",용산구,6,85,11,30.2,,,11-10,11170,4
19,,2007,,,2019,용산씨제이나인파크,문배동,"40,000",용산구,6,0,12,54.96,,,24-6,11170,12
20,,2007,,,2019,용산아크로타워,문배동,"2,000",용산구,6,100,15,38.37,,,24-21,11170,3
21,,2007,,,2019,용산아크로타워,문배동,"33,000",용산구,6,0,16,46.29,,,24-21,11170,9
22,,2007,,,2019,용산아크로타워,문배동,"37,000",용산구,6,0,16,51.45,,,24-21,11170,7
23,,2013,,,2019,용산큐브,문배동,"17,800",용산구,6,0,17,17.46,,,24-4,11170,8
24,,2007,,,2019,용산씨제이나인파크,문배동,"37,000",용산구,6,20,21,70.92,,,24-6,11170,7
25,,2004,,,2019,삼라마이다스빌,문배동,"16,000",용산구,6,0,22,28.23,,,40-19,11170,3
26,,2004,,,2019,삼라마이다스빌,문배동,"16,000",용산구,6,0,22,25.11,,,40-19,11170,7
27,,2007,,,2019,이안용산프리미어,문배동,"38,500",용산구,6,0,22,72.46,,,3-3,11170,3
28,,2015,,,2019,용산KCC웰츠타워,문배동,"39,500",용산구,6,0,22,53.8,,,11-10,11170,8
29,,2013,,,2019,용산큐브,문배동,"17,000",용산구,6,0,23,17.46,,,24-4,11170,6
30,,2007,,,2019,용산씨제이나인파크,문배동,"39,900",용산구,6,0,25,71.39,,,24-6,11170,9
31,,2015,,,2019,용산KCC웰츠타워,문배동,"26,000",용산구,6,0,27,36.8,,,11-10,11170,8
32,,2007,,,2019,용산씨제이나인파크,문배동,"42,000",용산구,6,0,28,71.39,,,24-6,11170,9
33,,2010,,,2019,리첸시아 용산B,문배동,"34,000",용산구,6,0,28,47.51,,,40-31,11170,3
34,,2010,,,2019,리첸시아 용산B,문배동,"34,000",용산구,6,0,28,47.51,,,40-31,11170,3
35,,2007,,,2019,용산아크로타워,문배동,"26,000",용산구,6,0,28,35.6,,,24-21,11170,7
36,,2007,,,2019,이안용산프리미어,문배동,"42,000",용산구,6,0,29,72.46,,,3-3,11170,5
37,,2010,,,2019,리첸시아 용산B,문배동,"4,000",용산구,6,130,29,56.1,,,40-31,11170,3
38,,2005,,,2019,용산파크자이,한강로1가,"30,000",용산구,6,0,12,39.25,,,50-1,11170,25
39,,2005,,,2019,용산파크자이,한강로1가,"1,000",용산구,6,95,15,37.26,,,50-1,11170,21
40,,2005,,,2019,용산파크자이,한강로1가,"35,000",용산구,6,0,15,52.58,,,50-1,11170,13
41,,2005,,,2019,용산파크자이,한강로1가,"27,000",용산구,6,0,25,31.83,,,50-1,11170,31
42,,2004,,,2019,한강로 대우아이빌,한강로2가,"22,000",용산구,6,0,1,39.76,,,2-11,11170,4
43,,,,,2019,래미안 용산 더 센트럴,한강로2가,"34,600",용산구,6,0,1,48.57,,,422,11170,11
44,,2012,,,2019,위너스타워,한강로2가,"13,000",용산구,6,0,5,30.26,,,2-132,11170,2
45,,2004,,,2019,대우디오빌한강로오피스텔,한강로2가,"21,000",용산구,6,0,5,36.69,,,312-4,11170,9
46,,2017,,,2019,용산푸르지오써밋,한강로2가,"1,500",용산구,6,100,6,25.65,,,420,11170,37
47,,2012,,,2019,위너스타워,한강로2가,"14,000",용산구,6,0,7,30.26,,,2-132,11170,7
48,,,,,2019,래미안 용산 더 센트럴,한강로2가,"2,000",용산구,6,126,8,48.57,,,422,11170,9
49,,,,,2019,래미안 용산 더 센트럴,한강로2가,"2,000",용산구,6,133,8,48.57,,,422,11170,9
50,,2004,,,2019,한강로 대우아이빌,한강로2가,"19,000",용산구,6,0,10,33.54,,,2-11,11170,3
51,,2005,,,2019,한강로벽산메가트리움,한강로2가,"20,000",용산구,6,0,10,30.29,,,2-8,11170,15
52,,,,,2019,래미안 용산 더 센트럴,한강로2가,"32,550",용산구,6,0,13,51.84,,,422,11170,8
53,,2004,,,2019,한강로 대우아이빌,한강로2가,"22,000",용산구,6,0,14,37.85,,,2-11,11170,7
54,,2017,,,2019,용산푸르지오써밋,한강로2가,"31,500",용산구,6,0,14,48.72,,,420,11170,20
55,,2017,,,2019,용산푸르지오써밋,한강로2가,"22,000",용산구,6,5,15,26.7,,,420,11170,23
56,,2004,,,2019,대우디오빌한강로오피스텔,한강로2가,"22,000",용산구,6,0,18,33.95,,,312-4,11170,9
57,,2005,,,2019,한강로벽산메가트리움,한강로2가,"23,000",용산구,6,0,21,32.15,,,2-8,11170,25
58,,2017,,,2019,용산푸르지오써밋,한강로2가,"15,000",용산구,6,26,22,26.7,,,420,11170,22
59,,,,,2019,래미안 용산 더 센트럴,한강로2가,"10,000",용산구,6,70,25,47.65,,,422,11170,6
60,,2004,,,2019,한강로 대우아이빌,한강로2가,"1,000",용산구,6,75,26,35.28,,,2-11,11170,9
61,,2004,,,2019,한강로 대우아이빌,한강로2가,"5,000",용산구,6,55,26,35.28,,,2-11,11170,7
62,,2017,,,2019,용산푸르지오써밋,한강로2가,"32,550",용산구,6,0,27,46.29,,,420,11170,39
63,,2004,,,2019,한강로 대우아이빌,한강로2가,100,용산구,6,100,28,33.54,,,2-11,11170,4
64,,2005,,,2019,한강로벽산메가트리움,한강로2가,"1,000",용산구,6,70,29,29.54,,,2-8,11170,9
65,,2017,,,2019,용산푸르지오써밋,한강로2가,"24,150",용산구,6,0,29,26.7,,,420,11170,17
66,,2005,,,2019,한강현대하이엘,한강로2가,"20,000",용산구,6,0,29,42.32,,,2-36,11170,13
67,,2009,,,2019,파크타워,용산동5가,"45,000",용산구,6,0,22,84.3,,,24,11170,16
68,,2009,,,2019,파크타워,용산동5가,"55,000",용산구,6,0,22,84.3,,,24,11170,5
69,,2007,,,2019,용산 시티파크(63-387),한강로3가,"40,000",용산구,6,0,3,45.51,,,63-387,11170,3
70,,2006,,,2019,지에스 한강에클라스,한강로3가,"17,000",용산구,6,0,3,35.06,,,16-85,11170,11
71,,2004,,,2019,한강대우트럼프월드3,한강로3가,"12,000",용산구,6,38,15,30.91,,,65-230,11170,9
72,,2004,,,2019,한강대우트럼프월드3,한강로3가,"1,000",용산구,6,75,25,25.52,,,65-230,11170,14
0,,2004,,,2019,갈월동 에이트리움,갈월동,"9,000",용산구,7,0,1,30.97,,,101-49,11170,8
1,,2004,,,2019,갈월동 에이트리움,갈월동,"19,000",용산구,7,0,30,31.1,,,101-49,11170,6
2,,2015,,,2019,트윈시티 남산,동자동,"1,000",용산구,7,85,5,21.71,,,56,11170,8
3,,2013,,,2019,센트레빌아스테리움서울,동자동,"32,000",용산구,7,0,24,47.39,,,45,11170,16
4,,2004,,,2019,디아뜨 센트럴,원효로1가,"13,600",용산구,7,0,5,25.5,,,112-4,11170,2
5,,2004,,,2019,디아뜨 센트럴,원효로1가,"15,000",용산구,7,0,6,25.5,,,112-4,11170,4
6,,2004,,,2019,디아뜨 센트럴,원효로1가,"15,000",용산구,7,0,6,25.19,,,112-4,11170,7
7,,2019,,,2019,하람 휴,원효로1가,"22,000",용산구,7,0,6,29.56,,,28-10,11170,14
8,,2004,,,2019,디아뜨 센트럴,원효로1가,"17,000",용산구,7,20,8,37.17,,,112-4,11170,6
9,,2017,,,2019,용산1차휴먼타운,원효로1가,"25,000",용산구,7,0,9,33.61,,,120-20,11170,5
10,,2019,,,2019,하람 휴,원효로1가,"17,000",용산구,7,0,9,24.29,,,28-10,11170,3
11,,2004,,,2019,디아뜨 센트럴,원효로1가,"14,500",용산구,7,0,18,25.19,,,112-4,11170,6
12,,2019,,,2019,하람 휴,원효로1가,"25,000",용산구,7,0,20,29.56,,,28-10,11170,9
13,,2019,,,2019,하람 휴,원효로1가,"24,000",용산구,7,0,23,27.27,,,28-10,11170,11
14,,2014,,,2019,아인하우스,원효로3가,"16,000",용산구,7,0,12,26.88,,,277-36,11170,5
15,,2014,,,2019,아인하우스,원효로3가,"14,500",용산구,7,0,21,23.04,,,277-36,11170,3
16,,2013,,,2019,용산큐브,문배동,"3,000",용산구,7,50,2,17.46,,,24-4,11170,3
17,,2010,,,2019,리첸시아 용산B,문배동,"27,000",용산구,7,0,4,36.23,,,40-31,11170,2
18,,2013,,,2019,용산큐브,문배동,"17,000",용산구,7,0,5,17.46,,,24-4,11170,10
19,,2013,,,2019,용산큐브,문배동,"1,000",용산구,7,65,5,17.46,,,24-4,11170,10
20,,2017,,,2019,용산 리브,문배동,"2,000",용산구,7,100,6,45.92,,,10-3,11170,12
21,,2015,,,2019,용산KCC웰츠타워,문배동,"1,000",용산구,7,93,6,30,,,11-10,11170,6
22,,2015,,,2019,용산KCC웰츠타워,문배동,"40,000",용산구,7,0,6,59.57,,,11-10,11170,4
23,,2017,,,2019,용산 리브,문배동,"28,500",용산구,7,0,6,42.25,,,10-3,11170,12
24,,2015,,,2019,용산KCC웰츠타워,문배동,"25,500",용산구,7,0,9,34.06,,,11-10,11170,4
25,,2015,,,2019,용산KCC웰츠타워,문배동,"20,000",용산구,7,25,9,29.97,,,11-10,11170,5
26,,2015,,,2019,용산KCC웰츠타워,문배동,"27,000",용산구,7,0,9,32.84,,,11-10,11170,7
27,,2017,,,2019,용산 리브,문배동,"29,000",용산구,7,0,10,42.25,,,10-3,11170,9
28,,2004,,,2019,지오베르크,문배동,"5,000",용산구,7,55,10,31.35,,,17-1,11170,3
29,,2005,,,2019,이안 용산1차(11-14),문배동,"22,000",용산구,7,40,10,63.2,,,11-14,11170,4
30,,2013,,,2019,용산큐브,문배동,"2,000",용산구,7,60,11,17.46,,,24-4,11170,12
31,,2007,,,2019,용산씨제이나인파크,문배동,"43,000",용산구,7,0,12,70.92,,,24-6,11170,5
32,,2015,,,2019,용산KCC웰츠타워,문배동,"1,000",용산구,7,120,13,37.24,,,11-10,11170,8
33,,2012,,,2019,프라임펠리스,문배동,"3,000",용산구,7,50,15,18.55,,,24-8,11170,11
34,,2013,,,2019,용산큐브,문배동,500,용산구,7,70,20,17.46,,,24-4,11170,9
35,,2007,,,2019,용산씨제이나인파크,문배동,"33,000",용산구,7,0,22,44.43,,,24-6,11170,8
36,,2007,,,2019,이안용산프리미어,문배동,"40,500",용산구,7,0,22,72.46,,,3-3,11170,2
37,,2013,,,2019,용산큐브,문배동,"16,000",용산구,7,0,23,17.46,,,24-4,11170,8
38,,2007,,,2019,용산아크로타워,문배동,"34,000",용산구,7,0,23,46.29,,,24-21,11170,6
39,,2007,,,2019,이안용산프리미어,문배동,"45,000",용산구,7,0,23,84.51,,,3-3,11170,3
40,,2004,,,2019,지오베르크,문배동,"26,000",용산구,7,0,24,42.31,,,17-1,11170,2
41,,2012,,,2019,프라임펠리스,문배동,"15,500",용산구,7,0,24,18.55,,,24-8,11170,7
42,,2013,,,2019,용산큐브,문배동,"1,000",용산구,7,63,27,17.46,,,24-4,11170,5
43,,2013,,,2019,용산큐브,문배동,"1,000",용산구,7,65,27,17.46,,,24-4,11170,8
44,,2015,,,2019,용산KCC웰츠타워,문배동,"27,000",용산구,7,0,30,38.1,,,11-10,11170,8
45,,2005,,,2019,이안 용산1차(11-29),문배동,"24,000",용산구,7,0,30,39.2,,,11-29,11170,12
46,,2007,,,2019,용산아크로타워,문배동,"30,000",용산구,7,0,30,38.37,,,24-21,11170,8
47,,2005,,,2019,용산파크자이,한강로1가,"1,000",용산구,7,90,1,36.13,,,50-1,11170,13
48,,2005,,,2019,용산파크자이,한강로1가,"30,000",용산구,7,0,5,42.39,,,50-1,11170,17
49,,2005,,,2019,용산파크자이,한강로1가,"22,000",용산구,7,30,6,39.25,,,50-1,11170,19
50,,2007,,,2019,대우 월드마크 용산,한강로1가,"3,000",용산구,7,253,13,104.29,,,64,11170,14
51,,2005,,,2019,용산파크자이,한강로1가,"26,000",용산구,7,0,13,31.83,,,50-1,11170,35
52,,2005,,,2019,용산파크자이,한강로1가,"25,000",용산구,7,30,31,52.84,,,50-1,11170,6
53,,2004,,,2019,한강로 대우아이빌,한강로2가,"21,000",용산구,7,0,3,36.64,,,2-11,11170,5
54,,2017,,,2019,용산푸르지오써밋,한강로2가,"19,000",용산구,7,0,3,25.65,,,420,11170,23
55,,2017,,,2019,용산푸르지오써밋,한강로2가,"19,950",용산구,7,0,3,25.65,,,420,11170,23
56,,,,,2019,래미안 용산 더 센트럴,한강로2가,"20,000",용산구,7,90,6,53,,,422,11170,8
57,,2012,,,2019,아스테리움 용산,한강로2가,"44,000",용산구,7,0,10,49.66,,,419,11170,25
58,,2005,,,2019,한강로벽산메가트리움,한강로2가,"12,000",용산구,7,34,11,30.29,,,2-8,11170,21
59,,2004,,,2019,대우디오빌한강로오피스텔,한강로2가,"21,500",용산구,7,0,12,33.95,,,312-4,11170,15
60,,2005,,,2019,한강로벽산메가트리움,한강로2가,"19,800",용산구,7,0,13,30.35,,,2-8,11170,6
61,,2017,,,2019,용산푸르지오써밋,한강로2가,"30,000",용산구,7,0,13,26.7,,,420,11170,22
62,,2005,,,2019,한강현대하이엘,한강로2가,"20,000",용산구,7,0,13,39.37,,,2-36,11170,14
63,,2005,,,2019,한강로벽산메가트리움,한강로2가,"20,000",용산구,7,0,13,29.54,,,2-8,11170,7
64,,,,,2019,래미안 용산 더 센트럴,한강로2가,"3,000",용산구,7,250,17,71.71,,,422,11170,8
65,,2004,,,2019,한강로 대우아이빌,한강로2가,"1,000",용산구,7,70,18,36.64,,,2-11,11170,2
66,,2017,,,2019,용산푸르지오써밋,한강로2가,"35,000",용산구,7,0,18,29.85,,,420,11170,37
67,,,,,2019,래미안 용산 더 센트럴,한강로2가,"37,000",용산구,7,0,19,51.84,,,422,11170,15
68,,2005,,,2019,한강로벽산메가트리움,한강로2가,"21,000",용산구,7,0,19,30.35,,,2-8,11170,19
69,,2005,,,2019,한강로벽산메가트리움,한강로2가,"22,000",용산구,7,0,20,30.06,,,2-8,11170,24
70,,2017,,,2019,용산푸르지오써밋,한강로2가,"45,000",용산구,7,0,23,46.29,,,420,11170,34
71,,2017,,,2019,용산푸르지오써밋,한강로2가,"23,625",용산구,7,0,24,27.75,,,420,11170,27
72,,2017,,,2019,용산푸르지오써밋,한강로2가,"30,000",용산구,7,16,26,44.7,,,420,11170,29
73,,2005,,,2019,한강로벽산메가트리움,한강로2가,"22,000",용산구,7,0,27,30.29,,,2-8,11170,28
74,,2017,,,2019,용산푸르지오써밋,한강로2가,"30,765",용산구,7,0,30,42.64,,,420,11170,31
75,,2009,,,2019,파크타워,용산동5가,"50,000",용산구,7,0,5,84.3,,,24,11170,6
76,,2009,,,2019,파크타워,용산동5가,"60,000",용산구,7,0,30,150.6,,,24,11170,16
77,,2006,,,2019,지에스 한강에클라스,한강로3가,"3,000",용산구,7,60,10,35.06,,,16-85,11170,9
78,,2004,,,2019,한강대우트럼프월드3,한강로3가,"24,000",용산구,7,0,16,30.91,,,65-230,11170,27
79,,2006,,,2019,지에스 한강에클라스,한강로3가,"24,000",용산구,7,0,18,46.42,,,16-85,11170,11
80,,2006,,,2019,지에스 한강에클라스,한강로3가,"14,000",용산구,7,0,27,27.48,,,16-85,11170,8
81,,2004,,,2019,언고오피스텔,한남동,"2,000",용산구,7,55,15,17.2,,,72-17,11170,6
0,,2004,,,2019,갈월동 에이트리움,갈월동,"1,000",용산구,8,75,15,33.77,,,101-49,11170,14
1,,2004,,,2019,그린빌파크,갈월동,"1,000",용산구,8,55,21,30.03,,,53-19,11170,2
2,,2015,,,2019,트윈시티 남산,동자동,"1,000",용산구,8,100,1,28.33,,,56,11170,21
3,,2015,,,2019,트윈시티 남산,동자동,"1,000",용산구,8,85,8,21.71,,,56,11170,4
4,,2013,,,2019,센트레빌아스테리움서울,동자동,"35,000",용산구,8,0,14,47.39,,,45,11170,14
5,,2019,,,2019,하람 휴,원효로1가,"25,000",용산구,8,0,1,27.27,,,28-10,11170,14
6,,2018,,,2019,용산2차휴먼타운,원효로1가,"24,000",용산구,8,0,10,29.94,,,120-22,11170,6
7,,2019,,,2019,하람 휴,원효로1가,"24,000",용산구,8,0,14,24.29,,,28-10,11170,7
8,,2018,,,2019,용산2차휴먼타운,원효로1가,"24,000",용산구,8,0,15,29.94,,,120-22,11170,7
9,,2017,,,2019,용산1차휴먼타운,원효로1가,"26,500",용산구,8,0,26,33.61,,,120-20,11170,8
10,,2019,,,2019,하람 휴,원효로1가,"16,000",용산구,8,45,26,29.56,,,28-10,11170,8
11,,2014,,,2019,아인하우스,원효로3가,"15,000",용산구,8,0,21,23.04,,,277-36,11170,4
12,,2004,,,2019,삼라마이다스빌,문배동,"2,000",용산구,8,60,2,28.23,,,40-19,11170,6
13,,2007,,,2019,용산씨제이나인파크,문배동,"35,000",용산구,8,0,7,44.43,,,24-6,11170,3
14,,2007,,,2019,용산아크로타워,문배동,"5,000",용산구,8,62,8,28.72,,,24-21,11170,4
15,,2013,,,2019,용산큐브,문배동,"1,000",용산구,8,70,9,17.46,,,24-4,11170,12
16,,2013,,,2019,용산큐브,문배동,500,용산구,8,70,9,17.46,,,24-4,11170,4
17,,2012,,,2019,프라임펠리스,문배동,"15,500",용산구,8,0,12,18.55,,,24-8,11170,11
18,,2015,,,2019,용산KCC웰츠타워,문배동,"24,000",용산구,8,0,17,29.97,,,11-10,11170,6
19,,2007,,,2019,용산아크로타워,문배동,"23,000",용산구,8,50,19,48.28,,,24-21,11170,5
20,,2007,,,2019,이안용산프리미어,문배동,"41,000",용산구,8,0,19,66.7,,,3-3,11170,3
21,,2017,,,2019,용산 리브,문배동,"30,000",용산구,8,0,20,42.25,,,10-3,11170,12
22,,2015,,,2019,용산KCC웰츠타워,문배동,"20,000",용산구,8,30,20,37.24,,,11-10,11170,6
23,,2007,,,2019,이안용산프리미어,문배동,"18,000",용산구,8,0,21,24.78,,,3-3,11170,4
24,,2013,,,2019,용산큐브,문배동,"17,300",용산구,8,0,21,17.46,,,24-4,11170,3
25,,2007,,,2019,이안용산프리미어,문배동,"42,000",용산구,8,0,22,73.86,,,3-3,11170,2
26,,2013,,,2019,용산큐브,문배동,"14,500",용산구,8,10,22,17.46,,,24-4,11170,3
27,,2007,,,2019,용산씨제이나인파크,문배동,"2,000",용산구,8,140,23,71.39,,,24-6,11170,11
28,,2007,,,2019,용산아크로타워,문배동,"39,000",용산구,8,0,23,51.45,,,24-21,11170,4
29,,2004,,,2019,삼라마이다스빌,문배동,"22,500",용산구,8,0,26,38.63,,,40-19,11170,7
30,,2015,,,2019,용산KCC웰츠타워,문배동,"38,000",용산구,8,0,26,58.55,,,11-10,11170,8
31,,2013,,,2019,용산큐브,문배동,"2,000",용산구,8,60,30,17.46,,,24-4,11170,5
32,,2007,,,2019,용산씨제이나인파크,문배동,"45,000",용산구,8,0,31,71.39,,,24-6,11170,3
33,,2005,,,2019,용산파크자이,한강로1가,"28,000",용산구,8,0,5,37.26,,,50-1,11170,8
34,,2005,,,2019,용산파크자이,한강로1가,"2,000",용산구,8,95,14,39.03,,,50-1,11170,28
35,,2007,,,2019,대우 월드마크 용산,한강로1가,"45,000",용산구,8,0,17,83.07,,,64,11170,4
36,,,,,2019,래미안 용산 더 센트럴,한강로2가,"33,000",용산구,8,0,1,47.65,,,422,11170,17
37,,2006,,,2019,용산 토투벨리,한강로2가,"21,000",용산구,8,0,1,33.93,,,2-37,11170,12
38,,2005,,,2019,한강로벽산메가트리움,한강로2가,"20,500",용산구,8,0,6,30.29,,,2-8,11170,3
39,,2005,,,2019,한강현대하이엘,한강로2가,"1,000",용산구,8,75,7,39.37,,,2-36,11170,9
40,,2004,,,2019,대우디오빌한강로오피스텔,한강로2가,"21,000",용산구,8,0,9,33.95,,,312-4,11170,10
41,,2017,,,2019,용산푸르지오써밋,한강로2가,"1,000",용산구,8,83,9,26.7,,,420,11170,20
42,,2005,,,2019,한강현대하이엘,한강로2가,"1,000",용산구,8,70,9,30.03,,,2-36,11170,7
43,,2017,,,2019,용산푸르지오써밋,한강로2가,"31,500",용산구,8,0,10,44.7,,,420,11170,21
44,,2017,,,2019,용산푸르지오써밋,한강로2가,"31,500",용산구,8,0,10,44.7,,,420,11170,24
45,,2017,,,2019,용산푸르지오써밋,한강로2가,"23,100",용산구,8,0,10,26.7,,,420,11170,32
46,,2017,,,2019,용산푸르지오써밋,한강로2가,"31,500",용산구,8,0,13,46,,,420,11170,32
47,,2005,,,2019,한강로벽산메가트리움,한강로2가,"22,500",용산구,8,0,15,32.15,,,2-8,11170,15
48,,2017,,,2019,용산푸르지오써밋,한강로2가,"22,500",용산구,8,0,15,26.59,,,420,11170,31
49,,2005,,,2019,한강로벽산메가트리움,한강로2가,"23,000",용산구,8,0,15,33.02,,,2-8,11170,14
50,,2004,,,2019,대우디오빌한강로오피스텔,한강로2가,"1,000",용산구,8,70,16,29.66,,,312-4,11170,16
51,,2017,,,2019,용산푸르지오써밋,한강로2가,"20,000",용산구,8,40,17,46,,,420,11170,38
52,,2017,,,2019,용산푸르지오써밋,한강로2가,"24,800",용산구,8,0,17,26.7,,,420,11170,26
53,,2017,,,2019,용산푸르지오써밋,한강로2가,"10,000",용산구,8,57,17,26.7,,,420,11170,28
54,,2012,,,2019,아스테리움 용산,한강로2가,"2,000",용산구,8,175,19,49.85,,,419,11170,22
55,,2017,,,2019,용산푸르지오써밋,한강로2가,"26,200",용산구,8,0,20,34.74,,,420,11170,32
56,,2004,,,2019,한강로 대우아이빌,한강로2가,"1,000",용산구,8,75,20,33.54,,,2-11,11170,4
57,,2005,,,2019,한강로벽산메가트리움,한강로2가,"21,000",용산구,8,0,20,33.02,,,2-8,11170,5
58,,2006,,,2019,용산 토투벨리,한강로2가,"30,000",용산구,8,0,21,52.19,,,2-37,11170,13
59,,2017,,,2019,용산푸르지오써밋,한강로2가,"20,000",용산구,8,4,24,26.7,,,420,11170,20
60,,,,,2019,래미안 용산 더 센트럴,한강로2가,"10,000",용산구,8,191,24,77.55,,,422,11170,13
61,,,,,2019,래미안 용산 더 센트럴,한강로2가,"2,000",용산구,8,127,25,51.84,,,422,11170,18
62,,2012,,,2019,아스테리움 용산,한강로2가,"39,000",용산구,8,0,26,49.66,,,419,11170,17
63,,2005,,,2019,한강현대하이엘,한강로2가,"24,000",용산구,8,0,28,41.8,,,2-36,11170,4
64,,2017,,,2019,용산푸르지오써밋,한강로2가,"3,000",용산구,8,140,29,44.7,,,420,11170,39
65,,2017,,,2019,용산푸르지오써밋,한강로2가,"20,000",용산구,8,14,31,27.75,,,420,11170,38
66,,2012,,,2019,아스테리움 용산,한강로2가,"43,000",용산구,8,0,31,49.98,,,419,11170,21
67,,2017,,,2019,용산푸르지오써밋,한강로2가,"44,000",용산구,8,0,31,46,,,420,11170,35
68,,2017,,,2019,용산푸르지오써밋,한강로2가,"29,925",용산구,8,0,31,45.66,,,420,11170,24
69,,2004,,,2019,한강대우트럼프월드3,한강로3가,"23,000",용산구,8,0,5,30.91,,,65-230,11170,5
70,,1991,,,2019,삼구빌딩,한강로3가,500,용산구,8,60,8,39.84,,,16-49,11170,12
0,,1990,,,2019,(339-4),후암동,"1,000",용산구,9,50,21,34.38,,,339-4,11170,3
1,,2015,,,2019,트윈시티 남산,동자동,"4,200",용산구,9,8,5,27.42,,,56,11170,12
2,,2004,,,2019,서울역풍림아이원플러스,서계동,"10,000",용산구,9,60,16,28.11,,,219-17,11170,4
3,,2004,,,2019,디아뜨 센트럴,원효로1가,"14,500",용산구,9,0,3,25.19,,,112-4,11170,4
4,,2004,,,2019,디아뜨 센트럴,원효로1가,500,용산구,9,65,6,25.5,,,112-4,11170,6
5,,2019,,,2019,하람 휴,원효로1가,"24,000",용산구,9,0,17,24.29,,,28-10,11170,14
6,,2019,,,2019,하람 휴,원효로1가,"26,000",용산구,9,0,18,29.56,,,28-10,11170,6
7,,2019,,,2019,하람 휴,원효로1가,"27,000",용산구,9,0,19,29.56,,,28-10,11170,14
8,,2019,,,2019,하람 휴,원효로1가,"27,000",용산구,9,0,19,29.56,,,28-10,11170,14
9,,2004,,,2019,디아뜨 센트럴,원효로1가,"15,000",용산구,9,0,25,25.5,,,112-4,11170,8
10,,2019,,,2019,하람 휴,원효로1가,"26,000",용산구,9,0,25,29.56,,,28-10,11170,5
11,,2017,,,2019,용산1차휴먼타운,원효로1가,"28,000",용산구,9,0,26,33.61,,,120-20,11170,10
12,,2003,,,2019,e테크밸리,원효로3가,"12,500",용산구,9,0,5,32,,,51-37,11170,9
13,,2003,,,2019,e테크밸리,원효로3가,"15,000",용산구,9,0,16,36,,,51-37,11170,4
14,,2014,,,2019,아인하우스,원효로3가,"14,000",용산구,9,0,17,21.27,,,277-36,11170,8
15,,2003,,,2019,e테크밸리,원효로3가,"1,000",용산구,9,60,26,38.12,,,51-37,11170,9
16,,2017,,,2019,용산 리브,문배동,"30,000",용산구,9,0,4,42.25,,,10-3,11170,7
17,,2013,,,2019,용산큐브,문배동,"17,500",용산구,9,0,6,17.46,,,24-4,11170,9
18,,2007,,,2019,용산씨제이나인파크,문배동,"11,000",용산구,9,105,6,68.41,,,24-6,11170,4
19,,2013,,,2019,용산큐브,문배동,"17,500",용산구,9,0,8,17.46,,,24-4,11170,13
20,,2007,,,2019,용산씨제이나인파크,문배동,"5,000",용산구,9,130,9,63.96,,,24-6,11170,12
21,,2013,,,2019,용산큐브,문배동,"17,000",용산구,9,0,10,17.46,,,24-4,11170,7
22,,2012,,,2019,프라임펠리스,문배동,"5,000",용산구,9,60,15,27.83,,,24-8,11170,4
23,,2004,,,2019,삼라마이다스빌,문배동,"18,000",용산구,9,0,16,28.23,,,40-19,11170,5
24,,2007,,,2019,용산아크로타워,문배동,"29,000",용산구,9,0,16,38.37,,,24-21,11170,6
25,,2004,,,2019,삼라마이다스빌,문배동,"13,000",용산구,9,0,19,28.23,,,40-19,11170,5
26,,2007,,,2019,용산씨제이나인파크,문배동,"9,000",용산구,9,60,20,71.39,,,24-6,11170,11
27,,2005,,,2019,이안 용산1차(11-14),문배동,"40,000",용산구,9,0,21,61.06,,,11-14,11170,7
28,,2017,,,2019,용산 리브,문배동,"25,284",용산구,9,0,21,36.06,,,10-3,11170,9
29,,2013,,,2019,용산큐브,문배동,"1,000",용산구,9,65,21,17.46,,,24-4,11170,11
30,,2007,,,2019,용산아크로타워,문배동,"37,000",용산구,9,0,21,47.42,,,24-21,11170,6
31,,2013,,,2019,용산큐브,문배동,"17,500",용산구,9,0,25,17.46,,,24-4,11170,5
32,,2017,,,2019,용산 리브,문배동,"3,000",용산구,9,100,26,42.25,,,10-3,11170,9
33,,2007,,,2019,이안용산프리미어,문배동,"7,000",용산구,9,80,27,47.51,,,3-3,11170,3
34,,2007,,,2019,용산씨제이나인파크,문배동,"7,000",용산구,9,130,30,71.39,,,24-6,11170,12
35,,2013,,,2019,용산큐브,문배동,"10,000",용산구,9,35,30,17.46,,,24-4,11170,3
36,,2005,,,2019,용산파크자이,한강로1가,"1,000",용산구,9,95,11,37.26,,,50-1,11170,12
37,,2007,,,2019,대우 월드마크 용산,한강로1가,"48,000",용산구,9,0,21,79.65,,,64,11170,14
38,,2005,,,2019,용산파크자이,한강로1가,"28,000",용산구,9,0,26,37.26,,,50-1,11170,7
39,,2005,,,2019,용산파크자이,한강로1가,"31,000",용산구,9,0,27,39.25,,,50-1,11170,29
40,,2005,,,2019,용산파크자이,한강로1가,"7,000",용산구,9,60,28,33.46,,,50-1,11170,9
41,,2005,,,2019,용산파크자이,한강로1가,"25,000",용산구,9,0,28,31.83,,,50-1,11170,19
42,,2017,,,2019,용산푸르지오써밋,한강로2가,"31,000",용산구,9,0,4,27.64,,,420,11170,32
43,,2017,,,2019,용산푸르지오써밋,한강로2가,"10,000",용산구,9,46,5,27.64,,,420,11170,19
44,,2017,,,2019,용산푸르지오써밋,한강로2가,"23,600",용산구,9,0,5,27.64,,,420,11170,31
45,,2005,,,2019,한강현대하이엘,한강로2가,"24,000",용산구,9,0,5,41.8,,,2-36,11170,4
46,,2005,,,2019,한강로벽산메가트리움,한강로2가,"21,500",용산구,9,0,6,30.29,,,2-8,11170,27
47,,2017,,,2019,용산푸르지오써밋,한강로2가,"22,050",용산구,9,0,15,26.7,,,420,11170,23
48,,2004,,,2019,한강로 대우아이빌,한강로2가,"21,000",용산구,9,0,16,33.54,,,2-11,11170,7
49,,,,,2019,래미안 용산 더 센트럴,한강로2가,"2,000",용산구,9,135,16,42.5,,,422,11170,14
50,,2012,,,2019,아스테리움 용산,한강로2가,"42,500",용산구,9,0,16,49.98,,,419,11170,13
51,,2017,,,2019,용산푸르지오써밋,한강로2가,"25,000",용산구,9,40,18,35.47,,,420,11170,25
52,,2005,,,2019,한강현대하이엘,한강로2가,"21,000",용산구,9,0,19,40.28,,,2-36,11170,15
53,,,,,2019,래미안 용산 더 센트럴,한강로2가,"80,000",용산구,9,0,20,84.92,,,422,11170,19
54,,2017,,,2019,용산푸르지오써밋,한강로2가,"1,000",용산구,9,127,20,40.39,,,420,11170,25
55,,2004,,,2019,대우디오빌한강로오피스텔,한강로2가,"21,000",용산구,9,0,21,33.95,,,312-4,11170,11
56,,2004,,,2019,대우디오빌한강로오피스텔,한강로2가,"18,000",용산구,9,0,21,23.85,,,312-4,11170,8
57,,2004,,,2019,대우디오빌한강로오피스텔,한강로2가,"5,000",용산구,9,60,25,33.95,,,312-4,11170,6
58,,2005,,,2019,한강로벽산메가트리움,한강로2가,"10,000",용산구,9,45,25,32.15,,,2-8,11170,28
59,,2005,,,2019,한강현대하이엘,한강로2가,"21,000",용산구,9,0,25,30.03,,,2-36,11170,3
60,,2005,,,2019,한강로벽산메가트리움,한강로2가,"5,000",용산구,9,60,28,30.11,,,2-8,11170,16
61,,2004,,,2019,대우디오빌한강로오피스텔,한강로2가,"21,000",용산구,9,0,28,32.85,,,312-4,11170,5
62,,2004,,,2019,대우디오빌한강로오피스텔,한강로2가,"19,000",용산구,9,0,30,32.85,,,312-4,11170,18
63,,2004,,,2019,대우디오빌한강로오피스텔,한강로2가,"19,000",용산구,9,0,30,32.85,,,312-4,11170,18
64,,2017,,,2019,용산푸르지오써밋,한강로2가,"1,000",용산구,9,89,30,27.75,,,420,11170,26
65,,2009,,,2019,파크타워,용산동5가,"69,000",용산구,9,0,22,123.34,,,24,11170,6
66,,2004,,,2019,한강대우트럼프월드3,한강로3가,"20,000",용산구,9,0,20,25.59,,,65-230,11170,26
0,,2004,,,2019,그린빌파크,갈월동,"1,000",용산구,10,55,12,24.92,,,53-19,11170,2
1,,2004,,,2019,갈월동 에이트리움,갈월동,"1,000",용산구,10,70,28,30.97,,,101-49,11170,6
2,,2013,,,2019,센트레빌아스테리움서울,동자동,"50,000",용산구,10,0,7,102.31,,,45,11170,14
3,,2015,,,2019,트윈시티 남산,동자동,500,용산구,10,100,21,21.71,,,56,11170,12
4,,2019,,,2019,하람 휴,원효로1가,"25,000",용산구,10,0,3,27.27,,,28-10,11170,12
5,,2019,,,2019,하람 휴,원효로1가,"26,000",용산구,10,0,9,27.27,,,28-10,11170,13
6,,2019,,,2019,하람 휴,원효로1가,"27,000",용산구,10,0,11,29.56,,,28-10,11170,7
7,,2004,,,2019,디아뜨 센트럴,원효로1가,"15,000",용산구,10,0,12,25.5,,,112-4,11170,2
8,,2019,,,2019,하람 휴,원효로1가,"25,000",용산구,10,0,15,27.27,,,28-10,11170,8
9,,2019,,,2019,하람 휴,원효로1가,"24,000",용산구,10,0,16,24.29,,,28-10,11170,11
10,,2017,,,2019,용산1차휴먼타운,원효로1가,"28,000",용산구,10,0,21,29.97,,,120-20,11170,12
11,,2004,,,2019,디아뜨 센트럴,원효로1가,"1,000",용산구,10,57,21,25.19,,,112-4,11170,7
12,,2018,,,2019,용산파크뷰,원효로1가,"27,300",용산구,10,0,22,36.64,,,46-3,11170,7
13,,2004,,,2019,디아뜨 센트럴,원효로1가,"15,500",용산구,10,0,25,25.5,,,112-4,11170,13
14,,2004,,,2019,디아뜨 센트럴,원효로1가,"1,000",용산구,10,57,26,25.19,,,112-4,11170,8
15,,2019,,,2019,하람 휴,원효로1가,"25,000",용산구,10,0,29,29.56,,,28-10,11170,4
16,,2004,,,2019,디아뜨 센트럴,원효로1가,"1,550",용산구,10,0,30,25.5,,,112-4,11170,9
17,,2015,,,2019,용산KCC웰츠타워,문배동,"5,000",용산구,10,70,1,32.84,,,11-10,11170,3
18,,2007,,,2019,용산씨제이나인파크,문배동,"41,000",용산구,10,0,4,54.96,,,24-6,11170,9
19,,2013,,,2019,용산큐브,문배동,"15,000",용산구,10,10,5,17.46,,,24-4,11170,5
20,,2012,,,2019,프라임펠리스,문배동,"21,000",용산구,10,0,6,27.83,,,24-8,11170,10
21,,2017,,,2019,용산 리브,문배동,"32,500",용산구,10,0,6,45.92,,,10-3,11170,6
22,,2010,,,2019,리첸시아 용산B,문배동,"33,000",용산구,10,0,9,58.62,,,40-31,11170,3
23,,2007,,,2019,용산아크로타워,문배동,"20,000",용산구,10,55,9,47.42,,,24-21,11170,3
24,,2007,,,2019,용산아크로타워,문배동,"20,000",용산구,10,0,9,47.42,,,24-21,11170,3
25,,2004,,,2019,삼라마이다스빌,문배동,"16,900",용산구,10,0,9,28.23,,,40-19,11170,2
26,,2004,,,2019,삼라마이다스빌,문배동,"16,500",용산구,10,0,10,28.23,,,40-19,11170,3
27,,2007,,,2019,용산씨제이나인파크,문배동,"45,000",용산구,10,0,10,70.92,,,24-6,11170,12
28,,2012,,,2019,프라임펠리스,문배동,"1,000",용산구,10,60,11,18.55,,,24-8,11170,9
29,,2015,,,2019,용산KCC웰츠타워,문배동,"20,948",용산구,10,0,12,24.06,,,11-10,11170,4
30,,2007,,,2019,용산씨제이나인파크,문배동,"9,000",용산구,10,100,16,71.39,,,24-6,11170,8
31,,2012,,,2019,프라임펠리스,문배동,"4,000",용산구,10,50,17,18.55,,,24-8,11170,5
32,,2007,,,2019,용산씨제이나인파크,문배동,"2,000",용산구,10,160,21,70.92,,,24-6,11170,6
33,,2007,,,2019,이안용산프리미어,문배동,"41,000",용산구,10,0,24,71.38,,,3-3,11170,2
34,,2007,,,2019,이안용산프리미어,문배동,"40,950",용산구,10,0,24,71.38,,,3-3,11170,2
35,,2013,,,2019,용산큐브,문배동,"3,000",용산구,10,60,24,17.46,,,24-4,11170,13
36,,2015,,,2019,용산KCC웰츠타워,문배동,"1,000",용산구,10,85,25,31.37,,,11-10,11170,5
37,,2015,,,2019,용산KCC웰츠타워,문배동,"5,000",용산구,10,65,26,38.46,,,11-10,11170,5
38,,2015,,,2019,용산KCC웰츠타워,문배동,"5,000",용산구,10,63,26,38.46,,,11-10,11170,5
39,,2015,,,2019,용산KCC웰츠타워,문배동,"30,000",용산구,10,0,26,38.48,,,11-10,11170,5
40,,2013,,,2019,용산큐브,문배동,"18,000",용산구,10,0,29,17.46,,,24-4,11170,11
41,,2012,,,2019,프라임펠리스,문배동,"22,000",용산구,10,0,29,27.83,,,24-8,11170,7
42,,2013,,,2019,용산큐브,문배동,"2,000",용산구,10,60,31,17.46,,,24-4,11170,11
43,,2005,,,2019,용산파크자이,한강로1가,"29,000",용산구,10,0,5,39.03,,,50-1,11170,16
44,,2005,,,2019,용산파크자이,한강로1가,"29,000",용산구,10,0,19,38.1,,,50-1,11170,23
45,,2005,,,2019,용산파크자이,한강로1가,"1,000",용산구,10,90,21,36.13,,,50-1,11170,4
46,,2005,,,2019,용산파크자이,한강로1가,"1,000",용산구,10,130,26,50.31,,,50-1,11170,6
47,,2005,,,2019,용산파크자이,한강로1가,"2,000",용산구,10,125,26,52.58,,,50-1,11170,10
48,,2005,,,2019,용산파크자이,한강로1가,"7,000",용산구,10,60,26,33.46,,,50-1,11170,10
49,,2005,,,2019,용산파크자이,한강로1가,"35,000",용산구,10,0,31,52.58,,,50-1,11170,6
50,,2005,,,2019,용산파크자이,한강로1가,"25,000",용산구,10,0,31,32.89,,,50-1,11170,12
51,,2005,,,2019,한강로벽산메가트리움,한강로2가,"1,000",용산구,10,70,1,29.54,,,2-8,11170,4
52,,,,,2019,래미안 용산 더 센트럴,한강로2가,"4,000",용산구,10,113,5,51.84,,,422,11170,12
53,,2005,,,2019,한강로벽산메가트리움,한강로2가,"23,000",용산구,10,0,7,30.29,,,2-8,11170,11
54,,2005,,,2019,한강로벽산메가트리움,한강로2가,"22,000",용산구,10,0,8,32.87,,,2-8,11170,7
55,,2017,,,2019,용산푸르지오써밋,한강로2가,"38,850",용산구,10,0,9,44.7,,,420,11170,18
56,,,,,2019,래미안 용산 더 센트럴,한강로2가,"68,000",용산구,10,0,9,71.71,,,422,11170,8
57,,2017,,,2019,용산푸르지오써밋,한강로2가,"22,050",용산구,10,0,10,26.7,,,420,11170,25
58,,2017,,,2019,용산푸르지오써밋,한강로2가,"16,537",용산구,10,74,12,46,,,420,11170,22
59,,2005,,,2019,한강현대하이엘,한강로2가,"1,000",용산구,10,70,14,39.37,,,2-36,11170,10
60,,,,,2019,래미안 용산 더 센트럴,한강로2가,"38,367",용산구,10,0,17,50.74,,,422,11170,13
61,,2005,,,2019,한강로벽산메가트리움,한강로2가,"21,000",용산구,10,0,19,29.54,,,2-8,11170,3
62,,2012,,,2019,아스테리움 용산,한강로2가,"43,000",용산구,10,0,19,49.98,,,419,11170,13
63,,2005,,,2019,한강로벽산메가트리움,한강로2가,"1,000",용산구,10,77,21,29.54,,,2-8,11170,19
64,,2017,,,2019,용산푸르지오써밋,한강로2가,"6,000",용산구,10,80,21,27.75,,,420,11170,18
65,,2017,,,2019,용산푸르지오써밋,한강로2가,"45,000",용산구,10,0,21,46,,,420,11170,19
66,,2017,,,2019,용산푸르지오써밋,한강로2가,"20,000",용산구,10,52,21,35.47,,,420,11170,30
67,,2005,,,2019,한강로벽산메가트리움,한강로2가,"10,000",용산구,10,45,24,32.15,,,2-8,11170,9
68,,2004,,,2019,대우디오빌한강로오피스텔,한강로2가,"21,000",용산구,10,0,25,32.85,,,312-4,11170,5
69,,2017,,,2019,용산푸르지오써밋,한강로2가,"20,000",용산구,10,45,25,26.7,,,420,11170,31
70,,,,,2019,래미안 용산 더 센트럴,한강로2가,"48,000",용산구,10,0,29,55.99,,,422,11170,5
71,,2004,,,2019,대우디오빌한강로오피스텔,한강로2가,"1,000",용산구,10,80,29,32.19,,,312-4,11170,3
72,,2017,,,2019,용산푸르지오써밋,한강로2가,"31,000",용산구,10,0,29,26.7,,,420,11170,24
73,,,,,2019,래미안 용산 더 센트럴,한강로2가,"50,000",용산구,10,0,30,55.99,,,422,11170,14
74,,2007,,,2019,용산 시티파크(63-387),한강로3가,"55,000",용산구,10,0,1,84.85,,,63-387,11170,3
75,,2006,,,2019,지에스 한강에클라스,한강로3가,"17,000",용산구,10,0,3,35.06,,,16-85,11170,7
76,,2007,,,2019,용산 시티파크(63-387),한강로3가,"15,000",용산구,10,80,11,61.71,,,63-387,11170,4
77,,2007,,,2019,용산 시티파크(63-389),한강로3가,"51,400",용산구,10,0,15,81.7,,,63-389,11170,10
78,,2004,,,2019,한강대우트럼프월드3,한강로3가,"44,000",용산구,10,0,18,59.08,,,65-230,11170,28
79,,2006,,,2019,지에스 한강에클라스,한강로3가,"24,000",용산구,10,0,29,46.78,,,16-85,11170,10
80,,2004,,,2019,언고오피스텔,한남동,"2,000",용산구,10,51,3,20.85,,,72-17,11170,3
81,,2004,,,2019,언고오피스텔,한남동,"2,000",용산구,10,50,21,21.33,,,72-17,11170,5
0,,2015,,,2019,트윈시티 남산,동자동,"1,000",용산구,11,85,26,21.71,,,56,11170,12
1,,2013,,,2019,센트레빌아스테리움서울,동자동,"42,000",용산구,11,0,26,78.13,,,45,11170,4
2,,2019,,,2019,하람 휴,원효로1가,"24,000",용산구,11,0,2,24.29,,,28-10,11170,9
3,,2004,,,2019,디아뜨 센트럴,원효로1가,"15,500",용산구,11,0,2,25.5,,,112-4,11170,7
4,,2019,,,2019,하람 휴,원효로1가,"25,000",용산구,11,0,4,27.27,,,28-10,11170,14
5,,2018,,,2019,용산2차휴먼타운,원효로1가,"26,200",용산구,11,0,16,29.94,,,120-22,11170,12
6,,2004,,,2019,디아뜨 센트럴,원효로1가,"14,700",용산구,11,0,18,25.5,,,112-4,11170,15
7,,2004,,,2019,삼라마이다스빌,문배동,"18,000",용산구,11,0,2,28.23,,,40-19,11170,4
8,,2017,,,2019,용산 리브,문배동,"28,700",용산구,11,0,4,36.06,,,10-3,11170,4
9,,2013,,,2019,용산큐브,문배동,"17,500",용산구,11,0,5,17.46,,,24-4,11170,5
10,,2007,,,2019,용산씨제이나인파크,문배동,"2,000",용산구,11,160,9,71.39,,,24-6,11170,4
11,,2013,,,2019,용산큐브,문배동,"17,000",용산구,11,0,11,17.46,,,24-4,11170,4
12,,2007,,,2019,용산아크로타워,문배동,"34,000",용산구,11,0,12,46.29,,,24-21,11170,7
13,,2004,,,2019,삼라마이다스빌,문배동,"15,000",용산구,11,0,14,21.99,,,40-19,11170,1
14,,2015,,,2019,용산KCC웰츠타워,문배동,"24,000",용산구,11,0,14,29.69,,,11-10,11170,6
15,,2012,,,2019,프라임펠리스,문배동,"16,000",용산구,11,0,16,18.55,,,24-8,11170,5
16,,2012,,,2019,프라임펠리스,문배동,"15,700",용산구,11,0,16,18.55,,,24-8,11170,8
17,,2010,,,2019,리첸시아 용산B,문배동,"35,000",용산구,11,0,19,46.52,,,40-31,11170,3
18,,2013,,,2019,용산큐브,문배동,"17,500",용산구,11,0,19,17.46,,,24-4,11170,9
19,,2007,,,2019,용산아크로타워,문배동,"32,600",용산구,11,0,20,46.29,,,24-21,11170,3
20,,2015,,,2019,용산KCC웰츠타워,문배동,"1,000",용산구,11,84,21,29.97,,,11-10,11170,8
21,,2015,,,2019,용산KCC웰츠타워,문배동,"21,900",용산구,11,0,23,37.24,,,11-10,11170,8
22,,2012,,,2019,프라임펠리스,문배동,"16,000",용산구,11,0,24,18.55,,,24-8,11170,6
23,,2005,,,2019,이안 용산1차(11-14),문배동,"38,000",용산구,11,0,26,63.2,,,11-14,11170,5
24,,2007,,,2019,용산씨제이나인파크,문배동,"20,000",용산구,11,80,28,71.39,,,24-6,11170,12
25,,2012,,,2019,프라임펠리스,문배동,"14,700",용산구,11,0,29,18.77,,,24-8,11170,7
26,,2007,,,2019,용산아크로타워,문배동,"36,000",용산구,11,0,30,51.45,,,24-21,11170,6
27,,2007,,,2019,대우 월드마크 용산,한강로1가,"50,000",용산구,11,0,4,79.65,,,64,11170,32
28,,2005,,,2019,용산파크자이,한강로1가,"13,000",용산구,11,40,6,31.83,,,50-1,11170,30
29,,2005,,,2019,용산파크자이,한강로1가,"27,000",용산구,11,0,11,37.26,,,50-1,11170,3
30,,2005,,,2019,용산파크자이,한강로1가,"12,000",용산구,11,55,11,37.26,,,50-1,11170,21
31,,2005,,,2019,용산파크자이,한강로1가,"29,000",용산구,11,0,13,42.39,,,50-1,11170,33
32,,2005,,,2019,용산파크자이,한강로1가,"30,000",용산구,11,0,13,42.39,,,50-1,11170,29
33,,2005,,,2019,용산파크자이,한강로1가,"16,000",용산구,11,40,30,31.83,,,50-1,11170,18
34,,2004,,,2019,한강로 대우아이빌,한강로2가,"22,000",용산구,11,0,1,33.54,,,2-11,11170,4
35,,2004,,,2019,한강로 대우아이빌,한강로2가,"20,000",용산구,11,0,1,35.28,,,2-11,11170,2
36,,2005,,,2019,한강현대하이엘,한강로2가,"21,000",용산구,11,0,2,40.28,,,2-36,11170,4
37,,2017,,,2019,용산푸르지오써밋,한강로2가,"47,000",용산구,11,0,4,46,,,420,11170,24
38,,2005,,,2019,한강로벽산메가트리움,한강로2가,"22,000",용산구,11,0,6,29.54,,,2-8,11170,17
39,,2005,,,2019,한강현대하이엘,한강로2가,"1,000",용산구,11,70,6,30.03,,,2-36,11170,6
40,,,,,2019,래미안 용산 더 센트럴,한강로2가,"10,000",용산구,11,100,7,47.65,,,422,11170,11
41,,2012,,,2019,아스테리움 용산,한강로2가,"43,000",용산구,11,0,7,49.66,,,419,11170,12
42,,2005,,,2019,한강현대하이엘,한강로2가,"21,000",용산구,11,0,8,40.28,,,2-36,11170,5
43,,2017,,,2019,용산푸르지오써밋,한강로2가,"45,000",용산구,11,0,8,44.7,,,420,11170,36
44,,2005,,,2019,한강로벽산메가트리움,한강로2가,"10,000",용산구,11,44,9,30.35,,,2-8,11170,24
45,,2004,,,2019,대우디오빌한강로오피스텔,한강로2가,"22,000",용산구,11,0,9,32.85,,,312-4,11170,17
46,,2004,,,2019,한강로 대우아이빌,한강로2가,"21,500",용산구,11,0,10,33.54,,,2-11,11170,8
47,,,,,2019,래미안 용산 더 센트럴,한강로2가,"45,500",용산구,11,0,10,47.65,,,422,11170,6
48,,2017,,,2019,용산푸르지오써밋,한강로2가,"29,925",용산구,11,0,13,27.75,,,420,11170,30
49,,2004,,,2019,한강로 대우아이빌,한강로2가,"1,000",용산구,11,75,13,33.54,,,2-11,11170,7
50,,,,,2019,래미안 용산 더 센트럴,한강로2가,"59,850",용산구,11,0,15,71.71,,,422,11170,11
51,,2004,,,2019,대우디오빌한강로오피스텔,한강로2가,"15,000",용산구,11,12,16,33.95,,,312-4,11170,6
52,,2005,,,2019,한강로벽산메가트리움,한강로2가,"22,000",용산구,11,0,16,29.54,,,2-8,11170,15
53,,2017,,,2019,용산푸르지오써밋,한강로2가,"27,300",용산구,11,0,16,26.7,,,420,11170,34
54,,2004,,,2019,대우디오빌한강로오피스텔,한강로2가,"21,000",용산구,11,0,18,29.66,,,312-4,11170,8
55,,2005,,,2019,한강로벽산메가트리움,한강로2가,"22,500",용산구,11,0,19,29.54,,,2-8,11170,26
56,,2005,,,2019,한강로벽산메가트리움,한강로2가,"1,000",용산구,11,75,20,30.29,,,2-8,11170,23
57,,2004,,,2019,한강로 대우아이빌,한강로2가,"24,000",용산구,11,0,20,39.76,,,2-11,11170,6
58,,2005,,,2019,한강로벽산메가트리움,한강로2가,"21,000",용산구,11,0,23,32.15,,,2-8,11170,3
59,,2005,,,2019,한강로벽산메가트리움,한강로2가,"21,000",용산구,11,0,23,30.35,,,2-8,11170,5
60,,2017,,,2019,용산푸르지오써밋,한강로2가,"1,000",용산구,11,100,26,27.75,,,420,11170,37
61,,2017,,,2019,용산푸르지오써밋,한강로2가,"24,000",용산구,11,0,26,26.7,,,420,11170,37
62,,2017,,,2019,용산푸르지오써밋,한강로2가,"27,300",용산구,11,0,26,26.7,,,420,11170,37
63,,2005,,,2019,한강로벽산메가트리움,한강로2가,"10,000",용산구,11,45,27,29.54,,,2-8,11170,16
64,,,,,2019,래미안 용산 더 센트럴,한강로2가,"2,000",용산구,11,129,30,51.84,,,422,11170,11
65,,2004,,,2019,한강로 대우아이빌,한강로2가,"22,000",용산구,11,0,30,39.76,,,2-11,11170,3
66,,2007,,,2019,용산 시티파크(63-389),한강로3가,"45,000",용산구,11,0,6,58.49,,,63-389,11170,4
67,,2007,,,2019,용산 시티파크(63-387),한강로3가,"42,000",용산구,11,0,9,51.81,,,63-387,11170,3
68,,2004,,,2019,한강대우트럼프월드3,한강로3가,"15,000",용산구,11,100,30,81.25,,,65-230,11170,32
69,,2004,,,2019,한남동 하이페리온Ⅱ,한남동,"10,000",용산구,11,330,18,134.82,,,550,11170,3
70,,2003,,,2019,디에스오피스텔,한남동,"15,000",용산구,11,0,21,28.49,,,257-1,11170,4
0,,2004,,,2019,갈월동 에이트리움,갈월동,"9,000",용산구,12,0,9,31.47,,,101-49,11170,21
1,,2004,,,2019,갈월동 에이트리움,갈월동,"9,000",용산구,12,0,30,31.1,,,101-49,11170,21
2,,2013,,,2019,센트레빌아스테리움서울,동자동,"35,000",용산구,12,0,27,47.39,,,45,11170,15
3,,2013,,,2019,센트레빌아스테리움서울,동자동,"55,000",용산구,12,0,31,99.36,,,45,11170,16
4,,2019,,,2019,하람 휴,원효로1가,"26,000",용산구,12,0,3,29.56,,,28-10,11170,5
5,,2004,,,2019,디아뜨 센트럴,원효로1가,"1,000",용산구,12,60,3,25.5,,,112-4,11170,6
6,,2004,,,2019,디아뜨 센트럴,원효로1가,"3,000",용산구,12,50,7,25.5,,,112-4,11170,12
7,,2004,,,2019,디아뜨 센트럴,원효로1가,"15,500",용산구,12,0,19,25.5,,,112-4,11170,4
8,,2017,,,2019,용산1차휴먼타운,원효로1가,"4,000",용산구,12,90,22,29.97,,,120-20,11170,12
9,,2004,,,2019,디아뜨 센트럴,원효로1가,"15,000",용산구,12,0,24,25.19,,,112-4,11170,12
10,,2004,,,2019,디아뜨 센트럴,원효로1가,"1,000",용산구,12,59,27,25.5,,,112-4,11170,5
11,,2004,,,2019,디아뜨 센트럴,원효로1가,"1,000",용산구,12,63,31,25.19,,,112-4,11170,2
12,,2003,,,2019,e테크밸리,원효로3가,"13,000",용산구,12,0,2,32,,,51-37,11170,5
13,,2015,,,2019,용산KCC웰츠타워,문배동,"27,000",용산구,12,0,3,38.13,,,11-10,11170,8
14,,2012,,,2019,프라임펠리스,문배동,"19,600",용산구,12,0,7,27.83,,,24-8,11170,6
15,,2005,,,2019,이안 용산1차(11-14),문배동,"38,000",용산구,12,0,7,61.06,,,11-14,11170,9
16,,2013,,,2019,용산큐브,문배동,"17,500",용산구,12,0,7,17.46,,,24-4,11170,5
17,,2012,,,2019,프라임펠리스,문배동,"15,500",용산구,12,0,8,18.55,,,24-8,11170,7
18,,2007,,,2019,용산씨제이나인파크,문배동,"43,500",용산구,12,0,9,63.96,,,24-6,11170,5
19,,2012,,,2019,프라임펠리스,문배동,"15,500",용산구,12,0,10,18.55,,,24-8,11170,9
20,,2015,,,2019,용산KCC웰츠타워,문배동,"10,000",용산구,12,72,10,38.48,,,11-10,11170,6
21,,2005,,,2019,이안 용산1차(11-14),문배동,"40,000",용산구,12,0,11,73.56,,,11-14,11170,12
22,,2007,,,2019,용산씨제이나인파크,문배동,"35,000",용산구,12,0,13,42.5,,,24-6,11170,7
23,,2012,,,2019,프라임펠리스,문배동,"4,000",용산구,12,40,13,18.55,,,24-8,11170,7
24,,2013,,,2019,용산큐브,문배동,"17,500",용산구,12,0,14,17.46,,,24-4,11170,11
25,,2004,,,2019,삼라마이다스빌,문배동,"15,000",용산구,12,0,18,25.11,,,40-19,11170,7
26,,2004,,,2019,삼라마이다스빌,문배동,"15,000",용산구,12,0,18,25.11,,,40-19,11170,7
27,,2012,,,2019,프라임펠리스,문배동,"15,500",용산구,12,0,18,18.55,,,24-8,11170,6
28,,2012,,,2019,프라임펠리스,문배동,"15,500",용산구,12,0,18,18.55,,,24-8,11170,6
29,,2013,,,2019,용산큐브,문배동,"16,000",용산구,12,10,19,17.46,,,24-4,11170,13
30,,2012,,,2019,프라임펠리스,문배동,"16,000",용산구,12,0,21,18.55,,,24-8,11170,12
31,,2012,,,2019,프라임펠리스,문배동,"15,500",용산구,12,0,21,18.55,,,24-8,11170,4
32,,2012,,,2019,프라임펠리스,문배동,"22,000",용산구,12,0,21,27.83,,,24-8,11170,8
33,,2004,,,2019,삼라마이다스빌,문배동,"1,000",용산구,12,63,25,27.12,,,40-19,11170,1
34,,2007,,,2019,이안용산프리미어,문배동,"43,000",용산구,12,0,26,66.7,,,3-3,11170,4
35,,2007,,,2019,용산씨제이나인파크,문배동,"35,000",용산구,12,0,27,42.5,,,24-6,11170,12
36,,2005,,,2019,이안 용산1차(11-29),문배동,"5,000",용산구,12,65,31,39.2,,,11-29,11170,9
37,,2005,,,2019,용산파크자이,한강로1가,"20,000",용산구,12,35,3,39.25,,,50-1,11170,17
38,,2005,,,2019,용산파크자이,한강로1가,"29,000",용산구,12,0,7,37.26,,,50-1,11170,8
39,,2005,,,2019,용산파크자이,한강로1가,"29,000",용산구,12,0,12,37.26,,,50-1,11170,3
40,,2005,,,2019,용산파크자이,한강로1가,"27,000",용산구,12,0,13,39.03,,,50-1,11170,10
41,,2005,,,2019,용산파크자이,한강로1가,"24,000",용산구,12,0,14,32.89,,,50-1,11170,8
42,,2005,,,2019,용산파크자이,한강로1가,"29,000",용산구,12,0,23,37.26,,,50-1,11170,10
43,,2005,,,2019,용산파크자이,한강로1가,"29,000",용산구,12,0,28,37.26,,,50-1,11170,24
44,,2005,,,2019,용산파크자이,한강로1가,"10,000",용산구,12,60,28,37.26,,,50-1,11170,23
45,,2005,,,2019,용산파크자이,한강로1가,"29,300",용산구,12,0,28,39.03,,,50-1,11170,29
46,,2017,,,2019,용산푸르지오써밋,한강로2가,"29,390",용산구,12,0,5,27.75,,,420,11170,23
47,,2004,,,2019,대우디오빌한강로오피스텔,한강로2가,"1,000",용산구,12,80,6,33.95,,,312-4,11170,10
48,,,,,2019,래미안 용산 더 센트럴,한강로2가,"45,000",용산구,12,0,7,47.65,,,422,11170,17
49,,2005,,,2019,한강로벽산메가트리움,한강로2가,"24,000",용산구,12,0,9,32.15,,,2-8,11170,18
50,,2004,,,2019,대우디오빌한강로오피스텔,한강로2가,"8,000",용산구,12,60,11,33.95,,,312-4,11170,3
51,,2017,,,2019,용산푸르지오써밋,한강로2가,"38,800",용산구,12,0,12,40.81,,,420,11170,21
52,,2004,,,2019,대우디오빌한강로오피스텔,한강로2가,"1,000",용산구,12,70,12,32.19,,,312-4,11170,11
53,,2004,,,2019,한강로 대우아이빌,한강로2가,"22,000",용산구,12,0,13,37.85,,,2-11,11170,5
54,,2005,,,2019,한강로벽산메가트리움,한강로2가,"22,000",용산구,12,0,19,30.29,,,2-8,11170,11
55,,2004,,,2019,대우디오빌한강로오피스텔,한강로2가,"20,000",용산구,12,0,20,33.95,,,312-4,11170,14
56,,2017,,,2019,용산푸르지오써밋,한강로2가,"2,000",용산구,12,150,20,45.66,,,420,11170,23
57,,2005,,,2019,한강로벽산메가트리움,한강로2가,"25,000",용산구,12,0,21,32.87,,,2-8,11170,19
58,,2017,,,2019,용산푸르지오써밋,한강로2가,"1,000",용산구,12,96,24,29.85,,,420,11170,24
59,,2012,,,2019,위너스타워,한강로2가,"14,000",용산구,12,0,26,40.05,,,2-132,11170,12
60,,2005,,,2019,한강로벽산메가트리움,한강로2가,"1,000",용산구,12,80,27,32.87,,,2-8,11170,6
61,,2007,,,2019,용산 시티파크(63-387),한강로3가,"45,000",용산구,12,0,19,60.48,,,63-387,11170,4
62,,2006,,,2019,지에스 한강에클라스,한강로3가,"24,000",용산구,12,0,24,46.78,,,16-85,11170,7
63,,2007,,,2019,용산 시티파크(63-387),한강로3가,"67,000",용산구,12,0,27,90.77,,,63-387,11170,2
64,,2004,,,2019,한강대우트럼프월드3,한강로3가,"18,500",용산구,12,0,28,25.59,,,65-230,11170,23
65,,2007,,,2019,용산 시티파크(63-387),한강로3가,"68,000",용산구,12,0,30,90.77,,,63-387,11170,2
66,,2004,,,2019,언고오피스텔,한남동,"1,000",용산구,12,60,22,16.05,,,72-17,11170,6
0,,2004,,,2020,갈월동 에이트리움,갈월동,"3,000",용산구,1,60,10,31.1,,,101-49,11170,14
1,,2004,,,2020,갈월동 에이트리움,갈월동,"7,500",용산구,1,0,22,30.97,,,101-49,11170,10
2,,2015,,,2020,트윈시티 남산,동자동,500,용산구,1,105,3,21.71,,,56,11170,11
3,,2015,,,2020,트윈시티 남산,동자동,"1,000",용산구,1,95,9,25.37,,,56,11170,26
4,,2015,,,2020,트윈시티 남산,동자동,"1,000",용산구,1,95,10,21.71,,,56,11170,14
5,,2015,,,2020,트윈시티 남산,동자동,"1,000",용산구,1,115,31,29.61,,,56,11170,13
6,,2020,,,2020,용산 다올 노블리움,청파동3가,"18,500",용산구,1,0,7,17.99,,,80-6,11170,13
7,,2020,,,2020,용산 다올 노블리움,청파동3가,"18,500",용산구,1,0,9,18.09,,,80-6,11170,6
8,,2020,,,2020,용산 다올 노블리움,청파동3가,"24,000",용산구,1,0,10,27.58,,,80-6,11170,11
9,,2020,,,2020,용산 다올 노블리움,청파동3가,"18,500",용산구,1,0,11,18.09,,,80-6,11170,12
10,,2020,,,2020,용산 다올 노블리움,청파동3가,"18,500",용산구,1,0,11,18.09,,,80-6,11170,12
11,,2020,,,2020,용산 다올 노블리움,청파동3가,"18,000",용산구,1,0,11,17.99,,,80-6,11170,16
12,,2020,,,2020,용산 다올 노블리움,청파동3가,"18,500",용산구,1,0,11,18.09,,,80-6,11170,6
13,,2020,,,2020,용산 다올 노블리움,청파동3가,"18,000",용산구,1,0,11,18.09,,,80-6,11170,15
14,,2020,,,2020,용산 다올 노블리움,청파동3가,"1,000",용산구,1,70,15,18.09,,,80-6,11170,3
15,,2020,,,2020,용산 다올 노블리움,청파동3가,"18,000",용산구,1,0,18,18.09,,,80-6,11170,9
16,,2020,,,2020,용산 다올 노블리움,청파동3가,"19,000",용산구,1,0,18,18.09,,,80-6,11170,16
17,,2020,,,2020,용산 다올 노블리움,청파동3가,"19,000",용산구,1,0,18,17.87,,,80-6,11170,15
18,,2020,,,2020,용산 다올 노블리움,청파동3가,"18,300",용산구,1,0,18,18.09,,,80-6,11170,6
19,,2020,,,2020,용산 다올 노블리움,청파동3가,"18,200",용산구,1,0,18,17.99,,,80-6,11170,4
20,,2020,,,2020,용산 다올 노블리움,청파동3가,"18,500",용산구,1,0,23,18.09,,,80-6,11170,7
21,,2020,,,2020,용산 다올 노블리움,청파동3가,"33,000",용산구,1,0,25,37.47,,,80-6,11170,12
22,,2020,,,2020,용산 다올 노블리움,청파동3가,"17,500",용산구,1,0,30,18.09,,,80-6,11170,3
23,,2020,,,2020,용산 다올 노블리움,청파동3가,"5,000",용산구,1,50,31,18.14,,,80-6,11170,3
24,,2017,,,2020,용산1차휴먼타운,원효로1가,"28,000",용산구,1,0,4,29.97,,,120-20,11170,15
25,,2018,,,2020,용산2차휴먼타운,원효로1가,"26,250",용산구,1,0,4,29.37,,,120-22,11170,18
26,,2017,,,2020,용산1차휴먼타운,원효로1가,"29,000",용산구,1,0,12,33.61,,,120-20,11170,5
27,,2004,,,2020,디아뜨 센트럴,원효로1가,"5,000",용산구,1,28,15,25.5,,,112-4,11170,10
28,,2017,,,2020,용산1차휴먼타운,원효로1가,"29,000",용산구,1,0,18,29.97,,,120-20,11170,15
29,,2004,,,2020,디아뜨 센트럴,원효로1가,"1,000",용산구,1,60,31,25.5,,,112-4,11170,13
30,,2004,,,2020,용문 하이오피스텔,용문동,"1,000",용산구,1,55,30,28.95,,,10-4,11170,4
31,,2010,,,2020,리첸시아 용산B,문배동,"36,000",용산구,1,0,4,58.87,,,40-31,11170,3
32,,2007,,,2020,이안용산프리미어,문배동,"43,000",용산구,1,0,4,66.24,,,3-3,11170,4
33,,2012,,,2020,프라임펠리스,문배동,"15,986",용산구,1,0,4,18.55,,,24-8,11170,6
34,,2013,,,2020,용산큐브,문배동,"18,000",용산구,1,0,4,17.46,,,24-4,11170,7
35,,2013,,,2020,용산큐브,문배동,"17,800",용산구,1,0,7,17.46,,,24-4,11170,13
36,,2010,,,2020,리첸시아 용산B,문배동,"37,000",용산구,1,0,8,59.39,,,40-31,11170,3
37,,2013,,,2020,용산큐브,문배동,"2,000",용산구,1,60,11,17.46,,,24-4,11170,3
38,,2007,,,2020,이안용산프리미어,문배동,"46,000",용산구,1,0,11,72.46,,,3-3,11170,2
39,,2007,,,2020,용산씨제이나인파크,문배동,"42,000",용산구,1,0,12,54.96,,,24-6,11170,9
40,,2015,,,2020,용산KCC웰츠타워,문배동,"5,000",용산구,1,75,12,34.08,,,11-10,11170,5
41,,2007,,,2020,용산씨제이나인파크,문배동,"44,000",용산구,1,0,14,71.39,,,24-6,11170,9
42,,2015,,,2020,용산KCC웰츠타워,문배동,"27,000",용산구,1,0,17,37.48,,,11-10,11170,6
43,,2013,,,2020,용산큐브,문배동,"18,000",용산구,1,0,18,17.46,,,24-4,11170,11
44,,2007,,,2020,용산씨제이나인파크,문배동,"47,000",용산구,1,0,18,68.41,,,24-6,11170,10
45,,2017,,,2020,용산 리브,문배동,"32,500",용산구,1,0,18,45.92,,,10-3,11170,7
46,,2010,,,2020,리첸시아 용산B,문배동,"37,000",용산구,1,0,20,51.96,,,40-31,11170,2
47,,2015,,,2020,용산KCC웰츠타워,문배동,"36,383",용산구,1,0,20,42.38,,,11-10,11170,7
48,,2013,,,2020,용산큐브,문배동,"17,500",용산구,1,0,21,17.46,,,24-4,11170,3
49,,2012,,,2020,프라임펠리스,문배동,"1,000",용산구,1,60,21,18.55,,,24-8,11170,12
50,,2017,,,2020,용산 리브,문배동,"30,000",용산구,1,0,22,42.25,,,10-3,11170,8
51,,2007,,,2020,용산아크로타워,문배동,"35,000",용산구,1,0,28,46.29,,,24-21,11170,5
52,,2013,,,2020,용산큐브,문배동,"18,500",용산구,1,0,29,17.46,,,24-4,11170,11
53,,2004,,,2020,삼라마이다스빌,문배동,"8,000",용산구,1,40,29,28.23,,,40-19,11170,5
54,,2015,,,2020,용산KCC웰츠타워,문배동,"22,000",용산구,1,0,30,32.84,,,11-10,11170,4
55,,2005,,,2020,용산파크자이,한강로1가,"32,000",용산구,1,0,2,42.39,,,50-1,11170,12
56,,2005,,,2020,용산파크자이,한강로1가,"23,000",용산구,1,0,14,28.46,,,50-1,11170,12
57,,2005,,,2020,용산파크자이,한강로1가,"32,000",용산구,1,0,15,42.39,,,50-1,11170,10
58,,2005,,,2020,용산파크자이,한강로1가,"34,000",용산구,1,0,17,42.39,,,50-1,11170,29
59,,2007,,,2020,대우 월드마크 용산,한강로1가,"52,000",용산구,1,0,18,86.38,,,64,11170,36
60,,2005,,,2020,용산파크자이,한강로1가,"35,000",용산구,1,0,21,52.55,,,50-1,11170,13
61,,2005,,,2020,용산파크자이,한강로1가,"31,000",용산구,1,0,29,42.39,,,50-1,11170,2
62,,2005,,,2020,용산파크자이,한강로1가,"7,000",용산구,1,60,29,33.46,,,50-1,11170,9
63,,2017,,,2020,용산푸르지오써밋,한강로2가,"3,000",용산구,1,60,1,24.6,,,420,11170,32
64,,2005,,,2020,한강로벽산메가트리움,한강로2가,"22,500",용산구,1,0,3,29.89,,,2-8,11170,26
65,,,,,2020,래미안 용산 더 센트럴,한강로2가,"50,000",용산구,1,0,4,49.81,,,422,11170,14
66,,2005,,,2020,한강현대하이엘,한강로2가,"19,000",용산구,1,0,4,30.03,,,2-36,11170,11
67,,,,,2020,래미안 용산 더 센트럴,한강로2가,"2,000",용산구,1,115,8,42.5,,,422,11170,16
68,,2004,,,2020,대우디오빌한강로오피스텔,한강로2가,"23,000",용산구,1,0,10,33.95,,,312-4,11170,15
69,,2004,,,2020,대우디오빌한강로오피스텔,한강로2가,"24,000",용산구,1,0,11,33.95,,,312-4,11170,13
70,,2004,,,2020,한강로 대우아이빌,한강로2가,"22,000",용산구,1,0,11,34.83,,,2-11,11170,4
71,,2005,,,2020,한강로벽산메가트리움,한강로2가,"21,000",용산구,1,0,14,29.54,,,2-8,11170,5
72,,2005,,,2020,한강로벽산메가트리움,한강로2가,"22,000",용산구,1,0,14,32.15,,,2-8,11170,8
73,,2004,,,2020,한강로 대우아이빌,한강로2가,"8,000",용산구,1,45,18,37.85,,,2-11,11170,3
74,,2017,,,2020,용산푸르지오써밋,한강로2가,"32,000",용산구,1,0,18,46,,,420,11170,29
75,,2017,,,2020,용산푸르지오써밋,한강로2가,"47,000",용산구,1,0,18,46,,,420,11170,25
76,,2012,,,2020,아스테리움 용산,한강로2가,"10,000",용산구,1,130,18,49.98,,,419,11170,17
77,,2004,,,2020,한강로 대우아이빌,한강로2가,"1,000",용산구,1,75,20,35.28,,,2-11,11170,7
78,,2017,,,2020,용산푸르지오써밋,한강로2가,"10,000",용산구,1,54,20,26.7,,,420,11170,19
79,,2004,,,2020,대우디오빌한강로오피스텔,한강로2가,"10,000",용산구,1,30,20,23.85,,,312-4,11170,17
80,,2006,,,2020,지에스 한강에클라스,한강로3가,"13,600",용산구,1,0,11,27.48,,,16-85,11170,11
81,,2007,,,2020,용산 시티파크(63-387),한강로3가,"43,000",용산구,1,0,11,45.51,,,63-387,11170,3
82,,2007,,,2020,용산 시티파크(63-387),한강로3가,"38,800",용산구,1,0,31,45.51,,,63-387,11170,2
83,,2005,,,2020,로얄샤르망,한남동,"70,000",용산구,1,30,2,114.66,,,274-1,11170,7
84,,2003,,,2020,디에스오피스텔,한남동,"2,000",용산구,1,50,21,16.8,,,257-1,11170,1
0,,2004,,,2020,갈월동 에이트리움,갈월동,"19,950",용산구,2,0,1,34.11,,,101-49,11170,5
1,,2004,,,2020,갈월동 에이트리움,갈월동,"1,000",용산구,2,75,1,33.77,,,101-49,11170,14
2,,2004,,,2020,갈월동 에이트리움,갈월동,"19,000",용산구,2,0,5,30.97,,,101-49,11170,19
3,,2004,,,2020,갈월동 에이트리움,갈월동,"9,000",용산구,2,0,5,34.21,,,101-49,11170,21
4,,2015,,,2020,트윈시티 남산,동자동,"1,000",용산구,2,95,3,25.43,,,56,11170,14
5,,2015,,,2020,트윈시티 남산,동자동,"1,000",용산구,2,115,5,29.95,,,56,11170,9
6,,2015,,,2020,트윈시티 남산,동자동,"1,000",용산구,2,100,6,27.69,,,56,11170,27
7,,2015,,,2020,트윈시티 남산,동자동,"1,000",용산구,2,95,10,25.37,,,56,11170,2
8,,2015,,,2020,트윈시티 남산,동자동,"1,000",용산구,2,115,17,29.61,,,56,11170,25
9,,2020,,,2020,용산 다올 노블리움,청파동3가,"20,000",용산구,2,0,1,18.14,,,80-6,11170,7
10,,2020,,,2020,용산 다올 노블리움,청파동3가,"24,000",용산구,2,0,1,27.58,,,80-6,11170,9
11,,2020,,,2020,용산 다올 노블리움,청파동3가,"17,700",용산구,2,0,3,18.09,,,80-6,11170,5
12,,2020,,,2020,용산 다올 노블리움,청파동3가,"18,500",용산구,2,0,3,17.87,,,80-6,11170,12
13,,2020,,,2020,용산 다올 노블리움,청파동3가,"25,000",용산구,2,0,4,27.58,,,80-6,11170,16
14,,2020,,,2020,용산 다올 노블리움,청파동3가,"18,000",용산구,2,0,5,18.09,,,80-6,11170,5
15,,2020,,,2020,용산 다올 노블리움,청파동3가,"18,000",용산구,2,0,5,17.99,,,80-6,11170,4
16,,2020,,,2020,용산 다올 노블리움,청파동3가,"18,500",용산구,2,0,6,18.09,,,80-6,11170,14
17,,2020,,,2020,용산 다올 노블리움,청파동3가,"24,000",용산구,2,0,6,25.76,,,80-6,11170,11
18,,2020,,,2020,용산 다올 노블리움,청파동3가,"19,000",용산구,2,0,6,18.09,,,80-6,11170,12
19,,2020,,,2020,용산 다올 노블리움,청파동3가,"19,000",용산구,2,0,6,18.09,,,80-6,11170,11
20,,2020,,,2020,용산 다올 노블리움,청파동3가,"19,500",용산구,2,0,7,18.09,,,80-6,11170,16
21,,2020,,,2020,용산 다올 노블리움,청파동3가,"18,500",용산구,2,0,8,17.99,,,80-6,11170,14
22,,2020,,,2020,용산 다올 노블리움,청파동3가,"18,800",용산구,2,0,8,17.99,,,80-6,11170,15
23,,2020,,,2020,용산 다올 노블리움,청파동3가,"34,000",용산구,2,0,9,37.47,,,80-6,11170,16
24,,2020,,,2020,용산 다올 노블리움,청파동3가,"24,000",용산구,2,0,9,27.58,,,80-6,11170,7
25,,2020,,,2020,용산 다올 노블리움,청파동3가,"19,000",용산구,2,0,10,18.09,,,80-6,11170,11
26,,2020,,,2020,용산 다올 노블리움,청파동3가,"19,300",용산구,2,0,10,18.04,,,80-6,11170,16
27,,2020,,,2020,용산 다올 노블리움,청파동3가,"19,000",용산구,2,0,14,18.09,,,80-6,11170,13
28,,2020,,,2020,용산 다올 노블리움,청파동3가,"17,500",용산구,2,0,15,17.87,,,80-6,11170,5
29,,2020,,,2020,용산 다올 노블리움,청파동3가,"18,000",용산구,2,0,16,18.14,,,80-6,11170,5
30,,2020,,,2020,용산 다올 노블리움,청파동3가,"19,000",용산구,2,0,21,17.87,,,80-6,11170,13
31,,2020,,,2020,용산 다올 노블리움,청파동3가,"18,000",용산구,2,0,22,17.87,,,80-6,11170,10
32,,2020,,,2020,용산 다올 노블리움,청파동3가,"19,000",용산구,2,0,22,18.09,,,80-6,11170,4
33,,2020,,,2020,용산 다올 노블리움,청파동3가,"18,000",용산구,2,0,29,18.09,,,80-6,11170,4
34,,2017,,,2020,용산1차휴먼타운,원효로1가,"28,300",용산구,2,0,8,33.61,,,120-20,11170,8
35,,2004,,,2020,디아뜨 센트럴,원효로1가,"16,000",용산구,2,0,10,25.5,,,112-4,11170,4
36,,2017,,,2020,용산1차휴먼타운,원효로1가,"29,400",용산구,2,0,20,29.97,,,120-20,11170,15
37,,2004,,,2020,디아뜨 센트럴,원효로1가,"15,500",용산구,2,0,22,25.5,,,112-4,11170,7
38,,2004,,,2020,디아뜨 센트럴,원효로1가,"1,000",용산구,2,60,24,25.19,,,112-4,11170,6
39,,2019,,,2020,하람 휴,원효로1가,"26,000",용산구,2,0,25,29.56,,,28-10,11170,10
40,,2003,,,2020,e테크밸리,원효로3가,"1,000",용산구,2,60,10,38.12,,,51-37,11170,9
41,,2003,,,2020,e테크밸리,원효로3가,"15,000",용산구,2,0,20,38.12,,,51-37,11170,14
42,,2014,,,2020,아인하우스,원효로3가,"15,000",용산구,2,0,26,23.04,,,277-36,11170,6
43,,2004,,20.03~21.03,2020,용문 하이오피스텔,용문동,"1,000",용산구,2,55,10,26.21,,,10-4,11170,7
44,,2017,,,2020,용산 리브,문배동,"3,000",용산구,2,100,1,42.25,,,10-3,11170,5
45,,2013,,,2020,용산큐브,문배동,"1,000",용산구,2,65,1,17.46,,,24-4,11170,13
46,,2012,,,2020,프라임펠리스,문배동,"22,000",용산구,2,0,1,27.83,,,24-8,11170,5
47,,2007,,,2020,용산아크로타워,문배동,"38,000",용산구,2,0,3,51.45,,,24-21,11170,7
48,,2010,,,2020,리첸시아 용산B,문배동,"30,000",용산구,2,0,4,40.23,,,40-31,11170,2
49,,2013,,,2020,용산큐브,문배동,"17,500",용산구,2,0,4,17.46,,,24-4,11170,6
50,,2007,,,2020,이안용산프리미어,문배동,"2,000",용산구,2,150,5,60.75,,,3-3,11170,4
51,,2015,,,2020,용산KCC웰츠타워,문배동,"2,000",용산구,2,73,5,29.33,,,11-10,11170,4
52,,2004,,,2020,지오베르크,문배동,"5,000",용산구,2,65,6,31.35,,,17-1,11170,2
53,,2007,,,2020,용산씨제이나인파크,문배동,"45,000",용산구,2,0,6,68.41,,,24-6,11170,12
54,,2012,,,2020,프라임펠리스,문배동,"15,300",용산구,2,0,7,18.55,,,24-8,11170,11
55,,2015,,,2020,용산KCC웰츠타워,문배동,"22,000",용산구,2,0,8,29.97,,,11-10,11170,8
56,,2005,,,2020,이안 용산1차,문배동,"21,000",용산구,2,0,8,30.04,,,7-6,11170,3
57,,2007,,,2020,용산씨제이나인파크,문배동,"42,000",용산구,2,0,8,68.41,,,24-6,11170,4
58,,2015,,,2020,용산KCC웰츠타워,문배동,"25,500",용산구,2,0,9,28.14,,,11-10,11170,6
59,,2013,,,2020,용산큐브,문배동,"18,000",용산구,2,0,10,17.46,,,24-4,11170,7
60,,2007,,,2020,이안용산프리미어,문배동,"40,950",용산구,2,0,11,66.24,,,3-3,11170,2
61,,2004,,,2020,지오베르크,문배동,"20,000",용산구,2,0,11,31.35,,,17-1,11170,2
62,,2013,,,2020,용산큐브,문배동,"18,000",용산구,2,0,11,17.46,,,24-4,11170,4
63,,2013,,,2020,용산큐브,문배동,"18,000",용산구,2,0,12,17.46,,,24-4,11170,5
64,,2007,,,2020,용산아크로타워,문배동,"31,000",용산구,2,0,14,38.37,,,24-21,11170,8
65,,2012,,,2020,프라임펠리스,문배동,"1,000",용산구,2,80,14,27.83,,,24-8,11170,5
66,,2007,,,2020,용산씨제이나인파크,문배동,"42,000",용산구,2,0,15,54.96,,,24-6,11170,7
67,,2010,,,2020,리첸시아 용산B,문배동,"31,800",용산구,2,0,15,37.68,,,40-31,11170,2
68,,2010,,,2020,리첸시아 용산B,문배동,"32,000",용산구,2,0,15,37.68,,,40-31,11170,2
69,,2010,,,2020,리첸시아 용산B,문배동,"32,000",용산구,2,0,15,37.68,,,40-31,11170,2
70,,2012,,,2020,프라임펠리스,문배동,"3,000",용산구,2,52,17,18.55,,,24-8,11170,11
71,,2004,,,2020,삼라마이다스빌,문배동,"18,500",용산구,2,0,17,28.23,,,40-19,11170,4
72,,2007,,,2020,용산씨제이나인파크,문배동,"42,000",용산구,2,0,20,54.96,,,24-6,11170,12
73,,2015,,,2020,용산KCC웰츠타워,문배동,"26,500",용산구,2,0,20,35.79,,,11-10,11170,4
74,,2017,,,2020,용산 리브,문배동,"28,300",용산구,2,0,21,36.06,,,10-3,11170,10
75,,2007,,,2020,용산씨제이나인파크,문배동,"44,000",용산구,2,0,21,71.39,,,24-6,11170,5
76,,2007,,,2020,용산아크로타워,문배동,"38,000",용산구,2,0,22,51.45,,,24-21,11170,5
77,,2007,,,2020,용산아크로타워,문배동,"24,000",용산구,2,0,22,28.72,,,24-21,11170,7
78,,2004,,,2020,삼라마이다스빌,문배동,500,용산구,2,75,24,28.23,,,40-19,11170,6
79,,2010,,,2020,리첸시아 용산B,문배동,"38,000",용산구,2,0,24,56.37,,,40-31,11170,3
80,,2012,,,2020,프라임펠리스,문배동,"15,000",용산구,2,0,25,18.77,,,24-8,11170,11
81,,2015,,,2020,용산KCC웰츠타워,문배동,"21,000",용산구,2,0,27,29.97,,,11-10,11170,5
82,,2010,,,2020,리첸시아 용산B,문배동,"37,000",용산구,2,0,27,51.42,,,40-31,11170,3
83,,2007,,,2020,용산씨제이나인파크,문배동,"43,000",용산구,2,0,28,54.96,,,24-6,11170,3
84,,2007,,,2020,용산씨제이나인파크,문배동,"49,000",용산구,2,0,29,71.39,,,24-6,11170,11
85,,2013,,,2020,용산큐브,문배동,"5,000",용산구,2,50,29,17.46,,,24-4,11170,9
86,,2013,,,2020,용산큐브,문배동,"5,000",용산구,2,50,29,17.46,,,24-4,11170,6
87,,2005,,,2020,용산파크자이,한강로1가,"26,000",용산구,2,0,1,31.83,,,50-1,11170,19
88,,2007,,,2020,대우 월드마크 용산,한강로1가,"2,000",용산구,2,200,1,83.07,,,64,11170,26
89,,2005,,,2020,용산파크자이,한강로1가,"29,500",용산구,2,0,6,37.26,,,50-1,11170,31
90,,2005,,,2020,용산파크자이,한강로1가,"25,000",용산구,2,0,8,32.89,,,50-1,11170,9
91,,2005,,,2020,용산파크자이,한강로1가,"27,000",용산구,2,30,12,52.84,,,50-1,11170,8
92,,2005,,,2020,용산파크자이,한강로1가,"13,000",용산구,2,51,17,37.26,,,50-1,11170,2
93,,,,,2020,래미안 용산 더 센트럴,한강로2가,"35,280",용산구,2,0,1,51.84,,,422,11170,17
94,,2004,,,2020,한강로 대우아이빌,한강로2가,"7,000",용산구,2,48,4,33.54,,,2-11,11170,3
95,,2017,,,2020,용산푸르지오써밋,한강로2가,"47,900",용산구,2,0,4,35.47,,,420,11170,35
96,,2005,,,2020,한강로벽산메가트리움,한강로2가,"1,000",용산구,2,73,8,29.55,,,2-8,11170,3
97,,2004,,,2020,한강로 대우아이빌,한강로2가,"21,000",용산구,2,0,8,34.83,,,2-11,11170,9
98,,2004,,,2020,한강로 대우아이빌,한강로2가,"1,000",용산구,2,75,13,36.64,,,2-11,11170,9
99,,2005,,,2020,한강로벽산메가트리움,한강로2가,"7,000",용산구,2,50,14,29.54,,,2-8,11170,12
100,,2004,,,2020,한강로 대우아이빌,한강로2가,"1,000",용산구,2,80,19,39.76,,,2-11,11170,7
101,,2005,,,2020,한강현대하이엘,한강로2가,"24,000",용산구,2,0,20,40.28,,,2-36,11170,6
102,,2017,,,2020,용산푸르지오써밋,한강로2가,"40,950",용산구,2,0,22,40.81,,,420,11170,17
103,,2012,,,2020,위너스타워,한강로2가,"13,000",용산구,2,0,22,30.45,,,2-132,11170,9
104,,2005,,,2020,한강로벽산메가트리움,한강로2가,"22,000",용산구,2,0,22,30.35,,,2-8,11170,8
105,,2017,,,2020,용산푸르지오써밋,한강로2가,"20,000",용산구,2,62,25,44.7,,,420,11170,29
106,,2017,,,2020,용산푸르지오써밋,한강로2가,"20,000",용산구,2,56,25,44.7,,,420,11170,29
107,,2005,,,2020,한강로벽산메가트리움,한강로2가,"23,000",용산구,2,0,27,32.15,,,2-8,11170,5
108,,2005,,,2020,한강로벽산메가트리움,한강로2가,"23,000",용산구,2,0,27,32.15,,,2-8,11170,25
109,,2017,,,2020,용산푸르지오써밋,한강로2가,"27,000",용산구,2,16,28,44.89,,,420,11170,22
110,,2017,,,2020,용산푸르지오써밋,한강로2가,"27,000",용산구,2,10,28,44.89,,,420,11170,22
111,,2017,,,2020,용산푸르지오써밋,한강로2가,"27,000",용산구,2,22,28,44.89,,,420,11170,22
112,,,,,2020,래미안 용산 더 센트럴,한강로2가,"32,000",용산구,2,0,29,47.65,,,422,11170,16
113,,2005,,,2020,한강로벽산메가트리움,한강로2가,"10,000",용산구,2,33,29,30.06,,,2-8,11170,8
114,,2007,,,2020,용산 시티파크(63-387),한강로3가,"40,950",용산구,2,0,8,51.81,,,63-387,11170,2
115,,2007,,,2020,용산 시티파크(63-389),한강로3가,"40,000",용산구,2,0,15,41.57,,,63-389,11170,5
116,,2007,,,2020,용산 시티파크(63-387),한강로3가,"48,000",용산구,2,0,19,65.89,,,63-387,11170,2
117,,2004,,,2020,한강대우트럼프월드3,한강로3가,"1,000",용산구,2,80,27,30.91,,,65-230,11170,12
118,,2003,,,2020,디에스오피스텔,한남동,"15,000",용산구,2,0,1,28.49,,,257-1,11170,2
0,,2004,,,2020,갈월동 에이트리움,갈월동,"19,000",용산구,3,0,17,30.97,,,101-49,11170,5
1,,2004,,,2020,갈월동 에이트리움,갈월동,"19,000",용산구,3,0,25,33.77,,,101-49,11170,16
2,,2015,,,2020,트윈시티 남산,동자동,500,용산구,3,105,13,21.71,,,56,11170,18
3,,2015,,,2020,트윈시티 남산,동자동,500,용산구,3,145,30,29.61,,,56,11170,26
4,,2004,,,2020,서울역풍림아이원플러스,서계동,"19,000",용산구,3,0,28,27.95,,,219-17,11170,13
5,,2020,,,2020,용산 다올 노블리움,청파동3가,"1,000",용산구,3,70,2,17.87,,,80-6,11170,3
6,,2020,,,2020,용산 다올 노블리움,청파동3가,"18,300",용산구,3,0,4,17.99,,,80-6,11170,7
7,,2020,,,2020,용산 다올 노블리움,청파동3가,"18,000",용산구,3,0,7,17.99,,,80-6,11170,3
8,,2020,,,2020,용산 다올 노블리움,청파동3가,"33,000",용산구,3,0,21,37.47,,,80-6,11170,13
9,,2020,,,2020,용산 다올 노블리움,청파동3가,"32,000",용산구,3,0,24,37.47,,,80-6,11170,3
10,,2017,,,2020,용산1차휴먼타운,원효로1가,"26,800",용산구,3,0,2,33.61,,,120-20,11170,11
11,,2017,,,2020,용산1차휴먼타운,원효로1가,"2,000",용산구,3,95,4,29.97,,,120-20,11170,16
12,,2004,,,2020,디아뜨 센트럴,원효로1가,"15,400",용산구,3,0,16,25.5,,,112-4,11170,15
13,,2017,,,2020,용산1차휴먼타운,원효로1가,"28,500",용산구,3,0,16,33.61,,,120-20,11170,6
14,,2017,,,2020,용산1차휴먼타운,원효로1가,"27,000",용산구,3,0,17,33.61,,,120-20,11170,7
15,,2004,,,2020,디아뜨 센트럴,원효로1가,"15,000",용산구,3,0,27,25.5,,,112-4,11170,6
16,,2018,,,2020,용산파크뷰,원효로1가,"18,000",용산구,3,0,30,19.46,,,46-3,11170,2
17,,2014,,,2020,아인하우스,원효로3가,"14,500",용산구,3,0,9,21.27,,,277-36,11170,7
18,,2014,,,2020,아인하우스,원효로3가,"14,500",용산구,3,0,20,21.27,,,277-36,11170,3
19,,2004,,,2020,용문 하이오피스텔,용문동,"2,000",용산구,3,50,18,28.95,,,10-4,11170,7
20,,2015,,,2020,용산KCC웰츠타워,문배동,"22,050",용산구,3,0,3,29.97,,,11-10,11170,6
21,,2015,,,2020,용산KCC웰츠타워,문배동,"8,000",용산구,3,57,6,31.37,,,11-10,11170,8
22,,2015,,,2020,용산KCC웰츠타워,문배동,"8,000",용산구,3,60,6,31.37,,,11-10,11170,8
23,,2007,,,2020,용산씨제이나인파크,문배동,"45,000",용산구,3,0,6,68.41,,,24-6,11170,12
24,,2010,,,2020,리첸시아 용산B,문배동,"28,000",용산구,3,0,6,37.68,,,40-31,11170,3
25,,2015,,,2020,용산KCC웰츠타워,문배동,"32,000",용산구,3,0,9,38.95,,,11-10,11170,7
26,,2015,,,2020,용산KCC웰츠타워,문배동,"20,000",용산구,3,25,11,31.32,,,11-10,11170,7
27,,2013,,,2020,용산큐브,문배동,"18,000",용산구,3,0,12,17.46,,,24-4,11170,8
28,,2015,,,2020,용산KCC웰츠타워,문배동,"31,500",용산구,3,0,14,37.24,,,11-10,11170,6
29,,2007,,,2020,이안용산프리미어,문배동,"47,000",용산구,3,0,14,84.51,,,3-3,11170,5
30,,2004,,,2020,지오베르크,문배동,"2,000",용산구,3,75,14,31.35,,,17-1,11170,2
31,,2007,,,2020,이안용산프리미어,문배동,"41,000",용산구,3,0,14,73.86,,,3-3,11170,6
32,,2015,,,2020,용산KCC웰츠타워,문배동,"22,700",용산구,3,0,14,28.66,,,11-10,11170,3
33,,2015,,,2020,용산KCC웰츠타워,문배동,"2,000",용산구,3,120,14,40.88,,,11-10,11170,5
34,,2015,,,2020,용산KCC웰츠타워,문배동,"27,000",용산구,3,0,16,38.95,,,11-10,11170,5
35,,2005,,,2020,이안 용산1차(11-29),문배동,"22,000",용산구,3,0,16,30.04,,,11-29,11170,3
36,,2007,,,2020,용산아크로타워,문배동,"35,700",용산구,3,0,17,48.28,,,24-21,11170,4
37,,2015,,,2020,용산KCC웰츠타워,문배동,"2,000",용산구,3,120,17,42.38,,,11-10,11170,6
38,,2012,,,2020,프라임펠리스,문배동,"16,000",용산구,3,0,18,18.55,,,24-8,11170,12
39,,2007,,,2020,이안용산프리미어,문배동,"40,000",용산구,3,0,18,66.24,,,3-3,11170,3
40,,2017,,,2020,용산 리브,문배동,"31,300",용산구,3,0,20,45.92,,,10-3,11170,10
41,,2015,,,2020,용산KCC웰츠타워,문배동,"24,000",용산구,3,0,20,29.97,,,11-10,11170,6
42,,2004,,,2020,지오베르크,문배동,"27,000",용산구,3,0,21,51.92,,,17-1,11170,3
43,,2007,,,2020,이안용산프리미어,문배동,"18,000",용산구,3,60,21,66.7,,,3-3,11170,7
44,,2007,,,2020,용산씨제이나인파크,문배동,"43,000",용산구,3,0,21,70.92,,,24-6,11170,4
45,,2007,,,2020,이안용산프리미어,문배동,"10,000",용산구,3,110,21,72.46,,,3-3,11170,6
46,,2015,,,2020,용산KCC웰츠타워,문배동,"23,900",용산구,3,0,25,29.9,,,11-10,11170,7
47,,2007,,,2020,용산아크로타워,문배동,"28,300",용산구,3,0,25,38.37,,,24-21,11170,7
48,,2007,,,2020,용산아크로타워,문배동,"20,000",용산구,3,40,26,38.37,,,24-21,11170,7
49,,2013,,,2020,용산큐브,문배동,"1,000",용산구,3,65,27,17.46,,,24-4,11170,11
50,,2012,,,2020,프라임펠리스,문배동,"16,000",용산구,3,0,28,18.55,,,24-8,11170,10
51,,2005,,,2020,이안 용산1차(11-14),문배동,"42,000",용산구,3,0,28,73.56,,,11-14,11170,11
52,,2013,,,2020,용산큐브,문배동,"17,000",용산구,3,0,31,17.46,,,24-4,11170,8
53,,2005,,,2020,용산파크자이,한강로1가,"24,000",용산구,3,0,3,28.46,,,50-1,11170,11
54,,2005,,,2020,용산파크자이,한강로1가,"26,000",용산구,3,0,28,33.6,,,50-1,11170,15
55,,2005,,,2020,용산파크자이,한강로1가,"32,000",용산구,3,0,28,42.39,,,50-1,11170,16
56,,2005,,,2020,한강현대하이엘,한강로2가,"21,000",용산구,3,0,2,42.32,,,2-36,11170,15
57,,2004,,,2020,대우디오빌한강로오피스텔,한강로2가,"1,000",용산구,3,70,5,30.64,,,312-4,11170,7
58,,2017,,,2020,용산푸르지오써밋,한강로2가,"35,255",용산구,3,0,9,46,,,420,11170,22
59,,2017,,,2020,용산푸르지오써밋,한강로2가,"35,300",용산구,3,0,9,27.75,,,420,11170,28
60,,2004,,,2020,대우디오빌한강로오피스텔,한강로2가,"1,500",용산구,3,70,10,23.85,,,312-4,11170,15
61,,2012,,,2020,아스테리움 용산,한강로2가,"42,000",용산구,3,0,14,49.66,,,419,11170,15
62,,2005,,,2020,한강로벽산메가트리움,한강로2가,"25,000",용산구,3,0,18,32.87,,,2-8,11170,28
63,,2004,,,2020,한강로 대우아이빌,한강로2가,"21,000",용산구,3,0,18,33.54,,,2-11,11170,6
64,,2017,,,2020,용산푸르지오써밋,한강로2가,"39,900",용산구,3,0,20,35.47,,,420,11170,28
65,,2012,,,2020,위너스타워,한강로2가,"11,000",용산구,3,0,31,30.27,,,2-132,11170,3
66,,2004,,,2020,한강대우트럼프월드3,한강로3가,"23,000",용산구,3,0,2,30.91,,,65-230,11170,14
67,,2002,,,2020,(726-116),한남동,"36,000",용산구,3,0,19,68.87,,,726-116,11170,1
0,,2004,,,2020,갈월동 에이트리움,갈월동,"2,000",용산구,4,65,12,31.1,,,101-49,11170,18
1,,2015,,,2020,트윈시티 남산,동자동,"1,000",용산구,4,100,3,27.43,,,56,11170,11
2,,2013,,,2020,센트레빌아스테리움서울,동자동,"3,000",용산구,4,200,6,78.13,,,45,11170,14
3,,2015,,,2020,트윈시티 남산,동자동,"1,000",용산구,4,85,6,21.71,,,56,11170,18
4,,2015,,,2020,트윈시티 남산,동자동,"1,000",용산구,4,85,10,21.52,,,56,11170,6
5,,2015,,,2020,트윈시티 남산,동자동,"1,000",용산구,4,100,20,27.42,,,56,11170,27
6,,2017,,,2020,용산1차휴먼타운,원효로1가,"26,250",용산구,4,0,4,29.97,,,120-20,11170,14
7,,2017,,,2020,용산1차휴먼타운,원효로1가,"27,825",용산구,4,0,7,33.61,,,120-20,11170,9
8,,2017,,,2020,용산1차휴먼타운,원효로1가,"15,000",용산구,4,40,13,33.61,,,120-20,11170,6
9,,2017,,,2020,용산1차휴먼타운,원효로1가,"24,100",용산구,4,0,18,33.61,,,120-20,11170,9
10,,2018,,,2020,용산파크뷰,원효로1가,900,용산구,4,58,21,19.46,,,46-3,11170,7
11,,2018,,,2020,용산2차휴먼타운,원효로1가,"26,000",용산구,4,0,21,29.94,,,120-22,11170,7
12,,2018,,,2020,용산파크뷰,원효로1가,"25,900",용산구,4,0,25,38.52,,,46-3,11170,3
13,,2014,,,2020,아인하우스,원효로3가,"14,500",용산구,4,0,12,24.48,,,277-36,11170,4
14,,2004,,,2020,삼라마이다스빌,문배동,"23,000",용산구,4,0,2,38.63,,,40-19,11170,6
15,,2010,,,2020,리첸시아 용산B,문배동,"38,000",용산구,4,0,3,56.37,,,40-31,11170,3
16,,2017,,,2020,용산 리브,문배동,"33,600",용산구,4,0,3,42.25,,,10-3,11170,13
17,,2015,,,2020,용산KCC웰츠타워,문배동,"26,000",용산구,4,0,3,38.13,,,11-10,11170,7
18,,2013,,,2020,용산큐브,문배동,"1,000",용산구,4,65,4,17.46,,,24-4,11170,4
19,,2015,,,2020,용산KCC웰츠타워,문배동,"24,000",용산구,4,0,4,29.69,,,11-10,11170,7
20,,2010,,,2020,리첸시아 용산B,문배동,"34,000",용산구,4,0,4,47.51,,,40-31,11170,3
21,,2012,,,2020,프라임펠리스,문배동,"1,000",용산구,4,80,6,27.83,,,24-8,11170,9
22,,2004,,,2020,지오베르크,문배동,"26,000",용산구,4,0,6,42.18,,,17-1,11170,2
23,,2012,,,2020,프라임펠리스,문배동,"22,000",용산구,4,0,6,27.83,,,24-8,11170,10
24,,2007,,,2020,용산씨제이나인파크,문배동,"31,500",용산구,4,0,10,42.5,,,24-6,11170,6
25,,2007,,,2020,용산씨제이나인파크,문배동,"3,000",용산구,4,150,10,68.41,,,24-6,11170,3
26,,2015,,,2020,용산KCC웰츠타워,문배동,"30,200",용산구,4,0,11,38.46,,,11-10,11170,6
27,,2013,,,2020,용산큐브,문배동,"1,000",용산구,4,65,12,17.46,,,24-4,11170,12
28,,2010,,,2020,리첸시아 용산B,문배동,"3,000",용산구,4,150,13,56.1,,,40-31,11170,3
29,,2015,,,2020,용산KCC웰츠타워,문배동,"22,830",용산구,4,0,18,37.24,,,11-10,11170,7
30,,2017,,,2020,용산 리브,문배동,"30,000",용산구,4,0,18,42.25,,,10-3,11170,12
31,,2005,,,2020,이안 용산1차(11-14),문배동,"38,000",용산구,4,0,18,61.06,,,11-14,11170,15
32,,2015,,,2020,용산KCC웰츠타워,문배동,"25,000",용산구,4,0,21,29.69,,,11-10,11170,4
33,,2007,,,2020,이안용산프리미어,문배동,"42,000",용산구,4,0,22,72.46,,,3-3,11170,7
34,,2007,,,2020,이안용산프리미어,문배동,"42,000",용산구,4,0,24,72.99,,,3-3,11170,3
35,,2013,,,2020,용산큐브,문배동,"18,000",용산구,4,0,25,17.46,,,24-4,11170,12
36,,2007,,,2020,용산아크로타워,문배동,"2,000",용산구,4,110,25,38.37,,,24-21,11170,5
37,,2017,,,2020,용산 리브,문배동,"8,000",용산구,4,70,28,42.25,,,10-3,11170,5
38,,2005,,,2020,용산파크자이,한강로1가,"30,800",용산구,4,0,6,50.8,,,50-1,11170,9
39,,2005,,,2020,용산파크자이,한강로1가,"27,000",용산구,4,0,16,36.13,,,50-1,11170,8
40,,2005,,,2020,용산파크자이,한강로1가,"32,000",용산구,4,0,16,37.26,,,50-1,11170,35
41,,2007,,,2020,대우 월드마크 용산,한강로1가,"52,000",용산구,4,0,23,83.07,,,64,11170,11
42,,2004,,,2020,대우디오빌한강로오피스텔,한강로2가,"22,000",용산구,4,0,2,29.66,,,312-4,11170,5
43,,2004,,,2020,대우디오빌한강로오피스텔,한강로2가,"1,000",용산구,4,70,2,29.66,,,312-4,11170,12
44,,2017,,,2020,용산푸르지오써밋,한강로2가,"33,569",용산구,4,0,2,44.7,,,420,11170,32
45,,2004,,,2020,대우디오빌한강로오피스텔,한강로2가,"21,000",용산구,4,0,2,32.85,,,312-4,11170,14
46,,2004,,,2020,한강로 대우아이빌,한강로2가,"19,000",용산구,4,0,4,33.54,,,2-11,11170,8
47,,2004,,,2020,대우디오빌한강로오피스텔,한강로2가,"13,000",용산구,4,30,4,22.05,,,312-4,11170,15
48,,2005,,,2020,한강현대하이엘,한강로2가,"21,000",용산구,4,0,4,42.32,,,2-36,11170,8
49,,2004,,,2020,대우디오빌한강로오피스텔,한강로2가,"22,000",용산구,4,0,6,32.19,,,312-4,11170,15
50,,,,,2020,래미안 용산 더 센트럴,한강로2가,"42,000",용산구,4,0,8,48.57,,,422,11170,6
51,,2005,,,2020,한강로벽산메가트리움,한강로2가,"24,000",용산구,4,0,12,32.15,,,2-8,11170,22
52,,2017,,,2020,용산푸르지오써밋,한강로2가,"26,250",용산구,4,0,13,29.85,,,420,11170,23
53,,2017,,,2020,용산푸르지오써밋,한강로2가,"26,250",용산구,4,0,13,29.85,,,420,11170,23
54,,2005,,,2020,한강로벽산메가트리움,한강로2가,"25,000",용산구,4,0,14,33.02,,,2-8,11170,27
55,,2004,,,2020,대우디오빌한강로오피스텔,한강로2가,"14,000",용산구,4,20,18,23.85,,,312-4,11170,5
56,,2017,,,2020,용산푸르지오써밋,한강로2가,"49,000",용산구,4,0,21,46.29,,,420,11170,27
57,,2005,,,2020,한강로벽산메가트리움,한강로2가,"24,000",용산구,4,0,22,29.54,,,2-8,11170,14
58,,,,,2020,래미안 용산 더 센트럴,한강로2가,"46,000",용산구,4,0,29,47.65,,,422,11170,6
59,,2004,,,2020,한강대우트럼프월드3,한강로3가,"1,000",용산구,4,110,3,39.7,,,65-230,11170,25
0,,2004,,,2020,그린빌파크,갈월동,"1,000",용산구,5,50,8,23.01,,,53-19,11170,3
1,,2004,,,2020,갈월동 에이트리움,갈월동,"1,000",용산구,5,75,26,33.77,,,101-49,11170,18
2,,2004,,,2020,갈월동 에이트리움,갈월동,"23,000",용산구,5,0,26,34.11,,,101-49,11170,13
3,,2015,,,2020,트윈시티 남산,동자동,"1,000",용산구,5,95,4,25.43,,,56,11170,26
4,,2015,,,2020,트윈시티 남산,동자동,"1,000",용산구,5,85,6,21.71,,,56,11170,18
5,,2015,,,2020,트윈시티 남산,동자동,"1,000",용산구,5,100,28,28.33,,,56,11170,22
6,,2004,,,2020,서울역풍림아이원플러스,서계동,"10,000",용산구,5,30,4,27.95,,,219-17,11170,4
7,,2004,,,2020,서울역풍림아이원플러스,서계동,"5,000",용산구,5,50,14,27.95,,,219-17,11170,4
8,,2004,,,2020,서울역풍림아이원플러스,서계동,"9,000",용산구,5,40,30,28.11,,,219-17,11170,6
9,,2020,,,2020,용산 다올 노블리움,청파동3가,"7,000",용산구,5,140,25,48.77,,,80-6,11170,17
10,,2017,,,2020,용산1차휴먼타운,원효로1가,"3,000",용산구,5,100,1,33.61,,,120-20,11170,8
11,,2004,,,2020,디아뜨 센트럴,원효로1가,"3,000",용산구,5,48,5,25.19,,,112-4,11170,11
12,,2018,,,2020,용산2차휴먼타운,원효로1가,"26,200",용산구,5,0,9,29.94,,,120-22,11170,11
13,,2019,,,2020,하람 휴,원효로1가,"28,300",용산구,5,0,9,29.56,,,28-10,11170,12
14,,2018,,,2020,용산파크뷰,원효로1가,"16,800",용산구,5,0,16,19.46,,,46-3,11170,3
15,,2018,,,2020,용산파크뷰,원효로1가,"28,800",용산구,5,0,16,42.95,,,46-3,11170,6
16,,2004,,,2020,디아뜨 센트럴,원효로1가,"15,500",용산구,5,0,19,25.5,,,112-4,11170,9
17,,2018,,,2020,용산파크뷰,원효로1가,"17,300",용산구,5,0,23,19.46,,,46-3,11170,4
18,,2017,,,2020,용산1차휴먼타운,원효로1가,"25,000",용산구,5,0,23,29.97,,,120-20,11170,14
19,,2004,,,2020,디아뜨 센트럴,원효로1가,"15,000",용산구,5,0,27,25.19,,,112-4,11170,4
20,,2018,,,2020,용산파크뷰,원효로1가,"27,800",용산구,5,0,30,36.2,,,46-3,11170,7
21,,2018,,,2020,용산파크뷰,원효로1가,"28,800",용산구,5,0,30,42.95,,,46-3,11170,4
22,,2018,,,2020,용산파크뷰,원효로1가,"28,300",용산구,5,0,30,42.95,,,46-3,11170,2
23,,2018,,,2020,용산파크뷰,원효로1가,"27,300",용산구,5,0,30,38.52,,,46-3,11170,7
24,,2015,,,2020,용산KCC웰츠타워,문배동,"20,000",용산구,5,45,1,38.19,,,11-10,11170,8
25,,2007,,,2020,이안용산프리미어,문배동,"10,000",용산구,5,110,1,71.38,,,3-3,11170,7
26,,2015,,,2020,용산KCC웰츠타워,문배동,"8,000",용산구,5,53,7,29.25,,,11-10,11170,7
27,,2004,,,2020,삼라마이다스빌,문배동,"7,000",용산구,5,55,8,38.63,,,40-19,11170,3
28,,2013,,,2020,용산큐브,문배동,"18,000",용산구,5,0,9,17.46,,,24-4,11170,9
29,,2017,,,2020,용산 리브,문배동,"30,000",용산구,5,0,11,45.92,,,10-3,11170,5
30,,2007,,,2020,이안용산프리미어,문배동,"48,000",용산구,5,0,12,84.51,,,3-3,11170,2
31,,2012,,,2020,프라임펠리스,문배동,"3,000",용산구,5,50,13,18.55,,,24-8,11170,10
32,,2017,,,2020,용산 리브,문배동,"28,000",용산구,5,0,15,36.06,,,10-3,11170,5
33,,2005,,,2020,이안 용산1차(11-29),문배동,"1,000",용산구,5,75,15,30.04,,,11-29,11170,2
34,,2005,,,2020,이안 용산1차(11-14),문배동,"37,000",용산구,5,0,16,61.06,,,11-14,11170,10
35,,2007,,,2020,이안용산프리미어,문배동,"42,000",용산구,5,0,16,72.46,,,3-3,11170,3
36,,2007,,,2020,이안용산프리미어,문배동,"10,000",용산구,5,130,16,86.16,,,3-3,11170,6
37,,2012,,,2020,프라임펠리스,문배동,"15,500",용산구,5,0,16,18.77,,,24-8,11170,10
38,,2015,,,2020,용산KCC웰츠타워,문배동,"42,000",용산구,5,0,22,58.55,,,11-10,11170,7
39,,2017,,,2020,용산 리브,문배동,"20,000",용산구,5,30,23,42.25,,,10-3,11170,7
40,,2007,,,2020,용산아크로타워,문배동,"1,000",용산구,5,80,23,28.72,,,24-21,11170,5
41,,2015,,,2020,용산KCC웰츠타워,문배동,"26,500",용산구,5,0,27,31.37,,,11-10,11170,7
42,,2015,,,2020,용산KCC웰츠타워,문배동,"31,000",용산구,5,0,28,38.95,,,11-10,11170,6
43,,2004,,,2020,삼라마이다스빌,문배동,"16,500",용산구,5,0,28,28.23,,,40-19,11170,3
44,,2007,,,2020,용산씨제이나인파크,문배동,"31,000",용산구,5,0,29,42.5,,,24-6,11170,9
45,,2007,,,2020,이안용산프리미어,문배동,"43,000",용산구,5,15,30,84.51,,,3-3,11170,6
46,,2004,,,2020,지오베르크,문배동,"20,000",용산구,5,0,30,31.35,,,17-1,11170,3
47,,2007,,,2020,이안용산프리미어,문배동,"43,000",용산구,5,0,30,71.38,,,3-3,11170,4
48,,2005,,,2020,용산파크자이,한강로1가,"26,000",용산구,5,0,11,36.13,,,50-1,11170,8
49,,2005,,,2020,용산파크자이,한강로1가,"34,500",용산구,5,0,21,42.39,,,50-1,11170,9
50,,2005,,,2020,용산파크자이,한강로1가,"2,000",용산구,5,120,23,42.39,,,50-1,11170,15
51,,2004,,,2020,한강로 대우아이빌,한강로2가,"20,000",용산구,5,0,4,35.28,,,2-11,11170,7
52,,2004,,,2020,한강로 대우아이빌,한강로2가,"1,000",용산구,5,70,7,33.54,,,2-11,11170,4
53,,2005,,,2020,한강로벽산메가트리움,한강로2가,"1,000",용산구,5,80,7,32.15,,,2-8,11170,10
54,,2005,,,2020,한강로벽산메가트리움,한강로2가,"21,000",용산구,5,0,8,29.54,,,2-8,11170,4
55,,2017,,,2020,용산푸르지오써밋,한강로2가,"25,000",용산구,5,61,9,42.64,,,420,11170,30
56,,,,,2020,래미안 용산 더 센트럴,한강로2가,"50,000",용산구,5,0,11,51.84,,,422,11170,11
57,,2005,,,2020,한강현대하이엘,한강로2가,"19,000",용산구,5,0,12,30.03,,,2-36,11170,4
58,,2017,,,2020,용산푸르지오써밋,한강로2가,"2,000",용산구,5,88,15,25.65,,,420,11170,30
59,,2017,,,2020,용산푸르지오써밋,한강로2가,"2,000",용산구,5,83,15,25.65,,,420,11170,30
60,,2005,,,2020,한강현대하이엘,한강로2가,"21,000",용산구,5,0,16,42.32,,,2-36,11170,13
61,,2017,,,2020,용산푸르지오써밋,한강로2가,"27,563",용산구,5,0,16,29.85,,,420,11170,22
62,,2004,,,2020,한강로 대우아이빌,한강로2가,"3,000",용산구,5,65,18,36.64,,,2-11,11170,8
63,,2017,,,2020,용산푸르지오써밋,한강로2가,"23,600",용산구,5,0,20,26.59,,,420,11170,29
64,,2012,,,2020,아스테리움 용산,한강로2가,"20,000",용산구,5,110,28,49.85,,,419,11170,21
65,,2005,,,2020,한강로벽산메가트리움,한강로2가,"23,000",용산구,5,0,28,30.35,,,2-8,11170,10
66,,,,,2020,래미안 용산 더 센트럴,한강로2가,"2,000",용산구,5,170,29,53,,,422,11170,19
67,,,,,2020,래미안 용산 더 센트럴,한강로2가,"36,300",용산구,5,0,30,48.57,,,422,11170,11
68,,2004,,,2020,언고오피스텔,한남동,"2,000",용산구,5,55,11,19.9,,,72-17,11170,4
0,,2004,,,2020,갈월동 에이트리움,갈월동,"20,000",용산구,6,0,22,31.51,,,101-49,11170,15
1,,2004,,,2020,갈월동 에이트리움,갈월동,"19,950",용산구,6,0,26,30.97,,,101-49,11170,20
2,,2013,,,2020,센트레빌아스테리움서울,동자동,"45,000",용산구,6,0,8,72.58,,,45,11170,7
3,,2004,,,2020,서울역풍림아이원플러스,서계동,"3,000",용산구,6,55,9,27.95,,,219-17,11170,11
4,,2004,,,2020,서울역풍림아이원플러스,서계동,"5,000",용산구,6,40,11,27.95,,,219-17,11170,2
5,,2004,,,2020,서울역풍림아이원플러스,서계동,"3,000",용산구,6,50,12,28.79,,,219-17,11170,3
6,,2004,,,2020,서울역풍림아이원플러스,서계동,"1,000",용산구,6,55,19,27.95,,,219-17,11170,2
7,,2004,,,2020,서울역풍림아이원플러스,서계동,"1,000",용산구,6,55,19,25.38,,,219-17,11170,2
8,,2004,,,2020,디아뜨 센트럴,원효로1가,"17,000",용산구,6,0,4,25.5,,,112-4,11170,12
9,,2004,,,2020,디아뜨 센트럴,원효로1가,"15,000",용산구,6,0,8,25.19,,,112-4,11170,4
10,,2004,,,2020,디아뜨 센트럴,원효로1가,"15,000",용산구,6,0,11,25.5,,,112-4,11170,9
11,,2018,,,2020,용산파크뷰,원효로1가,"27,090",용산구,6,0,12,38.52,,,46-3,11170,2
12,,2017,,,2020,용산1차휴먼타운,원효로1가,"27,000",용산구,6,0,23,33.61,,,120-20,11170,7
13,,2018,,,2020,용산파크뷰,원효로1가,"28,300",용산구,6,0,24,42.95,,,46-3,11170,3
14,,2018,,,2020,용산파크뷰,원효로1가,"26,700",용산구,6,0,24,36.64,,,46-3,11170,4
15,,2018,,,2020,용산파크뷰,원효로1가,"26,600",용산구,6,0,30,36.2,,,46-3,11170,5
16,,2014,,,2020,아인하우스,원효로3가,"16,200",용산구,6,0,29,26.88,,,277-36,11170,8
17,,2004,,,2020,용문 하이오피스텔,용문동,"3,000",용산구,6,50,11,28.95,,,10-4,11170,4
18,,2010,,,2020,리첸시아 용산B,문배동,"28,300",용산구,6,0,1,36.23,,,40-31,11170,2
19,,2012,,,2020,프라임펠리스,문배동,"2,000",용산구,6,55,1,18.55,,,24-8,11170,9
20,,2012,,,2020,프라임펠리스,문배동,"2,000",용산구,6,55,3,18.55,,,24-8,11170,8
21,,2004,,,2020,삼라마이다스빌,문배동,"16,800",용산구,6,0,3,25.11,,,40-19,11170,7
22,,2007,,,2020,용산씨제이나인파크,문배동,"35,000",용산구,6,0,4,44.43,,,24-6,11170,9
23,,2015,,,2020,용산KCC웰츠타워,문배동,"1,000",용산구,6,70,5,30.14,,,11-10,11170,6
24,,2017,,,2020,용산 리브,문배동,"10,000",용산구,6,65,5,42.25,,,10-3,11170,10
25,,2013,,,2020,용산큐브,문배동,"16,800",용산구,6,0,8,17.46,,,24-4,11170,8
26,,2013,,,2020,용산큐브,문배동,"17,300",용산구,6,0,8,17.46,,,24-4,11170,8
27,,2013,,,2020,용산큐브,문배동,"17,300",용산구,6,0,8,17.46,,,24-4,11170,8
28,,2015,,,2020,용산KCC웰츠타워,문배동,"8,000",용산구,6,57,8,31.37,,,11-10,11170,8
29,,2007,,,2020,이안용산프리미어,문배동,"43,000",용산구,6,0,13,72.46,,,3-3,11170,4
30,,2007,,,2020,용산아크로타워,문배동,"36,000",용산구,6,0,13,46.29,,,24-21,11170,5
31,,2007,,,2020,용산아크로타워,문배동,"36,000",용산구,6,0,13,46.29,,,24-21,11170,5
32,,2013,,,2020,용산큐브,문배동,"10,000",용산구,6,45,13,17.46,,,24-4,11170,3
33,,2007,,,2020,용산씨제이나인파크,문배동,"45,000",용산구,6,0,13,54.96,,,24-6,11170,11
34,,2013,,,2020,용산큐브,문배동,"17,850",용산구,6,0,16,17.46,,,24-4,11170,3
35,,2007,,,2020,이안용산프리미어,문배동,"45,000",용산구,6,0,16,84.51,,,3-3,11170,3
36,,2013,,,2020,용산큐브,문배동,"17,800",용산구,6,0,18,17.46,,,24-4,11170,10
37,,2018,,,2020,G&P 용산파크,문배동,"3,000",용산구,6,100,20,39.75,,,11-34,11170,2
38,,2017,,,2020,용산 리브,문배동,"31,000",용산구,6,0,20,42.25,,,10-3,11170,12
39,,2007,,,2020,용산아크로타워,문배동,"2,000",용산구,6,130,22,46.29,,,24-21,11170,9
40,,2004,,,2020,지오베르크,문배동,"5,000",용산구,6,55,25,31.35,,,17-1,11170,3
41,,2007,,,2020,용산아크로타워,문배동,"22,000",용산구,6,0,26,28.72,,,24-21,11170,3
42,,2010,,,2020,리첸시아 용산B,문배동,"33,000",용산구,6,20,27,58.87,,,40-31,11170,2
43,,2007,,,2020,이안용산프리미어,문배동,"28,000",용산구,6,0,30,47.51,,,3-3,11170,5
44,,2012,,,2020,프라임펠리스,문배동,"10,000",용산구,6,20,30,18.77,,,24-8,11170,7
45,,2005,,,2020,용산파크자이,한강로1가,"28,500",용산구,6,0,3,31.83,,,50-1,11170,29
46,,2005,,,2020,용산파크자이,한강로1가,"29,000",용산구,6,0,6,33.6,,,50-1,11170,18
47,,2005,,,2020,용산파크자이,한강로1가,"29,000",용산구,6,0,13,39.03,,,50-1,11170,3
48,,2005,,,2020,용산파크자이,한강로1가,"25,500",용산구,6,0,24,36.13,,,50-1,11170,6
49,,2005,,,2020,용산파크자이,한강로1가,"31,000",용산구,6,0,27,38.1,,,50-1,11170,13
50,,2005,,,2020,용산파크자이,한강로1가,"37,000",용산구,6,0,27,52.84,,,50-1,11170,11
51,,2004,,,2020,대우디오빌한강로오피스텔,한강로2가,"19,000",용산구,6,0,1,22.05,,,312-4,11170,8
52,,2017,,,2020,용산푸르지오써밋,한강로2가,"2,000",용산구,6,92,4,29.85,,,420,11170,22
53,,2004,,,2020,한강로 대우아이빌,한강로2가,"22,000",용산구,6,0,6,34.83,,,2-11,11170,8
54,,2005,,,2020,한강현대하이엘,한강로2가,"9,000",용산구,6,50,8,42.32,,,2-36,11170,14
55,,2004,,,2020,한강로 대우아이빌,한강로2가,"2,000",용산구,6,65,9,33.54,,,2-11,11170,5
56,,2005,,,2020,한강로벽산메가트리움,한강로2가,"22,575",용산구,6,0,10,32.74,,,2-8,11170,18
57,,2004,,,2020,대우디오빌한강로오피스텔,한강로2가,"19,000",용산구,6,0,10,22.05,,,312-4,11170,8
58,,2017,,,2020,용산푸르지오써밋,한강로2가,"38,850",용산구,6,0,11,44.89,,,420,11170,17
59,,2005,,,2020,한강로벽산메가트리움,한강로2가,"24,000",용산구,6,0,12,29.54,,,2-8,11170,18
60,,,,,2020,래미안 용산 더 센트럴,한강로2가,"37,044",용산구,6,0,12,53,,,422,11170,17
61,,2017,,,2020,용산푸르지오써밋,한강로2가,"34,000",용산구,6,0,13,29.85,,,420,11170,28
62,,2005,,,2020,한강현대하이엘,한강로2가,"23,000",용산구,6,0,13,41.82,,,2-36,11170,15
63,,2005,,,2020,한강로벽산메가트리움,한강로2가,"22,000",용산구,6,0,16,30.35,,,2-8,11170,6
64,,2006,,,2020,용산 토투벨리,한강로2가,"20,000",용산구,6,0,17,33.93,,,2-37,11170,10
65,,2005,,,2020,한강로벽산메가트리움,한강로2가,"24,000",용산구,6,0,18,29.54,,,2-8,11170,18
66,,2012,,,2020,아스테리움 용산,한강로2가,"22,000",용산구,6,74,18,49.98,,,419,11170,20
67,,2017,,,2020,용산푸르지오써밋,한강로2가,"34,177",용산구,6,0,19,46.29,,,420,11170,39
68,,2017,,,2020,용산푸르지오써밋,한강로2가,"35,885",용산구,6,0,19,44.7,,,420,11170,28
69,,2004,,,2020,한강로 대우아이빌,한강로2가,"20,000",용산구,6,0,22,36.64,,,2-11,11170,2
70,,2017,,,2020,용산푸르지오써밋,한강로2가,"31,500",용산구,6,0,22,48.72,,,420,11170,21
71,,,,,2020,래미안 용산 더 센트럴,한강로2가,"38,500",용산구,6,0,22,47.65,,,422,11170,15
72,,2005,,,2020,한강현대하이엘,한강로2가,300,용산구,6,70,22,30.03,,,2-36,11170,7
73,,2004,,,2020,대우디오빌한강로오피스텔,한강로2가,"1,000",용산구,6,75,24,33.95,,,312-4,11170,8
74,,2006,,,2020,용산 토투벨리,한강로2가,"33,000",용산구,6,0,26,54.23,,,2-37,11170,13
75,,,,,2020,래미안 용산 더 센트럴,한강로2가,"46,300",용산구,6,0,27,53,,,422,11170,16
76,,2004,,,2020,대우디오빌한강로오피스텔,한강로2가,"19,500",용산구,6,0,30,22.05,,,312-4,11170,11
77,,2009,,,2020,파크타워,용산동5가,"5,000",용산구,6,260,30,123.34,,,24,11170,7
78,,2007,,,2020,용산 시티파크(63-387),한강로3가,"40,000",용산구,6,0,9,43.77,,,63-387,11170,3
79,,2004,,,2020,한강대우트럼프월드3,한강로3가,"1,000",용산구,6,80,20,25.59,,,65-230,11170,22
80,,2007,,,2020,용산 시티파크(63-389),한강로3가,"40,000",용산구,6,0,20,48.05,,,63-389,11170,5
81,,2020,,,2020,한남파크뷰,이태원동,"19,500",용산구,6,0,1,18.75,,,130-11,11170,3
82,,2020,,,2020,한남파크뷰,이태원동,"19,500",용산구,6,0,1,18.75,,,130-11,11170,3
83,,2020,,,2020,한남파크뷰,이태원동,"19,000",용산구,6,0,23,18.75,,,130-11,11170,4
84,,2020,,,2020,한남파크뷰,이태원동,"20,000",용산구,6,0,25,18.75,,,130-11,11170,2
85,,2003,,,2020,디에스오피스텔,한남동,"2,000",용산구,6,50,12,16.8,,,257-1,11170,1
86,,2004,,,2020,언고오피스텔,한남동,"1,000",용산구,6,60,23,19.9,,,72-17,11170,5
0,,2004,,,2020,갈월동 에이트리움,갈월동,"2,000",용산구,7,60,27,30.97,,,101-49,11170,20
1,,2004,,,2020,갈월동 에이트리움,갈월동,"1,000",용산구,7,90,28,40.98,,,101-49,11170,7
2,,2015,,,2020,트윈시티 남산,동자동,"1,000",용산구,7,85,3,21.71,,,56,11170,8
3,,2015,,,2020,트윈시티 남산,동자동,"1,000",용산구,7,85,6,21.71,,,56,11170,16
4,,2015,,,2020,트윈시티 남산,동자동,"1,000",용산구,7,100,6,27.42,,,56,11170,24
5,,2015,,,2020,트윈시티 남산,동자동,"1,000",용산구,7,85,8,21.51,,,56,11170,23
6,,2015,,,2020,트윈시티 남산,동자동,"1,000",용산구,7,115,8,29.61,,,56,11170,8
7,,2015,,,2020,트윈시티 남산,동자동,"1,000",용산구,7,100,8,27.43,,,56,11170,5
8,,2015,,,2020,트윈시티 남산,동자동,"1,000",용산구,7,85,30,21.71,,,56,11170,21
9,,2015,,,2020,트윈시티 남산,동자동,"1,000",용산구,7,85,31,21.71,,,56,11170,26
10,,2004,,,2020,서울역풍림아이원플러스,서계동,"19,000",용산구,7,0,13,25.38,,,219-17,11170,2
11,,2004,,,2020,서울역풍림아이원플러스,서계동,"21,000",용산구,7,0,14,27.95,,,219-17,11170,8
12,,2004,,,2020,서울역풍림아이원플러스,서계동,"2,000",용산구,7,70,16,28.79,,,219-17,11170,11
13,,2004,,,2020,서울역풍림아이원플러스,서계동,"21,000",용산구,7,0,17,28.79,,,219-17,11170,6
14,,2004,,,2020,서울역풍림아이원플러스,서계동,"1,000",용산구,7,65,21,28.11,,,219-17,11170,6
15,,2004,,,2020,서울역풍림아이원플러스,서계동,"4,000",용산구,7,50,21,30.02,,,219-17,11170,3
16,,2004,,,2020,서울역풍림아이원플러스,서계동,"4,000",용산구,7,50,21,27.95,,,219-17,11170,4
17,,2004,,,2020,서울역풍림아이원플러스,서계동,"1,000",용산구,7,70,27,28.11,,,219-17,11170,10
18,,2020,,,2020,용산 다올 노블리움,청파동3가,"2,000",용산구,7,85,21,25.76,,,80-6,11170,12
19,,2020,,,2020,용산 다올 노블리움,청파동3가,"1,000",용산구,7,70,25,18.14,,,80-6,11170,6
20,,2004,,,2020,디아뜨 센트럴,원효로1가,"16,000",용산구,7,0,3,25.5,,,112-4,11170,12
21,,2017,,,2020,용산1차휴먼타운,원효로1가,"26,200",용산구,7,0,11,29.97,,,120-20,11170,13
22,,2018,,,2020,용산2차휴먼타운,원효로1가,"27,300",용산구,7,0,11,29.37,,,120-22,11170,8
23,,2018,,,2020,용산파크뷰,원효로1가,"26,700",용산구,7,0,18,38.52,,,46-3,11170,5
24,,2018,,,2020,용산파크뷰,원효로1가,"26,250",용산구,7,0,18,36.64,,,46-3,11170,2
25,,2018,,,2020,용산파크뷰,원효로1가,"26,700",용산구,7,0,25,36.64,,,46-3,11170,6
26,,2018,,,2020,용산파크뷰,원효로1가,"28,300",용산구,7,0,25,38.52,,,46-3,11170,6
27,,2018,,,2020,용산파크뷰,원효로1가,"26,600",용산구,7,0,25,36.2,,,46-3,11170,6
28,,2018,,,2020,용산파크뷰,원효로1가,"2,000",용산구,7,100,25,42.95,,,46-3,11170,7
29,,2018,,,2020,용산파크뷰,원효로1가,"26,600",용산구,7,0,25,36.2,,,46-3,11170,3
30,,2004,,,2020,디아뜨 센트럴,원효로1가,"1,000",용산구,7,60,28,25.5,,,112-4,11170,5
31,,2014,,,2020,아인하우스,원효로3가,"15,500",용산구,7,0,8,23.04,,,277-36,11170,8
32,,2003,,,2020,e테크밸리,원효로3가,"15,000",용산구,7,0,22,32,,,51-37,11170,15
33,,2003,,,2020,e테크밸리,원효로3가,"15,000",용산구,7,0,24,38.12,,,51-37,11170,11
34,,2007,,,2020,용산아크로타워,문배동,"28,350",용산구,7,0,1,38.37,,,24-21,11170,9
35,,2013,,,2020,용산큐브,문배동,"5,000",용산구,7,50,1,17.46,,,24-4,11170,13
36,,2007,,,2020,용산씨제이나인파크,문배동,"35,000",용산구,7,0,2,42.5,,,24-6,11170,7
37,,2013,,,2020,용산큐브,문배동,"1,000",용산구,7,65,6,17.46,,,24-4,11170,9
38,,2013,,,2020,용산큐브,문배동,"18,000",용산구,7,0,7,17.46,,,24-4,11170,12
39,,2012,,,2020,프라임펠리스,문배동,"16,000",용산구,7,0,8,18.55,,,24-8,11170,11
40,,2017,,,2020,용산 리브,문배동,"30,000",용산구,7,0,9,42.25,,,10-3,11170,4
41,,2015,,,2020,용산KCC웰츠타워,문배동,"1,000",용산구,7,80,9,29.97,,,11-10,11170,4
42,,2015,,,2020,용산KCC웰츠타워,문배동,"1,000",용산구,7,85,10,33,,,11-10,11170,4
43,,2013,,,2020,용산큐브,문배동,"7,000",용산구,7,40,11,17.46,,,24-4,11170,10
44,,2017,,,2020,용산 리브,문배동,"3,000",용산구,7,100,11,42.25,,,10-3,11170,7
45,,2007,,,2020,용산씨제이나인파크,문배동,"37,000",용산구,7,0,14,44.43,,,24-6,11170,3
46,,2017,,,2020,용산 리브,문배동,"9,000",용산구,7,75,14,36.06,,,10-3,11170,6
47,,2015,,,2020,용산KCC웰츠타워,문배동,"31,000",용산구,7,0,15,37.17,,,11-10,11170,4
48,,2007,,,2020,용산아크로타워,문배동,"36,700",용산구,7,0,17,48.28,,,24-21,11170,8
49,,2015,,,2020,용산KCC웰츠타워,문배동,"5,000",용산구,7,90,18,38.48,,,11-10,11170,4
50,,2015,,,2020,용산KCC웰츠타워,문배동,"28,000",용산구,7,0,18,31.32,,,11-10,11170,8
51,,2007,,,2020,용산아크로타워,문배동,"40,000",용산구,7,0,22,47.42,,,24-21,11170,9
52,,2013,,,2020,용산큐브,문배동,"17,850",용산구,7,0,22,17.46,,,24-4,11170,11
53,,2007,,,2020,용산아크로타워,문배동,"35,700",용산구,7,0,23,46.29,,,24-21,11170,6
54,,2004,,,2020,삼라마이다스빌,문배동,"1,000",용산구,7,69,23,28.23,,,40-19,11170,3
55,,2004,,,2020,삼라마이다스빌,문배동,"17,300",용산구,7,0,23,28.23,,,40-19,11170,2
56,,2007,,,2020,용산씨제이나인파크,문배동,"50,000",용산구,7,0,25,71.39,,,24-6,11170,4
57,,2013,,,2020,용산큐브,문배동,"17,200",용산구,7,0,25,17.46,,,24-4,11170,10
58,,2005,,,2020,이안 용산1차(11-29),문배동,"23,500",용산구,7,0,25,39.2,,,11-29,11170,14
59,,2005,,,2020,이안 용산1차(11-29),문배동,"21,500",용산구,7,0,29,30.04,,,11-29,11170,10
60,,2004,,,2020,삼라마이다스빌,문배동,"18,000",용산구,7,0,30,25.11,,,40-19,11170,7
61,,2015,,,2020,용산KCC웰츠타워,문배동,"23,100",용산구,7,0,30,29.69,,,11-10,11170,6
62,,2005,,,2020,용산파크자이,한강로1가,"32,000",용산구,7,0,5,37.26,,,50-1,11170,22
63,,2005,,,2020,용산파크자이,한강로1가,"28,000",용산구,7,0,11,33.6,,,50-1,11170,9
64,,2005,,,2020,용산파크자이,한강로1가,"25,000",용산구,7,25,16,47.91,,,50-1,11170,11
65,,2005,,,2020,용산파크자이,한강로1가,"29,400",용산구,7,0,22,38.1,,,50-1,11170,11
66,,2005,,,2020,용산파크자이,한강로1가,"1,000",용산구,7,90,31,31.83,,,50-1,11170,20
67,,2005,,,2020,용산파크자이,한강로1가,"17,000",용산구,7,45,31,38.1,,,50-1,11170,29
68,,2005,,,2020,한강현대하이엘,한강로2가,"20,000",용산구,7,0,1,39.37,,,2-36,11170,14
69,,2017,,,2020,용산푸르지오써밋,한강로2가,"24,806",용산구,7,0,2,26.7,,,420,11170,32
70,,2017,,,2020,용산푸르지오써밋,한강로2가,"22,050",용산구,7,0,3,26.7,,,420,11170,17
71,,2017,,,2020,용산푸르지오써밋,한강로2가,"22,050",용산구,7,0,4,26.7,,,420,11170,25
72,,,,,2020,래미안 용산 더 센트럴,한강로2가,"49,000",용산구,7,0,4,47.65,,,422,11170,8
73,,2005,,,2020,한강현대하이엘,한강로2가,"10,000",용산구,7,50,4,41.82,,,2-36,11170,3
74,,2017,,,2020,용산푸르지오써밋,한강로2가,"42,000",용산구,7,0,6,44.21,,,420,11170,20
75,,2017,,,2020,용산푸르지오써밋,한강로2가,"2,000",용산구,7,108,7,29.85,,,420,11170,24
76,,2017,,,2020,용산푸르지오써밋,한강로2가,"2,000",용산구,7,85,8,29.85,,,420,11170,26
77,,2005,,,2020,한강로벽산메가트리움,한강로2가,"20,900",용산구,7,0,8,30.29,,,2-8,11170,5
78,,2017,,,2020,용산푸르지오써밋,한강로2가,"28,000",용산구,7,32,8,44.7,,,420,11170,25
79,,2005,,,2020,한강현대하이엘,한강로2가,"22,000",용산구,7,0,8,40.28,,,2-36,11170,8
80,,2017,,,2020,용산푸르지오써밋,한강로2가,"35,280",용산구,7,0,9,45.66,,,420,11170,38
81,,2004,,,2020,대우디오빌한강로오피스텔,한강로2가,"23,000",용산구,7,0,11,33.95,,,312-4,11170,6
82,,2017,,,2020,용산푸르지오써밋,한강로2가,"15,000",용산구,7,27,14,26.7,,,420,11170,22
83,,,,,2020,래미안 용산 더 센트럴,한강로2가,"3,000",용산구,7,270,14,77.55,,,422,11170,8
84,,2005,,,2020,한강현대하이엘,한강로2가,"21,000",용산구,7,0,17,41.82,,,2-36,11170,10
85,,,,,2020,래미안 용산 더 센트럴,한강로2가,"3,000",용산구,7,273,18,71.71,,,422,11170,9
86,,2005,,,2020,한강현대하이엘,한강로2가,"20,000",용산구,7,0,18,41.8,,,2-36,11170,9
87,,,,,2020,래미안 용산 더 센트럴,한강로2가,"27,000",용산구,7,31,18,53,,,422,11170,9
88,,2017,,,2020,용산푸르지오써밋,한강로2가,"28,350",용산구,7,0,18,27.75,,,420,11170,31
89,,2017,,,2020,용산푸르지오써밋,한강로2가,"36,700",용산구,7,0,24,29.85,,,420,11170,37
90,,2005,,,2020,한강로벽산메가트리움,한강로2가,"23,000",용산구,7,0,25,30.11,,,2-8,11170,19
91,,2017,,,2020,용산푸르지오써밋,한강로2가,"28,310",용산구,7,0,25,27.64,,,420,11170,27
92,,2017,,,2020,용산푸르지오써밋,한강로2가,"31,500",용산구,7,0,27,26.7,,,420,11170,26
93,,2017,,,2020,용산푸르지오써밋,한강로2가,"33,075",용산구,7,0,27,48.72,,,420,11170,20
94,,,,,2020,래미안 용산 더 센트럴,한강로2가,"46,000",용산구,7,0,28,55.99,,,422,11170,13
95,,2005,,,2020,한강로벽산메가트리움,한강로2가,"24,000",용산구,7,0,31,30.29,,,2-8,11170,3
96,,2004,,,2020,한강대우트럼프월드3,한강로3가,"20,000",용산구,7,0,13,25.52,,,65-230,11170,12
97,,2004,,,2020,한강대우트럼프월드3,한강로3가,"24,000",용산구,7,0,15,30.91,,,65-230,11170,8
98,,2004,,,2020,한강대우트럼프월드3,한강로3가,"44,000",용산구,7,0,20,49.66,,,65-230,11170,8
99,,2005,,,2020,로얄샤르망,한남동,"3,000",용산구,7,310,28,114.66,,,274-1,11170,8
0,,2004,,,2020,갈월동 에이트리움,갈월동,500,용산구,8,80,26,40.98,,,101-49,11170,14
1,,2015,,,2020,트윈시티 남산,동자동,"1,000",용산구,8,100,3,27.42,,,56,11170,23
2,,2015,,,2020,트윈시티 남산,동자동,"1,000",용산구,8,100,4,27.42,,,56,11170,20
3,,2015,,,2020,트윈시티 남산,동자동,"1,000",용산구,8,100,4,28.33,,,56,11170,5
4,,2015,,,2020,트윈시티 남산,동자동,"1,000",용산구,8,100,6,27.42,,,56,11170,13
5,,2015,,,2020,트윈시티 남산,동자동,"1,000",용산구,8,100,18,28.33,,,56,11170,21
6,,2015,,,2020,트윈시티 남산,동자동,"1,000",용산구,8,95,25,25.37,,,56,11170,25
7,,2015,,,2020,트윈시티 남산,동자동,"5,000",용산구,8,101,28,29.61,,,56,11170,20
8,,2015,,,2020,트윈시티 남산,동자동,"1,000",용산구,8,100,28,27.42,,,56,11170,25
9,,2015,,,2020,트윈시티 남산,동자동,"1,000",용산구,8,85,28,21.71,,,56,11170,11
10,,2020,,,2020,용산 다올 노블리움,청파동3가,"18,500",용산구,8,0,29,17.99,,,80-6,11170,14
11,,2018,,,2020,용산2차휴먼타운,원효로1가,"28,300",용산구,8,0,1,29.94,,,120-22,11170,14
12,,2017,,,2020,용산1차휴먼타운,원효로1가,"25,000",용산구,8,0,4,29.97,,,120-20,11170,15
13,,2004,,,2020,디아뜨 센트럴,원효로1가,"16,000",용산구,8,0,6,25.5,,,112-4,11170,9
14,,2017,,,2020,용산1차휴먼타운,원효로1가,"24,000",용산구,8,0,8,33.61,,,120-20,11170,6
15,,2004,,,2020,디아뜨 센트럴,원효로1가,"15,000",용산구,8,0,15,25.5,,,112-4,11170,6
16,,2004,,,2020,디아뜨 센트럴,원효로1가,"19,950",용산구,8,0,20,37.17,,,112-4,11170,5
17,,1990,,,2020,(1),원효로2가,"5,000",용산구,8,0,10,22.03,,,1,11170,6
18,,2014,,,2020,아인하우스,원효로3가,"15,300",용산구,8,0,5,23.04,,,277-36,11170,4
19,,2007,,,2020,용산아크로타워,문배동,"20,000",용산구,8,70,3,51.45,,,24-21,11170,9
20,,2015,,,2020,용산KCC웰츠타워,문배동,"1,000",용산구,8,80,3,29.69,,,11-10,11170,7
21,,2007,,,2020,이안용산프리미어,문배동,"48,000",용산구,8,0,5,84.51,,,3-3,11170,2
22,,2004,,,2020,삼라마이다스빌,문배동,"17,500",용산구,8,0,6,28.23,,,40-19,11170,6
23,,2017,,,2020,용산 리브,문배동,"32,500",용산구,8,0,6,42.25,,,10-3,11170,6
24,,2010,,,2020,리첸시아 용산B,문배동,"42,000",용산구,8,0,7,56.38,,,40-31,11170,2
25,,2007,,,2020,용산아크로타워,문배동,"13,000",용산구,8,40,11,28.72,,,24-21,11170,8
26,,2004,,,2020,지오베르크,문배동,"1,000",용산구,8,75,15,31.35,,,17-1,11170,3
27,,2007,,,2020,용산아크로타워,문배동,"30,200",용산구,8,0,19,38.37,,,24-21,11170,8
28,,2015,,,2020,용산KCC웰츠타워,문배동,"1,000",용산구,8,66,20,30.14,,,11-10,11170,6
29,,2005,,,2020,이안 용산1차,문배동,"24,150",용산구,8,0,20,39.2,,,7-6,11170,3
30,,2015,,,2020,용산KCC웰츠타워,문배동,"35,000",용산구,8,0,21,38.48,,,11-10,11170,5
31,,2012,,,2020,프라임펠리스,문배동,"1,000",용산구,8,60,22,18.55,,,24-8,11170,9
32,,2005,,,2020,이안 용산1차(11-29),문배동,"1,000",용산구,8,75,22,30.04,,,11-29,11170,8
33,,2012,,,2020,프라임펠리스,문배동,"1,000",용산구,8,80,25,27.83,,,24-8,11170,9
34,,2013,,,2020,용산큐브,문배동,"16,590",용산구,8,0,28,17.46,,,24-4,11170,6
35,,2013,,,2020,용산큐브,문배동,500,용산구,8,70,29,17.46,,,24-4,11170,13
36,,2004,,,2020,지오베르크,문배동,"26,000",용산구,8,0,29,42.31,,,17-1,11170,3
37,,2007,,,2020,용산아크로타워,문배동,"37,000",용산구,8,0,30,51.45,,,24-21,11170,7
38,,2005,,,2020,용산파크자이,한강로1가,"19,000",용산구,8,20,4,31.83,,,50-1,11170,32
39,,2005,,,2020,용산파크자이,한강로1가,"26,000",용산구,8,0,29,36.13,,,50-1,11170,2
40,,2005,,,2020,용산파크자이,한강로1가,"32,000",용산구,8,0,29,37.26,,,50-1,11170,24
41,,2005,,,2020,용산파크자이,한강로1가,"26,000",용산구,8,0,29,36.13,,,50-1,11170,2
42,,2005,,,2020,한강로벽산메가트리움,한강로2가,"20,800",용산구,8,0,1,30.06,,,2-8,11170,9
43,,2017,,,2020,용산푸르지오써밋,한강로2가,"25,357",용산구,8,0,3,27.75,,,420,11170,21
44,,2004,,,2020,한강로 대우아이빌,한강로2가,"12,000",용산구,8,35,3,39.76,,,2-11,11170,9
45,,2012,,,2020,아스테리움 용산,한강로2가,"44,100",용산구,8,0,3,49.98,,,419,11170,21
46,,2005,,,2020,한강로벽산메가트리움,한강로2가,"27,000",용산구,8,0,3,29.54,,,2-8,11170,19
47,,2012,,,2020,아스테리움 용산,한강로2가,"45,000",용산구,8,0,4,49.66,,,419,11170,17
48,,2017,,,2020,용산푸르지오써밋,한강로2가,"4,000",용산구,8,100,4,46.29,,,420,11170,20
49,,2004,,,2020,한강로 대우아이빌,한강로2가,"15,000",용산구,8,13,5,35.28,,,2-11,11170,5
50,,2017,,,2020,용산푸르지오써밋,한강로2가,"22,050",용산구,8,0,7,24.6,,,420,11170,27
51,,,,,2020,래미안 용산 더 센트럴,한강로2가,"34,146",용산구,8,0,7,47.65,,,422,11170,14
52,,2004,,,2020,한강로 대우아이빌,한강로2가,"22,000",용산구,8,0,8,35.28,,,2-11,11170,2
53,,2017,,,2020,용산푸르지오써밋,한강로2가,"20,000",용산구,8,45,8,46,,,420,11170,38
54,,2017,,,2020,용산푸르지오써밋,한강로2가,"10,000",용산구,8,82,8,46.29,,,420,11170,38
55,,2017,,,2020,용산푸르지오써밋,한강로2가,"1,000",용산구,8,97,8,26.7,,,420,11170,36
56,,2017,,,2020,용산푸르지오써밋,한강로2가,"25,358",용산구,8,0,8,29.85,,,420,11170,28
57,,2017,,,2020,용산푸르지오써밋,한강로2가,"33,000",용산구,8,0,8,44.7,,,420,11170,24
58,,2017,,,2020,용산푸르지오써밋,한강로2가,"42,000",용산구,8,0,8,46.29,,,420,11170,36
59,,2005,,,2020,한강로벽산메가트리움,한강로2가,"25,000",용산구,8,0,8,32.15,,,2-8,11170,16
60,,2017,,,2020,용산푸르지오써밋,한강로2가,"23,000",용산구,8,0,8,26.7,,,420,11170,27
61,,2017,,,2020,용산푸르지오써밋,한강로2가,"6,000",용산구,8,98,9,45.66,,,420,11170,34
62,,2017,,,2020,용산푸르지오써밋,한강로2가,"24,255",용산구,8,0,11,29.85,,,420,11170,38
63,,2017,,,2020,용산푸르지오써밋,한강로2가,"3,000",용산구,8,100,11,26.59,,,420,11170,30
64,,2017,,,2020,용산푸르지오써밋,한강로2가,"37,800",용산구,8,0,12,34.74,,,420,11170,28
65,,2004,,,2020,대우디오빌한강로오피스텔,한강로2가,"15,000",용산구,8,30,13,36.69,,,312-4,11170,3
66,,2004,,,2020,대우디오빌한강로오피스텔,한강로2가,"5,000",용산구,8,50,14,29.66,,,312-4,11170,17
67,,2004,,,2020,한강로 대우아이빌,한강로2가,"22,000",용산구,8,0,14,33.54,,,2-11,11170,9
68,,2004,,,2020,한강로 대우아이빌,한강로2가,"20,000",용산구,8,0,15,34.83,,,2-11,11170,2
69,,2017,,,2020,용산푸르지오써밋,한강로2가,"24,200",용산구,8,0,15,24.6,,,420,11170,27
70,,2017,,,2020,용산푸르지오써밋,한강로2가,"26,040",용산구,8,0,18,26.7,,,420,11170,26
71,,2017,,,2020,용산푸르지오써밋,한강로2가,"53,000",용산구,8,0,18,46,,,420,11170,35
72,,2017,,,2020,용산푸르지오써밋,한강로2가,"33,000",용산구,8,0,19,46,,,420,11170,32
73,,2005,,,2020,한강로벽산메가트리움,한강로2가,"22,000",용산구,8,0,20,29.54,,,2-8,11170,11
74,,2017,,,2020,용산푸르지오써밋,한강로2가,"8,500",용산구,8,129,20,44.7,,,420,11170,39
75,,2017,,,2020,용산푸르지오써밋,한강로2가,"1,000",용산구,8,106,20,35.47,,,420,11170,31
76,,2004,,,2020,대우디오빌한강로오피스텔,한강로2가,"1,000",용산구,8,65,21,22.05,,,312-4,11170,13
77,,2017,,,2020,용산푸르지오써밋,한강로2가,"25,350",용산구,8,0,21,26.7,,,420,11170,17
78,,2004,,,2020,한강로 대우아이빌,한강로2가,"24,000",용산구,8,0,22,37.85,,,2-11,11170,9
79,,2004,,,2020,한강로 대우아이빌,한강로2가,"24,000",용산구,8,0,22,37.85,,,2-11,11170,9
80,,2017,,,2020,용산푸르지오써밋,한강로2가,"10,000",용산구,8,59,22,26.7,,,420,11170,20
81,,2017,,,2020,용산푸르지오써밋,한강로2가,"1,000",용산구,8,97,25,34.74,,,420,11170,30
82,,2005,,,2020,한강로벽산메가트리움,한강로2가,"25,000",용산구,8,0,25,32.74,,,2-8,11170,12
83,,2017,,,2020,용산푸르지오써밋,한강로2가,"3,000",용산구,8,87,26,29.85,,,420,11170,31
84,,2017,,,2020,용산푸르지오써밋,한강로2가,"3,000",용산구,8,92,26,29.85,,,420,11170,31
85,,,,,2020,래미안 용산 더 센트럴,한강로2가,"53,000",용산구,8,0,27,55.99,,,422,11170,10
86,,2005,,,2020,한강로벽산메가트리움,한강로2가,"1,000",용산구,8,77,27,30.35,,,2-8,11170,27
87,,,,,2020,래미안 용산 더 센트럴,한강로2가,"10,000",용산구,8,76,28,47.65,,,422,11170,6
88,,,,,2020,래미안 용산 더 센트럴,한강로2가,"53,000",용산구,8,0,28,55.99,,,422,11170,10
89,,2004,,,2020,한강로 대우아이빌,한강로2가,"19,900",용산구,8,0,29,34.83,,,2-11,11170,2
90,,2005,,,2020,한강로벽산메가트리움,한강로2가,"10,000",용산구,8,36,31,30.06,,,2-8,11170,8
91,,2004,,,2020,한강대우트럼프월드3,한강로3가,"27,000",용산구,8,0,7,39.7,,,65-230,11170,18
92,,2004,,,2020,한강대우트럼프월드3,한강로3가,"8,000",용산구,8,235,12,105.4,,,65-230,11170,23
93,,2004,,,2020,한강대우트럼프월드3,한강로3가,"10,000",용산구,8,640,12,39.7,,,65-230,11170,30
94,,2004,,,2020,한강대우트럼프월드3,한강로3가,"20,000",용산구,8,0,18,25.59,,,65-230,11170,15
95,,2002,,,2020,(726-116),한남동,"36,000",용산구,8,0,24,68.87,,,726-116,11170,1
0,,2004,,,2020,갈월동 에이트리움,갈월동,"9,000",용산구,9,0,7,34.11,,,101-49,11170,21
1,,2004,,,2020,갈월동 에이트리움,갈월동,"19,000",용산구,9,0,8,33.77,,,101-49,11170,12
2,,2004,,,2020,갈월동 에이트리움,갈월동,"20,000",용산구,9,0,14,31.1,,,101-49,11170,13
3,,2004,,,2020,갈월동 에이트리움,갈월동,"9,000",용산구,9,0,16,30.97,,,101-49,11170,21
4,,2004,,,2020,갈월동 에이트리움,갈월동,"19,950",용산구,9,0,17,31.47,,,101-49,11170,14
5,,2004,,,2020,갈월동 에이트리움,갈월동,"19,400",용산구,9,0,21,33.77,,,101-49,11170,17
6,,2015,,,2020,트윈시티 남산,동자동,"1,000",용산구,9,85,8,21.71,,,56,11170,17
7,,2015,,,2020,트윈시티 남산,동자동,"1,000",용산구,9,85,8,21.71,,,56,11170,15
8,,2015,,,2020,트윈시티 남산,동자동,"1,000",용산구,9,85,14,21.71,,,56,11170,26
9,,2015,,,2020,트윈시티 남산,동자동,"1,000",용산구,9,95,18,25.43,,,56,11170,23
10,,2017,,,2020,용산1차휴먼타운,원효로1가,"27,300",용산구,9,0,3,33.61,,,120-20,11170,8
11,,2018,,,2020,용산파크뷰,원효로1가,"17,325",용산구,9,0,9,19.46,,,46-3,11170,5
12,,2017,,,2020,용산1차휴먼타운,원효로1가,"27,500",용산구,9,0,22,29.97,,,120-20,11170,16
13,,2004,,,2020,디아뜨 센트럴,원효로1가,500,용산구,9,60,25,25.19,,,112-4,11170,3
14,,2003,,,2020,e테크밸리,원효로3가,"15,000",용산구,9,0,7,38.12,,,51-37,11170,6
15,,2003,,,2020,e테크밸리,원효로3가,"15,000",용산구,9,0,23,36,,,51-37,11170,12
16,,2017,,,2020,용산 리브,문배동,"20,000",용산구,9,48,1,42.25,,,10-3,11170,9
17,,2007,,,2020,이안용산프리미어,문배동,"52,000",용산구,9,0,3,87.29,,,3-3,11170,5
18,,2013,,,2020,용산큐브,문배동,"17,800",용산구,9,0,3,17.46,,,24-4,11170,5
19,,2007,,,2020,이안용산프리미어,문배동,"18,000",용산구,9,0,9,24.78,,,3-3,11170,4
20,,2007,,,2020,용산아크로타워,문배동,"22,000",용산구,9,30,11,38.37,,,24-21,11170,6
21,,2012,,,2020,프라임펠리스,문배동,"5,000",용산구,9,60,11,27.83,,,24-8,11170,4
22,,2007,,,2020,용산아크로타워,문배동,"29,000",용산구,9,0,14,35.6,,,24-21,11170,3
23,,2015,,,2020,용산KCC웰츠타워,문배동,"28,000",용산구,9,0,16,34.06,,,11-10,11170,3
24,,2012,,,2020,프라임펠리스,문배동,"15,960",용산구,9,0,18,18.55,,,24-8,11170,5
25,,2013,,,2020,용산큐브,문배동,"17,800",용산구,9,0,18,17.46,,,24-4,11170,6
26,,2017,,,2020,용산 리브,문배동,"15,000",용산구,9,55,19,42.25,,,10-3,11170,4
27,,2015,,,2020,용산KCC웰츠타워,문배동,"26,500",용산구,9,0,19,31.37,,,11-10,11170,7
28,,2004,,,2020,삼라마이다스빌,문배동,"18,375",용산구,9,0,22,28.23,,,40-19,11170,5
29,,2013,,,2020,용산큐브,문배동,"18,000",용산구,9,0,23,17.46,,,24-4,11170,10
30,,2015,,,2020,용산KCC웰츠타워,문배동,"1,000",용산구,9,85,24,29.32,,,11-10,11170,7
31,,2005,,,2020,이안 용산1차,문배동,"21,500",용산구,9,0,29,30.04,,,7-6,11170,5
32,,2005,,,2020,용산파크자이,한강로1가,"20,000",용산구,9,35,17,37.26,,,50-1,11170,25
33,,2005,,,2020,용산파크자이,한강로1가,"5,000",용산구,9,100,19,42.39,,,50-1,11170,28
34,,2007,,,2020,대우 월드마크 용산,한강로1가,"40,000",용산구,9,60,26,83.07,,,64,11170,30
35,,2017,,,2020,용산푸르지오써밋,한강로2가,"24,250",용산구,9,0,1,26.7,,,420,11170,32
36,,2017,,,2020,용산푸르지오써밋,한강로2가,"25,137",용산구,9,0,1,27.75,,,420,11170,22
37,,2012,,,2020,아스테리움 용산,한강로2가,"49,000",용산구,9,0,3,49.98,,,419,11170,15
38,,2017,,,2020,용산푸르지오써밋,한강로2가,"27,563",용산구,9,0,4,29.85,,,420,11170,23
39,,2017,,,2020,용산푸르지오써밋,한강로2가,"10,000",용산구,9,58,5,26.7,,,420,11170,28
40,,2005,,,2020,한강로벽산메가트리움,한강로2가,"23,000",용산구,9,0,5,30.29,,,2-8,11170,11
41,,2017,,,2020,용산푸르지오써밋,한강로2가,"33,075",용산구,9,0,6,46.29,,,420,11170,30
42,,2017,,,2020,용산푸르지오써밋,한강로2가,"45,000",용산구,9,0,8,40.81,,,420,11170,24
43,,2017,,,2020,용산푸르지오써밋,한강로2가,"2,000",용산구,9,115,9,29.74,,,420,11170,17
44,,2017,,,2020,용산푸르지오써밋,한강로2가,"23,153",용산구,9,0,9,27.64,,,420,11170,28
45,,2004,,,2020,대우디오빌한강로오피스텔,한강로2가,"19,000",용산구,9,0,10,29.66,,,312-4,11170,11
46,,2017,,,2020,용산푸르지오써밋,한강로2가,"5,000",용산구,9,98,10,29.74,,,420,11170,22
47,,2017,,,2020,용산푸르지오써밋,한강로2가,"15,000",용산구,9,28,12,25.65,,,420,11170,21
48,,,,,2020,래미안 용산 더 센트럴,한강로2가,"2,000",용산구,9,110,12,47.65,,,422,11170,6
49,,2004,,,2020,대우디오빌한강로오피스텔,한강로2가,"19,500",용산구,9,0,15,23.85,,,312-4,11170,18
50,,2017,,,2020,용산푸르지오써밋,한강로2가,"25,000",용산구,9,34,15,26.7,,,420,11170,31
51,,2005,,,2020,한강현대하이엘,한강로2가,"1,000",용산구,9,70,17,30.03,,,2-36,11170,7
52,,2017,,,2020,용산푸르지오써밋,한강로2가,"1,000",용산구,9,110,17,27.75,,,420,11170,24
53,,2017,,,2020,용산푸르지오써밋,한강로2가,"30,870",용산구,9,0,18,27.75,,,420,11170,26
54,,2005,,,2020,한강로벽산메가트리움,한강로2가,"14,000",용산구,9,35,19,32.15,,,2-8,11170,27
55,,2017,,,2020,용산푸르지오써밋,한강로2가,"5,000",용산구,9,115,19,27.75,,,420,11170,20
56,,2004,,,2020,한강로 대우아이빌,한강로2가,"23,500",용산구,9,0,20,39.76,,,2-11,11170,2
57,,,,,2020,래미안 용산 더 센트럴,한강로2가,"42,000",용산구,9,0,23,42.5,,,422,11170,10
58,,2017,,,2020,용산푸르지오써밋,한강로2가,"37,017",용산구,9,0,25,46,,,420,11170,22
59,,2017,,,2020,용산푸르지오써밋,한강로2가,"32,303",용산구,9,0,26,42.64,,,420,11170,31
60,,2006,,,2020,지에스 한강에클라스,한강로3가,"18,000",용산구,9,0,12,34.43,,,16-85,11170,10
61,,2020,,,2020,한남파크뷰,이태원동,"15,000",용산구,9,55,4,34.52,,,130-11,11170,4
62,,2020,,,2020,한남파크뷰,이태원동,"29,000",용산구,9,0,25,35.22,,,130-11,11170,3
0,,2004,,,2020,갈월동 에이트리움,갈월동,"2,000",용산구,10,70,13,31.51,,,101-49,11170,7
1,,2004,,,2020,갈월동 에이트리움,갈월동,"19,950",용산구,10,0,24,34.11,,,101-49,11170,11
2,,2004,,,2020,갈월동 에이트리움,갈월동,"20,000",용산구,10,0,27,34.21,,,101-49,11170,8
3,,2004,,,2020,갈월동 에이트리움,갈월동,"4,000",용산구,10,60,29,30.97,,,101-49,11170,5
4,,2015,,,2020,트윈시티 남산,동자동,"1,000",용산구,10,95,6,25.37,,,56,11170,7
5,,2015,,,2020,트윈시티 남산,동자동,"1,000",용산구,10,85,8,21.51,,,56,11170,7
6,,2015,,,2020,트윈시티 남산,동자동,"1,000",용산구,10,100,13,27.42,,,56,11170,26
7,,2015,,,2020,트윈시티 남산,동자동,"1,000",용산구,10,115,13,29.61,,,56,11170,11
8,,2015,,,2020,트윈시티 남산,동자동,"1,000",용산구,10,85,14,21.71,,,56,11170,26
9,,2015,,,2020,트윈시티 남산,동자동,"1,000",용산구,10,85,14,21.51,,,56,11170,13
10,,2015,,,2020,트윈시티 남산,동자동,"1,000",용산구,10,100,16,28.33,,,56,11170,14
11,,2015,,,2020,트윈시티 남산,동자동,"3,150",용산구,10,74,28,21.71,,,56,11170,12
12,,2015,,,2020,트윈시티 남산,동자동,"1,000",용산구,10,100,29,27.69,,,56,11170,10
13,,2015,,,2020,트윈시티 남산,동자동,"1,000",용산구,10,100,30,27.42,,,56,11170,25
14,,2013,,,2020,센트레빌아스테리움서울,동자동,"2,000",용산구,10,150,30,47.39,,,45,11170,13
15,,2004,,,2020,서울역풍림아이원플러스,서계동,"5,000",용산구,10,50,13,28.11,,,219-17,11170,13
16,,2004,,,2020,서울역풍림아이원플러스,서계동,"5,000",용산구,10,50,14,28.79,,,219-17,11170,15
17,,2004,,,2020,서울역풍림아이원플러스,서계동,"21,000",용산구,10,0,16,28.79,,,219-17,11170,6
18,,2019,,,2020,하람 휴,원효로1가,"26,000",용산구,10,0,10,27.27,,,28-10,11170,6
19,,2017,,,2020,용산1차휴먼타운,원효로1가,"29,400",용산구,10,0,14,29.97,,,120-20,11170,15
20,,2004,,,2020,디아뜨 센트럴,원효로1가,"1,000",용산구,10,60,15,25.19,,,112-4,11170,15
21,,2004,,,2020,디아뜨 센트럴,원효로1가,"16,000",용산구,10,0,18,25.5,,,112-4,11170,4
22,,2017,,,2020,용산1차휴먼타운,원효로1가,"28,850",용산구,10,0,20,29.97,,,120-20,11170,13
23,,2004,,,2020,디아뜨 센트럴,원효로1가,"16,500",용산구,10,0,26,25.5,,,112-4,11170,10
24,,2014,,,2020,아인하우스,원효로3가,"15,000",용산구,10,0,15,24.48,,,277-36,11170,8
25,,2007,,,2020,용산아크로타워,문배동,"31,000",용산구,10,0,5,38.37,,,24-21,11170,2
26,,2015,,,2020,용산KCC웰츠타워,문배동,"37,800",용산구,10,0,5,53.8,,,11-10,11170,7
27,,2013,,,2020,용산큐브,문배동,"17,400",용산구,10,0,7,17.46,,,24-4,11170,3
28,,2015,,,2020,용산KCC웰츠타워,문배동,"22,950",용산구,10,0,7,37.24,,,11-10,11170,8
29,,2013,,,2020,용산큐브,문배동,"10,000",용산구,10,35,8,17.46,,,24-4,11170,6
30,,2017,,,2020,용산 리브,문배동,"31,500",용산구,10,0,10,42.25,,,10-3,11170,13
31,,2012,,,2020,프라임펠리스,문배동,"15,500",용산구,10,0,10,18.55,,,24-8,11170,11
32,,2007,,,2020,이안용산프리미어,문배동,"52,000",용산구,10,0,10,87.29,,,3-3,11170,4
33,,2004,,,2020,삼라마이다스빌,문배동,"17,300",용산구,10,0,10,28.23,,,40-19,11170,2
34,,2005,,,2020,이안 용산1차(11-14),문배동,"35,000",용산구,10,40,12,61.06,,,11-14,11170,2
35,,2012,,,2020,프라임펠리스,문배동,"15,000",용산구,10,0,14,18.55,,,24-8,11170,6
36,,2007,,,2020,용산씨제이나인파크,문배동,"54,000",용산구,10,0,19,68.41,,,24-6,11170,5
37,,2012,,,2020,프라임펠리스,문배동,"16,000",용산구,10,0,21,18.55,,,24-8,11170,7
38,,2013,,,2020,용산큐브,문배동,"17,500",용산구,10,0,21,17.46,,,24-4,11170,3
39,,2013,,,2020,용산큐브,문배동,"1,000",용산구,10,65,23,17.46,,,24-4,11170,5
40,,2012,,,2020,프라임펠리스,문배동,"1,000",용산구,10,60,28,18.55,,,24-8,11170,8
41,,2015,,,2020,용산KCC웰츠타워,문배동,"28,000",용산구,10,0,31,28.14,,,11-10,11170,8
42,,2005,,,2020,용산파크자이,한강로1가,"23,000",용산구,10,0,16,28.46,,,50-1,11170,5
43,,2007,,,2020,대우 월드마크 용산,한강로1가,"75,000",용산구,10,0,29,104.29,,,64,11170,21
44,,2005,,,2020,한강로벽산메가트리움,한강로2가,"25,000",용산구,10,0,5,33.02,,,2-8,11170,5
45,,,,,2020,래미안 용산 더 센트럴,한강로2가,"37,590",용산구,10,0,7,51.84,,,422,11170,7
46,,2004,,,2020,한강로 대우아이빌,한강로2가,"23,000",용산구,10,0,7,33.54,,,2-11,11170,6
47,,2017,,,2020,용산푸르지오써밋,한강로2가,"28,000",용산구,10,32,8,44.7,,,420,11170,25
48,,2006,,,2020,용산 토투벨리,한강로2가,"22,560",용산구,10,0,12,33.93,,,2-37,11170,11
49,,2017,,,2020,용산푸르지오써밋,한강로2가,"28,000",용산구,10,32,13,44.7,,,420,11170,25
50,,2017,,,2020,용산푸르지오써밋,한강로2가,"24,000",용산구,10,0,15,26.59,,,420,11170,34
51,,2017,,,2020,용산푸르지오써밋,한강로2가,"57,000",용산구,10,0,18,44.7,,,420,11170,38
52,,2017,,,2020,용산푸르지오써밋,한강로2가,"5,000",용산구,10,96,19,29.85,,,420,11170,27
53,,2017,,,2020,용산푸르지오써밋,한강로2가,"31,421",용산구,10,0,19,27.75,,,420,11170,30
54,,2017,,,2020,용산푸르지오써밋,한강로2가,"10,000",용산구,10,59,20,26.7,,,420,11170,19
55,,2017,,,2020,용산푸르지오써밋,한강로2가,"22,000",용산구,10,0,22,26.7,,,420,11170,31
56,,2017,,,2020,용산푸르지오써밋,한강로2가,"10,000",용산구,10,80,23,27.75,,,420,11170,19
57,,2017,,,2020,용산푸르지오써밋,한강로2가,"34,125",용산구,10,4,23,35.47,,,420,11170,29
58,,2005,,,2020,한강로벽산메가트리움,한강로2가,"23,100",용산구,10,0,24,29.54,,,2-8,11170,24
59,,2017,,,2020,용산푸르지오써밋,한강로2가,"15,000",용산구,10,55,24,29.74,,,420,11170,23
60,,2017,,,2020,용산푸르지오써밋,한강로2가,"28,114",용산구,10,0,25,35.47,,,420,11170,17
61,,2005,,,2020,한강로벽산메가트리움,한강로2가,"22,000",용산구,10,0,26,30.06,,,2-8,11170,18
62,,,,,2020,래미안 용산 더 센트럴,한강로2가,"80,000",용산구,10,0,26,77.55,,,422,11170,6
63,,2017,,,2020,용산푸르지오써밋,한강로2가,"30,870",용산구,10,0,26,45.66,,,420,11170,17
64,,2005,,,2020,한강로벽산메가트리움,한강로2가,"1,000",용산구,10,47,28,29.54,,,2-8,11170,26
65,,2005,,,2020,한강로벽산메가트리움,한강로2가,"20,900",용산구,10,0,29,30.29,,,2-8,11170,5
66,,,,,2020,래미안 용산 더 센트럴,한강로2가,"50,000",용산구,10,0,29,49.81,,,422,11170,9
67,,2017,,,2020,용산푸르지오써밋,한강로2가,"46,200",용산구,10,0,30,46.29,,,420,11170,35
68,,2017,,,2020,용산푸르지오써밋,한강로2가,"44,000",용산구,10,0,30,46.29,,,420,11170,35
69,,2017,,,2020,용산푸르지오써밋,한강로2가,"35,200",용산구,10,0,31,42.64,,,420,11170,38
70,,2007,,,2020,용산 시티파크(63-387),한강로3가,"40,950",용산구,10,0,12,51.81,,,63-387,11170,2
71,,2004,,,2020,한강대우트럼프월드3,한강로3가,"74,940",용산구,10,60,17,39.7,,,65-230,11170,21
72,,2020,,,2020,한남파크뷰,이태원동,"29,000",용산구,10,0,5,32.54,,,130-11,11170,4
73,,2020,,,2020,한남파크뷰,이태원동,"30,000",용산구,10,0,6,33.33,,,130-11,11170,4
74,,2020,,,2020,한남파크뷰,이태원동,"29,000",용산구,10,0,6,35.22,,,130-11,11170,2
75,,2020,,,2020,한남파크뷰,이태원동,"31,000",용산구,10,0,10,34.52,,,130-11,11170,2
76,,2020,,,2020,한남파크뷰,이태원동,"31,500",용산구,10,0,13,32.54,,,130-11,11170,3
77,,2020,,,2020,한남파크뷰,이태원동,"20,000",용산구,10,30,14,33.33,,,130-11,11170,2
78,,2020,,,2020,한남파크뷰,이태원동,"29,000",용산구,10,0,15,32.54,,,130-11,11170,4
79,,2020,,,2020,한남파크뷰,이태원동,"31,000",용산구,10,0,16,32.54,,,130-11,11170,2
80,,2020,,,2020,한남파크뷰,이태원동,"29,000",용산구,10,0,21,35.22,,,130-11,11170,4
81,,2020,,,2020,한남파크뷰,이태원동,"31,000",용산구,10,0,28,33.33,,,130-11,11170,3
0,,2004,,,2020,갈월동 에이트리움,갈월동,"20,940",용산구,11,0,1,34.11,,,101-49,11170,5
1,,2004,,,2020,갈월동 에이트리움,갈월동,"3,000",용산구,11,60,14,31.1,,,101-49,11170,14
2,,2004,,,2020,갈월동 에이트리움,갈월동,"1,000",용산구,11,100,19,40.93,,,101-49,11170,20
3,,2004,,,2020,갈월동 에이트리움,갈월동,"21,000",용산구,11,0,20,30.97,,,101-49,11170,20
4,,2004,,,2020,갈월동 에이트리움,갈월동,"19,950",용산구,11,0,21,31.1,,,101-49,11170,20
5,,2013,,,2020,센트레빌아스테리움서울,동자동,"55,000",용산구,11,0,19,72.58,,,45,11170,12
6,,2015,,,2020,트윈시티 남산,동자동,"1,000",용산구,11,100,26,28.33,,,56,11170,23
7,,2015,,,2020,트윈시티 남산,동자동,"1,000",용산구,11,85,27,21.71,,,56,11170,7
8,,2004,,,2020,서울역풍림아이원플러스,서계동,"28,000",용산구,11,0,20,36.64,,,219-17,11170,14
9,,2020,,,2020,용산 다올 노블리움,청파동3가,"10,000",용산구,11,150,14,47,,,80-6,11170,17
10,,2018,,,2020,용산2차휴먼타운,원효로1가,"28,000",용산구,11,0,18,29.94,,,120-22,11170,6
11,,2018,,,2020,용산2차휴먼타운,원효로1가,"25,200",용산구,11,0,21,29.94,,,120-22,11170,6
12,,2004,,,2020,디아뜨 센트럴,원효로1가,"15,500",용산구,11,0,27,25.5,,,112-4,11170,12
13,,2012,,,2020,프라임펠리스,문배동,"13,000",용산구,11,10,2,18.55,,,24-8,11170,4
14,,2004,,,2020,지오베르크,문배동,"33,000",용산구,11,0,3,51.92,,,17-1,11170,3
15,,2004,,,2020,삼라마이다스빌,문배동,"16,800",용산구,11,0,7,28.23,,,40-19,11170,2
16,,2012,,,2020,프라임펠리스,문배동,"1,000",용산구,11,60,7,18.55,,,24-8,11170,5
17,,2012,,,2020,프라임펠리스,문배동,"16,500",용산구,11,0,9,18.55,,,24-8,11170,8
18,,2015,,,2020,용산KCC웰츠타워,문배동,"1,000",용산구,11,85,10,29.69,,,11-10,11170,5
19,,2012,,,2020,프라임펠리스,문배동,"1,000",용산구,11,80,11,27.83,,,24-8,11170,9
20,,2013,,,2020,용산큐브,문배동,"4,000",용산구,11,50,12,17.46,,,24-4,11170,13
21,,2007,,,2020,용산씨제이나인파크,문배동,"50,000",용산구,11,0,15,68.41,,,24-6,11170,10
22,,2015,,,2020,용산KCC웰츠타워,문배동,"32,000",용산구,11,0,17,34.77,,,11-10,11170,5
23,,2004,,,2020,삼라마이다스빌,문배동,"24,000",용산구,11,0,18,38.63,,,40-19,11170,7
24,,2007,,,2020,이안용산프리미어,문배동,"42,000",용산구,11,4,21,72.46,,,3-3,11170,5
25,,2012,,,2020,프라임펠리스,문배동,"16,200",용산구,11,0,22,18.55,,,24-8,11170,8
26,,2005,,,2020,이안 용산1차(11-14),문배동,"50,000",용산구,11,0,23,73.56,,,11-14,11170,9
27,,2015,,,2020,용산KCC웰츠타워,문배동,"39,900",용산구,11,0,24,53.53,,,11-10,11170,6
28,,2013,,,2020,용산큐브,문배동,"1,000",용산구,11,65,24,17.46,,,24-4,11170,8
29,,2013,,,2020,용산큐브,문배동,"18,500",용산구,11,0,25,17.46,,,24-4,11170,5
30,,2015,,,2020,용산KCC웰츠타워,문배동,"1,000",용산구,11,85,27,29.11,,,11-10,11170,7
31,,2005,,,2020,용산파크자이,한강로1가,"12,000",용산구,11,60,5,37.26,,,50-1,11170,23
32,,2005,,,2020,용산파크자이,한강로1가,"23,000",용산구,11,0,13,28.46,,,50-1,11170,10
33,,2005,,,2020,한강로벽산메가트리움,한강로2가,"5,000",용산구,11,67,1,33.02,,,2-8,11170,6
34,,2017,,,2020,용산푸르지오써밋,한강로2가,"13,000",용산구,11,54,4,35.47,,,420,11170,19
35,,2005,,,2020,한강현대하이엘,한강로2가,"15,000",용산구,11,0,4,30.03,,,2-36,11170,9
36,,2017,,,2020,용산푸르지오써밋,한강로2가,"2,000",용산구,11,117,5,35.47,,,420,11170,27
37,,2005,,,2020,한강현대하이엘,한강로2가,"22,000",용산구,11,0,5,40.28,,,2-36,11170,15
38,,,,,2020,래미안 용산 더 센트럴,한강로2가,"41,906",용산구,11,0,6,50.74,,,422,11170,18
39,,2005,,,2020,한강로벽산메가트리움,한강로2가,"22,000",용산구,11,0,7,30.35,,,2-8,11170,5
40,,2004,,,2020,한강로 대우아이빌,한강로2가,"1,000",용산구,11,75,9,35.28,,,2-11,11170,9
41,,2017,,,2020,용산푸르지오써밋,한강로2가,"24,900",용산구,11,0,13,25.65,,,420,11170,27
42,,2017,,,2020,용산푸르지오써밋,한강로2가,"5,000",용산구,11,112,14,29.85,,,420,11170,38
43,,2017,,,2020,용산푸르지오써밋,한강로2가,"28,941",용산구,11,0,14,25.65,,,420,11170,29
44,,2005,,,2020,한강현대하이엘,한강로2가,"3,000",용산구,11,80,14,40.28,,,2-36,11170,7
45,,2004,,,2020,대우디오빌한강로오피스텔,한강로2가,"19,500",용산구,11,0,17,29.66,,,312-4,11170,9
46,,2004,,,2020,대우디오빌한강로오피스텔,한강로2가,"21,000",용산구,11,0,18,33.95,,,312-4,11170,7
47,,2004,,,2020,대우디오빌한강로오피스텔,한강로2가,"21,000",용산구,11,0,18,33.95,,,312-4,11170,7
48,,2017,,,2020,용산푸르지오써밋,한강로2가,"50,000",용산구,11,0,18,46,,,420,11170,35
49,,2017,,,2020,용산푸르지오써밋,한강로2가,"32,550",용산구,11,0,21,24.6,,,420,11170,28
50,,2017,,,2020,용산푸르지오써밋,한강로2가,"33,000",용산구,11,0,21,44.7,,,420,11170,21
51,,2004,,,2020,대우디오빌한강로오피스텔,한강로2가,"26,000",용산구,11,0,21,33.95,,,312-4,11170,5
52,,2017,,,2020,용산푸르지오써밋,한강로2가,"28,300",용산구,11,0,21,40.39,,,420,11170,27
53,,2017,,,2020,용산푸르지오써밋,한강로2가,"27,563",용산구,11,0,23,40.81,,,420,11170,19
54,,2012,,,2020,아스테리움 용산,한강로2가,"50,000",용산구,11,0,23,49.66,,,419,11170,28
55,,,,,2020,래미안 용산 더 센트럴,한강로2가,"37,044",용산구,11,0,24,51.84,,,422,11170,17
56,,2005,,,2020,한강현대하이엘,한강로2가,"5,000",용산구,11,50,25,41.82,,,2-36,11170,9
57,,2017,,,2020,용산푸르지오써밋,한강로2가,"2,000",용산구,11,159,25,48.43,,,420,11170,26
58,,2005,,,2020,한강현대하이엘,한강로2가,"21,000",용산구,11,0,26,40.28,,,2-36,11170,12
59,,2017,,,2020,용산푸르지오써밋,한강로2가,"42,500",용산구,11,0,28,46.29,,,420,11170,33
60,,2004,,,2020,한강대우트럼프월드3,한강로3가,"18,300",용산구,11,0,7,25.52,,,65-230,11170,7
61,,2020,,,2020,한남파크뷰,이태원동,"30,000",용산구,11,0,6,32.55,,,130-11,11170,4
0,,2004,,,2020,그린빌파크,갈월동,"1,000",용산구,12,50,23,23.01,,,53-19,11170,5
1,,2015,,,2020,트윈시티 남산,동자동,"1,000",용산구,12,100,1,27.42,,,56,11170,26
2,,2013,,,2020,센트레빌아스테리움서울,동자동,"3,000",용산구,12,230,3,78.13,,,45,11170,15
3,,2015,,,2020,트윈시티 남산,동자동,"1,000",용산구,12,85,11,21.71,,,56,11170,10
4,,2015,,,2020,트윈시티 남산,동자동,"1,000",용산구,12,85,28,21.71,,,56,11170,21
5,,2015,,,2020,트윈시티 남산,동자동,"1,000",용산구,12,100,28,27.42,,,56,11170,22
6,,2015,,,2020,트윈시티 남산,동자동,"1,000",용산구,12,100,30,27.43,,,56,11170,18
7,,2004,,,2020,서울역풍림아이원플러스,서계동,"1,000",용산구,12,70,16,28.11,,,219-17,11170,10
8,,2020,,,2020,용산 다올 노블리움,청파동3가,"20,000",용산구,12,0,1,18.14,,,80-6,11170,7
9,,2020,,,2020,용산 다올 노블리움,청파동3가,"18,900",용산구,12,0,3,18.09,,,80-6,11170,5
10,,2020,,,2020,용산 다올 노블리움,청파동3가,"19,500",용산구,12,0,28,17.87,,,80-6,11170,15
11,,2004,,,2020,디아뜨 센트럴,원효로1가,"2,000",용산구,12,60,2,25.5,,,112-4,11170,9
12,,2004,,,2020,디아뜨 센트럴,원효로1가,"1,000",용산구,12,60,5,25.19,,,112-4,11170,6
13,,2018,,,2020,용산2차휴먼타운,원효로1가,"27,300",용산구,12,0,11,29.37,,,120-22,11170,14
14,,2018,,,2020,용산2차휴먼타운,원효로1가,"24,000",용산구,12,0,19,29.94,,,120-22,11170,5
15,,2018,,,2020,용산파크뷰,원효로1가,"28,800",용산구,12,0,21,42.95,,,46-3,11170,5
16,,2017,,,2020,용산1차휴먼타운,원효로1가,"18,000",용산구,12,33,22,33.61,,,120-20,11170,11
17,,2017,,,2020,용산1차휴먼타운,원효로1가,"30,450",용산구,12,0,28,33.61,,,120-20,11170,9
18,,2018,,,2020,용산2차휴먼타운,원효로1가,"26,775",용산구,12,0,28,29.94,,,120-22,11170,13
19,,2004,,,2020,디아뜨 센트럴,원효로1가,"15,800",용산구,12,0,30,25.5,,,112-4,11170,6
20,,2020,,,2020,용산파크뷰II,원효로3가,"21,500",용산구,12,0,17,25.99,,,130-1,11170,3
21,,2020,,,2020,용산파크뷰II,원효로3가,"24,000",용산구,12,0,19,22.21,,,130-1,11170,17
22,,2020,,,2020,용산파크뷰II,원효로3가,"20,500",용산구,12,0,26,21.39,,,130-1,11170,13
23,,2020,,,2020,용산파크뷰II,원효로3가,"22,000",용산구,12,0,26,21.39,,,130-1,11170,11
24,,2007,,,2020,용산아크로타워,문배동,"50,000",용산구,12,0,1,51.45,,,24-21,11170,8
25,,2007,,,2020,용산아크로타워,문배동,"35,700",용산구,12,0,2,48.28,,,24-21,11170,4
26,,2015,,,2020,용산KCC웰츠타워,문배동,"1,000",용산구,12,90,2,29.97,,,11-10,11170,7
27,,2004,,,2020,지오베르크,문배동,"5,000",용산구,12,65,4,31.35,,,17-1,11170,2
28,,2013,,,2020,용산큐브,문배동,"18,000",용산구,12,0,4,17.46,,,24-4,11170,13
29,,2007,,,2020,용산씨제이나인파크,문배동,"47,000",용산구,12,0,4,70.92,,,24-6,11170,9
30,,2013,,,2020,용산큐브,문배동,"2,000",용산구,12,60,4,17.46,,,24-4,11170,8
31,,2010,,,2020,리첸시아 용산B,문배동,"37,275",용산구,12,0,7,59.08,,,40-31,11170,3
32,,2005,,,2020,이안 용산1차(11-14),문배동,"37,000",용산구,12,0,8,61.06,,,11-14,11170,4
33,,2004,,,2020,지오베르크,문배동,"20,000",용산구,12,0,8,31.35,,,17-1,11170,3
34,,2013,,,2020,용산큐브,문배동,"14,500",용산구,12,20,9,17.46,,,24-4,11170,3
35,,2017,,,2020,용산 리브,문배동,"33,500",용산구,12,0,10,45.92,,,10-3,11170,7
36,,2015,,,2020,용산KCC웰츠타워,문배동,"1,000",용산구,12,80,10,29.97,,,11-10,11170,5
37,,2012,,,2020,프라임펠리스,문배동,"22,500",용산구,12,0,12,27.83,,,24-8,11170,10
38,,2010,,,2020,리첸시아 용산B,문배동,"35,000",용산구,12,0,12,46.52,,,40-31,11170,3
39,,2007,,,2020,용산씨제이나인파크,문배동,"42,000",용산구,12,0,15,54.96,,,24-6,11170,6
40,,2007,,,2020,용산아크로타워,문배동,"34,650",용산구,12,0,16,48.28,,,24-21,11170,3
41,,2007,,,2020,용산씨제이나인파크,문배동,"31,500",용산구,12,0,18,42.5,,,24-6,11170,5
42,,2017,,,2020,용산 리브,문배동,"31,500",용산구,12,0,19,42.25,,,10-3,11170,5
43,,2015,,,2020,용산KCC웰츠타워,문배동,"2,000",용산구,12,85,21,33.1,,,11-10,11170,6
44,,2015,,,2020,용산KCC웰츠타워,문배동,"22,000",용산구,12,0,22,32.84,,,11-10,11170,4
45,,2017,,,2020,용산 리브,문배동,"3,000",용산구,12,100,22,42.25,,,10-3,11170,4
46,,2013,,,2020,용산큐브,문배동,"17,500",용산구,12,0,23,17.46,,,24-4,11170,6
47,,2015,,,2020,용산KCC웰츠타워,문배동,"1,000",용산구,12,120,26,38.1,,,11-10,11170,7
48,,2007,,,2020,용산아크로타워,문배동,"20,000",용산구,12,60,28,38.37,,,24-21,11170,7
49,,2007,,,2020,이안용산프리미어,문배동,"20,000",용산구,12,100,29,66.7,,,3-3,11170,7
50,,2005,,,2020,용산파크자이,한강로1가,"35,000",용산구,12,0,5,50.8,,,50-1,11170,4
51,,2017,,,2020,용산푸르지오써밋,한강로2가,"35,831",용산구,12,0,3,35.47,,,420,11170,29
52,,2017,,,2020,용산푸르지오써밋,한강로2가,"15,000",용산구,12,96,9,35.47,,,420,11170,22
53,,,,,2020,래미안 용산 더 센트럴,한강로2가,"2,000",용산구,12,165,10,50.74,,,422,11170,6
54,,,,,2020,래미안 용산 더 센트럴,한강로2가,"66,150",용산구,12,0,11,71.71,,,422,11170,6
55,,2017,,,2020,용산푸르지오써밋,한강로2가,"10,000",용산구,12,111,12,42.64,,,420,11170,31
56,,2004,,,2020,대우디오빌한강로오피스텔,한강로2가,"27,000",용산구,12,0,12,33.95,,,312-4,11170,3
57,,2004,,,2020,한강로 대우아이빌,한강로2가,"18,000",용산구,12,0,12,33.54,,,2-11,11170,3
58,,2017,,,2020,용산푸르지오써밋,한강로2가,"5,000",용산구,12,88,12,25.65,,,420,11170,20
59,,2017,,,2020,용산푸르지오써밋,한강로2가,"1,000",용산구,12,82,12,25.65,,,420,11170,38
60,,2004,,,2020,대우디오빌한강로오피스텔,한강로2가,"3,000",용산구,12,65,15,33.95,,,312-4,11170,13
61,,2005,,,2020,한강로벽산메가트리움,한강로2가,"24,000",용산구,12,0,15,30.29,,,2-8,11170,19
62,,2017,,,2020,용산푸르지오써밋,한강로2가,"3,000",용산구,12,165,15,44.7,,,420,11170,36
63,,,,,2020,래미안 용산 더 센트럴,한강로2가,"2,000",용산구,12,166,18,49.81,,,422,11170,8
64,,,,,2020,래미안 용산 더 센트럴,한강로2가,"50,000",용산구,12,0,23,49.81,,,422,11170,9
65,,2017,,,2020,용산푸르지오써밋,한강로2가,"41,000",용산구,12,0,23,29.74,,,420,11170,18
66,,2017,,,2020,용산푸르지오써밋,한강로2가,"2,000",용산구,12,111,24,27.75,,,420,11170,20
67,,2017,,,2020,용산푸르지오써밋,한강로2가,"2,000",용산구,12,117,24,27.75,,,420,11170,20
68,,,,,2020,래미안 용산 더 센트럴,한강로2가,"78,750",용산구,12,0,26,71.78,,,422,11170,19
69,,2004,,,2020,한강로 대우아이빌,한강로2가,"24,000",용산구,12,0,28,39.76,,,2-11,11170,8
70,,2017,,,2020,용산푸르지오써밋,한강로2가,"22,050",용산구,12,0,30,26.7,,,420,11170,17
71,,2017,,,2020,용산푸르지오써밋,한강로2가,"23,150",용산구,12,0,30,26.7,,,420,11170,17
72,,2006,,,2020,지에스 한강에클라스,한강로3가,"19,500",용산구,12,0,2,40.86,,,16-85,11170,9
73,,2004,,,2020,한강대우트럼프월드3,한강로3가,"1,000",용산구,12,84,7,25.59,,,65-230,11170,21
74,,2007,,,2020,용산 시티파크(63-387),한강로3가,"50,000",용산구,12,0,11,54,,,63-387,11170,4
75,,2004,,,2020,한강대우트럼프월드3,한강로3가,"53,500",용산구,12,0,17,59.08,,,65-230,11170,28
76,,2004,,,2020,한강대우트럼프월드3,한강로3가,"1,000",용산구,12,95,21,38.14,,,65-230,11170,5
0,,2004,,,2021,갈월동 에이트리움,갈월동,"21,000",용산구,1,0,1,31.51,,,101-49,11170,12
1,,2004,,,2021,갈월동 에이트리움,갈월동,"19,820",용산구,1,0,30,31.1,,,101-49,11170,10
2,,2004,,,2021,갈월동 에이트리움,갈월동,"19,950",용산구,1,0,30,31.1,,,101-49,11170,10
3,,2015,,,2021,트윈시티 남산,동자동,"1,000",용산구,1,85,5,21.51,,,56,11170,6
4,,2015,,,2021,트윈시티 남산,동자동,"1,000",용산구,1,95,13,25.37,,,56,11170,15
5,,2015,,,2021,트윈시티 남산,동자동,"1,000",용산구,1,115,15,29.61,,,56,11170,26
6,,2015,,,2021,트윈시티 남산,동자동,"1,000",용산구,1,100,19,27.42,,,56,11170,14
7,,2015,,,2021,트윈시티 남산,동자동,"1,000",용산구,1,85,22,21.52,,,56,11170,14
8,,2015,,,2021,트윈시티 남산,동자동,"1,000",용산구,1,95,25,25.43,,,56,11170,15
9,,2015,,,2021,트윈시티 남산,동자동,"1,000",용산구,1,100,26,27.69,,,56,11170,18
10,,2015,,,2021,트윈시티 남산,동자동,"1,000",용산구,1,100,26,27.42,,,56,11170,11
11,,2015,,,2021,트윈시티 남산,동자동,"1,000",용산구,1,115,27,29.95,,,56,11170,22
12,,2015,,,2021,트윈시티 남산,동자동,"1,000",용산구,1,100,27,27.42,,,56,11170,11
13,,2015,,,2021,트윈시티 남산,동자동,"1,000",용산구,1,115,29,29.61,,,56,11170,20
14,,2020,,,2021,용산 다올 노블리움,청파동3가,"19,400",용산구,1,0,25,18.09,,,80-6,11170,7
15,,2020,,,2021,용산 다올 노블리움,청파동3가,"1,000",용산구,1,70,26,18.09,,,80-6,11170,3
16,,2020,,,2021,용산 다올 노블리움,청파동3가,"18,000",용산구,1,0,26,18.09,,,80-6,11170,7
17,,2017,,,2021,용산1차휴먼타운,원효로1가,"28,300",용산구,1,0,8,29.97,,,120-20,11170,14
18,,2004,,,2021,디아뜨 센트럴,원효로1가,"15,000",용산구,1,0,8,25.5,,,112-4,11170,9
19,,2019,,,2021,하람 휴,원효로1가,"28,000",용산구,1,0,9,29.56,,,28-10,11170,11
20,,2018,,,2021,용산2차휴먼타운,원효로1가,"27,300",용산구,1,0,12,29.94,,,120-22,11170,15
21,,2018,,,2021,용산파크뷰,원효로1가,"28,600",용산구,1,0,13,36.64,,,46-3,11170,7
22,,2018,,,2021,용산파크뷰,원효로1가,"26,250",용산구,1,0,19,36.64,,,46-3,11170,3
23,,2018,,,2021,용산2차휴먼타운,원효로1가,"26,775",용산구,1,0,22,29.94,,,120-22,11170,16
24,,2018,,,2021,용산2차휴먼타운,원효로1가,"26,200",용산구,1,0,25,29.37,,,120-22,11170,9
25,,2018,,,2021,용산2차휴먼타운,원효로1가,"26,200",용산구,1,0,28,29.94,,,120-22,11170,8
26,,2017,,,2021,용산1차휴먼타운,원효로1가,"1,000",용산구,1,104,30,33.61,,,120-20,11170,8
27,,2018,,,2021,용산2차휴먼타운,원효로1가,"1,000",용산구,1,105,31,29.94,,,120-22,11170,15
28,,2020,,,2021,용산파크뷰II,원효로3가,"26,000",용산구,1,0,2,24.67,,,130-1,11170,14
29,,2020,,,2021,용산파크뷰II,원효로3가,"22,000",용산구,1,0,5,25.99,,,130-1,11170,7
30,,2020,,,2021,용산파크뷰II,원효로3가,"24,000",용산구,1,0,11,25.99,,,130-1,11170,17
31,,2020,,,2021,용산파크뷰II,원효로3가,"15,000",용산구,1,50,15,25.99,,,130-1,11170,14
32,,2020,,,2021,용산파크뷰II,원효로3가,"22,000",용산구,1,0,15,22.14,,,130-1,11170,2
33,,2020,,,2021,용산파크뷰II,원효로3가,"15,000",용산구,1,50,15,25.99,,,130-1,11170,14
34,,2020,,,2021,용산파크뷰II,원효로3가,"27,000",용산구,1,0,16,25.99,,,130-1,11170,5
35,,2020,,,2021,용산파크뷰II,원효로3가,"25,000",용산구,1,0,17,25.99,,,130-1,11170,15
36,,2020,,,2021,용산파크뷰II,원효로3가,"21,000",용산구,1,0,17,22.14,,,130-1,11170,4
37,,2020,,,2021,용산파크뷰II,원효로3가,"26,000",용산구,1,0,20,24.67,,,130-1,11170,8
38,,2020,,,2021,용산파크뷰II,원효로3가,"22,000",용산구,1,0,20,22.14,,,130-1,11170,13
39,,2020,,,2021,용산파크뷰II,원효로3가,"25,000",용산구,1,0,21,24.67,,,130-1,11170,11
40,,2020,,,2021,용산파크뷰II,원효로3가,"20,000",용산구,1,0,21,21.6,,,130-1,11170,11
41,,2020,,,2021,용산파크뷰II,원효로3가,"24,000",용산구,1,0,22,22.14,,,130-1,11170,16
42,,2020,,,2021,용산파크뷰II,원효로3가,"10,000",용산구,1,55,23,22.21,,,130-1,11170,7
43,,2020,,,2021,용산파크뷰II,원효로3가,"19,500",용산구,1,0,23,22.14,,,130-1,11170,9
44,,2021,,,2021,금강프라임 타워,원효로3가,"32,000",용산구,1,0,26,39.95,,,43-1,11170,6
45,,2021,,,2021,금강프라임 타워,원효로3가,"32,000",용산구,1,0,27,39.95,,,43-1,11170,7
46,,2021,,,2021,금강프라임 타워,원효로3가,"32,000",용산구,1,0,27,39.95,,,43-1,11170,6
47,,2020,,,2021,용산파크뷰II,원효로3가,"20,500",용산구,1,0,27,22.21,,,130-1,11170,11
48,,2020,,,2021,용산파크뷰II,원효로3가,"25,000",용산구,1,0,28,24.67,,,130-1,11170,15
49,,2020,,,2021,용산파크뷰II,원효로3가,"24,500",용산구,1,0,29,24.67,,,130-1,11170,13
50,,2020,,,2021,용산파크뷰II,원효로3가,"24,000",용산구,1,0,30,24.67,,,130-1,11170,10
51,,2018,,,2021,G&P 용산파크,문배동,"27,300",용산구,1,0,2,39.07,,,11-34,11170,3
52,,2013,,,2021,용산큐브,문배동,"1,000",용산구,1,65,2,17.46,,,24-4,11170,6
53,,2018,,,2021,G&P 용산파크,문배동,"29,400",용산구,1,0,7,39.73,,,11-34,11170,4
54,,2004,,,2021,지오베르크,문배동,"23,500",용산구,1,0,9,31.35,,,17-1,11170,3
55,,2004,,,2021,지오베르크,문배동,"23,500",용산구,1,0,9,31.35,,,17-1,11170,3
56,,2015,,,2021,용산KCC웰츠타워,문배동,"26,000",용산구,1,0,9,29.25,,,11-10,11170,3
57,,2018,,,2021,G&P 용산파크,문배동,"19,500",용산구,1,25,12,35,,,11-34,11170,3
58,,2013,,,2021,용산큐브,문배동,"17,000",용산구,1,0,13,17.46,,,24-4,11170,4
59,,2015,,,2021,용산KCC웰츠타워,문배동,"28,000",용산구,1,0,15,29.97,,,11-10,11170,7
60,,2015,,,2021,용산KCC웰츠타워,문배동,"23,000",용산구,1,0,15,27.46,,,11-10,11170,6
61,,2015,,,2021,용산KCC웰츠타워,문배동,"22,000",용산구,1,0,15,25.05,,,11-10,11170,5
62,,2012,,,2021,프라임펠리스,문배동,"22,000",용산구,1,0,16,27.83,,,24-8,11170,4
63,,2007,,,2021,이안용산프리미어,문배동,"42,000",용산구,1,0,16,72.99,,,3-3,11170,5
64,,2015,,,2021,용산KCC웰츠타워,문배동,"25,500",용산구,1,0,19,29.33,,,11-10,11170,4
65,,2013,,,2021,용산큐브,문배동,"18,500",용산구,1,0,20,17.46,,,24-4,11170,10
66,,2013,,,2021,용산큐브,문배동,"17,500",용산구,1,0,20,17.46,,,24-4,11170,4
67,,2015,,,2021,용산KCC웰츠타워,문배동,"6,000",용산구,1,75,22,34.08,,,11-10,11170,5
68,,2007,,,2021,이안용산프리미어,문배동,"42,000",용산구,1,0,23,66.53,,,3-3,11170,6
69,,2015,,,2021,용산KCC웰츠타워,문배동,"1,000",용산구,1,85,23,32.51,,,11-10,11170,6
70,,2018,,,2021,G&P 용산파크,문배동,"26,250",용산구,1,0,23,35,,,11-34,11170,2
71,,2007,,,2021,용산아크로타워,문배동,"28,000",용산구,1,0,25,35.6,,,24-21,11170,8
72,,2007,,,2021,용산아크로타워,문배동,"28,000",용산구,1,0,25,35.6,,,24-21,11170,8
73,,2013,,,2021,용산큐브,문배동,"18,370",용산구,1,0,26,17.46,,,24-4,11170,8
74,,2015,,,2021,용산KCC웰츠타워,문배동,"15,000",용산구,1,37,27,30,,,11-10,11170,5
75,,2012,,,2021,프라임펠리스,문배동,"15,500",용산구,1,0,30,18.77,,,24-8,11170,11
76,,2007,,,2021,용산씨제이나인파크,문배동,"40,000",용산구,1,75,31,71.39,,,24-6,11170,3
77,,2005,,,2021,용산파크자이,한강로1가,"1,000",용산구,1,100,29,39.03,,,50-1,11170,5
78,,2005,,,2021,한강로벽산메가트리움,한강로2가,"26,000",용산구,1,0,4,32.15,,,2-8,11170,16
79,,,,,2021,래미안 용산 더 센트럴,한강로2가,"2,000",용산구,1,165,7,47.65,,,422,11170,15
80,,2005,,,2021,한강현대하이엘,한강로2가,"2,000",용산구,1,85,7,41.8,,,2-36,11170,5
81,,2004,,,2021,대우디오빌한강로오피스텔,한강로2가,"11,000",용산구,1,35,8,22.05,,,312-4,11170,11
82,,2005,,,2021,한강로벽산메가트리움,한강로2가,"25,000",용산구,1,0,8,29.54,,,2-8,11170,18
83,,2004,,,2021,한강로 대우아이빌,한강로2가,"1,000",용산구,1,80,8,39.76,,,2-11,11170,7
84,,2004,,,2021,대우디오빌한강로오피스텔,한강로2가,500,용산구,1,74,12,23.85,,,312-4,11170,17
85,,,,,2021,래미안 용산 더 센트럴,한강로2가,"2,000",용산구,1,165,12,49.81,,,422,11170,10
86,,2017,,,2021,용산푸르지오써밋,한강로2가,"30,402",용산구,1,0,12,27.75,,,420,11170,17
87,,,,,2021,래미안 용산 더 센트럴,한강로2가,"34,000",용산구,1,70,14,47.65,,,422,11170,11
88,,,,,2021,래미안 용산 더 센트럴,한강로2가,"45,000",용산구,1,0,15,42.5,,,422,11170,18
89,,2017,,,2021,용산푸르지오써밋,한강로2가,"20,000",용산구,1,15,15,26.59,,,420,11170,28
90,,2017,,,2021,용산푸르지오써밋,한강로2가,"42,000",용산구,1,0,20,29.85,,,420,11170,24
91,,,,,2021,래미안 용산 더 센트럴,한강로2가,"55,000",용산구,1,0,21,47.65,,,422,11170,6
92,,,,,2021,래미안 용산 더 센트럴,한강로2가,"50,000",용산구,1,0,21,50.74,,,422,11170,10
93,,2017,,,2021,용산푸르지오써밋,한강로2가,"2,000",용산구,1,156,23,40.39,,,420,11170,18
94,,2004,,,2021,한강로 대우아이빌,한강로2가,"11,000",용산구,1,40,24,37.85,,,2-11,11170,3
95,,2017,,,2021,용산푸르지오써밋,한강로2가,"36,000",용산구,1,20,27,44.7,,,420,11170,35
96,,2004,,21.02~22.02,2021,대우디오빌한강로오피스텔,한강로2가,"1,000",용산구,1,85,29,33.95,,,312-4,11170,4
97,,2004,,,2021,한강대우트럼프월드3,한강로3가,"20,000",용산구,1,400,9,39.7,,,65-230,11170,27
98,,2006,,,2021,지에스 한강에클라스,한강로3가,"21,000",용산구,1,0,23,35.06,,,16-85,11170,10
0,,2004,,,2021,그린빌파크,갈월동,"1,000",용산구,2,50,24,23.01,,,53-19,11170,3
1,,2004,,,2021,갈월동 에이트리움,갈월동,"1,000",용산구,2,75,27,30.97,,,101-49,11170,6
2,,2015,,,2021,트윈시티 남산,동자동,"1,000",용산구,2,85,5,21.52,,,56,11170,15
3,,2015,,,2021,트윈시티 남산,동자동,"1,000",용산구,2,100,9,27.42,,,56,11170,7
4,,2015,,,2021,트윈시티 남산,동자동,"1,000",용산구,2,85,9,21.51,,,56,11170,20
5,,2015,,,2021,트윈시티 남산,동자동,"1,000",용산구,2,85,9,21.71,,,56,11170,22
6,,2015,,,2021,트윈시티 남산,동자동,"1,000",용산구,2,115,17,29.95,,,56,11170,14
7,,2015,,,2021,트윈시티 남산,동자동,"1,000",용산구,2,85,18,21.71,,,56,11170,26
8,,2015,,,2021,트윈시티 남산,동자동,"1,000",용산구,2,85,19,21.52,,,56,11170,4
9,,2015,,,2021,트윈시티 남산,동자동,"1,000",용산구,2,115,26,29.95,,,56,11170,21
10,,2004,,,2021,서울역풍림아이원플러스,서계동,"1,000",용산구,2,70,20,27.95,,,219-17,11170,15
11,,2019,,,2021,하람 휴,원효로1가,"26,200",용산구,2,0,5,27.27,,,28-10,11170,9
12,,2018,,,2021,용산2차휴먼타운,원효로1가,"26,200",용산구,2,0,6,29.37,,,120-22,11170,7
13,,2017,,,2021,용산1차휴먼타운,원효로1가,"28,300",용산구,2,0,6,33.61,,,120-20,11170,6
14,,2004,,,2021,디아뜨 센트럴,원효로1가,"3,000",용산구,2,50,9,25.19,,,112-4,11170,12
15,,2018,,,2021,용산2차휴먼타운,원효로1가,"2,000",용산구,2,80,9,29.94,,,120-22,11170,10
16,,2004,,,2021,디아뜨 센트럴,원효로1가,"3,000",용산구,2,50,9,25.5,,,112-4,11170,6
17,,2017,,,2021,용산1차휴먼타운,원효로1가,"2,000",용산구,2,95,11,29.97,,,120-20,11170,16
18,,2019,,,2021,하람 휴,원효로1가,"27,300",용산구,2,0,15,29.56,,,28-10,11170,12
19,,2018,,,2021,용산2차휴먼타운,원효로1가,"26,200",용산구,2,0,15,29.94,,,120-22,11170,12
20,,2004,,,2021,디아뜨 센트럴,원효로1가,"16,500",용산구,2,0,17,25.5,,,112-4,11170,8
21,,2018,,,2021,용산2차휴먼타운,원효로1가,"25,200",용산구,2,0,17,29.94,,,120-22,11170,13
22,,2004,,,2021,디아뜨 센트럴,원효로1가,"19,950",용산구,2,0,18,37.17,,,112-4,11170,4
23,,2004,,,2021,디아뜨 센트럴,원효로1가,"15,750",용산구,2,0,19,25.5,,,112-4,11170,11
24,,2018,,,2021,용산2차휴먼타운,원효로1가,"26,200",용산구,2,0,20,29.37,,,120-22,11170,5
25,,2018,,,2021,용산2차휴먼타운,원효로1가,"27,000",용산구,2,0,25,29.94,,,120-22,11170,7
26,,2019,,,2021,하람 휴,원효로1가,"29,000",용산구,2,0,26,29.56,,,28-10,11170,11
27,,2020,,,2021,용산파크뷰II,원효로3가,"22,000",용산구,2,0,1,22.14,,,130-1,11170,8
28,,2020,,,2021,용산파크뷰II,원효로3가,"22,000",용산구,2,0,2,22.21,,,130-1,11170,18
29,,2020,,,2021,용산파크뷰II,원효로3가,"23,000",용산구,2,0,3,21.39,,,130-1,11170,12
30,,2020,,,2021,용산파크뷰II,원효로3가,"22,000",용산구,2,0,3,22.14,,,130-1,11170,5
31,,2020,,,2021,용산파크뷰II,원효로3가,"25,000",용산구,2,0,4,25.99,,,130-1,11170,11
32,,2020,,,2021,용산파크뷰II,원효로3가,"25,500",용산구,2,0,4,22.14,,,130-1,11170,19
33,,2021,,,2021,금강프라임 타워,원효로3가,"32,000",용산구,2,0,5,39.95,,,43-1,11170,8
34,,2020,,,2021,용산파크뷰II,원효로3가,"21,000",용산구,2,0,5,21.6,,,130-1,11170,4
35,,2021,,,2021,금강프라임 타워,원효로3가,"32,000",용산구,2,0,5,39.71,,,43-1,11170,8
36,,2021,,,2021,금강프라임 타워,원효로3가,"30,000",용산구,2,0,5,39.71,,,43-1,11170,3
37,,2020,,,2021,용산파크뷰II,원효로3가,"16,000",용산구,2,30,6,22.21,,,130-1,11170,8
38,,2021,,,2021,금강프라임 타워,원효로3가,"32,000",용산구,2,0,6,39.95,,,43-1,11170,5
39,,2021,,,2021,금강프라임 타워,원효로3가,"29,000",용산구,2,0,6,40.81,,,43-1,11170,3
40,,2020,,,2021,용산파크뷰II,원효로3가,"23,000",용산구,2,0,8,24.67,,,130-1,11170,4
41,,2021,,,2021,금강프라임 타워,원효로3가,"29,000",용산구,2,0,8,40.81,,,43-1,11170,4
42,,2014,,,2021,아인하우스,원효로3가,"16,000",용산구,2,0,8,26.88,,,277-36,11170,6
43,,2021,,,2021,금강프라임 타워,원효로3가,"32,000",용산구,2,0,8,39.71,,,43-1,11170,9
44,,2021,,,2021,금강프라임 타워,원효로3가,"31,000",용산구,2,0,8,40.81,,,43-1,11170,7
45,,2021,,,2021,금강프라임 타워,원효로3가,"32,000",용산구,2,0,9,39.71,,,43-1,11170,7
46,,2020,,,2021,용산파크뷰II,원효로3가,"22,500",용산구,2,0,9,22.21,,,130-1,11170,5
47,,2020,,,2021,용산파크뷰II,원효로3가,"18,500",용산구,2,0,9,21.6,,,130-1,11170,3
48,,2021,,,2021,금강프라임 타워,원효로3가,"31,000",용산구,2,0,9,40.81,,,43-1,11170,8
49,,2020,,,2021,용산파크뷰II,원효로3가,"20,000",용산구,2,0,10,22.21,,,130-1,11170,4
50,,2020,,,2021,용산파크뷰II,원효로3가,"25,000",용산구,2,0,10,24.67,,,130-1,11170,16
51,,2020,,,2021,용산파크뷰II,원효로3가,"22,500",용산구,2,0,10,21.39,,,130-1,11170,3
52,,2020,,,2021,용산파크뷰II,원효로3가,"23,000",용산구,2,0,10,25.99,,,130-1,11170,9
53,,2020,,,2021,용산파크뷰II,원효로3가,"25,000",용산구,2,0,11,22.21,,,130-1,11170,13
54,,2020,,,2021,용산파크뷰II,원효로3가,"21,500",용산구,2,0,14,22.21,,,130-1,11170,12
55,,2020,,,2021,용산파크뷰II,원효로3가,"29,000",용산구,2,0,15,24.67,,,130-1,11170,3
56,,2020,,,2021,용산파크뷰II,원효로3가,"23,500",용산구,2,0,15,25.99,,,130-1,11170,10
57,,2020,,,2021,용산파크뷰II,원효로3가,"20,000",용산구,2,0,15,22.14,,,130-1,11170,3
58,,2020,,,2021,용산파크뷰II,원효로3가,"19,000",용산구,2,0,16,22.14,,,130-1,11170,7
59,,2020,,,2021,용산파크뷰II,원효로3가,"22,000",용산구,2,0,16,22.14,,,130-1,11170,11
60,,2020,,,2021,용산파크뷰II,원효로3가,"20,500",용산구,2,0,16,22.14,,,130-1,11170,18
61,,2020,,,2021,용산파크뷰II,원효로3가,"23,000",용산구,2,0,16,22.21,,,130-1,11170,15
62,,2020,,,2021,용산파크뷰II,원효로3가,"23,000",용산구,2,0,17,24.67,,,130-1,11170,9
63,,2020,,,2021,용산파크뷰II,원효로3가,"23,000",용산구,2,0,18,22.21,,,130-1,11170,10
64,,2020,,,2021,용산파크뷰II,원효로3가,"23,000",용산구,2,0,18,21.39,,,130-1,11170,19
65,,2020,,,2021,용산파크뷰II,원효로3가,"25,000",용산구,2,0,18,24.67,,,130-1,11170,12
66,,2020,,,2021,용산파크뷰II,원효로3가,"21,000",용산구,2,0,19,21.6,,,130-1,11170,6
67,,2021,,,2021,금강프라임 타워,원효로3가,"30,000",용산구,2,0,19,39.95,,,43-1,11170,2
68,,2020,,,2021,용산파크뷰II,원효로3가,"22,500",용산구,2,0,20,22.14,,,130-1,11170,6
69,,2020,,,2021,용산파크뷰II,원효로3가,"30,000",용산구,2,0,21,24.67,,,130-1,11170,19
70,,2020,,,2021,용산파크뷰II,원효로3가,"22,000",용산구,2,0,22,24.67,,,130-1,11170,6
71,,2021,,,2021,금강프라임 타워,원효로3가,"32,000",용산구,2,0,22,39.71,,,43-1,11170,5
72,,2020,,,2021,용산파크뷰II,원효로3가,"22,000",용산구,2,0,22,21.39,,,130-1,11170,2
73,,2020,,,2021,용산파크뷰II,원효로3가,"20,500",용산구,2,0,22,21.39,,,130-1,11170,17
74,,2017,,,2021,용산 리브,문배동,"31,000",용산구,2,0,1,36.06,,,10-3,11170,7
75,,2013,,,2021,용산큐브,문배동,"10,000",용산구,2,35,3,17.46,,,24-4,11170,3
76,,2007,,,2021,용산아크로타워,문배동,"24,000",용산구,2,0,3,28.72,,,24-21,11170,9
77,,2004,,,2021,지오베르크,문배동,"20,000",용산구,2,0,4,31.35,,,17-1,11170,2
78,,2004,,,2021,지오베르크,문배동,"28,000",용산구,2,0,4,42.18,,,17-1,11170,2
79,,2007,,,2021,용산아크로타워,문배동,"30,200",용산구,2,0,5,38.37,,,24-21,11170,8
80,,2018,,,2021,G&P 용산파크,문배동,"27,300",용산구,2,0,6,39.07,,,11-34,11170,2
81,,2004,,,2021,삼라마이다스빌,문배동,"19,000",용산구,2,0,6,28.23,,,40-19,11170,3
82,,2005,,,2021,이안 용산1차(11-29),문배동,"22,000",용산구,2,0,7,30.04,,,11-29,11170,15
83,,2013,,,2021,용산큐브,문배동,"1,000",용산구,2,65,9,17.46,,,24-4,11170,4
84,,2012,,,2021,프라임펠리스,문배동,"1,000",용산구,2,60,10,18.55,,,24-8,11170,10
85,,2012,,,2021,프라임펠리스,문배동,"16,200",용산구,2,0,15,18.55,,,24-8,11170,10
86,,2004,,,2021,지오베르크,문배동,"1,000",용산구,2,78,15,32.49,,,17-1,11170,2
87,,2007,,,2021,용산아크로타워,문배동,"23,000",용산구,2,70,16,47.42,,,24-21,11170,7
88,,2017,,,2021,용산 리브,문배동,"30,870",용산구,2,0,16,42.25,,,10-3,11170,11
89,,2012,,,2021,프라임펠리스,문배동,"15,750",용산구,2,0,17,18.77,,,24-8,11170,8
90,,2013,,,2021,용산큐브,문배동,"17,500",용산구,2,0,17,17.46,,,24-4,11170,12
91,,2005,,,2021,이안 용산1차(11-14),문배동,"5,000",용산구,2,137,17,73.56,,,11-14,11170,10
92,,2015,,,2021,용산KCC웰츠타워,문배동,"23,000",용산구,2,0,18,29.97,,,11-10,11170,8
93,,2013,,,2021,용산큐브,문배동,"18,900",용산구,2,0,18,17.46,,,24-4,11170,3
94,,2015,,,2021,용산KCC웰츠타워,문배동,"23,000",용산구,2,0,18,29.97,,,11-10,11170,8
95,,2007,,,2021,용산씨제이나인파크,문배동,"55,000",용산구,2,0,21,71.39,,,24-6,11170,9
96,,2005,,,2021,이안 용산1차(11-29),문배동,"1,000",용산구,2,75,24,30.04,,,11-29,11170,13
97,,2013,,,2021,용산큐브,문배동,"1,000",용산구,2,65,24,17.46,,,24-4,11170,12
98,,2010,,,2021,리첸시아 용산B,문배동,"29,400",용산구,2,0,27,37.68,,,40-31,11170,3
99,,2015,,,2021,용산KCC웰츠타워,문배동,"23,970",용산구,2,0,27,37.24,,,11-10,11170,7
100,,2005,,,2021,이안 용산1차,문배동,"22,000",용산구,2,0,27,30.04,,,7-6,11170,3
101,,2013,,,2021,용산큐브,문배동,"1,000",용산구,2,60,28,17.46,,,24-4,11170,6
102,,2005,,,2021,용산파크자이,한강로1가,"88,000",용산구,2,0,2,37.26,,,50-1,11170,24
103,,2005,,,2021,용산파크자이,한강로1가,"23,000",용산구,2,0,2,28.46,,,50-1,11170,9
104,,2005,,,2021,용산파크자이,한강로1가,"29,000",용산구,2,0,2,37.26,,,50-1,11170,4
105,,2005,,,2021,용산파크자이,한강로1가,"24,000",용산구,2,0,17,28.46,,,50-1,11170,6
106,,2005,,,2021,용산파크자이,한강로1가,"26,000",용산구,2,0,18,31.83,,,50-1,11170,17
107,,2004,,,2021,대우디오빌한강로오피스텔,한강로2가,"15,000",용산구,2,30,1,36.69,,,312-4,11170,3
108,,,,,2021,래미안 용산 더 센트럴,한강로2가,"10,000",용산구,2,100,1,47.65,,,422,11170,10
109,,2005,,,2021,한강로벽산메가트리움,한강로2가,"12,000",용산구,2,35,2,29.54,,,2-8,11170,19
110,,,,,2021,래미안 용산 더 센트럴,한강로2가,"54,000",용산구,2,0,6,48.57,,,422,11170,16
111,,2005,,,2021,한강로벽산메가트리움,한강로2가,"4,000",용산구,2,68,6,32.15,,,2-8,11170,5
112,,2005,,,2021,한강로벽산메가트리움,한강로2가,"4,000",용산구,2,70,6,32.15,,,2-8,11170,6
113,,2004,,,2021,대우디오빌한강로오피스텔,한강로2가,"1,000",용산구,2,75,6,32.85,,,312-4,11170,8
114,,2017,,,2021,용산푸르지오써밋,한강로2가,"25,000",용산구,2,34,6,26.7,,,420,11170,31
115,,2005,,,2021,한강현대하이엘,한강로2가,"23,000",용산구,2,0,6,42.32,,,2-36,11170,4
116,,2017,,,2021,용산푸르지오써밋,한강로2가,"10,000",용산구,2,85,9,26.7,,,420,11170,37
117,,2004,,,2021,한강로 대우아이빌,한강로2가,"26,000",용산구,2,0,17,39.76,,,2-11,11170,8
118,,2004,,,2021,대우디오빌한강로오피스텔,한강로2가,"22,000",용산구,2,0,18,32.19,,,312-4,11170,5
119,,,,,2021,래미안 용산 더 센트럴,한강로2가,"40,000",용산구,2,50,19,47.65,,,422,11170,7
120,,,,,2021,래미안 용산 더 센트럴,한강로2가,"55,000",용산구,2,0,19,47.65,,,422,11170,18
121,,2005,,,2021,한강로벽산메가트리움,한강로2가,"28,500",용산구,2,0,19,32.15,,,2-8,11170,28
122,,,,,2021,래미안 용산 더 센트럴,한강로2가,"55,000",용산구,2,0,20,47.65,,,422,11170,6
123,,,,,2021,래미안 용산 더 센트럴,한강로2가,"55,000",용산구,2,0,20,51.84,,,422,11170,9
124,,2005,,,2021,한강현대하이엘,한강로2가,"5,000",용산구,2,70,20,41.8,,,2-36,11170,4
125,,2017,,,2021,용산푸르지오써밋,한강로2가,"10,000",용산구,2,90,24,27.75,,,420,11170,26
126,,2017,,,2021,용산푸르지오써밋,한강로2가,"2,000",용산구,2,108,25,27.75,,,420,11170,33
127,,2005,,,2021,한강로벽산메가트리움,한강로2가,"1,000",용산구,2,77,27,29.54,,,2-8,11170,25
128,,2004,,,2021,한강대우트럼프월드3,한강로3가,"15,000",용산구,2,35,18,30.91,,,65-230,11170,9
129,,2004,,,2021,한강대우트럼프월드3,한강로3가,"39,900",용산구,2,0,27,48.53,,,65-230,11170,18
130,,2004,,,2021,한남동 하이페리온Ⅱ,한남동,"120,000",용산구,2,0,18,145.63,,,550,11170,4
0,,2004,,,2021,그린빌파크,갈월동,"1,000",용산구,3,50,27,23.01,,,53-19,11170,3
1,,2004,,,2021,그린빌파크,갈월동,"1,000",용산구,3,50,31,23.01,,,53-19,11170,2
2,,2015,,,2021,트윈시티 남산,동자동,"1,000",용산구,3,85,9,21.71,,,56,11170,11
3,,2015,,,2021,트윈시티 남산,동자동,"1,000",용산구,3,115,22,29.95,,,56,11170,6
4,,2018,,,2021,용산2차휴먼타운,원효로1가,"26,250",용산구,3,0,1,29.94,,,120-22,11170,17
5,,2004,,,2021,디아뜨 센트럴,원효로1가,"3,000",용산구,3,50,6,25.5,,,112-4,11170,14
6,,2019,,,2021,하람 휴,원효로1가,"5,000",용산구,3,65,11,27.27,,,28-10,11170,7
7,,2018,,,2021,용산2차휴먼타운,원효로1가,"25,000",용산구,3,0,13,29.94,,,120-22,11170,9
8,,2004,,,2021,디아뜨 센트럴,원효로1가,"1,000",용산구,3,60,18,25.5,,,112-4,11170,5
9,,2018,,,2021,용산2차휴먼타운,원효로1가,"28,300",용산구,3,0,18,29.94,,,120-22,11170,18
10,,2018,,,2021,용산2차휴먼타운,원효로1가,"28,000",용산구,3,0,24,29.94,,,120-22,11170,14
11,,1990,,,2021,(1),원효로2가,500,용산구,3,33,17,21.45,,,1,11170,6
12,,2020,,,2021,용산파크뷰II,원효로3가,"22,500",용산구,3,0,2,21.6,,,130-1,11170,10
13,,2021,,,2021,금강프라임 타워,원효로3가,"31,000",용산구,3,0,10,40.81,,,43-1,11170,6
14,,2020,,,2021,용산파크뷰II,원효로3가,"25,000",용산구,3,0,15,21.6,,,130-1,11170,13
15,,2003,,,2021,e테크밸리,원효로3가,"18,000",용산구,3,0,17,36,,,51-37,11170,15
16,,2020,,,2021,용산파크뷰II,원효로3가,"2,000",용산구,3,80,23,22.21,,,130-1,11170,16
17,,2015,,,2021,용산KCC웰츠타워,문배동,"1,000",용산구,3,85,2,31.37,,,11-10,11170,5
18,,2007,,,2021,용산아크로타워,문배동,"35,000",용산구,3,15,2,46.29,,,24-21,11170,5
19,,2015,,,2021,용산KCC웰츠타워,문배동,"28,000",용산구,3,0,2,31.32,,,11-10,11170,7
20,,2013,,,2021,용산큐브,문배동,"1,000",용산구,3,65,3,17.46,,,24-4,11170,4
21,,2018,,,2021,G&P 용산파크,문배동,"27,000",용산구,3,0,4,39.07,,,11-34,11170,4
22,,2013,,,2021,용산큐브,문배동,"18,000",용산구,3,0,4,17.46,,,24-4,11170,3
23,,2015,,21.04~22.04,2021,용산KCC웰츠타워,문배동,"31,500",용산구,3,0,6,37.24,,,11-10,11170,6
24,,2015,,,2021,용산KCC웰츠타워,문배동,"22,000",용산구,3,0,6,27.55,,,11-10,11170,3
25,,2007,,,2021,용산씨제이나인파크,문배동,"15,000",용산구,3,140,7,71.39,,,24-6,11170,6
26,,2007,,,2021,용산씨제이나인파크,문배동,"7,000",용산구,3,150,8,71.39,,,24-6,11170,12
27,,2010,,,2021,리첸시아 용산B,문배동,"33,390",용산구,3,0,8,37.68,,,40-31,11170,2
28,,2007,,,2021,용산씨제이나인파크,문배동,"50,000",용산구,3,0,9,71.39,,,24-6,11170,5
29,,2017,,,2021,용산 리브,문배동,"31,500",용산구,3,0,12,42.25,,,10-3,11170,11
30,,2017,,,2021,용산 리브,문배동,"32,800",용산구,3,0,12,45.92,,,10-3,11170,10
31,,2007,,,2021,이안용산프리미어,문배동,"15,000",용산구,3,100,13,66.7,,,3-3,11170,5
32,,2015,,,2021,용산KCC웰츠타워,문배동,"27,825",용산구,3,0,17,35.79,,,11-10,11170,4
33,,2007,,,2021,용산씨제이나인파크,문배동,"42,000",용산구,3,0,18,54.96,,,24-6,11170,3
34,,2004,,,2021,삼라마이다스빌,문배동,"18,375",용산구,3,0,18,28.23,,,40-19,11170,5
35,,2015,,,2021,용산KCC웰츠타워,문배동,"36,225",용산구,3,0,20,47.54,,,11-10,11170,8
36,,2007,,,2021,이안용산프리미어,문배동,"42,990",용산구,3,0,20,71.38,,,3-3,11170,2
37,,2007,,,2021,용산씨제이나인파크,문배동,"50,000",용산구,3,0,22,54.96,,,24-6,11170,4
38,,2007,,,2021,이안용산프리미어,문배동,"28,000",용산구,3,0,23,39.3,,,3-3,11170,6
39,,2013,,,2021,용산큐브,문배동,"5,000",용산구,3,50,27,17.46,,,24-4,11170,6
40,,2018,,,2021,G&P 용산파크,문배동,"29,400",용산구,3,0,29,39.75,,,11-34,11170,4
41,,2007,,,2021,용산아크로타워,문배동,"10,000",용산구,3,100,31,47.42,,,24-21,11170,3
42,,2005,,21.06~23.06,2021,용산파크자이,한강로1가,"29,000",용산구,3,0,11,33.6,,,50-1,11170,9
43,,2005,,,2021,용산파크자이,한강로1가,"30,450",용산구,3,0,27,37.26,,,50-1,11170,30
44,,2007,,,2021,대우 월드마크 용산,한강로1가,"48,510",용산구,3,0,29,83.07,,,64,11170,14
45,,2004,,,2021,한강로 대우아이빌,한강로2가,"19,000",용산구,3,0,1,34.83,,,2-11,11170,9
46,,,,,2021,래미안 용산 더 센트럴,한강로2가,"56,000",용산구,3,0,4,49.81,,,422,11170,14
47,,,,,2021,래미안 용산 더 센트럴,한강로2가,"56,000",용산구,3,0,4,49.81,,,422,11170,14
48,,2004,,,2021,한강로 대우아이빌,한강로2가,"23,000",용산구,3,0,5,34.83,,,2-11,11170,5
49,,2017,,,2021,용산푸르지오써밋,한강로2가,"34,100",용산구,3,0,6,48.72,,,420,11170,19
50,,2005,,,2021,한강현대하이엘,한강로2가,"21,000",용산구,3,0,10,42.32,,,2-36,11170,8
51,,2017,,,2021,용산푸르지오써밋,한강로2가,"1,000",용산구,3,100,11,24.6,,,420,11170,34
52,,2017,,,2021,용산푸르지오써밋,한강로2가,"44,000",용산구,3,0,11,46.29,,,420,11170,35
53,,2017,,,2021,용산푸르지오써밋,한강로2가,"33,600",용산구,3,0,14,46,,,420,11170,29
54,,2006,,,2021,용산 토투벨리,한강로2가,"15,000",용산구,3,0,16,52.19,,,2-37,11170,12
55,,2017,,,2021,용산푸르지오써밋,한강로2가,"30,450",용산구,3,0,19,26.7,,,420,11170,21
56,,2017,,,2021,용산푸르지오써밋,한강로2가,"38,588",용산구,3,0,20,29.85,,,420,11170,33
57,,2017,,,2021,용산푸르지오써밋,한강로2가,"1,000",용산구,3,152,22,40.39,,,420,11170,18
58,,2005,,21.03~22.03,2021,한강현대하이엘,한강로2가,"1,000",용산구,3,70,23,30.03,,,2-36,11170,7
59,,2004,,,2021,한강로 대우아이빌,한강로2가,"1,000",용산구,3,75,26,34.83,,,2-11,11170,7
60,,2017,,,2021,용산푸르지오써밋,한강로2가,"2,100",용산구,3,81,27,26.7,,,420,11170,30
61,,2004,,21.06~23.06,2021,한강로 대우아이빌,한강로2가,"22,575",용산구,3,0,27,34.83,,,2-11,11170,6
62,,2005,,,2021,한강로벽산메가트리움,한강로2가,"24,150",용산구,3,0,27,29.54,,,2-8,11170,24
63,,2017,,,2021,용산푸르지오써밋,한강로2가,"27,900",용산구,3,0,27,26.7,,,420,11170,25
64,,2017,,,2021,용산푸르지오써밋,한강로2가,"2,100",용산구,3,77,27,26.7,,,420,11170,30
65,,2004,,,2021,대우디오빌한강로오피스텔,한강로2가,"23,000",용산구,3,0,30,32.19,,,312-4,11170,7
66,,2004,,,2021,한강대우트럼프월드3,한강로3가,"15,000",용산구,3,80,10,38.14,,,65-230,11170,5
67,,2006,,,2021,지에스 한강에클라스,한강로3가,"19,000",용산구,3,0,12,34.43,,,16-85,11170,9
0,,2004,,,2021,갈월동 에이트리움,갈월동,"20,000",용산구,4,0,21,30.97,,,101-49,11170,6
1,,2015,,,2021,트윈시티 남산,동자동,"1,000",용산구,4,115,6,29.61,,,56,11170,25
2,,2015,,21.04~22.04,2021,트윈시티 남산,동자동,"1,000",용산구,4,100,6,27.42,,,56,11170,21
3,,2015,,,2021,트윈시티 남산,동자동,"1,000",용산구,4,85,7,21.71,,,56,11170,14
4,,2015,,,2021,트윈시티 남산,동자동,"1,000",용산구,4,95,14,25.48,,,56,11170,22
5,,2015,,,2021,트윈시티 남산,동자동,"1,000",용산구,4,95,19,25.48,,,56,11170,25
6,,2015,,,2021,트윈시티 남산,동자동,"1,000",용산구,4,100,30,27.42,,,56,11170,14
7,,2004,,21.06~22.06,2021,서울역풍림아이원플러스,서계동,"21,000",용산구,4,0,3,27.95,,,219-17,11170,10
8,,2020,,,2021,용산 다올 노블리움,청파동3가,"1,000",용산구,4,68,1,18.14,,,80-6,11170,3
9,,2020,,,2021,용산 다올 노블리움,청파동3가,"19,950",용산구,4,0,1,18.09,,,80-6,11170,13
10,,2004,,,2021,디아뜨 센트럴,원효로1가,"15,800",용산구,4,0,8,25.5,,,112-4,11170,2
11,,2004,,,2021,디아뜨 센트럴,원효로1가,"15,750",용산구,4,0,10,25.5,,,112-4,11170,2
12,,2017,,,2021,용산1차휴먼타운,원효로1가,"15,000",용산구,4,40,16,33.61,,,120-20,11170,6
13,,2004,,,2021,디아뜨 센트럴,원효로1가,"16,000",용산구,4,0,23,25.5,,,112-4,11170,9
14,,2004,,,2021,디아뜨 센트럴,원효로1가,"10,000",용산구,4,0,25,25.5,,,112-4,11170,9
15,,2018,,,2021,용산파크뷰,원효로1가,"1,000",용산구,4,60,27,19.46,,,46-3,11170,7
16,,1990,,,2021,(1),원효로2가,"12,000",용산구,4,0,6,21.45,,,1,11170,6
17,,2014,,21.05~23.05,2021,아인하우스,원효로3가,"13,600",용산구,4,0,9,21.27,,,277-36,11170,5
18,,2014,,,2021,아인하우스,원효로3가,"15,000",용산구,4,0,11,23.04,,,277-36,11170,7
19,,2015,,,2021,용산KCC웰츠타워,문배동,"24,800",용산구,4,0,1,25.05,,,11-10,11170,6
20,,2005,,,2021,이안 용산1차(11-14),문배동,"38,580",용산구,4,0,3,63.2,,,11-14,11170,7
21,,2007,,,2021,이안용산프리미어,문배동,"43,050",용산구,4,0,3,66.24,,,3-3,11170,7
22,,2017,,,2021,용산 리브,문배동,"31,500",용산구,4,0,5,42.25,,,10-3,11170,9
23,,2015,,,2021,용산KCC웰츠타워,문배동,"25,000",용산구,4,0,9,29.69,,,11-10,11170,7
24,,2007,,,2021,용산아크로타워,문배동,"2,000",용산구,4,100,10,38.37,,,24-21,11170,3
25,,2015,,,2021,용산KCC웰츠타워,문배동,"33,075",용산구,4,0,14,42.38,,,11-10,11170,8
26,,2013,,,2021,용산큐브,문배동,"2,000",용산구,4,60,15,17.46,,,24-4,11170,10
27,,2012,,,2021,프라임펠리스,문배동,"15,800",용산구,4,0,15,18.55,,,24-8,11170,6
28,,2015,,,2021,용산KCC웰츠타워,문배동,"28,350",용산구,4,0,16,38.95,,,11-10,11170,4
29,,2004,,,2021,삼라마이다스빌,문배동,"24,150",용산구,4,0,16,38.63,,,40-19,11170,6
30,,2007,,,2021,용산씨제이나인파크,문배동,"40,000",용산구,4,0,17,42.5,,,24-6,11170,4
31,,2007,,21.07~22.07,2021,용산씨제이나인파크,문배동,"53,000",용산구,4,0,17,70.92,,,24-6,11170,5
32,,2007,,,2021,이안용산프리미어,문배동,"12,000",용산구,4,45,17,39.3,,,3-3,11170,4
33,,2007,,,2021,이안용산프리미어,문배동,"40,950",용산구,4,0,19,72.46,,,3-3,11170,6
34,,2015,,,2021,용산KCC웰츠타워,문배동,"23,000",용산구,4,0,19,29.33,,,11-10,11170,5
35,,2012,,,2021,프라임펠리스,문배동,"1,000",용산구,4,80,23,27.83,,,24-8,11170,9
36,,2017,,21.06~23.06,2021,용산 리브,문배동,"35,000",용산구,4,0,24,45.92,,,10-3,11170,4
37,,2013,,,2021,용산큐브,문배동,"18,375",용산구,4,0,24,17.46,,,24-4,11170,9
38,,2015,,21.06~23.06,2021,용산KCC웰츠타워,문배동,"27,300",용산구,4,0,26,38.95,,,11-10,11170,3
39,,2007,,,2021,용산씨제이나인파크,문배동,"45,000",용산구,4,0,27,44.43,,,24-6,11170,11
40,,2013,,,2021,용산큐브,문배동,"18,000",용산구,4,0,28,17.46,,,24-4,11170,9
41,,2015,,,2021,용산KCC웰츠타워,문배동,"25,200",용산구,4,0,29,37.48,,,11-10,11170,4
42,,2007,,,2021,용산아크로타워,문배동,"5,000",용산구,4,70,30,35.6,,,24-21,11170,9
43,,2005,,,2021,이안 용산1차(11-29),문배동,"22,000",용산구,4,0,30,30.04,,,11-29,11170,5
44,,2017,,,2021,용산푸르지오써밋,한강로2가,"47,250",용산구,4,0,2,48.72,,,420,11170,18
45,,2005,,,2021,한강로벽산메가트리움,한강로2가,"4,000",용산구,4,60,2,30.06,,,2-8,11170,26
46,,2005,,,2021,한강로벽산메가트리움,한강로2가,"1,000",용산구,4,75,3,30.35,,,2-8,11170,18
47,,2017,,,2021,용산푸르지오써밋,한강로2가,"50,000",용산구,4,0,3,44.7,,,420,11170,35
48,,2017,,,2021,용산푸르지오써밋,한강로2가,"37,000",용산구,4,0,3,27.75,,,420,11170,28
49,,,,,2021,래미안 용산 더 센트럴,한강로2가,"5,000",용산구,4,284,6,74.13,,,422,11170,19
50,,2005,,,2021,한강로벽산메가트리움,한강로2가,"27,000",용산구,4,0,7,32.15,,,2-8,11170,5
51,,,,,2021,래미안 용산 더 센트럴,한강로2가,300,용산구,4,40,7,51.84,,,422,11170,9
52,,2012,,,2021,위너스타워,한강로2가,"12,000",용산구,4,0,9,40.05,,,2-132,11170,10
53,,2017,,,2021,용산푸르지오써밋,한강로2가,"38,850",용산구,4,0,10,35.47,,,420,11170,18
54,,2017,,,2021,용산푸르지오써밋,한강로2가,"31,500",용산구,4,0,10,24.6,,,420,11170,30
55,,2005,,,2021,한강현대하이엘,한강로2가,"21,000",용산구,4,0,10,42.32,,,2-36,11170,8
56,,2005,,,2021,한강로벽산메가트리움,한강로2가,"24,000",용산구,4,0,10,30.29,,,2-8,11170,16
57,,2004,,,2021,대우디오빌한강로오피스텔,한강로2가,"1,000",용산구,4,75,15,33.95,,,312-4,11170,12
58,,,,,2021,래미안 용산 더 센트럴,한강로2가,"2,000",용산구,4,160,19,47.65,,,422,11170,12
59,,2017,,,2021,용산푸르지오써밋,한강로2가,"42,997",용산구,4,0,24,40.81,,,420,11170,17
60,,2004,,,2021,대우디오빌한강로오피스텔,한강로2가,"3,000",용산구,4,60,24,32.19,,,312-4,11170,11
61,,2004,,,2021,한강로 대우아이빌,한강로2가,"22,000",용산구,4,0,26,39.76,,,2-11,11170,9
62,,2017,,,2021,용산푸르지오써밋,한강로2가,"50,000",용산구,4,0,27,42.64,,,420,11170,30
63,,2017,,,2021,용산푸르지오써밋,한강로2가,"26,500",용산구,4,0,28,26.7,,,420,11170,25
64,,2017,,,2021,용산푸르지오써밋,한강로2가,"25,300",용산구,4,0,28,26.7,,,420,11170,25
65,,2017,,,2021,용산푸르지오써밋,한강로2가,"25,300",용산구,4,0,28,26.7,,,420,11170,25
66,,2005,,,2021,한강로벽산메가트리움,한강로2가,"26,000",용산구,4,0,29,33.02,,,2-8,11170,6
67,,2004,,,2021,한강대우트럼프월드3,한강로3가,"20,000",용산구,4,70,7,38.14,,,65-230,11170,8
68,,2007,,,2021,용산 시티파크(63-387),한강로3가,"79,000",용산구,4,0,9,90.77,,,63-387,11170,2
69,,2004,,,2021,한강대우트럼프월드3,한강로3가,"30,000",용산구,4,0,22,30.91,,,65-230,11170,7
0,,1990,,,2021,(339-4),후암동,"6,000",용산구,5,50,28,34.38,,,339-4,11170,6
1,,2004,,,2021,갈월동 에이트리움,갈월동,"19,950",용산구,5,0,8,31.47,,,101-49,11170,14
2,,2004,,21.06~22.06,2021,갈월동 에이트리움,갈월동,"1,000",용산구,5,75,12,33.77,,,101-49,11170,8
3,,2004,,21.06~23.06,2021,갈월동 에이트리움,갈월동,"21,000",용산구,5,0,14,31.51,,,101-49,11170,14
4,,2004,,21.06~22.06,2021,갈월동 에이트리움,갈월동,"3,000",용산구,5,60,21,31.1,,,101-49,11170,14
5,,2004,,21.06~22.05,2021,그린빌파크,갈월동,"1,000",용산구,5,50,27,23.01,,,53-19,11170,5
6,,2015,,,2021,트윈시티 남산,동자동,"1,000",용산구,5,115,6,29.61,,,56,11170,20
7,,2015,,,2021,트윈시티 남산,동자동,"1,000",용산구,5,85,14,21.71,,,56,11170,9
8,,2015,,21.06~22.05,2021,트윈시티 남산,동자동,"1,000",용산구,5,115,20,29.61,,,56,11170,18
9,,2015,,21.05~22.05,2021,트윈시티 남산,동자동,"1,000",용산구,5,100,21,27.42,,,56,11170,12
10,,2015,,,2021,트윈시티 남산,동자동,"1,000",용산구,5,115,24,29.95,,,56,11170,21
11,,2015,,,2021,트윈시티 남산,동자동,500,용산구,5,100,28,27.42,,,56,11170,20
12,,2018,,,2021,용산파크뷰,원효로1가,"28,300",용산구,5,0,1,38.52,,,46-3,11170,6
13,,2017,,,2021,용산1차휴먼타운,원효로1가,"28,000",용산구,5,0,1,33.61,,,120-20,11170,11
14,,2019,,,2021,하람 휴,원효로1가,"27,300",용산구,5,0,5,29.56,,,28-10,11170,8
15,,2021,,,2021,시온캐슬용산,원효로1가,"23,000",용산구,5,0,13,24.4,,,28-7,11170,4
16,,2021,,,2021,시온캐슬용산,원효로1가,"21,000",용산구,5,0,14,21.1,,,28-7,11170,5
17,,2018,,,2021,용산파크뷰,원효로1가,"27,825",용산구,5,0,15,36.2,,,46-3,11170,2
18,,2004,,21.07~22.07,2021,디아뜨 센트럴,원효로1가,"16,000",용산구,5,0,22,25.5,,,112-4,11170,4
19,,2004,,21.08~22.08,2021,디아뜨 센트럴,원효로1가,"17,000",용산구,5,22,25,37.17,,,112-4,11170,6
20,,2021,,,2021,시온캐슬용산,원효로1가,"24,500",용산구,5,0,26,25.69,,,28-7,11170,5
21,,2018,,,2021,용산파크뷰,원효로1가,"20,000",용산구,5,0,27,19.46,,,46-3,11170,2
22,,2021,,,2021,시온캐슬용산,원효로1가,"1,000",용산구,5,90,28,25.69,,,28-7,11170,4
23,,2014,,,2021,아인하우스,원효로3가,"15,200",용산구,5,0,13,24.48,,,277-36,11170,7
24,,2013,,,2021,용산큐브,문배동,"17,500",용산구,5,0,1,17.46,,,24-4,11170,12
25,,2004,,,2021,삼라마이다스빌,문배동,"10,000",용산구,5,0,1,28.23,,,40-19,11170,4
26,,2004,,,2021,삼라마이다스빌,문배동,"18,000",용산구,5,0,1,28.23,,,40-19,11170,6
27,,2015,,,2021,용산KCC웰츠타워,문배동,"1,000",용산구,5,120,6,38.1,,,11-10,11170,7
28,,2013,,,2021,용산큐브,문배동,"18,300",용산구,5,0,8,17.46,,,24-4,11170,9
29,,2015,,,2021,용산KCC웰츠타워,문배동,"26,000",용산구,5,0,11,29.97,,,11-10,11170,3
30,,2007,,,2021,용산씨제이나인파크,문배동,"32,000",용산구,5,0,14,42.5,,,24-6,11170,9
31,,2007,,,2021,용산씨제이나인파크,문배동,"62,500",용산구,5,0,14,68.41,,,24-6,11170,3
32,,2007,,,2021,용산씨제이나인파크,문배동,"62,500",용산구,5,0,14,68.41,,,24-6,11170,3
33,,2013,,,2021,용산큐브,문배동,"19,000",용산구,5,0,15,17.46,,,24-4,11170,3
34,,2017,,21.05~23.05,2021,용산 리브,문배동,"31,500",용산구,5,0,19,42.25,,,10-3,11170,12
35,,2013,,,2021,용산큐브,문배동,500,용산구,5,70,20,17.46,,,24-4,11170,11
36,,2012,,,2021,프라임펠리스,문배동,"1,000",용산구,5,55,21,18.55,,,24-8,11170,5
37,,2005,,21.07~23.07,2021,이안 용산1차(11-14),문배동,"45,000",용산구,5,0,22,63.2,,,11-14,11170,12
38,,2015,,,2021,용산KCC웰츠타워,문배동,"23,000",용산구,5,0,22,29.97,,,11-10,11170,8
39,,2013,,21.06~22.06,2021,용산큐브,문배동,"1,000",용산구,5,65,22,17.46,,,24-4,11170,10
40,,2017,,21.06~23.06,2021,용산 리브,문배동,"32,000",용산구,5,0,22,42.25,,,10-3,11170,12
41,,2015,,21.06~22.06,2021,용산KCC웰츠타워,문배동,"26,250",용산구,5,0,22,32.51,,,11-10,11170,5
42,,2005,,21.10~23.10,2021,이안 용산1차(11-14),문배동,"27,500",용산구,5,30,22,73.56,,,11-14,11170,3
43,,2007,,21.06~23.06,2021,이안용산프리미어,문배동,"40,500",용산구,5,0,24,72.99,,,3-3,11170,4
44,,2015,,,2021,용산KCC웰츠타워,문배동,"25,000",용산구,5,0,27,29.69,,,11-10,11170,3
45,,2015,,21.06~23.06,2021,용산KCC웰츠타워,문배동,"20,000",용산구,5,0,29,23.44,,,11-10,11170,6
46,,2015,,21.06~23.06,2021,용산KCC웰츠타워,문배동,"18,900",용산구,5,0,31,23.44,,,11-10,11170,7
47,,2017,,,2021,용산푸르지오써밋,한강로2가,"35,247",용산구,5,0,3,44.7,,,420,11170,32
48,,2004,,,2021,대우디오빌한강로오피스텔,한강로2가,"1,000",용산구,5,75,4,22.05,,,312-4,11170,4
49,,2017,,,2021,용산푸르지오써밋,한강로2가,"32,414",용산구,5,0,8,42.64,,,420,11170,37
50,,,,21.06~23.06,2021,래미안 용산 더 센트럴,한강로2가,"55,000",용산구,5,0,12,47.65,,,422,11170,6
51,,2012,,21.06~23.06,2021,위너스타워,한강로2가,"13,650",용산구,5,0,19,30.26,,,2-132,11170,2
52,,2017,,21.06~22.12,2021,용산푸르지오써밋,한강로2가,"28,941",용산구,5,0,20,29.85,,,420,11170,22
53,,2004,,,2021,대우디오빌한강로오피스텔,한강로2가,"21,000",용산구,5,0,20,22.05,,,312-4,11170,14
54,,2017,,,2021,용산푸르지오써밋,한강로2가,"45,000",용산구,5,0,21,29.85,,,420,11170,18
55,,2005,,21.06~22.06,2021,한강로벽산메가트리움,한강로2가,"1,000",용산구,5,80,21,32.15,,,2-8,11170,3
56,,2004,,21.06~22.06,2021,대우디오빌한강로오피스텔,한강로2가,"22,000",용산구,5,0,25,36.69,,,312-4,11170,9
57,,2017,,21.06~22.06,2021,용산푸르지오써밋,한강로2가,"42,000",용산구,5,0,28,44.89,,,420,11170,21
58,,2004,,21.07~23.06,2021,대우디오빌한강로오피스텔,한강로2가,"1,000",용산구,5,75,29,33.95,,,312-4,11170,8
59,,2005,,,2021,한강로벽산메가트리움,한강로2가,"23,100",용산구,5,0,30,29.54,,,2-8,11170,28
60,,,,21.08~23.05,2021,래미안 용산 더 센트럴,한강로2가,"2,000",용산구,5,179,31,53,,,422,11170,14
61,,2017,,21.06~23.06,2021,용산푸르지오써밋,한강로2가,"43,000",용산구,5,0,31,44.21,,,420,11170,19
62,,2004,,,2021,한강대우트럼프월드3,한강로3가,"22,500",용산구,5,0,1,30.91,,,65-230,11170,5
63,,2007,,21.06~22.06,2021,용산 시티파크(63-387),한강로3가,"2,000",용산구,5,130,31,36.01,,,63-387,11170,2
0,,2004,,21.08~23.08,2021,갈월동 에이트리움,갈월동,"20,000",용산구,6,0,14,30.97,,,101-49,11170,11
1,,2004,신규,21.06~22.06,2021,그린빌파크,갈월동,"1,000",용산구,6,55,26,23.01,,,53-19,11170,3
2,사용,2004,갱신,21.07~23.07,2021,갈월동 에이트리움,갈월동,"20,948",용산구,6,0,28,30.97,"19,950",,101-49,11170,20
3,,2015,,21.06~22.07,2021,트윈시티 남산,동자동,"1,000",용산구,6,105,4,27.42,,,56,11170,28
4,,2015,신규,21.06~22.06,2021,트윈시티 남산,동자동,"1,000",용산구,6,95,4,25.48,,,56,11170,8
5,,2013,,21.08~23.08,2021,센트레빌아스테리움서울,동자동,"33,600",용산구,6,0,12,47.39,,,45,11170,16
6,,2015,신규,21.07~22.03,2021,트윈시티 남산,동자동,"1,000",용산구,6,100,23,28.33,,,56,11170,15
7,,2013,신규,21.07~23.07,2021,센트레빌아스테리움서울,동자동,"3,000",용산구,6,230,24,78.13,,,45,11170,11
8,,2015,갱신,21.06~21.08,2021,트윈시티 남산,동자동,500,용산구,6,100,25,27.42,500,100,56,11170,20
9,,2004,신규,21.07~23.07,2021,서울역풍림아이원플러스,서계동,"21,000",용산구,6,0,25,28.11,,,219-17,11170,6
10,,2021,신규,21.06~22.05,2021,시온캐슬용산,원효로1가,"1,000",용산구,6,80,1,21.1,,,28-7,11170,4
11,,2021,신규,21.07~23.07,2021,시온캐슬용산,원효로1가,"25,000",용산구,6,0,1,27.38,,,28-7,11170,7
12,사용,2018,갱신,21.06~23.06,2021,용산2차휴먼타운,원효로1가,"27,000",용산구,6,0,4,29.37,"25,800",,120-22,11170,16
13,,2021,신규,21.06~23.06,2021,시온캐슬용산,원효로1가,"26,000",용산구,6,0,7,27.38,,,28-7,11170,8
14,,2021,신규,21.07~23.07,2021,시온캐슬용산,원효로1가,"22,000",용산구,6,0,11,21.1,,,28-7,11170,7
15,,2021,,,2021,시온캐슬용산,원효로1가,"23,000",용산구,6,0,12,22.47,,,28-7,11170,8
16,,2021,신규,21.07~23.07,2021,시온캐슬용산,원효로1가,"2,000",용산구,6,80,12,21.44,,,28-7,11170,6
17,,2021,신규,21.07~23.07,2021,시온캐슬용산,원효로1가,"25,800",용산구,6,0,12,25.69,,,28-7,11170,7
18,,2017,신규,21.06~22.06,2021,용산1차휴먼타운,원효로1가,"25,300",용산구,6,0,14,33.61,,,120-20,11170,9
19,,2004,신규,21.07~23.07,2021,디아뜨 센트럴,원효로1가,"15,000",용산구,6,0,15,25.19,,,112-4,11170,3
20,,2021,신규,21.06~23.06,2021,시온캐슬용산,원효로1가,"24,500",용산구,6,0,15,27.38,,,28-7,11170,4
21,,2021,신규,21.07~23.07,2021,시온캐슬용산,원효로1가,"23,000",용산구,6,0,16,21.44,,,28-7,11170,8
22,,2021,신규,21.07~23.07,2021,시온캐슬용산,원효로1가,"23,500",용산구,6,0,16,21.44,,,28-7,11170,4
23,,2021,신규,21.07~23.07,2021,시온캐슬용산,원효로1가,"31,000",용산구,6,0,18,34.11,,,28-7,11170,7
24,,2021,신규,21.07~23.07,2021,시온캐슬용산,원효로1가,"21,000",용산구,6,0,18,21.44,,,28-7,11170,5
25,,2021,,,2021,시온캐슬용산,원효로1가,"25,000",용산구,6,0,19,25.69,,,28-7,11170,8
26,,2021,신규,21.07~23.07,2021,시온캐슬용산,원효로1가,"25,000",용산구,6,0,19,27.38,,,28-7,11170,6
27,사용,2019,갱신,21.07~23.07,2021,하람 휴,원효로1가,"29,400",용산구,6,0,19,29.56,"28,000",,28-10,11170,13
28,,2021,신규,21.07~23.07,2021,시온캐슬용산,원효로1가,"33,000",용산구,6,0,19,34.11,,,28-7,11170,8
29,,2017,신규,21.07~23.07,2021,용산1차휴먼타운,원효로1가,"28,000",용산구,6,0,21,33.61,,,120-20,11170,5
30,,2018,신규,21.06~23.06,2021,용산2차휴먼타운,원효로1가,"27,500",용산구,6,0,22,29.37,,,120-22,11170,6
31,,2021,신규,21.07~23.07,2021,시온캐슬용산,원효로1가,"24,500",용산구,6,0,23,24.4,,,28-7,11170,8
32,,2021,,,2021,시온캐슬용산,원효로1가,"23,000",용산구,6,0,24,24.4,,,28-7,11170,7
33,,2004,신규,21.07~23.07,2021,디아뜨 센트럴,원효로1가,"14,500",용산구,6,0,26,25.19,,,112-4,11170,4
34,,2021,신규,21.07~23.07,2021,시온캐슬용산,원효로1가,"21,000",용산구,6,0,26,22.47,,,28-7,11170,5
35,,2021,신규,21.07~23.07,2021,시온캐슬용산,원효로1가,"23,000",용산구,6,0,28,21.1,,,28-7,11170,8
36,,2019,신규,21.07~22.07,2021,하람 휴,원효로1가,"28,500",용산구,6,0,28,29.56,,,28-10,11170,12
37,,2018,신규,21.08~23.08,2021,용산2차휴먼타운,원효로1가,"25,200",용산구,6,0,30,29.37,,,120-22,11170,10
38,,2021,신규,21.08~23.08,2021,금강프라임 타워,원효로3가,"33,000",용산구,6,0,4,40.81,,,43-1,11170,10
39,,2020,,21.07~23.07,2021,용산파크뷰II,원효로3가,"29,000",용산구,6,0,9,25.99,,,130-1,11170,12
40,,2021,신규,21.07~23.07,2021,금강프라임 타워,원효로3가,"30,000",용산구,6,0,14,39.71,,,43-1,11170,2
41,,2014,신규,21.08~23.08,2021,아인하우스,원효로3가,"16,200",용산구,6,0,28,26.88,,,277-36,11170,5
42,,2012,,21.06~22.06,2021,프라임펠리스,문배동,"23,500",용산구,6,0,2,27.83,,,24-8,11170,12
43,,2005,신규,21.06~23.06,2021,이안 용산1차(11-29),문배동,"22,000",용산구,6,0,5,30.04,,,11-29,11170,3
44,,2005,,21.08~23.08,2021,이안 용산1차(11-29),문배동,"25,000",용산구,6,0,7,39.2,,,11-29,11170,10
45,,2018,신규,21.06~23.06,2021,G&P 용산파크,문배동,"28,350",용산구,6,0,8,39.73,,,11-34,11170,3
46,,2012,신규,21.06~23.06,2021,프라임펠리스,문배동,"16,000",용산구,6,0,9,18.77,,,24-8,11170,8
47,,2010,신규,21.06~23.06,2021,리첸시아 용산B,문배동,"46,000",용산구,6,0,9,47.51,,,40-31,11170,3
48,,2017,,21.07~23.07,2021,용산 리브,문배동,"29,000",용산구,6,0,10,36.06,,,10-3,11170,13
49,사용,2017,갱신,21.06~23.06,2021,용산 리브,문배동,"28,000",용산구,6,0,10,36.06,"26,700",,10-3,11170,11
50,,2004,,21.12~27.11,2021,삼라마이다스빌,문배동,"18,100",용산구,6,0,12,28.23,,,40-19,11170,2
51,,2004,,21.06~22.06,2021,삼라마이다스빌,문배동,"17,600",용산구,6,0,14,25.11,,,40-19,11170,7
52,,2015,신규,21.07~23.07,2021,용산KCC웰츠타워,문배동,"22,000",용산구,6,0,16,24.06,,,11-10,11170,3
53,,2007,신규,21.08~23.08,2021,용산아크로타워,문배동,"1,000",용산구,6,130,17,46.29,,,24-21,11170,6
54,,2007,신규,21.07~22.06,2021,용산아크로타워,문배동,"1,000",용산구,6,80,17,28.72,,,24-21,11170,5
55,,2010,신규,21.07~23.07,2021,리첸시아 용산B,문배동,"50,000",용산구,6,0,18,56.1,,,40-31,11170,3
56,,2005,신규,21.08~23.08,2021,이안 용산1차(11-29),문배동,"26,000",용산구,6,0,19,39.2,,,11-29,11170,12
57,사용,2007,갱신,21.07~22.07,2021,용산씨제이나인파크,문배동,"41,890",용산구,6,0,19,71.39,"39,900",,24-6,11170,9
58,,2015,신규,21.08~22.08,2021,용산KCC웰츠타워,문배동,"30,000",용산구,6,35,21,42.38,,,11-10,11170,7
59,,2015,신규,21.07~22.07,2021,용산KCC웰츠타워,문배동,"1,000",용산구,6,97,21,37.07,,,11-10,11170,3
60,,2015,신규,21.07~22.07,2021,용산KCC웰츠타워,문배동,"34,000",용산구,6,0,22,38.1,,,11-10,11170,8
61,,2013,신규,21.06~22.06,2021,용산큐브,문배동,"4,000",용산구,6,50,23,17.46,,,24-4,11170,10
62,,2015,신규,21.07~23.07,2021,용산KCC웰츠타워,문배동,"22,500",용산구,6,0,23,24.06,,,11-10,11170,4
63,,2010,신규,21.07~22.01,2021,리첸시아 용산B,문배동,"35,700",용산구,6,0,24,54.41,,,40-31,11170,3
64,,2017,신규,21.07~23.07,2021,용산 리브,문배동,"30,450",용산구,6,0,24,42.25,,,10-3,11170,9
65,,2015,,,2021,용산KCC웰츠타워,문배동,"26,000",용산구,6,0,25,29.97,,,11-10,11170,3
66,사용,2012,갱신,21.07~23.06,2021,프라임펠리스,문배동,"14,700",용산구,6,0,25,18.77,"14,000",,24-8,11170,8
67,,2004,신규,21.08~23.08,2021,지오베르크,문배동,"27,000",용산구,6,0,26,41.69,,,17-1,11170,3
68,,2007,신규,21.07~23.07,2021,용산아크로타워,문배동,"27,300",용산구,6,0,28,35.6,,,24-21,11170,7
69,,2013,신규,21.07~22.06,2021,용산큐브,문배동,"1,000",용산구,6,65,28,17.46,,,24-4,11170,9
70,,2015,신규,21.07~22.06,2021,용산KCC웰츠타워,문배동,"4,000",용산구,6,80,28,29.32,,,11-10,11170,4
71,,2015,신규,21.07~23.07,2021,용산KCC웰츠타워,문배동,"20,000",용산구,6,25,28,29.97,,,11-10,11170,5
72,,2015,신규,21.07~22.07,2021,용산KCC웰츠타워,문배동,"1,000",용산구,6,96,29,38.95,,,11-10,11170,7
73,,2005,신규,21.06~23.06,2021,용산파크자이,한강로1가,"28,000",용산구,6,0,1,33.46,,,50-1,11170,3
74,,2005,신규,21.08~23.08,2021,용산파크자이,한강로1가,"28,500",용산구,6,0,5,31.83,,,50-1,11170,35
75,,2005,,21.07~23.07,2021,용산파크자이,한강로1가,"20,000",용산구,6,50,17,37.26,,,50-1,11170,19
76,사용,2005,갱신,21.07~23.07,2021,용산파크자이,한강로1가,"27,300",용산구,6,0,26,36.13,"26,000",,50-1,11170,7
77,,2017,,21.08~22.08,2021,용산푸르지오써밋,한강로2가,"26,600",용산구,6,0,2,27.75,,,420,11170,21
78,,2017,,21.07~22.07,2021,용산푸르지오써밋,한강로2가,"53,000",용산구,6,0,5,46,,,420,11170,35
79,,2017,,21.07~23.06,2021,용산푸르지오써밋,한강로2가,"24,000",용산구,6,0,5,26.7,,,420,11170,34
80,,,신규,21.07~22.07,2021,래미안 용산 더 센트럴,한강로2가,"27,000",용산구,6,60,8,50.74,,,422,11170,8
81,,2004,신규,21.07~23.07,2021,한강로 대우아이빌,한강로2가,"1,000",용산구,6,70,8,34.83,,,2-11,11170,3
82,,2004,신규,21.07~23.07,2021,한강로 대우아이빌,한강로2가,"1,000",용산구,6,70,8,34.83,,,2-11,11170,3
83,,2017,,22.02~23.02,2021,용산푸르지오써밋,한강로2가,"31,000",용산구,6,35,9,44.7,,,420,11170,35
84,,2017,,21.07~22.02,2021,용산푸르지오써밋,한강로2가,"31,000",용산구,6,30,9,44.7,,,420,11170,35
85,,,,21.07~23.07,2021,래미안 용산 더 센트럴,한강로2가,"60,000",용산구,6,0,9,47.65,,,422,11170,14
86,,2004,,21.06~21.10,2021,한강로 대우아이빌,한강로2가,"22,000",용산구,6,0,10,39.76,,,2-11,11170,4
87,,2017,,21.07~22.07,2021,용산푸르지오써밋,한강로2가,"43,000",용산구,6,0,10,46,,,420,11170,27
88,,2004,신규,21.07~23.07,2021,대우디오빌한강로오피스텔,한강로2가,"24,500",용산구,6,0,11,30.64,,,312-4,11170,8
89,,2004,,,2021,대우디오빌한강로오피스텔,한강로2가,"21,000",용산구,6,0,12,32.19,,,312-4,11170,17
90,,2017,갱신,21.08~23.01,2021,용산푸르지오써밋,한강로2가,"33,000",용산구,6,0,12,26.7,"25,000",,420,11170,32
91,,2004,,21.07~23.07,2021,한강로 대우아이빌,한강로2가,"25,000",용산구,6,0,15,37.85,,,2-11,11170,2
92,,2017,신규,21.06~22.06,2021,용산푸르지오써밋,한강로2가,"1,000",용산구,6,119,15,27.64,,,420,11170,25
93,,,,21.06~22.06,2021,래미안 용산 더 센트럴,한강로2가,"36,383",용산구,6,0,17,42.5,,,422,11170,13
94,,2017,,,2021,용산푸르지오써밋,한강로2가,"37,679",용산구,6,0,17,44.7,,,420,11170,28
95,,,신규,21.09~22.09,2021,래미안 용산 더 센트럴,한강로2가,"50,700",용산구,6,0,18,50.74,,,422,11170,7
96,,2005,신규,21.06~22.06,2021,한강현대하이엘,한강로2가,"1,000",용산구,6,85,19,41.82,,,2-36,11170,9
97,,2017,,21.07~22.07,2021,용산푸르지오써밋,한강로2가,"2,000",용산구,6,140,21,42.64,,,420,11170,34
98,,2004,신규,21.07~22.07,2021,한강로 대우아이빌,한강로2가,"2,000",용산구,6,65,21,33.54,,,2-11,11170,5
99,,2017,신규,21.06~21.11,2021,용산푸르지오써밋,한강로2가,"2,000",용산구,6,100,21,29.85,,,420,11170,29
100,,2005,,21.07~22.07,2021,한강현대하이엘,한강로2가,"1,000",용산구,6,70,22,30.03,,,2-36,11170,6
101,,2004,신규,21.06~22.06,2021,한강로 대우아이빌,한강로2가,"1,000",용산구,6,70,23,33.54,,,2-11,11170,5
102,사용,2017,갱신,21.09~22.09,2021,용산푸르지오써밋,한강로2가,"35,885",용산구,6,0,23,46.29,"34,177",,420,11170,39
103,,2004,신규,21.07~23.06,2021,한강로 대우아이빌,한강로2가,"2,000",용산구,6,77,25,39.76,,,2-11,11170,3
104,,2017,,21.09~22.09,2021,용산푸르지오써밋,한강로2가,"34,729",용산구,6,0,26,46.29,,,420,11170,30
105,사용,2005,갱신,21.08~23.08,2021,한강현대하이엘,한강로2가,"23,000",용산구,6,0,26,40.28,"22,000",,2-36,11170,8
106,,,,21.08~23.08,2021,래미안 용산 더 센트럴,한강로2가,"57,000",용산구,6,0,27,51.84,,,422,11170,17
107,,2004,신규,21.07~22.07,2021,한강로 대우아이빌,한강로2가,"2,000",용산구,6,75,28,37.85,,,2-11,11170,2
108,,2004,,21.06~22.06,2021,대우디오빌한강로오피스텔,한강로2가,"14,000",용산구,6,20,29,23.85,,,312-4,11170,5
109,,2017,신규,21.07~22.06,2021,용산푸르지오써밋,한강로2가,"2,000",용산구,6,110,30,27.64,,,420,11170,21
110,,2009,,21.07~23.07,2021,파크타워,용산동5가,"47,250",용산구,6,0,28,84.3,,,24,11170,16
111,,2009,갱신,21.08~22.08,2021,파크타워,용산동5가,"80,000",용산구,6,0,29,84.3,"50,000",,24,11170,6
112,,2006,신규,21.06~22.06,2021,지에스 한강에클라스,한강로3가,"1,000",용산구,6,90,2,46.78,,,16-85,11170,3
113,,2004,신규,21.06~22.06,2021,한강대우트럼프월드3,한강로3가,"16,000",용산구,6,20,5,25.52,,,65-230,11170,14
114,,2004,,,2021,한강대우트럼프월드3,한강로3가,"24,000",용산구,6,0,5,30.91,,,65-230,11170,9
115,,2004,신규,21.07~23.07,2021,한강대우트럼프월드3,한강로3가,"28,000",용산구,6,0,12,30.91,,,65-230,11170,30
116,,2007,신규,21.07~23.07,2021,용산 시티파크(63-387),한강로3가,"3,000",용산구,6,220,14,61.71,,,63-387,11170,4
117,,2004,,21.08~23.08,2021,한강대우트럼프월드3,한강로3가,"30,000",용산구,6,0,29,38.14,,,65-230,11170,17
118,,2004,신규,21.08~23.08,2021,한남동 하이페리온Ⅱ,한남동,"50,000",용산구,6,320,23,139.38,,,550,11170,2
0,,2004,신규,21.07~22.07,2021,갈월동 에이트리움,갈월동,"23,000",용산구,7,0,5,40.98,,,101-49,11170,21
1,사용,2015,갱신,21.09~22.09,2021,트윈시티 남산,동자동,"1,000",용산구,7,100,7,25.37,"1,000",95,56,11170,17
2,,2004,신규,21.07~22.07,2021,서울역풍림아이원플러스,서계동,"1,000",용산구,7,75,26,28.11,,,219-17,11170,4
3,,2020,신규,21.08~23.08,2021,용산 다올 노블리움,청파동3가,"18,900",용산구,7,0,15,17.99,,,80-6,11170,10
4,,2017,,,2021,용산1차휴먼타운,원효로1가,"29,400",용산구,7,0,2,33.61,,,120-20,11170,10
5,,2021,신규,21.07~23.07,2021,시온캐슬용산,원효로1가,"23,000",용산구,7,0,5,21.44,,,28-7,11170,7
6,사용,2019,갱신,21.07~22.07,2021,하람 휴,원효로1가,"23,100",용산구,7,0,7,29.56,"22,000",,28-10,11170,14
7,,2019,신규,21.09~23.09,2021,하람 휴,원효로1가,"26,000",용산구,7,0,9,24.29,,,28-10,11170,14
8,,2021,신규,21.07~23.07,2021,시온캐슬용산,원효로1가,"24,000",용산구,7,0,10,27.38,,,28-7,11170,5
9,,2018,,21.08~22.08,2021,용산파크뷰,원효로1가,"2,000",용산구,7,100,10,42.95,,,46-3,11170,7
10,,2021,신규,21.07~23.07,2021,시온캐슬용산,원효로1가,"33,000",용산구,7,0,13,34.11,,,28-7,11170,6
11,,2021,신규,21.08~23.08,2021,시온캐슬용산,원효로1가,"31,000",용산구,7,0,17,34.11,,,28-7,11170,5
12,사용,2004,갱신,21.08~23.08,2021,디아뜨 센트럴,원효로1가,"14,200",용산구,7,0,17,25.5,"13,600",,112-4,11170,2
13,,2017,갱신,21.08~23.08,2021,용산1차휴먼타운,원효로1가,"27,400",용산구,7,0,17,29.97,"26,200",,120-20,11170,13
14,,2004,신규,21.07~22.07,2021,디아뜨 센트럴,원효로1가,"1,000",용산구,7,50,20,25.5,,,112-4,11170,13
15,,2018,신규,21.09~23.09,2021,용산2차휴먼타운,원효로1가,"28,000",용산구,7,0,27,29.94,,,120-22,11170,7
16,,2017,,,2021,용산1차휴먼타운,원효로1가,"31,972",용산구,7,0,29,33.61,,,120-20,11170,9
17,,2004,신규,21.09~23.09,2021,디아뜨 센트럴,원효로1가,"16,000",용산구,7,0,31,25.5,,,112-4,11170,7
18,,2004,신규,21.09~23.09,2021,디아뜨 센트럴,원효로1가,"16,000",용산구,7,0,31,25.5,,,112-4,11170,8
19,,2014,,,2021,아인하우스,원효로3가,"14,500",용산구,7,0,9,23.04,,,277-36,11170,3
20,,2014,신규,21.08~23.08,2021,아인하우스,원효로3가,"16,200",용산구,7,0,13,26.88,,,277-36,11170,8
21,,2021,신규,21.07~23.07,2021,용산 클라우드 나인 오피스텔,원효로3가,"3,000",용산구,7,120,26,29.8,,,277-13,11170,18
22,,2017,신규,21.07~22.06,2021,용산 리브,문배동,"31,000",용산구,7,0,1,36.06,,,10-3,11170,8
23,,2015,신규,21.08~23.08,2021,용산KCC웰츠타워,문배동,"28,300",용산구,7,0,2,32.84,,,11-10,11170,7
24,,2007,신규,21.07~22.07,2021,용산아크로타워,문배동,"1,000",용산구,7,85,2,28.72,,,24-21,11170,2
25,,2005,신규,21.08~23.08,2021,이안 용산1차(11-14),문배동,"40,000",용산구,7,0,2,61.06,,,11-14,11170,15
26,,2004,신규,21.08~23.08,2021,지오베르크,문배동,"21,500",용산구,7,0,3,31.35,,,17-1,11170,3
27,,2013,신규,21.08~22.07,2021,용산큐브,문배동,"1,000",용산구,7,65,3,17.46,,,24-4,11170,11
28,,2004,신규,21.07~23.07,2021,삼라마이다스빌,문배동,"18,900",용산구,7,0,6,28.23,,,40-19,11170,5
29,,2015,신규,21.07~23.07,2021,용산KCC웰츠타워,문배동,"22,000",용산구,7,0,6,24.06,,,11-10,11170,3
30,사용,2007,갱신,21.08~22.08,2021,용산아크로타워,문배동,"34,600",용산구,7,0,6,46.29,"33,000",,24-21,11170,9
31,,2017,신규,21.08~23.08,2021,용산 리브,문배동,"31,500",용산구,7,0,8,42.25,,,10-3,11170,4
32,,2004,신규,21.08~23.08,2021,지오베르크,문배동,"27,000",용산구,7,0,10,42.31,,,17-1,11170,2
33,사용,2015,갱신,21.07~23.07,2021,용산KCC웰츠타워,문배동,"42,000",용산구,7,0,10,58.67,"40,000",,11-10,11170,5
34,,2015,신규,21.08~23.08,2021,용산KCC웰츠타워,문배동,"27,000",용산구,7,0,14,29.69,,,11-10,11170,6
35,,2015,신규,21.07~22.07,2021,용산KCC웰츠타워,문배동,"1,000",용산구,7,85,15,29.97,,,11-10,11170,5
36,사용,2004,갱신,21.11~23.11,2021,삼라마이다스빌,문배동,"17,700",용산구,7,0,16,28.23,"16,900",,40-19,11170,2
37,사용,2004,갱신,21.10~22.10,2021,삼라마이다스빌,문배동,"13,650",용산구,7,0,16,28.23,"13,000",,40-19,11170,5
38,,2017,,21.10~22.10,2021,용산 리브,문배동,"3,000",용산구,7,100,17,42.25,,,10-3,11170,9
39,사용,2015,갱신,21.07~23.07,2021,용산KCC웰츠타워,문배동,"26,200",용산구,7,0,19,34.06,"25,500",,11-10,11170,4
40,,2015,신규,21.09~22.09,2021,용산KCC웰츠타워,문배동,"1,000",용산구,7,85,22,29.97,,,11-10,11170,8
41,,2013,신규,21.08~23.08,2021,용산큐브,문배동,"18,690",용산구,7,0,23,17.46,,,24-4,11170,8
42,,2007,신규,21.09~23.09,2021,이안용산프리미어,문배동,"41,000",용산구,7,0,27,72.46,,,3-3,11170,3
43,사용,2005,갱신,21.08~23.08,2021,이안 용산1차,문배동,"21,000",용산구,7,0,29,30.04,"20,000",,7-6,11170,1
44,사용,2005,갱신,21.08~22.08,2021,이안 용산1차(11-29),문배동,"22,000",용산구,7,0,29,30.04,"21,500",,11-29,11170,10
45,사용,2013,갱신,21.10~22.10,2021,용산큐브,문배동,"18,270",용산구,7,0,29,17.46,"17,400",,24-4,11170,3
46,,2007,신규,21.09~23.09,2021,용산씨제이나인파크,문배동,"47,000",용산구,7,0,30,44.43,,,24-6,11170,4
47,사용,2005,갱신,21.09~23.09,2021,용산파크자이,한강로1가,"27,300",용산구,7,0,3,32.1,"26,000",,50-1,11170,30
48,,2005,신규,21.08~23.03,2021,용산파크자이,한강로1가,"40,000",용산구,7,0,3,50.31,,,50-1,11170,5
49,사용,2007,갱신,21.07~23.08,2021,대우 월드마크 용산,한강로1가,"21,000",용산구,7,105,9,86.38,"20,000",100,64,11170,4
50,,2005,,21.08~23.08,2021,용산파크자이,한강로1가,"36,750",용산구,7,0,12,52.58,,,50-1,11170,13
51,,2005,갱신,21.07~21.11,2021,용산파크자이,한강로1가,"26,500",용산구,7,0,12,36.13,"25,500",,50-1,11170,6
52,,2005,신규,21.07~22.07,2021,용산파크자이,한강로1가,"1,000",용산구,7,116,22,39.03,,,50-1,11170,30
53,,2005,신규,21.09~23.09,2021,용산파크자이,한강로1가,"15,000",용산구,7,25,26,28.46,,,50-1,11170,8
54,,2005,,,2021,용산파크자이,한강로1가,"38,850",용산구,7,0,28,52.84,,,50-1,11170,11
55,,2005,,,2021,용산파크자이,한강로1가,"1,000",용산구,7,110,30,39.03,,,50-1,11170,25
56,,2005,갱신,21.08~22.08,2021,용산파크자이,한강로1가,"1,000",용산구,7,126,30,39.25,"1,000",120,50-1,11170,22
57,사용,2005,갱신,21.08~22.08,2021,용산파크자이,한강로1가,"28,800",용산구,7,0,31,33.6,"27,800",,50-1,11170,31
58,,,,21.07~23.07,2021,래미안 용산 더 센트럴,한강로2가,"38,100",용산구,7,0,1,48.57,,,422,11170,11
59,,2017,,21.07~21.10,2021,용산푸르지오써밋,한강로2가,"2,000",용산구,7,137,8,26.7,,,420,11170,32
60,,2017,,21.07~21.09,2021,용산푸르지오써밋,한강로2가,"41,160",용산구,7,0,8,44.7,,,420,11170,19
61,,2005,신규,21.08~22.08,2021,한강로벽산메가트리움,한강로2가,"1,000",용산구,7,74,8,30.29,,,2-8,11170,3
62,,2017,갱신,21.10~22.10,2021,용산푸르지오써밋,한강로2가,"2,000",용산구,7,144,8,26.7,"2,000",137,420,11170,32
63,,2017,,21.09~22.09,2021,용산푸르지오써밋,한강로2가,"27,342",용산구,7,0,10,26.7,,,420,11170,26
64,,2017,신규,21.09~22.02,2021,용산푸르지오써밋,한강로2가,"3,000",용산구,7,80,10,44.7,,,420,11170,19
65,사용,2017,갱신,21.08~22.08,2021,용산푸르지오써밋,한강로2가,"2,000",용산구,7,97,12,29.85,"2,000",92,420,11170,22
66,,2005,,21.07~22.07,2021,한강현대하이엘,한강로2가,"25,000",용산구,7,0,13,41.82,,,2-36,11170,3
67,,2017,신규,21.08~23.08,2021,용산푸르지오써밋,한강로2가,"10,000",용산구,7,140,14,44.89,,,420,11170,22
68,,2004,신규,21.08~23.08,2021,대우디오빌한강로오피스텔,한강로2가,"5,000",용산구,7,53,15,29.66,,,312-4,11170,17
69,,2017,신규,21.08~22.08,2021,용산푸르지오써밋,한강로2가,"29,760",용산구,7,0,17,27.75,,,420,11170,31
70,사용,,갱신,21.09~22.09,2021,래미안 용산 더 센트럴,한강로2가,"10,000",용산구,7,106,19,47.65,"10,000",100,422,11170,10
71,사용,,갱신,21.08~23.08,2021,래미안 용산 더 센트럴,한강로2가,"43,050",용산구,7,0,19,47.65,"41,000",,422,11170,12
72,,2017,,21.09~22.09,2021,용산푸르지오써밋,한강로2가,"2,000",용산구,7,120,20,29.85,,,420,11170,26
73,,2004,갱신,21.07~22.05,2021,한강로 대우아이빌,한강로2가,"22,050",용산구,7,0,20,36.64,"21,000",,2-11,11170,5
74,,2006,갱신,21.09~22.09,2021,용산 토투벨리,한강로2가,"21,000",용산구,7,0,20,33.93,"20,000",,2-37,11170,10
75,사용,2012,갱신,21.08~23.08,2021,아스테리움 용산,한강로2가,"47,250",용산구,7,0,20,49.66,"45,000",,419,11170,17
76,,2005,신규,21.09~22.09,2021,한강로벽산메가트리움,한강로2가,"1,000",용산구,7,85,21,32.15,,,2-8,11170,11
77,,,신규,21.07~23.07,2021,래미안 용산 더 센트럴,한강로2가,"36,100",용산구,7,0,21,47.65,,,422,11170,7
78,,2005,신규,21.08~22.12,2021,한강로벽산메가트리움,한강로2가,"1,000",용산구,7,85,21,32.15,,,2-8,11170,22
79,사용,2005,갱신,21.08~23.08,2021,한강현대하이엘,한강로2가,"21,000",용산구,7,0,24,40.28,"20,000",,2-36,11170,6
80,,2004,갱신,21.10~22.10,2021,한강로 대우아이빌,한강로2가,"20,890",용산구,7,0,26,34.83,"19,900",,2-11,11170,2
81,사용,2017,갱신,21.10~23.10,2021,용산푸르지오써밋,한강로2가,"34,650",용산구,7,0,26,27.75,"33,000",,420,11170,29
82,,2017,,21.10~23.10,2021,용산푸르지오써밋,한강로2가,"55,000",용산구,7,0,27,42.64,,,420,11170,30
83,,2017,신규,21.07~21.09,2021,용산푸르지오써밋,한강로2가,"1,000",용산구,7,137,28,40.81,,,420,11170,26
84,,,,21.08~23.08,2021,래미안 용산 더 센트럴,한강로2가,"57,000",용산구,7,0,29,51.84,,,422,11170,15
85,,,,21.08~23.08,2021,래미안 용산 더 센트럴,한강로2가,"57,000",용산구,7,0,29,51.84,,,422,11170,15
86,,2017,,21.09~22.09,2021,용산푸르지오써밋,한강로2가,"39,690",용산구,7,0,31,34.74,,,420,11170,28
87,,2004,신규,21.09~23.09,2021,한강로 대우아이빌,한강로2가,"13,000",용산구,7,40,31,39.76,,,2-11,11170,9
88,사용,2009,갱신,21.07~23.07,2021,파크타워,용산동5가,"57,750",용산구,7,0,7,84.3,"55,000",,24,11170,5
89,,2006,갱신,21.07~23.07,2021,지에스 한강에클라스,한강로3가,"17,850",용산구,7,0,3,35.06,"17,000",,16-85,11170,11
90,,2007,,,2021,용산 시티파크(63-387),한강로3가,"42,000",용산구,7,20,7,43.77,,,63-387,11170,3
91,,2006,신규,21.07~22.07,2021,지에스 한강에클라스,한강로3가,"1,000",용산구,7,70,15,35.06,,,16-85,11170,3
92,,2006,,,2021,지에스 한강에클라스,한강로3가,"21,000",용산구,7,0,21,35.06,,,16-85,11170,7
93,,2004,신규,21.08~23.08,2021,한강대우트럼프월드3,한강로3가,"10,000",용산구,7,50,24,30.91,,,65-230,11170,11
94,,2004,,21.08~23.08,2021,한남동 하이페리온Ⅱ,한남동,"150,000",용산구,7,0,27,139.38,,,550,11170,3
0,,1990,,,2021,(339-4),후암동,"15,000",용산구,8,0,14,34.38,,,339-4,11170,2
1,,2004,신규,21.08~23.08,2021,갈월동 에이트리움,갈월동,"21,000",용산구,8,0,7,34.21,,,101-49,11170,8
2,,2004,,,2021,그린빌파크,갈월동,"1,000",용산구,8,58,9,24.92,,,53-19,11170,2
3,,2004,신규,21.09~22.08,2021,갈월동 에이트리움,갈월동,"15,000",용산구,8,0,10,39.52,,,101-49,11170,21
4,,2004,,21.09~22.09,2021,갈월동 에이트리움,갈월동,"1,000",용산구,8,90,21,40.98,,,101-49,11170,14
5,,2015,,21.08~23.08,2021,트윈시티 남산,동자동,"30,000",용산구,8,0,4,27.42,,,56,11170,16
6,,2015,신규,21.09~22.09,2021,트윈시티 남산,동자동,"30,000",용산구,8,0,13,28.33,,,56,11170,12
7,,2015,신규,21.09~22.09,2021,트윈시티 남산,동자동,"1,000",용산구,8,85,14,25.43,,,56,11170,4
8,,2015,신규,21.08~23.08,2021,트윈시티 남산,동자동,"30,000",용산구,8,0,14,27.42,,,56,11170,11
9,,2015,,21.08~22.01,2021,트윈시티 남산,동자동,"1,000",용산구,8,89,20,21.71,,,56,11170,16
10,,2013,,21.10~23.10,2021,센트레빌아스테리움서울,동자동,"53,500",용산구,8,0,21,72.58,,,45,11170,4
11,,2015,갱신,21.08~22.02,2021,트윈시티 남산,동자동,"1,000",용산구,8,100,25,27.42,500,100,56,11170,20
12,,2020,신규,21.09~23.09,2021,용산 다올 노블리움,청파동3가,"2,000",용산구,8,89,7,25.76,,,80-6,11170,12
13,,2020,신규,21.09~23.09,2021,용산 다올 노블리움,청파동3가,"10,000",용산구,8,38,26,18.14,,,80-6,11170,9
14,,2018,,,2021,용산2차휴먼타운,원효로1가,"27,550",용산구,8,0,7,29.37,,,120-22,11170,18
15,,2021,신규,21.08~23.08,2021,오피스텔 채원,원효로1가,"27,000",용산구,8,0,7,23.76,,,119-13,11170,8
16,,2019,,,2021,하람 휴,원효로1가,"25,000",용산구,8,0,14,29.56,,,28-10,11170,9
17,,2021,,,2021,오피스텔 채원,원효로1가,"2,550",용산구,8,0,14,22.22,,,119-13,11170,16
18,,2017,,21.09~22.09,2021,용산1차휴먼타운,원효로1가,"28,000",용산구,8,0,14,29.97,,,120-20,11170,16
19,,2021,신규,21.09~23.09,2021,오피스텔 채원,원효로1가,"25,500",용산구,8,0,14,22.22,,,119-13,11170,16
20,,2019,갱신,21.11~23.11,2021,하람 휴,원효로1가,"26,000",용산구,8,0,16,27.27,"25,000",,28-10,11170,14
21,사용,2017,갱신,21.09~23.09,2021,용산1차휴먼타운,원효로1가,"27,000",용산구,8,0,16,33.61,"26,500",,120-20,11170,8
22,,2018,신규,21.12~23.12,2021,용산파크뷰,원효로1가,"18,190",용산구,8,0,17,19.46,,,46-3,11170,5
23,,2004,신규,21.09~23.09,2021,디아뜨 센트럴,원효로1가,"16,000",용산구,8,0,17,25.5,,,112-4,11170,12
24,,2021,신규,21.09~22.09,2021,오피스텔 채원,원효로1가,"1,000",용산구,8,65,18,14.4,,,119-13,11170,12
25,,2021,신규,21.09~22.09,2021,오피스텔 채원,원효로1가,"1,000",용산구,8,77,28,19.19,,,119-13,11170,7
26,,2021,신규,21.09~23.09,2021,오피스텔 채원,원효로1가,"25,500",용산구,8,0,30,22.22,,,119-13,11170,14
27,,2003,신규,21.08~23.08,2021,e테크밸리,원효로3가,"19,000",용산구,8,0,12,38.12,,,51-37,11170,9
28,,2014,갱신,21.08~23.08,2021,아인하우스,원효로3가,"15,300",용산구,8,0,20,23.04,"15,000",,277-36,11170,4
29,,2007,,,2021,이안용산프리미어,문배동,"42,950",용산구,8,0,2,66.24,,,3-3,11170,2
30,사용,2007,갱신,21.08~23.08,2021,이안용산프리미어,문배동,"44,100",용산구,8,0,5,72.46,"42,000",,3-3,11170,5
31,,2007,,,2021,용산씨제이나인파크,문배동,"47,250",용산구,8,0,6,68.41,,,24-6,11170,7
32,,2017,신규,21.10~22.10,2021,용산 리브,문배동,"15,000",용산구,8,59,6,42.25,,,10-3,11170,4
33,,2007,신규,,2021,용산아크로타워,문배동,"2,000",용산구,8,135,6,51.45,,,24-21,11170,4
34,,2004,신규,21.08~22.08,2021,삼라마이다스빌,문배동,"1,000",용산구,8,69,7,28.23,,,40-19,11170,3
35,,2007,신규,21.08~23.08,2021,이안용산프리미어,문배동,"55,000",용산구,8,0,7,73.86,,,3-3,11170,3
36,사용,2012,갱신,22.01~24.01,2021,프라임펠리스,문배동,"16,200",용산구,8,0,7,18.55,"15,700",,24-8,11170,8
37,사용,2012,갱신,21.08~23.08,2021,프라임펠리스,문배동,"16,275",용산구,8,0,7,18.55,"15,500",,24-8,11170,11
38,,2013,신규,21.10~22.10,2021,용산큐브,문배동,"19,000",용산구,8,0,9,17.46,,,24-4,11170,3
39,,2013,신규,21.09~22.09,2021,용산큐브,문배동,"17,500",용산구,8,0,10,17.46,,,24-4,11170,3
40,,2004,신규,21.08~23.08,2021,삼라마이다스빌,문배동,"17,300",용산구,8,0,10,28.23,,,40-19,11170,3
41,사용,2004,갱신,22.04~24.04,2021,삼라마이다스빌,문배동,"18,500",용산구,8,0,11,28.23,"18,500",,40-19,11170,4
42,사용,2007,갱신,21.09~23.09,2021,이안용산프리미어,문배동,"44,100",용산구,8,0,14,73.86,"42,000",,3-3,11170,2
43,사용,2015,갱신,21.08~22.08,2021,용산KCC웰츠타워,문배동,"1,000",용산구,8,69,15,30.14,"1,000",66,11-10,11170,6
44,,2017,신규,21.09~23.09,2021,용산 리브,문배동,"35,000",용산구,8,0,15,42.25,,,10-3,11170,7
45,사용,2013,갱신,21.10~23.10,2021,용산큐브,문배동,"18,370",용산구,8,0,17,17.46,"17,500",,24-4,11170,5
46,사용,2010,갱신,21.08~22.09,2021,리첸시아 용산B,문배동,"37,800",용산구,8,0,17,58.87,"36,000",,40-31,11170,3
47,,2007,신규,21.09~22.09,2021,용산씨제이나인파크,문배동,"2,000",용산구,8,200,24,71.39,,,24-6,11170,8
48,,2017,신규,21.10~22.09,2021,용산 리브,문배동,"2,000",용산구,8,110,27,42.25,,,10-3,11170,8
49,사용,2013,갱신,21.09~22.09,2021,용산큐브,문배동,"17,400",용산구,8,0,27,17.46,"16,590",,24-4,11170,6
50,,2007,갱신,21.09~23.09,2021,이안용산프리미어,문배동,"47,000",용산구,8,0,27,66.7,"41,000",,3-3,11170,3
51,,2013,,21.10~23.10,2021,용산큐브,문배동,"18,500",용산구,8,0,30,17.46,,,24-4,11170,12
52,,2013,신규,21.09~23.09,2021,용산큐브,문배동,"18,000",용산구,8,0,31,17.46,,,24-4,11170,9
53,,2005,,21.08~22.08,2021,용산파크자이,한강로1가,"29,768",용산구,8,0,1,39.03,,,50-1,11170,2
54,사용,2005,갱신,21.10~23.10,2021,용산파크자이,한강로1가,"35,500",용산구,8,0,5,52.84,"34,000",,50-1,11170,7
55,,2007,,,2021,대우 월드마크 용산,한강로1가,"78,750",용산구,8,0,6,104.29,,,64,11170,8
56,,2005,,,2021,용산파크자이,한강로1가,"29,400",용산구,8,0,10,37.26,,,50-1,11170,8
57,,2005,신규,21.10~23.10,2021,용산파크자이,한강로1가,"10,000",용산구,8,58,13,31.83,,,50-1,11170,17
58,,2005,,,2021,용산파크자이,한강로1가,"24,150",용산구,8,0,14,32.1,,,50-1,11170,15
59,,2007,신규,21.10~23.10,2021,대우 월드마크 용산,한강로1가,"75,000",용산구,8,0,20,86.38,,,64,11170,11
60,,2005,,,2021,용산파크자이,한강로1가,"3,000",용산구,8,98,24,37.26,,,50-1,11170,27
61,,2005,갱신,,2021,용산파크자이,한강로1가,"30,000",용산구,8,0,25,39.03,"28,000",,50-1,11170,6
62,,2005,갱신,21.11~23.10,2021,용산파크자이,한강로1가,"22,000",용산구,8,20,28,28.46,"22,000",,50-1,11170,4
63,,2005,신규,21.08~22.08,2021,용산파크자이,한강로1가,"1,000",용산구,8,110,28,37.26,,,50-1,11170,23
64,사용,2017,갱신,21.08~22.08,2021,용산푸르지오써밋,한강로2가,"39,900",용산구,8,0,2,34.74,"38,000",,420,11170,31
65,,2017,갱신,21.09~22.09,2021,용산푸르지오써밋,한강로2가,"36,383",용산구,8,0,3,29.85,"34,650",,420,11170,32
66,,,신규,21.09~23.09,2021,래미안 용산 더 센트럴,한강로2가,"56,000",용산구,8,0,5,55.99,,,422,11170,12
67,,,신규,21.10~22.10,2021,래미안 용산 더 센트럴,한강로2가,"2,000",용산구,8,174,5,50.74,,,422,11170,17
68,,2017,신규,21.08~22.08,2021,용산푸르지오써밋,한강로2가,"36,000",용산구,8,0,5,27.75,,,420,11170,24
69,,2017,,21.08~23.08,2021,용산푸르지오써밋,한강로2가,"42,000",용산구,8,0,5,35.47,,,420,11170,25
70,,2005,,,2021,한강현대하이엘,한강로2가,"24,000",용산구,8,3,6,41.8,,,2-36,11170,4
71,,,갱신,21.08~22.06,2021,래미안 용산 더 센트럴,한강로2가,"2,000",용산구,8,130,6,45.9,"2,000",110,422,11170,19
72,,2004,갱신,21.08~23.08,2021,한강로 대우아이빌,한강로2가,"20,000",용산구,8,0,6,33.54,"19,000",,2-11,11170,3
73,,2017,,,2021,용산푸르지오써밋,한강로2가,"26,985",용산구,8,0,6,34.74,,,420,11170,37
74,,2005,갱신,21.08~23.08,2021,한강현대하이엘,한강로2가,"22,050",용산구,8,0,6,41.82,"21,000",,2-36,11170,3
75,,2017,,21.08~21.09,2021,용산푸르지오써밋,한강로2가,"1,000",용산구,8,98,7,26.7,,,420,11170,29
76,,2017,갱신,21.09~22.09,2021,용산푸르지오써밋,한강로2가,"26,625",용산구,8,0,7,29.85,"25,358",,420,11170,28
77,,2017,신규,21.09~23.09,2021,용산푸르지오써밋,한강로2가,"35,000",용산구,8,0,7,26.7,,,420,11170,23
78,,2004,,,2021,대우디오빌한강로오피스텔,한강로2가,"19,000",용산구,8,0,7,23.85,,,312-4,11170,8
79,,2005,신규,21.09~23.08,2021,한강현대하이엘,한강로2가,"1,000",용산구,8,80,7,42.32,,,2-36,11170,9
80,,2017,갱신,21.09~22.09,2021,용산푸르지오써밋,한강로2가,"2,000",용산구,8,120,7,26.7,"1,000",98,420,11170,29
81,,2017,신규,21.09~22.09,2021,용산푸르지오써밋,한강로2가,"2,000",용산구,8,98,9,26.7,,,420,11170,28
82,,2017,,,2021,용산푸르지오써밋,한강로2가,"20,948",용산구,8,0,10,25.65,,,420,11170,23
83,,2004,신규,21.09~22.09,2021,대우디오빌한강로오피스텔,한강로2가,"1,000",용산구,8,70,10,32.19,,,312-4,11170,14
84,,2004,,21.08~22.08,2021,대우디오빌한강로오피스텔,한강로2가,"27,000",용산구,8,0,11,33.95,,,312-4,11170,13
85,,2017,,,2021,용산푸르지오써밋,한강로2가,"35,000",용산구,8,0,11,26.59,,,420,11170,29
86,,2017,,,2021,용산푸르지오써밋,한강로2가,"35,280",용산구,8,0,16,44.7,,,420,11170,24
87,사용,2005,갱신,21.10~23.10,2021,한강로벽산메가트리움,한강로2가,"23,100",용산구,8,0,16,29.54,"22,000",,2-8,11170,11
88,,2004,신규,21.08~23.08,2021,대우디오빌한강로오피스텔,한강로2가,"26,800",용산구,8,0,17,33.95,,,312-4,11170,13
89,,2004,갱신,21.10~23.10,2021,대우디오빌한강로오피스텔,한강로2가,"21,000",용산구,8,2,17,32.85,"21,000",,312-4,11170,5
90,,2017,,,2021,용산푸르지오써밋,한강로2가,"24,780",용산구,8,0,17,27.64,,,420,11170,31
91,,2017,갱신,21.10~22.10,2021,용산푸르지오써밋,한강로2가,"45,000",용산구,8,0,17,44.7,"43,000",,420,11170,33
92,,,갱신,21.10~22.10,2021,래미안 용산 더 센트럴,한강로2가,"2,000",용산구,8,117,17,48.57,"2,000",111,422,11170,6
93,,2017,,,2021,용산푸르지오써밋,한강로2가,"9,000",용산구,8,60,17,26.7,,,420,11170,18
94,,2005,신규,21.09~23.09,2021,한강로벽산메가트리움,한강로2가,"26,000",용산구,8,0,18,29.89,,,2-8,11170,22
95,,,,21.09~23.09,2021,래미안 용산 더 센트럴,한강로2가,"59,000",용산구,8,0,18,49.81,,,422,11170,11
96,,2004,신규,21.09~22.09,2021,한강로 대우아이빌,한강로2가,"1,000",용산구,8,75,18,34.83,,,2-11,11170,4
97,,2017,갱신,21.08~23.08,2021,용산푸르지오써밋,한강로2가,"23,000",용산구,8,15,19,26.7,"25,000",,420,11170,26
98,,2017,신규,21.08~22.08,2021,용산푸르지오써밋,한강로2가,"10,000",용산구,8,100,21,26.7,,,420,11170,22
99,,2005,신규,21.10~23.10,2021,한강로벽산메가트리움,한강로2가,"28,000",용산구,8,0,21,32.87,,,2-8,11170,13
100,,2004,,21.09~23.09,2021,한강로 대우아이빌,한강로2가,"24,000",용산구,8,0,23,34.83,,,2-11,11170,5
101,,2017,신규,21.09~22.09,2021,용산푸르지오써밋,한강로2가,"3,000",용산구,8,120,24,29.74,,,420,11170,24
102,,2017,신규,21.11~22.11,2021,용산푸르지오써밋,한강로2가,"37,044",용산구,8,0,25,44.89,,,420,11170,25
103,,2004,,21.09~23.09,2021,대우디오빌한강로오피스텔,한강로2가,"27,500",용산구,8,0,25,33.95,,,312-4,11170,4
104,,2017,,21.09~23.09,2021,용산푸르지오써밋,한강로2가,"50,000",용산구,8,0,27,34.74,,,420,11170,32
105,,2017,신규,21.10~22.10,2021,용산푸르지오써밋,한강로2가,"20,000",용산구,8,29,28,27.64,,,420,11170,38
106,,2005,신규,21.09~22.09,2021,한강현대하이엘,한강로2가,"1,000",용산구,8,75,28,30.03,,,2-36,11170,3
107,,,신규,21.09~23.09,2021,래미안 용산 더 센트럴,한강로2가,"60,000",용산구,8,0,30,47.65,,,422,11170,18
108,,2017,신규,21.10~23.10,2021,용산푸르지오써밋,한강로2가,"42,000",용산구,8,0,31,44.21,,,420,11170,25
109,,2006,신규,21.10~23.10,2021,지에스 한강에클라스,한강로3가,"17,800",용산구,8,0,9,35.06,,,16-85,11170,10
110,,2006,신규,21.08~23.08,2021,지에스 한강에클라스,한강로3가,"1,000",용산구,8,73,9,40.45,,,16-85,11170,9
111,사용,2004,갱신,21.10~23.10,2021,한강대우트럼프월드3,한강로3가,"27,300",용산구,8,0,17,38.14,"26,000",,65-230,11170,7
112,,2006,신규,21.09~22.09,2021,지에스 한강에클라스,한강로3가,"1,000",용산구,8,70,26,35.06,,,16-85,11170,5
0,,2004,,21.10~23.10,2021,갈월동 에이트리움,갈월동,"22,000",용산구,9,0,16,30.97,,,101-49,11170,5
1,,2004,,21.10~22.10,2021,갈월동 에이트리움,갈월동,"1,000",용산구,9,75,18,30.97,,,101-49,11170,10
2,,2015,신규,21.09~22.09,2021,트윈시티 남산,동자동,"33,000",용산구,9,0,1,28.33,,,56,11170,20
3,,2015,,,2021,트윈시티 남산,동자동,"33,000",용산구,9,0,1,28.33,,,56,11170,20
4,,2015,,21.09~23.09,2021,트윈시티 남산,동자동,"25,000",용산구,9,0,1,21.71,,,56,11170,26
5,,2015,신규,21.09~22.09,2021,트윈시티 남산,동자동,"1,000",용산구,9,125,2,29.95,,,56,11170,17
6,,2013,신규,21.10~23.10,2021,센트레빌아스테리움서울,동자동,"4,000",용산구,9,320,3,102.31,,,45,11170,15
7,,2015,신규,21.11~23.11,2021,트윈시티 남산,동자동,"27,000",용산구,9,0,9,25.48,,,56,11170,14
8,,2015,,21.09~23.09,2021,트윈시티 남산,동자동,"31,000",용산구,9,0,10,29.61,,,56,11170,12
9,,2015,,21.09~23.09,2021,트윈시티 남산,동자동,"31,000",용산구,9,0,15,27.42,,,56,11170,27
10,,2015,신규,21.10~23.10,2021,트윈시티 남산,동자동,"24,000",용산구,9,0,16,21.52,,,56,11170,24
11,,2015,,21.10~23.10,2021,트윈시티 남산,동자동,"23,000",용산구,9,0,29,21.71,,,56,11170,11
12,,2019,신규,21.10~23.10,2021,하람 휴,원효로1가,"25,000",용산구,9,6,2,29.56,,,28-10,11170,14
13,,2021,신규,21.10~23.10,2021,오피스텔 채원,원효로1가,"27,500",용산구,9,0,3,23.76,,,119-13,11170,7
14,,2021,신규,21.09~22.09,2021,오피스텔 채원,원효로1가,"1,000",용산구,9,77,8,19.19,,,119-13,11170,8
15,,2021,신규,21.10~23.10,2021,오피스텔 채원,원효로1가,"25,300",용산구,9,0,17,22.22,,,119-13,11170,13
16,,2019,신규,21.11~23.11,2021,하람 휴,원효로1가,"27,000",용산구,9,0,25,27.27,,,28-10,11170,13
17,,2019,신규,21.11~23.11,2021,하람 휴,원효로1가,"25,000",용산구,9,0,25,24.29,,,28-10,11170,11
18,사용,2019,갱신,21.11~23.07,2021,하람 휴,원효로1가,"25,000",용산구,9,0,25,24.29,"24,000",,28-10,11170,9
19,,2019,갱신,21.10~22.10,2021,하람 휴,원효로1가,"26,250",용산구,9,0,27,27.27,"25,000",,28-10,11170,8
20,,2003,신규,21.09~23.09,2021,e테크밸리,원효로3가,"19,000",용산구,9,0,9,38.12,,,51-37,11170,11
21,사용,2003,갱신,21.09~23.09,2021,e테크밸리,원효로3가,"13,000",용산구,9,0,13,32,"12,500",,51-37,11170,9
22,,2020,신규,21.11~23.11,2021,용산파크뷰II,원효로3가,"24,000",용산구,9,0,25,25.99,,,130-1,11170,17
23,,2007,신규,21.09~23.09,2021,이안용산프리미어,문배동,"3,000",용산구,9,60,2,24.78,,,3-3,11170,2
24,,2013,신규,21.10~23.10,2021,용산큐브,문배동,"18,000",용산구,9,0,2,17.46,,,24-4,11170,7
25,사용,2007,갱신,21.09~23.09,2021,이안용산프리미어,문배동,"44,100",용산구,9,0,2,71.38,"42,000",,3-3,11170,6
26,사용,2017,갱신,21.12~23.12,2021,용산 리브,문배동,"34,100",용산구,9,0,4,45.92,"32,500",,10-3,11170,6
27,,2013,신규,21.10~22.10,2021,용산큐브,문배동,"15,000",용산구,9,15,7,17.46,,,24-4,11170,5
28,,2004,신규,21.10~22.10,2021,지오베르크,문배동,"23,000",용산구,9,0,9,31.35,,,17-1,11170,2
29,,2005,신규,21.10~23.10,2021,이안 용산1차(11-14),문배동,"56,000",용산구,9,0,9,73.56,,,11-14,11170,5
30,,2015,신규,21.10~23.10,2021,용산KCC웰츠타워,문배동,"25,200",용산구,9,0,10,29.25,,,11-10,11170,4
31,사용,2012,갱신,21.11~23.11,2021,프라임펠리스,문배동,"22,000",용산구,9,0,10,27.83,"21,000",,24-8,11170,10
32,,2007,신규,21.10~23.10,2021,이안용산프리미어,문배동,"55,000",용산구,9,0,11,66.53,,,3-3,11170,6
33,,2007,신규,21.09~22.09,2021,용산씨제이나인파크,문배동,"30,000",용산구,9,57,13,71.39,,,24-6,11170,12
34,,2012,신규,21.10~22.10,2021,프라임펠리스,문배동,"16,500",용산구,9,0,14,18.55,,,24-8,11170,11
35,,2010,신규,21.09~22.09,2021,리첸시아 용산B,문배동,"10,000",용산구,9,150,14,59.94,,,40-31,11170,3
36,,2015,신규,21.10~22.10,2021,용산KCC웰츠타워,문배동,"1,200",용산구,9,130,17,41.94,,,11-10,11170,7
37,,2007,,21.10~22.10,2021,이안용산프리미어,문배동,"18,000",용산구,9,0,24,24.78,,,3-3,11170,4
38,,2013,신규,21.10~23.10,2021,용산큐브,문배동,"18,000",용산구,9,0,27,17.46,,,24-4,11170,3
39,,2015,갱신,21.10~23.11,2021,용산KCC웰츠타워,문배동,"25,357",용산구,9,0,28,32.84,"23,000",,11-10,11170,8
40,,2005,신규,21.11~23.11,2021,이안 용산1차(11-29),문배동,"18,200",용산구,9,0,30,30.04,,,11-29,11170,9
41,,2004,,,2021,삼라마이다스빌,문배동,"17,500",용산구,9,0,30,28.23,,,40-19,11170,3
42,,2005,,,2021,용산파크자이,한강로1가,"17,000",용산구,9,0,1,38.1,,,50-1,11170,29
43,사용,2007,갱신,21.10~23.10,2021,대우 월드마크 용산,한강로1가,"50,400",용산구,9,0,1,79.65,"48,000",,64,11170,14
44,사용,2005,갱신,21.10~23.10,2021,용산파크자이,한강로1가,"29,000",용산구,9,0,10,33.6,"28,000",,50-1,11170,23
45,,2005,,,2021,용산파크자이,한강로1가,"1,000",용산구,9,130,27,42.39,,,50-1,11170,20
46,,2004,신규,21.09~23.09,2021,대우디오빌한강로오피스텔,한강로2가,"20,000",용산구,9,0,3,29.66,,,312-4,11170,11
47,,2017,신규,21.11~23.11,2021,용산푸르지오써밋,한강로2가,"55,000",용산구,9,0,4,46,,,420,11170,25
48,,2017,신규,21.10~23.10,2021,용산푸르지오써밋,한강로2가,"52,000",용산구,9,0,6,40.81,,,420,11170,34
49,,2017,신규,21.10~23.10,2021,용산푸르지오써밋,한강로2가,"45,000",용산구,9,0,7,29.85,,,420,11170,37
50,사용,2017,갱신,21.11~22.11,2021,용산푸르지오써밋,한강로2가,"10,000",용산구,9,85,7,27.75,"10,000",80,420,11170,19
51,,2017,신규,21.10~23.10,2021,용산푸르지오써밋,한강로2가,"57,800",용산구,9,0,7,44.7,,,420,11170,24
52,,2017,신규,21.10~22.10,2021,용산푸르지오써밋,한강로2가,"2,000",용산구,9,105,8,26.7,,,420,11170,30
53,사용,2017,갱신,21.09~22.09,2021,용산푸르지오써밋,한강로2가,"2,000",용산구,9,117,9,44.7,"2,000",111,420,11170,32
54,,2017,신규,21.11~23.11,2021,용산푸르지오써밋,한강로2가,"56,000",용산구,9,0,9,46,,,420,11170,19
55,사용,2004,갱신,21.10~23.10,2021,대우디오빌한강로오피스텔,한강로2가,"22,000",용산구,9,0,11,33.95,"21,000",,312-4,11170,11
56,,2004,신규,21.10~23.10,2021,대우디오빌한강로오피스텔,한강로2가,"1,000",용산구,9,80,11,33.95,,,312-4,11170,13
57,,2017,신규,21.09~23.09,2021,용산푸르지오써밋,한강로2가,"39,000",용산구,9,0,11,26.7,,,420,11170,32
58,,2017,신규,21.09~23.04,2021,용산푸르지오써밋,한강로2가,"33,000",용산구,9,30,14,26.7,,,420,11170,23
59,,2004,신규,,2021,한강로 대우아이빌,한강로2가,"1,000",용산구,9,75,15,34.83,,,2-11,11170,10
60,,2017,신규,21.10~22.10,2021,용산푸르지오써밋,한강로2가,"3,400",용산구,9,91,18,25.65,,,420,11170,20
61,사용,2005,갱신,21.09~23.09,2021,한강현대하이엘,한강로2가,"22,000",용산구,9,0,23,30.03,"21,000",,2-36,11170,3
62,,2017,신규,21.11~22.11,2021,용산푸르지오써밋,한강로2가,"1,000",용산구,9,97,23,26.59,,,420,11170,37
63,,2017,신규,21.10~22.09,2021,용산푸르지오써밋,한강로2가,"3,000",용산구,9,190,23,44.7,,,420,11170,25
64,,2004,,21.10~22.10,2021,대우디오빌한강로오피스텔,한강로2가,"1,000",용산구,9,73,23,29.66,,,312-4,11170,16
65,,2017,신규,21.10~22.09,2021,용산푸르지오써밋,한강로2가,"3,000",용산구,9,120,24,29.74,,,420,11170,24
66,,2004,신규,21.10~23.10,2021,대우디오빌한강로오피스텔,한강로2가,"23,500",용산구,9,0,24,32.85,,,312-4,11170,4
67,,2017,,,2021,용산푸르지오써밋,한강로2가,"35,200",용산구,9,0,25,42.64,,,420,11170,38
68,,,신규,21.10~22.10,2021,래미안 용산 더 센트럴,한강로2가,"50,400",용산구,9,0,29,55.99,,,422,11170,15
69,,2005,신규,21.09~23.09,2021,한강현대하이엘,한강로2가,"20,000",용산구,9,20,30,39.37,,,2-36,11170,3
70,,2004,갱신,21.10~23.10,2021,한강대우트럼프월드3,한강로3가,"24,150",용산구,9,0,7,30.91,"23,000",,65-230,11170,12
71,,2004,신규,,2021,한강대우트럼프월드3,한강로3가,"70,000",용산구,9,0,13,105.4,,,65-230,11170,24
72,사용,2004,갱신,21.09~23.09,2021,한강대우트럼프월드3,한강로3가,"24,150",용산구,9,0,25,30.91,"23,000",,65-230,11170,5
0,,2004,,,2021,그린빌파크,갈월동,"1,000",용산구,10,50,25,23.01,,,53-19,11170,5
1,,2004,,,2021,갈월동 에이트리움,갈월동,"23,000",용산구,10,0,26,40.93,,,101-49,11170,6
2,,2015,,,2021,트윈시티 남산,동자동,"1,000",용산구,10,85,16,21.71,,,56,11170,4
3,,2015,신규,21.11~23.11,2021,트윈시티 남산,동자동,"35,500",용산구,10,0,18,29.95,,,56,11170,15
4,,2015,,21.11~23.11,2021,트윈시티 남산,동자동,"34,700",용산구,10,0,19,29.95,,,56,11170,11
5,,2015,신규,21.11~22.11,2021,트윈시티 남산,동자동,"1,000",용산구,10,115,22,28.33,,,56,11170,28
6,,2015,신규,21.12~22.08,2021,트윈시티 남산,동자동,"1,000",용산구,10,85,22,21.51,,,56,11170,22
7,,2015,신규,21.10~22.10,2021,트윈시티 남산,동자동,"2,000",용산구,10,85,25,21.71,,,56,11170,23
8,,2015,신규,21.11~23.11,2021,트윈시티 남산,동자동,"2,000",용산구,10,110,25,25.37,,,56,11170,20
9,,2015,,21.11~22.11,2021,트윈시티 남산,동자동,"23,000",용산구,10,0,26,21.71,,,56,11170,25
10,,2004,신규,21.11~23.11,2021,서울역풍림아이원플러스,서계동,"11,000",용산구,10,38,22,28.79,,,219-17,11170,7
11,,2020,신규,21.11~23.11,2021,용산 다올 노블리움,청파동3가,"20,500",용산구,10,0,13,18.14,,,80-6,11170,13
12,,2020,신규,21.12~23.12,2021,용산 다올 노블리움,청파동3가,"19,000",용산구,10,0,20,17.87,,,80-6,11170,7
13,,2021,신규,21.10~22.10,2021,시온캐슬용산,원효로1가,"5,000",용산구,10,110,1,34.11,,,28-7,11170,4
14,사용,2019,갱신,21.11~23.11,2021,하람 휴,원효로1가,"28,300",용산구,10,0,2,29.56,"27,000",,28-10,11170,13
15,사용,2019,갱신,21.12~23.12,2021,하람 휴,원효로1가,"27,300",용산구,10,0,5,29.56,"26,000",,28-10,11170,8
16,,2021,신규,21.10~23.10,2021,오피스텔 채원,원효로1가,"18,000",용산구,10,0,5,14.4,,,119-13,11170,9
17,,2021,신규,21.11~23.11,2021,오피스텔 채원,원효로1가,"27,000",용산구,10,0,7,24.05,,,119-13,11170,17
18,,2004,신규,21.11~23.11,2021,디아뜨 센트럴,원효로1가,"18,500",용산구,10,0,7,25.19,,,112-4,11170,7
19,,2004,신규,21.11~23.11,2021,디아뜨 센트럴,원효로1가,"16,500",용산구,10,0,9,25.5,,,112-4,11170,2
20,,2021,신규,21.10~22.10,2021,오피스텔 채원,원효로1가,"22,000",용산구,10,0,11,19.19,,,119-13,11170,6
21,,2021,신규,21.10~22.10,2021,오피스텔 채원,원효로1가,"16,000",용산구,10,45,16,24.05,,,119-13,11170,15
22,,2021,신규,21.11~23.11,2021,오피스텔 채원,원효로1가,"15,000",용산구,10,40,16,22.22,,,119-13,11170,12
23,,2004,신규,21.10~22.10,2021,디아뜨 센트럴,원효로1가,"1,000",용산구,10,60,20,25.5,,,112-4,11170,13
24,,2021,신규,21.11~22.11,2021,시온캐슬용산,원효로1가,"1,000",용산구,10,80,23,21.1,,,28-7,11170,4
25,,2019,,,2021,하람 휴,원효로1가,"26,000",용산구,10,0,27,29.56,,,28-10,11170,5
26,,2019,,,2021,하람 휴,원효로1가,"25,000",용산구,10,0,27,29.56,,,28-10,11170,4
27,,2021,신규,21.11~22.11,2021,오피스텔 채원,원효로1가,"1,000",용산구,10,85,31,24.05,,,119-13,11170,16
28,,2021,,21.10~23.10,2021,금강프라임 타워,원효로3가,"33,000",용산구,10,0,5,39.95,,,43-1,11170,9
29,,2021,,,2021,금강프라임 타워,원효로3가,"32,000",용산구,10,0,15,39.71,,,43-1,11170,9
30,,2004,신규,21.10~22.10,2021,용문 하이오피스텔,용문동,"1,000",용산구,10,60,18,28.95,,,10-4,11170,4
31,,2007,신규,21.10~23.10,2021,이안용산프리미어,문배동,"58,000",용산구,10,0,1,64.41,,,3-3,11170,6
32,,2015,신규,21.10~22.10,2021,용산KCC웰츠타워,문배동,"23,970",용산구,10,0,2,37.24,,,11-10,11170,7
33,,2012,신규,21.12~23.12,2021,프라임펠리스,문배동,"24,000",용산구,10,0,2,27.83,,,24-8,11170,7
34,,2018,,21.11~22.11,2021,G&P 용산파크,문배동,"26,250",용산구,10,0,2,35,,,11-34,11170,2
35,,2012,신규,21.10~23.10,2021,프라임펠리스,문배동,"16,000",용산구,10,0,5,18.55,,,24-8,11170,7
36,,2007,신규,21.12~23.12,2021,용산아크로타워,문배동,"50,000",용산구,10,0,6,47.42,,,24-21,11170,6
37,,2007,,21.11~23.11,2021,이안용산프리미어,문배동,"45,000",용산구,10,0,8,87.29,,,3-3,11170,3
38,,2007,신규,21.10~23.10,2021,용산씨제이나인파크,문배동,"45,000",용산구,10,0,12,44.43,,,24-6,11170,3
39,,2018,신규,21.10~23.10,2021,G&P 용산파크,문배동,"32,000",용산구,10,0,13,39.07,,,11-34,11170,4
40,,2007,신규,21.12~23.05,2021,용산씨제이나인파크,문배동,"55,000",용산구,10,0,16,54.96,,,24-6,11170,6
41,,2017,신규,21.11~23.11,2021,용산 리브,문배동,"35,000",용산구,10,0,16,42.25,,,10-3,11170,10
42,,2007,신규,21.12~23.05,2021,용산씨제이나인파크,문배동,"55,000",용산구,10,0,16,54.96,,,24-6,11170,6
43,,2013,신규,21.11~23.11,2021,용산큐브,문배동,"18,500",용산구,10,0,21,17.46,,,24-4,11170,12
44,사용,2007,갱신,22.01~24.01,2021,용산아크로타워,문배동,"35,700",용산구,10,0,23,46.29,"34,000",,24-21,11170,7
45,,2013,신규,21.12~23.12,2021,용산큐브,문배동,"18,200",용산구,10,0,24,17.46,,,24-4,11170,9
46,사용,2004,갱신,21.12~22.12,2021,지오베르크,문배동,"5,000",용산구,10,69,26,31.35,"5,000",65,17-1,11170,2
47,사용,2007,갱신,21.11~22.10,2021,용산씨제이나인파크,문배동,"2,000",용산구,10,168,27,70.92,"2,000",160,24-6,11170,6
48,,2013,신규,21.11~23.11,2021,용산큐브,문배동,"18,900",용산구,10,0,28,17.46,,,24-4,11170,12
49,,2013,신규,21.11~23.11,2021,용산큐브,문배동,"17,500",용산구,10,0,28,17.46,,,24-4,11170,12
50,사용,2005,갱신,21.11~23.10,2021,용산파크자이,한강로1가,"32,550",용산구,10,0,4,39.25,"31,000",,50-1,11170,29
51,,2005,신규,21.11~23.11,2021,용산파크자이,한강로1가,"36,000",용산구,10,0,4,38.1,,,50-1,11170,16
52,,2005,신규,21.11~22.11,2021,용산파크자이,한강로1가,"26,500",용산구,10,0,6,36.13,,,50-1,11170,6
53,,2005,신규,21.11~23.11,2021,용산파크자이,한강로1가,"32,000",용산구,10,0,13,39.03,,,50-1,11170,17
54,사용,2007,갱신,22.01~24.01,2021,대우 월드마크 용산,한강로1가,"45,000",용산구,10,0,16,86.38,"45,000",,64,11170,29
55,,2005,신규,21.11~23.11,2021,용산파크자이,한강로1가,"14,000",용산구,10,50,19,31.83,,,50-1,11170,17
56,,2005,신규,21.10~22.10,2021,용산파크자이,한강로1가,"2,000",용산구,10,105,19,37.26,,,50-1,11170,18
57,,2005,신규,21.11~23.11,2021,용산파크자이,한강로1가,"14,000",용산구,10,50,19,31.83,,,50-1,11170,17
58,,2005,신규,21.12~23.11,2021,용산파크자이,한강로1가,"25,000",용산구,10,0,29,28.46,,,50-1,11170,12
59,,2004,,,2021,대우디오빌한강로오피스텔,한강로2가,"27,500",용산구,10,0,1,33.95,,,312-4,11170,4
60,,2005,신규,21.11~22.11,2021,한강현대하이엘,한강로2가,"3,000",용산구,10,85,1,40.28,,,2-36,11170,7
61,,2017,갱신,21.10~22.10,2021,용산푸르지오써밋,한강로2가,"1,000",용산구,10,147,2,40.39,"1,000",140,420,11170,25
62,,,신규,21.11~23.11,2021,래미안 용산 더 센트럴,한강로2가,"65,000",용산구,10,0,4,53,,,422,11170,18
63,사용,2017,갱신,21.12~22.11,2021,용산푸르지오써밋,한강로2가,"30,870",용산구,10,4,5,45.66,"30,870",,420,11170,18
64,,2017,,,2021,용산푸르지오써밋,한강로2가,"5,000",용산구,10,93,6,27.75,,,420,11170,17
65,,2012,신규,21.10~22.10,2021,위너스타워,한강로2가,500,용산구,10,60,7,30.26,,,2-132,11170,9
66,,2017,,,2021,용산푸르지오써밋,한강로2가,"39,000",용산구,10,0,8,26.7,,,420,11170,32
67,,2006,신규,21.10~22.10,2021,용산 토투벨리,한강로2가,"21,000",용산구,10,0,9,34.92,,,2-37,11170,13
68,,2017,신규,21.10~22.12,2021,용산푸르지오써밋,한강로2가,"36,300",용산구,10,0,9,26.7,,,420,11170,28
69,,2017,,,2021,용산푸르지오써밋,한강로2가,"36,000",용산구,10,0,14,24.6,,,420,11170,37
70,,2004,,,2021,한강로 대우아이빌,한강로2가,"21,000",용산구,10,0,15,33.54,,,2-11,11170,7
71,사용,2017,갱신,21.11~22.11,2021,용산푸르지오써밋,한강로2가,"2,000",용산구,10,167,15,48.43,"2,000",159,420,11170,26
72,,2017,신규,21.11~22.11,2021,용산푸르지오써밋,한강로2가,"2,000",용산구,10,120,16,27.64,,,420,11170,24
73,,2004,신규,21.12~23.12,2021,한강로 대우아이빌,한강로2가,"25,000",용산구,10,0,17,39.76,,,2-11,11170,6
74,사용,2005,갱신,22.01~24.01,2021,한강로벽산메가트리움,한강로2가,"26,250",용산구,10,0,18,32.87,"25,000",,2-8,11170,19
75,,,,,2021,래미안 용산 더 센트럴,한강로2가,"95,000",용산구,10,0,20,77.55,,,422,11170,7
76,,2017,신규,21.12~22.12,2021,용산푸르지오써밋,한강로2가,"52,000",용산구,10,0,20,45.66,,,420,11170,24
77,사용,2017,갱신,21.12~23.12,2021,용산푸르지오써밋,한강로2가,"42,226",용산구,10,0,23,46.29,"40,215",,420,11170,36
78,,2005,,,2021,한강현대하이엘,한강로2가,"21,000",용산구,10,20,25,40.28,,,2-36,11170,5
79,,2004,,,2021,한강로 대우아이빌,한강로2가,"23,100",용산구,10,0,25,33.54,,,2-11,11170,4
80,,2004,신규,21.11~23.11,2021,대우디오빌한강로오피스텔,한강로2가,"23,100",용산구,10,0,25,33.95,,,312-4,11170,9
81,,2017,신규,21.10~22.10,2021,용산푸르지오써밋,한강로2가,"2,000",용산구,10,120,25,24.6,,,420,11170,36
82,,2017,신규,21.10~22.10,2021,용산푸르지오써밋,한강로2가,"38,000",용산구,10,0,27,25.65,,,420,11170,19
83,사용,2017,갱신,21.11~23.11,2021,용산푸르지오써밋,한강로2가,"2,000",용산구,10,100,29,27.75,"2,000",95,420,11170,29
84,,2005,갱신,21.12~23.12,2021,한강로벽산메가트리움,한강로2가,"23,100",용산구,10,0,29,29.54,"22,000",,2-8,11170,14
85,,2017,신규,21.11~23.11,2021,용산푸르지오써밋,한강로2가,"37,000",용산구,10,0,29,26.7,,,420,11170,17
86,,2017,신규,21.12~22.12,2021,용산푸르지오써밋,한강로2가,"15,000",용산구,10,140,30,45.66,,,420,11170,29
87,,2017,신규,21.11~22.01,2021,용산푸르지오써밋,한강로2가,"36,476",용산구,10,0,30,35.47,,,420,11170,19
88,,2017,신규,22.01~24.01,2021,용산푸르지오써밋,한강로2가,"38,300",용산구,10,0,30,35.47,,,420,11170,19
89,사용,2004,갱신,21.12~23.12,2021,대우디오빌한강로오피스텔,한강로2가,"23,100",용산구,10,0,31,32.85,"22,000",,312-4,11170,17
90,사용,2007,갱신,21.10~22.10,2021,용산 시티파크(63-387),한강로3가,"42,990",용산구,10,0,2,51.81,"40,950",,63-387,11170,2
91,,2006,신규,,2021,지에스 한강에클라스,한강로3가,"1,000",용산구,10,70,29,35.06,,,16-85,11170,5
0,,2004,,,2021,갈월동 에이트리움,갈월동,"1,000",용산구,11,75,4,30.97,,,101-49,11170,6
1,,2004,신규,21.12~22.12,2021,갈월동 에이트리움,갈월동,"12,000",용산구,11,0,11,30.97,,,101-49,11170,21
2,,2004,,,2021,그린빌파크,갈월동,"1,000",용산구,11,55,29,23.01,,,53-19,11170,3
3,,2015,신규,21.11~22.12,2021,트윈시티 남산,동자동,"6,000",용산구,11,60,1,21.52,,,56,11170,13
4,,2015,신규,21.11~23.11,2021,트윈시티 남산,동자동,"29,950",용산구,11,0,2,28.33,,,56,11170,22
5,,2015,신규,21.11~22.11,2021,트윈시티 남산,동자동,"1,000",용산구,11,105,4,27.42,,,56,11170,13
6,,2015,신규,21.11~22.11,2021,트윈시티 남산,동자동,"2,000",용산구,11,120,5,29.61,,,56,11170,11
7,,2015,신규,21.11~23.11,2021,트윈시티 남산,동자동,"1,000",용산구,11,90,6,21.71,,,56,11170,20
8,,2015,신규,21.11~23.11,2021,트윈시티 남산,동자동,"5,000",용산구,11,95,6,27.42,,,56,11170,27
9,,2015,,,2021,트윈시티 남산,동자동,"1,000",용산구,11,100,8,27.42,,,56,11170,16
10,,2015,,,2021,트윈시티 남산,동자동,"2,000",용산구,11,80,13,21.71,,,56,11170,5
11,,2015,신규,22.01~24.01,2021,트윈시티 남산,동자동,"28,000",용산구,11,0,15,27.42,,,56,11170,13
12,,2015,신규,21.12~22.11,2021,트윈시티 남산,동자동,"1,000",용산구,11,100,16,27.42,,,56,11170,6
13,,2015,,,2021,트윈시티 남산,동자동,"25,000",용산구,11,0,16,21.51,,,56,11170,28
14,,2013,,,2021,센트레빌아스테리움서울,동자동,"45,000",용산구,11,0,20,47.39,,,45,11170,14
15,,2015,신규,21.12~22.12,2021,트윈시티 남산,동자동,"27,000",용산구,11,0,20,21.71,,,56,11170,27
16,,2015,,,2021,트윈시티 남산,동자동,"29,000",용산구,11,0,22,27.42,,,56,11170,9
17,,2015,신규,21.12~22.12,2021,트윈시티 남산,동자동,"1,000",용산구,11,90,24,21.52,,,56,11170,27
18,,2015,,,2021,트윈시티 남산,동자동,"5,000",용산구,11,110,27,29.61,,,56,11170,22
19,,2015,신규,21.11~22.11,2021,트윈시티 남산,동자동,"5,000",용산구,11,75,29,21.71,,,56,11170,8
20,,2020,신규,21.12~23.12,2021,용산 다올 노블리움,청파동3가,"18,900",용산구,11,0,6,18.09,,,80-6,11170,7
21,,2020,,,2021,용산 다올 노블리움,청파동3가,"20,500",용산구,11,0,19,18.14,,,80-6,11170,13
22,,2020,신규,21.12~23.12,2021,용산 다올 노블리움,청파동3가,"19,955",용산구,11,0,21,18.09,,,80-6,11170,13
23,,2020,,,2021,용산 다올 노블리움,청파동3가,"24,000",용산구,11,35,29,37.47,,,80-6,11170,14
24,,2021,신규,21.11~22.11,2021,오피스텔 채원,원효로1가,"1,000",용산구,11,90,1,23.76,,,119-13,11170,8
25,,2021,신규,21.12~22.12,2021,오피스텔 채원,원효로1가,"1,000",용산구,11,80,2,19.54,,,119-13,11170,17
26,,2021,신규,21.12~22.12,2021,오피스텔 채원,원효로1가,"1,000",용산구,11,70,3,19.19,,,119-13,11170,4
27,,2021,신규,22.01~23.01,2021,오피스텔 채원,원효로1가,"1,000",용산구,11,90,3,23.76,,,119-13,11170,5
28,,2021,신규,21.12~23.12,2021,오피스텔 채원,원효로1가,"1,000",용산구,11,100,3,26.6,,,119-13,11170,2
29,,2021,신규,21.11~23.11,2021,오피스텔 채원,원효로1가,"1,000",용산구,11,77,9,19.54,,,119-13,11170,15
30,,2004,신규,21.11~22.11,2021,디아뜨 센트럴,원효로1가,"1,000",용산구,11,60,9,25.19,,,112-4,11170,8
31,,2004,신규,21.12~23.12,2021,디아뜨 센트럴,원효로1가,"16,000",용산구,11,0,10,25.5,,,112-4,11170,15
32,,2021,신규,21.11~22.11,2021,오피스텔 채원,원효로1가,"1,000",용산구,11,90,10,23.76,,,119-13,11170,6
33,,2021,신규,21.11~22.11,2021,오피스텔 채원,원효로1가,"1,000",용산구,11,65,10,14.4,,,119-13,11170,11
34,사용,2004,갱신,21.12~23.12,2021,디아뜨 센트럴,원효로1가,"16,100",용산구,11,0,13,25.5,"15,500",,112-4,11170,7
35,,2017,신규,22.01~24.01,2021,용산1차휴먼타운,원효로1가,"29,700",용산구,11,0,13,33.61,,,120-20,11170,8
36,,2021,신규,21.12~22.12,2021,오피스텔 채원,원효로1가,"23,000",용산구,11,0,17,19.19,,,119-13,11170,5
37,,2021,신규,21.11~23.11,2021,오피스텔 채원,원효로1가,"1,000",용산구,11,80,19,19.54,,,119-13,11170,10
38,사용,2004,갱신,21.11~23.11,2021,디아뜨 센트럴,원효로1가,"14,150",용산구,11,0,20,25.19,"13,500",,112-4,11170,9
39,,2021,신규,21.11~22.11,2021,오피스텔 채원,원효로1가,"1,000",용산구,11,65,21,14.4,,,119-13,11170,10
40,,2004,신규,21.12~22.11,2021,디아뜨 센트럴,원효로1가,"1,000",용산구,11,60,22,25.19,,,112-4,11170,6
41,,2004,신규,21.11~22.11,2021,디아뜨 센트럴,원효로1가,"1,000",용산구,11,60,27,25.5,,,112-4,11170,5
42,사용,2004,갱신,,2021,디아뜨 센트럴,원효로1가,"15,200",용산구,11,0,29,25.19,"14,500",,112-4,11170,4
43,,2019,신규,21.11~23.11,2021,하람 휴,원효로1가,"33,000",용산구,11,0,30,29.56,,,28-10,11170,7
44,,2013,갱신,21.11~22.11,2021,용산큐브,문배동,"18,900",용산구,11,0,2,17.46,"18,900",,24-4,11170,11
45,,2007,신규,21.11~22.11,2021,용산아크로타워,문배동,"1,000",용산구,11,110,2,38.37,,,24-21,11170,2
46,,2013,신규,21.11~23.11,2021,용산큐브,문배동,"17,000",용산구,11,5,3,17.46,,,24-4,11170,5
47,,2015,신규,21.11~23.11,2021,용산KCC웰츠타워,문배동,"27,000",용산구,11,0,4,29.9,,,11-10,11170,8
48,,2013,신규,21.12~23.12,2021,용산큐브,문배동,"18,690",용산구,11,0,5,17.46,,,24-4,11170,10
49,,2007,신규,21.12~23.12,2021,용산아크로타워,문배동,"35,000",용산구,11,0,6,38.37,,,24-21,11170,2
50,,2015,신규,21.11~22.11,2021,용산KCC웰츠타워,문배동,"2,000",용산구,11,80,8,28.66,,,11-10,11170,5
51,,2007,신규,21.12~22.12,2021,용산아크로타워,문배동,"25,000",용산구,11,0,8,28.72,,,24-21,11170,9
52,,2015,신규,21.11~22.11,2021,용산KCC웰츠타워,문배동,"1,000",용산구,11,84,10,29.32,,,11-10,11170,5
53,사용,2017,갱신,22.01~24.01,2021,용산 리브,문배동,"30,135",용산구,11,0,13,36.06,"28,700",,10-3,11170,4
54,,2015,신규,21.12~23.11,2021,용산KCC웰츠타워,문배동,"35,000",용산구,11,0,15,38.95,,,11-10,11170,4
55,,2015,신규,21.12~22.11,2021,용산KCC웰츠타워,문배동,"1,000",용산구,11,90,17,31.37,,,11-10,11170,6
56,,2013,신규,22.01~24.01,2021,용산큐브,문배동,"18,500",용산구,11,0,19,17.46,,,24-4,11170,9
57,,2015,신규,21.11~22.11,2021,용산KCC웰츠타워,문배동,"1,000",용산구,11,85,20,29.69,,,11-10,11170,4
58,,2013,신규,21.11~23.11,2021,용산큐브,문배동,"2,000",용산구,11,60,20,17.46,,,24-4,11170,3
59,,2015,신규,,2021,용산KCC웰츠타워,문배동,"30,000",용산구,11,0,22,37.48,,,11-10,11170,6
60,,2015,신규,22.01~24.01,2021,용산KCC웰츠타워,문배동,"32,000",용산구,11,0,24,37.24,,,11-10,11170,6
61,,2013,신규,21.12~23.12,2021,용산큐브,문배동,"17,850",용산구,11,0,24,17.46,,,24-4,11170,8
62,,2015,신규,21.12~22.12,2021,용산KCC웰츠타워,문배동,"1,000",용산구,11,85,27,29.69,,,11-10,11170,5
63,,2007,신규,22.01~24.01,2021,용산아크로타워,문배동,"20,000",용산구,11,70,30,38.37,,,24-21,11170,7
64,,2005,신규,21.11~22.11,2021,용산파크자이,한강로1가,"6,000",용산구,11,80,4,36.13,,,50-1,11170,8
65,,2005,신규,21.12~23.12,2021,용산파크자이,한강로1가,"23,625",용산구,11,0,6,28.46,,,50-1,11170,4
66,,2005,,,2021,용산파크자이,한강로1가,"31,500",용산구,11,0,6,42.39,,,50-1,11170,17
67,,2005,신규,21.11~23.11,2021,용산파크자이,한강로1가,"36,500",용산구,11,0,9,42.99,,,50-1,11170,3
68,사용,2005,갱신,21.11~22.11,2021,용산파크자이,한강로1가,"24,000",용산구,11,0,10,28.46,"23,000",,50-1,11170,10
69,,2005,신규,21.11~22.11,2021,용산파크자이,한강로1가,"1,000",용산구,11,130,10,50.8,,,50-1,11170,11
70,,2005,,,2021,용산파크자이,한강로1가,"1,000",용산구,11,89,11,33.46,,,50-1,11170,3
71,,2005,신규,21.12~23.12,2021,용산파크자이,한강로1가,"5,000",용산구,11,95,13,39.03,,,50-1,11170,20
72,사용,2005,갱신,,2021,용산파크자이,한강로1가,"75,000",용산구,11,10,15,42.39,"75,000",,50-1,11170,5
73,사용,2005,갱신,22.01~24.01,2021,용산파크자이,한강로1가,"29,400",용산구,11,0,17,37.26,"28,000",,50-1,11170,7
74,,2005,신규,21.12~23.12,2021,용산파크자이,한강로1가,"1,000",용산구,11,115,20,39.25,,,50-1,11170,28
75,,2005,,,2021,용산파크자이,한강로1가,"34,650",용산구,11,0,20,39.03,,,50-1,11170,16
76,,2005,신규,21.12~23.12,2021,용산파크자이,한강로1가,"15,000",용산구,11,65,20,37.26,,,50-1,11170,24
77,,2005,신규,22.01~24.01,2021,용산파크자이,한강로1가,"35,000",용산구,11,0,27,37.26,,,50-1,11170,33
78,,2005,신규,22.01~24.01,2021,용산파크자이,한강로1가,"36,000",용산구,11,0,29,52.58,,,50-1,11170,6
79,,2005,신규,21.12~23.12,2021,용산파크자이,한강로1가,"30,000",용산구,11,0,30,31.83,,,50-1,11170,17
80,,2017,신규,21.11~23.11,2021,용산푸르지오써밋,한강로2가,"20,000",용산구,11,45,1,26.7,,,420,11170,20
81,사용,2017,갱신,21.12~22.12,2021,용산푸르지오써밋,한강로2가,"1,000",용산구,11,126,2,29.85,"1,000",120,420,11170,34
82,,2017,갱신,21.11~22.07,2021,용산푸르지오써밋,한강로2가,"2,000",용산구,11,97,2,29.74,"2,000",93,420,11170,21
83,,2017,,,2021,용산푸르지오써밋,한강로2가,"58,000",용산구,11,0,2,44.7,,,420,11170,17
84,,2017,신규,21.11~23.11,2021,용산푸르지오써밋,한강로2가,"15,000",용산구,11,90,3,29.85,,,420,11170,17
85,,,신규,21.11~22.11,2021,래미안 용산 더 센트럴,한강로2가,"2,000",용산구,11,190,5,51.84,,,422,11170,17
86,,2017,,,2021,용산푸르지오써밋,한강로2가,"30,388",용산구,11,0,5,25.65,,,420,11170,29
87,,2004,신규,21.12~23.12,2021,한강로 대우아이빌,한강로2가,"23,000",용산구,11,0,6,33.54,,,2-11,11170,4
88,,2017,갱신,22.01~23.01,2021,용산푸르지오써밋,한강로2가,"2,000",용산구,11,116,6,27.75,"2,000",110,420,11170,32
89,,2017,신규,21.12~23.12,2021,용산푸르지오써밋,한강로2가,"60,000",용산구,11,0,6,44.7,,,420,11170,18
90,사용,2017,갱신,21.11~23.11,2021,용산푸르지오써밋,한강로2가,"10,500",용산구,11,98,6,48.43,"10,000",93,420,11170,17
91,,2017,신규,21.11~22.11,2021,용산푸르지오써밋,한강로2가,"2,000",용산구,11,135,9,42.64,,,420,11170,36
92,,2017,,,2021,용산푸르지오써밋,한강로2가,"3,500",용산구,11,109,10,45.66,,,420,11170,34
93,사용,2017,갱신,21.12~22.10,2021,용산푸르지오써밋,한강로2가,"20,000",용산구,11,56,11,35.47,"20,000",51,420,11170,30
94,,2012,신규,21.12~23.12,2021,위너스타워,한강로2가,"14,000",용산구,11,0,12,30.45,,,2-132,11170,7
95,사용,2004,갱신,21.11~23.11,2021,대우디오빌한강로오피스텔,한강로2가,"13,800",용산구,11,17,12,33.95,"15,000",12,312-4,11170,6
96,,2004,신규,21.11~22.11,2021,한강로 대우아이빌,한강로2가,"1,000",용산구,11,75,18,35.28,,,2-11,11170,9
97,,2004,신규,21.11~22.11,2021,대우디오빌한강로오피스텔,한강로2가,"1,000",용산구,11,68,19,22.05,,,312-4,11170,3
98,,2004,신규,21.12~23.12,2021,한강로 대우아이빌,한강로2가,"15,000",용산구,11,25,20,33.54,,,2-11,11170,2
99,,2017,신규,21.11~22.11,2021,용산푸르지오써밋,한강로2가,"1,000",용산구,11,120,22,27.52,,,420,11170,27
100,,2017,갱신,21.12~22.12,2021,용산푸르지오써밋,한강로2가,"1,000",용산구,11,109,22,26.7,"1,000",104,420,11170,31
101,,2017,신규,21.12~22.12,2021,용산푸르지오써밋,한강로2가,"2,000",용산구,11,180,23,44.7,,,420,11170,33
102,,2017,신규,22.01~24.01,2021,용산푸르지오써밋,한강로2가,"57,000",용산구,11,0,27,46.29,,,420,11170,31
103,,2017,신규,21.12~23.12,2021,용산푸르지오써밋,한강로2가,"40,000",용산구,11,0,28,29.85,,,420,11170,19
104,,2017,신규,21.12~23.12,2021,용산푸르지오써밋,한강로2가,"40,000",용산구,11,0,29,26.7,,,420,11170,24
105,,2017,갱신,21.11~22.11,2021,용산푸르지오써밋,한강로2가,"38,202",용산구,11,0,29,44.7,"36,383",,420,11170,26
106,사용,2004,갱신,21.12~23.12,2021,대우디오빌한강로오피스텔,한강로2가,"22,000",용산구,11,0,29,29.66,"21,000",,312-4,11170,8
107,,2017,신규,22.01~23.01,2021,용산푸르지오써밋,한강로2가,"44,000",용산구,11,0,30,46.29,,,420,11170,30
108,,2005,신규,22.01~24.01,2021,한강로벽산메가트리움,한강로2가,"28,000",용산구,11,0,30,29.54,,,2-8,11170,12
109,,2017,신규,21.11~22.11,2021,용산푸르지오써밋,한강로2가,"3,000",용산구,11,130,30,27.75,,,420,11170,17
110,,2004,신규,21.11~23.11,2021,한강대우트럼프월드3,한강로3가,"26,000",용산구,11,0,3,25.52,,,65-230,11170,29
111,,2006,신규,21.11~22.11,2021,지에스 한강에클라스,한강로3가,"1,000",용산구,11,70,8,35.06,,,16-85,11170,3
112,,2006,신규,21.11~22.11,2021,지에스 한강에클라스,한강로3가,"1,000",용산구,11,75,12,40.86,,,16-85,11170,5
113,,2004,신규,21.12~22.12,2021,한강대우트럼프월드3,한강로3가,"2,000",용산구,11,180,25,49.66,,,65-230,11170,16
114,,2004,,,2021,한강대우트럼프월드3,한강로3가,"30,000",용산구,11,0,27,30.91,,,65-230,11170,7
115,,2004,신규,22.01~24.01,2021,한강대우트럼프월드3,한강로3가,"32,000",용산구,11,0,28,30.91,,,65-230,11170,30
0,사용,1990,갱신,21.12~22.12,2021,(339-4),후암동,"10,500",용산구,12,0,19,34.38,"10,000",,339-4,11170,6
1,,2004,,,2021,갈월동 에이트리움,갈월동,80,용산구,12,80,8,30.97,,,101-49,11170,20
2,,2004,신규,22.01~24.01,2021,갈월동 에이트리움,갈월동,"22,000",용산구,12,0,10,34.21,,,101-49,11170,16
3,,2004,,,2021,갈월동 에이트리움,갈월동,"1,000",용산구,12,75,13,31.1,,,101-49,11170,18
4,,2004,신규,21.12~22.12,2021,갈월동 에이트리움,갈월동,"1,000",용산구,12,75,16,30.97,,,101-49,11170,15
5,,2015,신규,21.12~22.12,2021,트윈시티 남산,동자동,"1,000",용산구,12,85,4,21.71,,,56,11170,7
6,,2015,신규,21.12~23.12,2021,트윈시티 남산,동자동,"15,000",용산구,12,55,4,21.71,,,56,11170,14
7,,2015,신규,21.12~22.12,2021,트윈시티 남산,동자동,"30,000",용산구,12,0,4,27.42,,,56,11170,24
8,,2015,,,2021,트윈시티 남산,동자동,"2,000",용산구,12,85,4,21.71,,,56,11170,17
9,,2015,신규,21.12~22.12,2021,트윈시티 남산,동자동,"1,000",용산구,12,90,5,21.71,,,56,11170,20
10,,2013,신규,22.01~24.01,2021,센트레빌아스테리움서울,동자동,"80,000",용산구,12,0,6,102.31,,,45,11170,14
11,,2015,신규,21.12~22.12,2021,트윈시티 남산,동자동,"5,000",용산구,12,110,7,29.61,,,56,11170,25
12,,2013,,,2021,센트레빌아스테리움서울,동자동,"45,000",용산구,12,0,9,47.39,,,45,11170,14
13,,2015,,,2021,트윈시티 남산,동자동,"1,000",용산구,12,88,11,21.52,,,56,11170,20
14,,2015,신규,21.12~22.12,2021,트윈시티 남산,동자동,"1,000",용산구,12,90,11,25.37,,,56,11170,8
15,,2015,,,2021,트윈시티 남산,동자동,"1,000",용산구,12,95,14,25.43,,,56,11170,15
16,,2015,신규,22.01~24.01,2021,트윈시티 남산,동자동,"10,000",용산구,12,70,15,28.33,,,56,11170,21
17,,2013,갱신,22.02~24.02,2021,센트레빌아스테리움서울,동자동,"44,100",용산구,12,0,18,78.13,"42,000",,45,11170,4
18,,2015,,,2021,트윈시티 남산,동자동,"24,000",용산구,12,0,22,21.71,,,56,11170,10
19,,2015,신규,22.01~23.01,2021,트윈시티 남산,동자동,"2,000",용산구,12,130,28,29.61,,,56,11170,14
20,,2004,,,2021,서울역풍림아이원플러스,서계동,"10,000",용산구,12,40,4,30.02,,,219-17,11170,13
21,,2004,신규,22.01~23.01,2021,서울역풍림아이원플러스,서계동,"5,000",용산구,12,60,27,30.02,,,219-17,11170,5
22,,2004,신규,22.01~24.01,2021,서울역풍림아이원플러스,서계동,"22,000",용산구,12,0,29,28.11,,,219-17,11170,10
23,,2020,신규,22.02~24.02,2021,용산 다올 노블리움,청파동3가,"20,300",용산구,12,0,5,18.04,,,80-6,11170,11
24,,2020,신규,22.01~24.01,2021,용산 다올 노블리움,청파동3가,"18,500",용산구,12,0,17,18.09,,,80-6,11170,5
25,사용,2020,갱신,22.02~24.02,2021,용산 다올 노블리움,청파동3가,"25,200",용산구,12,0,20,27.58,"24,000",,80-6,11170,9
26,사용,2020,갱신,22.02~24.02,2021,용산 다올 노블리움,청파동3가,"18,900",용산구,12,0,29,18.09,"18,000",,80-6,11170,15
27,,2020,신규,22.02~24.02,2021,용산 다올 노블리움,청파동3가,"19,100",용산구,12,0,29,18.14,,,80-6,11170,4
28,,2021,신규,21.12~22.12,2021,오피스텔 채원,원효로1가,"5,000",용산구,12,70,1,24.05,,,119-13,11170,14
29,사용,2004,갱신,22.01~24.01,2021,디아뜨 센트럴,원효로1가,"7,000",용산구,12,35,8,25.5,"1,000",59,112-4,11170,5
30,,2021,신규,22.01~23.01,2021,오피스텔 채원,원효로1가,"1,000",용산구,12,85,10,24.05,,,119-13,11170,13
31,,2021,신규,21.12~23.12,2021,오피스텔 채원,원효로1가,"15,000",용산구,12,45,10,24.05,,,119-13,11170,12
32,,2019,신규,21.12~23.12,2021,하람 휴,원효로1가,"29,000",용산구,12,0,13,27.27,,,28-10,11170,2
33,,2021,신규,21.12~22.12,2021,오피스텔 채원,원효로1가,"1,000",용산구,12,65,13,14.4,,,119-13,11170,16
34,,2018,신규,21.12~22.12,2021,용산2차휴먼타운,원효로1가,"26,200",용산구,12,0,20,29.94,,,120-22,11170,5
35,,2021,신규,21.12~22.12,2021,오피스텔 채원,원효로1가,"1,000",용산구,12,90,21,24.05,,,119-13,11170,11
36,,2021,신규,22.02~23.02,2021,오피스텔 채원,원효로1가,"1,000",용산구,12,65,22,14.4,,,119-13,11170,15
37,,2021,신규,21.12~22.12,2021,오피스텔 채원,원효로1가,500,용산구,12,87,23,22.22,,,119-13,11170,11
38,,2004,신규,21.12~22.12,2021,디아뜨 센트럴,원효로1가,"1,000",용산구,12,60,23,25.19,,,112-4,11170,15
39,,2021,신규,22.01~24.01,2021,오피스텔 채원,원효로1가,"27,000",용산구,12,0,23,23.76,,,119-13,11170,4
40,,2019,신규,22.02~24.02,2021,하람 휴,원효로1가,"32,000",용산구,12,0,24,29.56,,,28-10,11170,2
41,,2004,신규,22.01~24.01,2021,디아뜨 센트럴,원효로1가,"16,000",용산구,12,0,24,25.19,,,112-4,11170,15
42,,2021,,,2021,오피스텔 채원,원효로1가,"1,000",용산구,12,85,24,22.22,,,119-13,11170,15
43,,2021,신규,21.12~22.12,2021,오피스텔 채원,원효로1가,"1,000",용산구,12,85,24,19.54,,,119-13,11170,11
44,,2021,신규,22.01~24.01,2021,오피스텔 채원,원효로1가,"1,000",용산구,12,65,26,14.4,,,119-13,11170,13
45,,2021,신규,21.12~22.12,2021,오피스텔 채원,원효로1가,"1,000",용산구,12,90,27,24.05,,,119-13,11170,9
46,,2017,신규,22.02~23.02,2021,용산1차휴먼타운,원효로1가,"29,700",용산구,12,0,28,33.61,,,120-20,11170,6
47,,2021,신규,22.01~23.01,2021,오피스텔 채원,원효로1가,"3,500",용산구,12,78,31,22.22,,,119-13,11170,10
48,,2020,신규,21.12~23.12,2021,용산파크뷰II,원효로3가,"26,000",용산구,12,0,3,24.67,,,130-1,11170,4
49,,2021,신규,21.12~24.03,2021,용산 클라우드 나인 오피스텔,원효로3가,100,용산구,12,33,14,17.08,,,277-13,11170,5
50,,2021,,,2021,용산 클라우드 나인 오피스텔,원효로3가,100,용산구,12,37,14,18.91,,,277-13,11170,8
51,,2021,,,2021,용산 클라우드 나인 오피스텔,원효로3가,100,용산구,12,36,14,18.73,,,277-13,11170,8
52,,2021,,,2021,용산 클라우드 나인 오피스텔,원효로3가,100,용산구,12,36,14,18.73,,,277-13,11170,7
53,,2021,신규,21.12~24.03,2021,용산 클라우드 나인 오피스텔,원효로3가,100,용산구,12,33,14,17.08,,,277-13,11170,6
54,,2021,,,2021,용산 클라우드 나인 오피스텔,원효로3가,100,용산구,12,33,14,17.08,,,277-13,11170,6
55,,2021,신규,21.12~24.03,2021,용산 클라우드 나인 오피스텔,원효로3가,100,용산구,12,33,14,17.08,,,277-13,11170,8
56,,2021,신규,21.12~24.03,2021,용산 클라우드 나인 오피스텔,원효로3가,100,용산구,12,35,14,18.73,,,277-13,11170,3
57,,2021,신규,21.12~24.03,2021,용산 클라우드 나인 오피스텔,원효로3가,100,용산구,12,37,14,18.91,,,277-13,11170,6
58,,2021,신규,22.02~24.02,2021,금강프라임 타워,원효로3가,"30,000",용산구,12,0,24,40.81,,,43-1,11170,4
59,,2021,신규,21.12~24.03,2021,용산 클라우드 나인 오피스텔,원효로3가,100,용산구,12,32,29,17.08,,,277-13,11170,3
60,,2021,신규,21.12~24.03,2021,용산 클라우드 나인 오피스텔,원효로3가,100,용산구,12,32,29,17.08,,,277-13,11170,4
61,,2021,,,2021,용산 클라우드 나인 오피스텔,원효로3가,100,용산구,12,32,29,17.08,,,277-13,11170,4
62,,2021,신규,21.12~24.03,2021,용산 클라우드 나인 오피스텔,원효로3가,100,용산구,12,32,29,17.08,,,277-13,11170,4
63,,2015,신규,22.01~24.01,2021,용산KCC웰츠타워,문배동,"32,000",용산구,12,0,4,38.46,,,11-10,11170,5
64,사용,2005,갱신,21.12~23.12,2021,이안 용산1차(11-14),문배동,"38,850",용산구,12,0,8,61.06,"37,000",,11-14,11170,3
65,,2012,신규,22.01~24.01,2021,프라임펠리스,문배동,"23,000",용산구,12,0,9,27.83,,,24-8,11170,6
66,,2012,,,2021,프라임펠리스,문배동,"16,000",용산구,12,0,10,18.55,,,24-8,11170,7
67,,2007,신규,22.01~24.01,2021,용산씨제이나인파크,문배동,"3,000",용산구,12,165,13,68.41,,,24-6,11170,3
68,,2015,,,2021,용산KCC웰츠타워,문배동,"1,000",용산구,12,85,13,29.11,,,11-10,11170,7
69,,2012,신규,21.12~23.12,2021,프라임펠리스,문배동,"23,000",용산구,12,0,15,27.83,,,24-8,11170,5
70,,2012,신규,21.12~22.12,2021,프라임펠리스,문배동,"16,400",용산구,12,0,15,18.55,,,24-8,11170,4
71,,2013,신규,22.01~24.01,2021,용산큐브,문배동,"18,900",용산구,12,0,15,17.46,,,24-4,11170,7
72,,2005,,,2021,이안 용산1차(11-29),문배동,"1,000",용산구,12,75,18,30.04,,,11-29,11170,4
73,,2005,신규,22.01~24.01,2021,이안 용산1차(11-29),문배동,"22,000",용산구,12,0,20,30.04,,,11-29,11170,15
74,,2013,,22.01~23.01,2021,용산큐브,문배동,"16,000",용산구,12,15,22,17.46,,,24-4,11170,13
75,,2005,신규,22.02~24.02,2021,이안 용산1차(11-14),문배동,"25,000",용산구,12,90,22,63.2,,,11-14,11170,8
76,,2015,신규,21.12~22.12,2021,용산KCC웰츠타워,문배동,"1,000",용산구,12,95,23,30.2,,,11-10,11170,5
77,사용,2005,갱신,22.01~24.01,2021,이안 용산1차(11-14),문배동,"39,900",용산구,12,0,23,61.06,"38,000",,11-14,11170,9
78,,2013,,,2021,용산큐브,문배동,"17,800",용산구,12,0,28,17.46,,,24-4,11170,13
79,,2007,신규,22.02~24.02,2021,이안용산프리미어,문배동,"60,000",용산구,12,0,28,66.53,,,3-3,11170,3
80,,2004,신규,22.01~24.01,2021,삼라마이다스빌,문배동,"1,000",용산구,12,65,28,25.11,,,40-19,11170,7
81,,2017,,22.02~24.02,2021,용산 리브,문배동,"32,800",용산구,12,0,29,45.92,,,10-3,11170,10
82,,2005,신규,22.02~22.09,2021,이안 용산1차(11-14),문배동,"49,000",용산구,12,0,31,61.06,,,11-14,11170,14
83,,2012,신규,22.01~24.01,2021,프라임펠리스,문배동,"16,300",용산구,12,0,31,18.55,,,24-8,11170,6
84,사용,2007,갱신,,2021,대우 월드마크 용산,한강로1가,"3,150",용산구,12,252,3,104.29,"3,000",240,64,11170,26
85,,2005,신규,21.12~22.12,2021,용산파크자이,한강로1가,"12,000",용산구,12,64,6,39.03,,,50-1,11170,31
86,사용,2005,갱신,21.12~23.12,2021,용산파크자이,한강로1가,"29,925",용산구,12,0,8,37.26,"28,500",,50-1,11170,7
87,,2005,,,2021,용산파크자이,한강로1가,"31,500",용산구,12,0,11,42.39,,,50-1,11170,9
88,,2007,,,2021,대우 월드마크 용산,한강로1가,"52,500",용산구,12,0,14,79.65,,,64,11170,17
89,,2005,신규,22.02~24.02,2021,용산파크자이,한강로1가,"30,000",용산구,12,0,15,31.83,,,50-1,11170,29
90,,2005,신규,22.01~22.04,2021,용산파크자이,한강로1가,"1,000",용산구,12,88,18,36.13,,,50-1,11170,5
91,,2005,신규,22.01~24.01,2021,용산파크자이,한강로1가,"20,000",용산구,12,20,22,39.03,,,50-1,11170,22
92,,2005,,,2021,용산파크자이,한강로1가,"30,450",용산구,12,0,23,37.26,,,50-1,11170,10
93,사용,2005,갱신,22.02~24.02,2021,한강로벽산메가트리움,한강로2가,"23,500",용산구,12,0,1,29.54,"23,000",,2-8,11170,6
94,,2017,갱신,22.01~23.01,2021,용산푸르지오써밋,한강로2가,"2,000",용산구,12,129,2,35.47,"2,000",117,420,11170,27
95,,2005,갱신,21.12~22.12,2021,한강현대하이엘,한강로2가,"22,000",용산구,12,0,2,40.28,"21,000",,2-36,11170,4
96,,2017,신규,21.12~23.12,2021,용산푸르지오써밋,한강로2가,"37,000",용산구,12,0,3,26.7,,,420,11170,21
97,,2004,신규,21.12~22.12,2021,대우디오빌한강로오피스텔,한강로2가,"15,000",용산구,12,35,6,36.69,,,312-4,11170,3
98,,2017,신규,22.01~24.01,2021,용산푸르지오써밋,한강로2가,"35,000",용산구,12,0,8,26.7,,,420,11170,26
99,,2017,신규,21.12~22.12,2021,용산푸르지오써밋,한강로2가,"2,000",용산구,12,120,8,26.7,,,420,11170,21
100,,2017,신규,21.12~22.12,2021,용산푸르지오써밋,한강로2가,"3,000",용산구,12,120,8,27.64,,,420,11170,19
101,사용,2017,갱신,22.01~24.01,2021,용산푸르지오써밋,한강로2가,"42,735",용산구,12,0,9,40.81,"40,700",,420,11170,21
102,,2005,,,2021,한강로벽산메가트리움,한강로2가,"29,000",용산구,12,0,10,29.54,,,2-8,11170,12
103,,2017,신규,22.01~23.01,2021,용산푸르지오써밋,한강로2가,"1,000",용산구,12,98,11,25.65,,,420,11170,35
104,,2005,,,2021,한강현대하이엘,한강로2가,"22,050",용산구,12,0,11,42.32,,,2-36,11170,13
105,,2017,신규,,2021,용산푸르지오써밋,한강로2가,"1,000",용산구,12,93,11,25.65,,,420,11170,35
106,,2017,,,2021,용산푸르지오써밋,한강로2가,"36,000",용산구,12,0,13,26.7,,,420,11170,28
107,,2004,갱신,21.12~23.12,2021,대우디오빌한강로오피스텔,한강로2가,"20,000",용산구,12,2,14,33.95,"20,000",,312-4,11170,14
108,,2017,신규,22.01~23.01,2021,용산푸르지오써밋,한강로2가,"2,000",용산구,12,180,15,45.66,,,420,11170,19
109,,2017,신규,21.12~22.12,2021,용산푸르지오써밋,한강로2가,"55,000",용산구,12,0,17,44.89,,,420,11170,26
110,,,신규,22.02~23.02,2021,래미안 용산 더 센트럴,한강로2가,"1,000",용산구,12,139,21,42.5,,,422,11170,13
111,,2017,신규,22.01~23.01,2021,용산푸르지오써밋,한강로2가,"2,000",용산구,12,130,21,29.85,,,420,11170,17
112,,2017,신규,22.01~23.01,2021,용산푸르지오써밋,한강로2가,"2,000",용산구,12,160,22,40.81,,,420,11170,35
113,,2017,신규,21.12~22.12,2021,용산푸르지오써밋,한강로2가,"2,000",용산구,12,120,23,25.65,,,420,11170,30
114,사용,2004,갱신,22.02~24.02,2021,대우디오빌한강로오피스텔,한강로2가,"24,150",용산구,12,0,24,33.95,"23,000",,312-4,11170,15
115,,2005,신규,21.12~22.12,2021,한강현대하이엘,한강로2가,"1,000",용산구,12,74,25,30.03,,,2-36,11170,7
116,,2004,,,2021,한강로 대우아이빌,한강로2가,"22,000",용산구,12,0,28,37.85,,,2-11,11170,5
117,,2004,신규,22.01~24.01,2021,한강로 대우아이빌,한강로2가,"24,000",용산구,12,0,28,35.28,,,2-11,11170,5
118,,2017,신규,22.01~24.01,2021,용산푸르지오써밋,한강로2가,"21,000",용산구,12,90,31,35.47,,,420,11170,20
119,,2004,신규,21.12~22.12,2021,한강대우트럼프월드3,한강로3가,"7,000",용산구,12,50,2,25.59,,,65-230,11170,23
120,사용,2007,갱신,22.01~24.01,2021,용산 시티파크(63-389),한강로3가,"47,250",용산구,12,0,2,58.49,"45,000",,63-389,11170,4
121,,2007,신규,22.01~24.01,2021,용산 시티파크(63-387),한강로3가,"47,250",용산구,12,0,4,60.48,,,63-387,11170,4
122,사용,2004,갱신,22.02~24.02,2021,한강대우트럼프월드3,한강로3가,"7,000",용산구,12,85,10,39.7,"7,000",80,65-230,11170,21
123,사용,2007,갱신,22.01~24.01,2021,용산 시티파크(63-387),한강로3가,"44,100",용산구,12,0,18,51.81,"42,000",,63-387,11170,3
124,,2006,신규,22.01~22.12,2021,지에스 한강에클라스,한강로3가,"1,000",용산구,12,70,30,35.06,,,16-85,11170,6
125,,2021,신규,22.03~24.03,2021,디케이밸리뷰한남,한남동,"52,000",용산구,12,0,15,33.01,,,113-2,11170,7
126,,2003,신규,22.02~23.02,2021,디에스오피스텔,한남동,"20,000",용산구,12,50,29,37.23,,,257-1,11170,3
0,,1990,신규,22.02~24.02,2022,(339-4),후암동,"11,000",용산구,1,0,21,39.03,,,339-4,11170,2
1,,2004,,,2022,갈월동 에이트리움,갈월동,"21,000",용산구,1,0,4,34.21,,,101-49,11170,6
2,,2004,신규,22.02~23.02,2022,그린빌파크,갈월동,"1,000",용산구,1,65,22,30.03,,,53-19,11170,2
3,,2004,,,2022,갈월동 에이트리움,갈월동,"21,987",용산구,1,0,25,34.11,,,101-49,11170,5
4,,2004,신규,22.02~23.02,2022,갈월동 에이트리움,갈월동,"1,000",용산구,1,75,27,30.97,,,101-49,11170,5
5,,2015,신규,22.01~24.01,2022,트윈시티 남산,동자동,"32,000",용산구,1,0,4,27.42,,,56,11170,26
6,,2015,신규,22.01~23.01,2022,트윈시티 남산,동자동,"3,000",용산구,1,95,7,25.37,,,56,11170,5
7,,2015,,,2022,트윈시티 남산,동자동,"1,000",용산구,1,105,7,27.42,,,56,11170,18
8,,2015,신규,22.01~24.01,2022,트윈시티 남산,동자동,"30,000",용산구,1,0,8,27.42,,,56,11170,10
9,,2015,신규,22.01~23.01,2022,트윈시티 남산,동자동,"1,000",용산구,1,110,8,28.33,,,56,11170,12
10,,2015,,,2022,트윈시티 남산,동자동,"2,000",용산구,1,100,9,28.33,,,56,11170,17
11,,2015,신규,22.02~23.02,2022,트윈시티 남산,동자동,"1,000",용산구,1,90,12,21.71,,,56,11170,5
12,,2015,신규,22.01~24.02,2022,트윈시티 남산,동자동,"6,000",용산구,1,90,14,28.33,,,56,11170,26
13,,2013,,,2022,센트레빌아스테리움서울,동자동,"3,000",용산구,1,230,15,78.21,,,45,11170,5
14,,2015,신규,22.01~23.01,2022,트윈시티 남산,동자동,"1,000",용산구,1,135,15,29.61,,,56,11170,28
15,,2015,,,2022,트윈시티 남산,동자동,"1,000",용산구,1,115,15,27.42,,,56,11170,20
16,,2015,신규,22.02~23.02,2022,트윈시티 남산,동자동,"1,000",용산구,1,130,15,29.95,,,56,11170,27
17,,2015,,,2022,트윈시티 남산,동자동,"2,000",용산구,1,125,16,29.95,,,56,11170,9
18,,2015,,,2022,트윈시티 남산,동자동,"32,000",용산구,1,0,16,28.33,,,56,11170,10
19,,2015,신규,22.03~23.02,2022,트윈시티 남산,동자동,"1,000",용산구,1,90,17,21.71,,,56,11170,15
20,,2015,신규,22.03~23.02,2022,트윈시티 남산,동자동,"1,000",용산구,1,90,17,21.71,,,56,11170,15
21,,2015,신규,22.02~24.02,2022,트윈시티 남산,동자동,"25,500",용산구,1,0,18,21.71,,,56,11170,25
22,,2015,,,2022,트윈시티 남산,동자동,"3,000",용산구,1,121,19,29.95,,,56,11170,28
23,,2015,신규,22.03~23.03,2022,트윈시티 남산,동자동,"2,000",용산구,1,105,20,28.33,,,56,11170,13
24,,2015,,,2022,트윈시티 남산,동자동,"1,000",용산구,1,90,20,21.52,,,56,11170,11
25,,2015,신규,22.02~24.02,2022,트윈시티 남산,동자동,"31,500",용산구,1,0,21,27.69,,,56,11170,26
26,,2015,신규,22.02~24.02,2022,트윈시티 남산,동자동,"32,000",용산구,1,0,22,28.33,,,56,11170,27
27,,2015,신규,22.02~23.02,2022,트윈시티 남산,동자동,"1,000",용산구,1,85,25,21.51,,,56,11170,20
28,,2015,,,2022,트윈시티 남산,동자동,"27,000",용산구,1,0,26,25.48,,,56,11170,12
29,,2015,신규,22.01~23.01,2022,트윈시티 남산,동자동,"1,000",용산구,1,90,27,21.52,,,56,11170,11
30,,2015,신규,22.01~23.01,2022,트윈시티 남산,동자동,"1,000",용산구,1,125,27,29.61,,,56,11170,6
31,,2015,,,2022,트윈시티 남산,동자동,"31,000",용산구,1,0,27,27.42,,,56,11170,10
32,,2015,신규,22.02~23.02,2022,트윈시티 남산,동자동,"5,000",용산구,1,65,28,21.71,,,56,11170,28
33,,2015,신규,22.02~24.02,2022,트윈시티 남산,동자동,"32,000",용산구,1,0,29,27.42,,,56,11170,14
34,,2004,신규,22.01~23.01,2022,서울역풍림아이원플러스,서계동,"1,000",용산구,1,110,6,41.24,,,219-17,11170,5
35,,2004,신규,22.02~24.02,2022,서울역풍림아이원플러스,서계동,"21,000",용산구,1,0,14,25.38,,,219-17,11170,2
36,,2004,신규,22.01~24.01,2022,서울역풍림아이원플러스,서계동,"1,000",용산구,1,70,28,28.79,,,219-17,11170,4
37,,2022,신규,22.02~24.02,2022,용산 큐브스테이트,청파동1가,"27,000",용산구,1,0,26,18.72,,,183,11170,4
38,,2020,신규,22.02~24.02,2022,용산 다올 노블리움,청파동3가,"19,200",용산구,1,0,3,18.09,,,80-6,11170,6
39,,2020,신규,22.02~24.02,2022,용산 다올 노블리움,청파동3가,"1,000",용산구,1,78,8,18.14,,,80-6,11170,11
40,,2020,신규,22.02~24.02,2022,용산 다올 노블리움,청파동3가,"20,000",용산구,1,0,8,18.09,,,80-6,11170,9
41,,2020,신규,22.02~23.02,2022,용산 다올 노블리움,청파동3가,"1,800",용산구,1,90,9,27.58,,,80-6,11170,12
42,,2020,신규,22.03~24.03,2022,용산 다올 노블리움,청파동3가,"19,110",용산구,1,0,11,18.09,,,80-6,11170,14
43,,2020,신규,22.02~23.02,2022,용산 다올 노블리움,청파동3가,"18,900",용산구,1,0,11,17.87,,,80-6,11170,6
44,,2020,신규,22.02~24.02,2022,용산 다올 노블리움,청파동3가,"19,950",용산구,1,0,12,18.09,,,80-6,11170,16
45,,2020,갱신,22.02~24.02,2022,용산 다올 노블리움,청파동3가,"18,300",용산구,1,0,13,18.09,"17,500",,80-6,11170,3
46,사용,2020,갱신,22.02~23.02,2022,용산 다올 노블리움,청파동3가,"19,425",용산구,1,0,14,18.04,"18,500",,80-6,11170,6
47,사용,2020,갱신,22.02~24.02,2022,용산 다올 노블리움,청파동3가,"19,950",용산구,1,0,15,18.09,"19,000",,80-6,11170,16
48,,2020,신규,22.02~24.02,2022,용산 다올 노블리움,청파동3가,"20,000",용산구,1,0,20,17.99,,,80-6,11170,15
49,,2020,신규,22.02~24.02,2022,용산 다올 노블리움,청파동3가,"19,425",용산구,1,0,21,18.09,,,80-6,11170,12
50,사용,2020,갱신,22.03~24.03,2022,용산 다올 노블리움,청파동3가,"19,425",용산구,1,0,21,18.14,"18,500",,80-6,11170,6
51,,2020,신규,22.03~24.03,2022,용산 다올 노블리움,청파동3가,"18,900",용산구,1,0,26,17.87,,,80-6,11170,11
52,,2021,신규,22.01~22.12,2022,오피스텔 채원,원효로1가,"1,000",용산구,1,65,1,14.4,,,119-13,11170,17
53,,2019,신규,22.02~24.02,2022,하람 휴,원효로1가,"28,200",용산구,1,0,3,29.56,,,28-10,11170,12
54,,2021,신규,22.01~23.01,2022,오피스텔 채원,원효로1가,"1,000",용산구,1,80,5,19.54,,,119-13,11170,14
55,,2021,신규,22.01~24.01,2022,오피스텔 채원,원효로1가,"15,000",용산구,1,45,5,24.05,,,119-13,11170,10
56,,2021,신규,22.01~23.01,2022,오피스텔 채원,원효로1가,"1,000",용산구,1,77,5,19.54,,,119-13,11170,16
57,,2018,신규,22.02~23.05,2022,용산2차휴먼타운,원효로1가,"28,100",용산구,1,0,5,29.94,,,120-22,11170,16
58,,2021,신규,22.01~23.01,2022,오피스텔 채원,원효로1가,"1,000",용산구,1,80,6,19.54,,,119-13,11170,11
59,,2018,신규,22.02~24.02,2022,용산2차휴먼타운,원효로1가,"2,000",용산구,1,100,8,29.94,,,120-22,11170,11
60,,2021,신규,22.02~23.02,2022,오피스텔 채원,원효로1가,"1,000",용산구,1,77,8,19.54,,,119-13,11170,13
61,,2021,,,2022,오피스텔 채원,원효로1가,"1,000",용산구,1,75,10,19.54,,,119-13,11170,12
62,,2021,신규,22.01~24.01,2022,오피스텔 채원,원효로1가,"1,000",용산구,1,80,10,19.54,,,119-13,11170,9
63,,2021,신규,22.01~23.01,2022,오피스텔 채원,원효로1가,"1,000",용산구,1,85,12,22.22,,,119-13,11170,17
64,,2021,신규,22.01~23.01,2022,오피스텔 채원,원효로1가,"1,000",용산구,1,90,12,23.76,,,119-13,11170,3
65,,2021,신규,22.01~24.01,2022,오피스텔 채원,원효로1가,"5,000",용산구,1,73,13,22.22,,,119-13,11170,9
66,,2018,신규,22.02~24.02,2022,용산2차휴먼타운,원효로1가,"30,000",용산구,1,0,15,29.94,,,120-22,11170,17
67,,2021,신규,22.01~23.01,2022,오피스텔 채원,원효로1가,"1,000",용산구,1,65,15,14.4,,,119-13,11170,14
68,,2021,신규,22.01~23.01,2022,오피스텔 채원,원효로1가,"1,000",용산구,1,77,15,19.19,,,119-13,11170,3
69,,2004,갱신,22.02~23.02,2022,디아뜨 센트럴,원효로1가,"1,000",용산구,1,57,19,25.5,"1,000",57,112-4,11170,4
70,,2019,신규,22.02~24.02,2022,하람 휴,원효로1가,"28,350",용산구,1,0,21,29.56,,,28-10,11170,6
71,,2017,신규,22.03~24.03,2022,용산1차휴먼타운,원효로1가,"30,450",용산구,1,0,21,33.61,,,120-20,11170,5
72,,2004,신규,22.02~23.02,2022,디아뜨 센트럴,원효로1가,"1,000",용산구,1,70,25,25.19,,,112-4,11170,3
73,,2021,신규,22.01~24.01,2022,금강프라임 타워,원효로3가,"31,000",용산구,1,0,5,40.81,,,43-1,11170,9
74,,2020,갱신,22.03~24.03,2022,용산파크뷰II,원효로3가,"24,000",용산구,1,0,12,21.39,"23,000",,130-1,11170,12
75,,2020,신규,22.02~23.02,2022,용산파크뷰II,원효로3가,"23,100",용산구,1,0,12,22.14,,,130-1,11170,13
76,,2014,갱신,22.02~22.11,2022,아인하우스,원효로3가,"15,500",용산구,1,0,22,23.04,"15,000",,277-36,11170,3
77,,2021,,,2022,용산 클라우드 나인 오피스텔,원효로3가,"1,600",용산구,1,29,24,18.91,,,277-13,11170,6
78,사용,2014,갱신,22.02~23.02,2022,아인하우스,원효로3가,"16,500",용산구,1,0,25,26.88,"16,000",,277-36,11170,3
79,,2004,신규,22.01~23.01,2022,용문 하이오피스텔,용문동,"1,000",용산구,1,60,19,28.95,,,10-4,11170,5
80,,2015,신규,22.01~23.01,2022,용산KCC웰츠타워,문배동,"1,000",용산구,1,90,1,33.1,,,11-10,11170,6
81,,2013,갱신,22.01~22.12,2022,용산큐브,문배동,"17,500",용산구,1,10,1,17.46,"17,500",,24-4,11170,13
82,,2007,신규,22.02~24.02,2022,용산아크로타워,문배동,"25,000",용산구,1,0,1,28.72,,,24-21,11170,7
83,사용,2007,갱신,22.02~23.02,2022,용산씨제이나인파크,문배동,"46,305",용산구,1,0,4,54.96,"44,100",,24-6,11170,9
84,,2013,신규,22.02~24.02,2022,용산큐브,문배동,"10,000",용산구,1,40,6,17.46,,,24-4,11170,6
85,,2013,신규,22.02~24.02,2022,용산큐브,문배동,"18,500",용산구,1,0,7,17.46,,,24-4,11170,11
86,사용,2005,갱신,22.02~24.02,2022,이안 용산1차(11-14),문배동,"42,000",용산구,1,0,8,73.56,"40,000",,11-14,11170,12
87,,2013,갱신,22.01~23.01,2022,용산큐브,문배동,500,용산구,1,70,11,17.46,500,70,24-4,11170,5
88,,2013,신규,22.02~23.02,2022,용산큐브,문배동,"1,000",용산구,1,70,11,17.46,,,24-4,11170,12
89,,2013,신규,22.02~24.02,2022,용산큐브,문배동,"19,200",용산구,1,0,11,17.46,,,24-4,11170,8
90,,2004,신규,22.01~24.01,2022,삼라마이다스빌,문배동,"15,500",용산구,1,0,11,21.99,,,40-19,11170,1
91,,2005,신규,22.03~23.03,2022,이안 용산1차,문배동,"18,000",용산구,1,15,12,30.04,,,7-6,11170,7
92,사용,2013,갱신,22.02~22.07,2022,용산큐브,문배동,"1,000",용산구,1,43,13,17.46,"17,500",,24-4,11170,6
93,,2012,신규,22.02~23.02,2022,프라임펠리스,문배동,"1,000",용산구,1,80,13,27.83,,,24-8,11170,9
94,,2012,신규,22.01~24.01,2022,프라임펠리스,문배동,"16,000",용산구,1,0,13,18.55,,,24-8,11170,8
95,,2015,신규,22.02~23.02,2022,용산KCC웰츠타워,문배동,"26,000",용산구,1,0,13,29.97,,,11-10,11170,6
96,,2007,,,2022,용산아크로타워,문배동,"41,000",용산구,1,0,14,38.37,,,24-21,11170,4
97,,2021,신규,22.02~23.02,2022,(2-9),문배동,"3,000",용산구,1,59,14,16.52,,,2-9,11170,8
98,사용,2012,갱신,22.01~24.01,2022,프라임펠리스,문배동,"23,000",용산구,1,0,15,27.83,"22,000",,24-8,11170,8
99,,2007,,,2022,이안용산프리미어,문배동,"45,150",용산구,1,0,15,66.24,,,3-3,11170,4
100,,2007,,,2022,용산아크로타워,문배동,"32,000",용산구,1,0,17,38.37,,,24-21,11170,8
101,,2007,신규,22.01~24.01,2022,용산씨제이나인파크,문배동,"2,000",용산구,1,147,18,68.41,,,24-6,11170,8
102,사용,2017,갱신,22.03~24.03,2022,용산 리브,문배동,"31,900",용산구,1,0,18,42.25,"30,450",,10-3,11170,8
103,,2007,,,2022,이안용산프리미어,문배동,"50,000",용산구,1,50,19,84.51,,,3-3,11170,5
104,사용,2017,갱신,22.02~23.02,2022,용산 리브,문배동,"35,175",용산구,1,0,20,45.92,"33,500",,10-3,11170,7
105,,2013,,,2022,용산큐브,문배동,"10,000",용산구,1,35,21,17.46,,,24-4,11170,3
106,,2007,,,2022,용산아크로타워,문배동,"31,710",용산구,1,0,21,38.37,,,24-21,11170,8
107,사용,2007,갱신,22.02~24.02,2022,용산씨제이나인파크,문배동,"49,350",용산구,1,0,22,68.41,"47,000",,24-6,11170,10
108,,2021,신규,22.02~24.02,2022,(2-9),문배동,"1,000",용산구,1,60,22,15.41,,,2-9,11170,7
109,,2013,신규,22.03~24.03,2022,용산큐브,문배동,"1,000",용산구,1,68,22,17.46,,,24-4,11170,7
110,,2015,,,2022,용산KCC웰츠타워,문배동,"1,000",용산구,1,84,24,29.97,,,11-10,11170,4
111,,2015,신규,22.03~24.03,2022,용산KCC웰츠타워,문배동,"15,000",용산구,1,40,24,30,,,11-10,11170,5
112,,2007,,,2022,이안용산프리미어,문배동,"40,000",용산구,1,0,25,66.24,,,3-3,11170,3
113,,2007,신규,22.02~24.02,2022,용산씨제이나인파크,문배동,"55,000",용산구,1,0,25,63.96,,,24-6,11170,5
114,,2007,갱신,22.02~24.02,2022,용산아크로타워,문배동,"43,000",용산구,1,0,26,51.45,"38,000",,24-21,11170,7
115,,2013,신규,22.02~23.02,2022,용산큐브,문배동,500,용산구,1,69,27,17.46,,,24-4,11170,9
116,사용,2012,갱신,22.02~24.02,2022,프라임펠리스,문배동,"16,500",용산구,1,0,28,18.55,"15,986",,24-8,11170,6
117,,2005,신규,22.02~24.02,2022,용산파크자이,한강로1가,"35,500",용산구,1,0,7,39.03,,,50-1,11170,29
118,,2007,신규,22.02~24.02,2022,대우 월드마크 용산,한강로1가,"70,000",용산구,1,0,8,79.65,,,64,11170,32
119,,2005,신규,22.02~24.02,2022,용산파크자이,한강로1가,"33,075",용산구,1,0,15,42.39,,,50-1,11170,18
120,,2005,신규,22.02~24.02,2022,용산파크자이,한강로1가,"10,000",용산구,1,50,15,32.1,,,50-1,11170,19
121,사용,2007,갱신,22.02~24.02,2022,대우 월드마크 용산,한강로1가,"53,500",용산구,1,0,20,104.29,"51,000",,64,11170,10
122,,2005,신규,22.02~23.02,2022,용산파크자이,한강로1가,"1,000",용산구,1,105,22,39.03,,,50-1,11170,27
123,사용,2005,갱신,22.02~24.02,2022,용산파크자이,한강로1가,"30,000",용산구,1,0,22,37.26,"29,000",,50-1,11170,25
124,,2017,신규,22.01~23.01,2022,용산푸르지오써밋,한강로2가,"2,000",용산구,1,87,3,26.59,,,420,11170,32
125,,2005,,,2022,한강현대하이엘,한강로2가,"1,000",용산구,1,85,4,40.28,,,2-36,11170,11
126,,2004,신규,22.02~24.02,2022,한강로 대우아이빌,한강로2가,"28,000",용산구,1,0,4,37.85,,,2-11,11170,9
127,,2004,신규,22.02~23.02,2022,대우디오빌한강로오피스텔,한강로2가,"10,000",용산구,1,33,5,23.85,,,312-4,11170,17
128,사용,2017,갱신,22.01~24.01,2022,용산푸르지오써밋,한강로2가,"47,200",용산구,1,0,5,44.7,"45,000",,420,11170,36
129,,2017,신규,22.01~23.01,2022,용산푸르지오써밋,한강로2가,"30,000",용산구,1,41,6,45.66,,,420,11170,28
130,,2017,신규,22.02~24.02,2022,용산푸르지오써밋,한강로2가,"38,000",용산구,1,0,7,27.64,,,420,11170,18
131,,2004,신규,22.01~23.01,2022,대우디오빌한강로오피스텔,한강로2가,"1,000",용산구,1,75,8,23.85,,,312-4,11170,4
132,,2017,신규,22.02~24.02,2022,용산푸르지오써밋,한강로2가,"50,000",용산구,1,0,8,35.47,,,420,11170,29
133,,2005,신규,22.01~24.01,2022,한강현대하이엘,한강로2가,"2,000",용산구,1,85,8,42.32,,,2-36,11170,5
134,,2004,신규,22.01~23.01,2022,대우디오빌한강로오피스텔,한강로2가,"1,000",용산구,1,85,8,32.19,,,312-4,11170,3
135,,2004,신규,22.03~24.03,2022,한강로 대우아이빌,한강로2가,"6,000",용산구,1,50,9,36.64,,,2-11,11170,4
136,,2012,신규,22.02~23.02,2022,위너스타워,한강로2가,"13,650",용산구,1,0,9,30.26,,,2-132,11170,2
137,,2005,갱신,22.03~24.03,2022,한강현대하이엘,한강로2가,"23,000",용산구,1,35,10,41.8,"25,000",15,2-36,11170,9
138,,2017,갱신,22.01~23.01,2022,용산푸르지오써밋,한강로2가,"26,400",용산구,1,6,10,26.7,"27,300",,420,11170,37
139,,2017,신규,22.02~23.02,2022,용산푸르지오써밋,한강로2가,"20,000",용산구,1,50,10,25.65,,,420,11170,28
140,,2017,갱신,22.02~23.02,2022,용산푸르지오써밋,한강로2가,"2,500",용산구,1,160,10,45.66,"2,000",157,420,11170,23
141,,2017,신규,22.02~24.02,2022,용산푸르지오써밋,한강로2가,"37,000",용산구,1,0,14,27.75,,,420,11170,27
142,,2004,,,2022,대우디오빌한강로오피스텔,한강로2가,"25,000",용산구,1,0,15,33.95,,,312-4,11170,13
143,사용,2017,갱신,22.01~24.01,2022,용산푸르지오써밋,한강로2가,"40,200",용산구,1,0,17,44.7,"38,300",,420,11170,20
144,,2004,신규,22.01~24.01,2022,한강로 대우아이빌,한강로2가,"24,000",용산구,1,0,18,34.83,,,2-11,11170,9
145,,2017,,,2022,용산푸르지오써밋,한강로2가,"5,000",용산구,1,108,19,46,,,420,11170,37
146,,2005,신규,22.03~24.03,2022,한강로벽산메가트리움,한강로2가,"30,000",용산구,1,0,21,29.54,,,2-8,11170,28
147,,2005,갱신,22.02~24.02,2022,한강현대하이엘,한강로2가,"19,950",용산구,1,0,22,30.03,"19,000",,2-36,11170,11
148,사용,,갱신,22.02~23.02,2022,래미안 용산 더 센트럴,한강로2가,"30,000",용산구,1,98,24,47.65,"30,000",90,422,11170,8
149,,2017,신규,22.02~23.02,2022,용산푸르지오써밋,한강로2가,"2,000",용산구,1,150,24,40.81,,,420,11170,15
150,,2004,신규,22.02~23.02,2022,대우디오빌한강로오피스텔,한강로2가,"1,000",용산구,1,75,26,23.85,,,312-4,11170,15
151,,2017,신규,22.02~23.02,2022,용산푸르지오써밋,한강로2가,"20,000",용산구,1,60,28,26.7,,,420,11170,20
152,,2006,신규,22.01~23.01,2022,지에스 한강에클라스,한강로3가,"1,000",용산구,1,80,4,41.07,,,16-85,11170,5
153,,2004,신규,22.01~23.01,2022,한강대우트럼프월드3,한강로3가,"1,000",용산구,1,95,6,30.91,,,65-230,11170,24
154,,2006,신규,22.02~24.02,2022,지에스 한강에클라스,한강로3가,"25,200",용산구,1,0,8,44.57,,,16-85,11170,8
155,,2004,신규,22.01~23.01,2022,한강대우트럼프월드3,한강로3가,"1,000",용산구,1,85,11,25.59,,,65-230,11170,27
156,,2006,신규,,2022,지에스 한강에클라스,한강로3가,"1,000",용산구,1,65,12,35.06,,,16-85,11170,3
157,사용,2006,갱신,22.01~24.01,2022,지에스 한강에클라스,한강로3가,"14,280",용산구,1,0,25,27.48,"13,600",,16-85,11170,11
158,,2006,신규,22.02~23.02,2022,지에스 한강에클라스,한강로3가,"1,000",용산구,1,65,27,35.06,,,16-85,11170,3
159,사용,2007,갱신,22.03~24.03,2022,용산 시티파크(63-387),한강로3가,"40,700",용산구,1,0,27,45.51,"38,800",,63-387,11170,2
160,,2006,신규,22.02~23.02,2022,지에스 한강에클라스,한강로3가,"1,000",용산구,1,80,28,41.07,,,16-85,11170,4
161,,2004,,22.02~24.02,2022,한강대우트럼프월드3,한강로3가,"30,000",용산구,1,0,28,38.14,,,65-230,11170,15
0,,1990,신규,22.03~24.03,2022,(339-4),후암동,"14,000",용산구,2,0,12,34.38,,,339-4,11170,2
1,,1990,신규,22.04~24.04,2022,(339-4),후암동,"1,000",용산구,2,55,23,34.38,,,339-4,11170,6
2,,2004,신규,22.03~24.03,2022,갈월동 에이트리움,갈월동,"22,000",용산구,2,0,12,34.21,,,101-49,11170,16
3,,2004,,,2022,갈월동 에이트리움,갈월동,"22,000",용산구,2,0,24,33.77,,,101-49,11170,16
4,,2015,신규,22.02~24.02,2022,트윈시티 남산,동자동,"30,000",용산구,2,0,5,27.69,,,56,11170,15
5,,2015,신규,22.03~23.03,2022,트윈시티 남산,동자동,"1,000",용산구,2,82,5,21.52,,,56,11170,7
6,,2015,,,2022,트윈시티 남산,동자동,"26,000",용산구,2,0,8,21.71,,,56,11170,26
7,,2015,신규,22.02~23.02,2022,트윈시티 남산,동자동,"5,000",용산구,2,70,10,21.71,,,56,11170,6
8,,2015,,,2022,트윈시티 남산,동자동,"25,000",용산구,2,0,10,21.71,,,56,11170,15
9,,2015,신규,22.02~24.02,2022,트윈시티 남산,동자동,"25,000",용산구,2,0,11,21.71,,,56,11170,24
10,,2015,,,2022,트윈시티 남산,동자동,"38,000",용산구,2,0,12,29.95,,,56,11170,27
11,,2015,신규,22.02~23.02,2022,트윈시티 남산,동자동,"3,000",용산구,2,95,12,25.37,,,56,11170,21
12,,2015,신규,22.02~23.02,2022,트윈시티 남산,동자동,"1,000",용산구,2,95,12,21.71,,,56,11170,22
13,,2015,,,2022,트윈시티 남산,동자동,"31,000",용산구,2,0,12,27.42,,,56,11170,14
14,,2015,신규,22.03~24.03,2022,트윈시티 남산,동자동,"32,000",용산구,2,0,14,27.43,,,56,11170,7
15,,2015,,,2022,트윈시티 남산,동자동,"25,500",용산구,2,0,15,21.71,,,56,11170,19
16,,2015,,,2022,트윈시티 남산,동자동,"25,000",용산구,2,0,16,25.48,,,56,11170,9
17,,2015,,,2022,트윈시티 남산,동자동,"30,000",용산구,2,0,19,27.42,,,56,11170,23
18,,2015,신규,22.03~23.03,2022,트윈시티 남산,동자동,"33,000",용산구,2,0,22,28.33,,,56,11170,16
19,,2015,신규,22.03~24.03,2022,트윈시티 남산,동자동,"38,000",용산구,2,0,23,29.95,,,56,11170,20
20,,2015,신규,22.02~23.02,2022,트윈시티 남산,동자동,"1,000",용산구,2,95,24,21.71,,,56,11170,18
21,,2015,신규,22.04~24.04,2022,트윈시티 남산,동자동,"1,000",용산구,2,90,26,21.71,,,56,11170,21
22,,2015,신규,,2022,트윈시티 남산,동자동,"1,000",용산구,2,100,26,27.43,,,56,11170,16
23,사용,2015,갱신,22.02~24.02,2022,트윈시티 남산,동자동,"1,000",용산구,2,89,28,21.71,"1,000",85,56,11170,24
24,,2004,신규,22.04~23.04,2022,서울역풍림아이원플러스,서계동,"1,500",용산구,2,85,26,41.24,,,219-17,11170,14
25,,2004,신규,22.02~23.02,2022,서울역풍림아이원플러스,서계동,500,용산구,2,85,27,27.95,,,219-17,11170,7
26,,2022,신규,22.03~24.03,2022,용산 큐브스테이트,청파동1가,"27,500",용산구,2,0,19,20,,,183,11170,7
27,,2020,신규,22.02~24.02,2022,용산 다올 노블리움,청파동3가,"19,425",용산구,2,0,5,17.99,,,80-6,11170,12
28,,2020,,,2022,용산 다올 노블리움,청파동3가,"20,000",용산구,2,0,9,18.04,,,80-6,11170,9
29,,2020,신규,22.03~24.03,2022,용산 다올 노블리움,청파동3가,"19,000",용산구,2,0,12,18.09,,,80-6,11170,3
30,,2020,신규,22.03~24.03,2022,용산 다올 노블리움,청파동3가,"19,950",용산구,2,0,12,18.09,,,80-6,11170,15
31,사용,2020,갱신,22.03~23.03,2022,용산 다올 노블리움,청파동3가,"18,350",용산구,2,0,14,17.87,"17,500",,80-6,11170,5
32,,2020,신규,22.03~24.03,2022,용산 다올 노블리움,청파동3가,"19,500",용산구,2,0,22,17.87,,,80-6,11170,13
33,,2020,갱신,22.02~24.02,2022,용산 다올 노블리움,청파동3가,"20,265",용산구,2,0,25,18.04,"19,300",,80-6,11170,16
34,사용,2020,갱신,22.03~24.02,2022,용산 다올 노블리움,청파동3가,"19,400",용산구,2,0,26,17.99,"18,500",,80-6,11170,14
35,,2004,신규,,2022,디아뜨 센트럴,원효로1가,"15,000",용산구,2,0,5,25.5,,,112-4,11170,9
36,,2004,,22.02~23.02,2022,디아뜨 센트럴,원효로1가,"1,000",용산구,2,58,5,25.5,,,112-4,11170,6
37,,2004,신규,22.02~23.02,2022,디아뜨 센트럴,원효로1가,"1,000",용산구,2,63,8,25.19,,,112-4,11170,7
38,,2017,신규,22.03~23.03,2022,용산1차휴먼타운,원효로1가,"2,000",용산구,2,100,8,29.97,,,120-20,11170,16
39,,2004,신규,22.02~23.02,2022,디아뜨 센트럴,원효로1가,"1,000",용산구,2,60,9,25.19,,,112-4,11170,8
40,,2004,신규,22.03~23.03,2022,디아뜨 센트럴,원효로1가,"3,000",용산구,2,55,12,25.5,,,112-4,11170,14
41,,2004,신규,22.03~24.03,2022,디아뜨 센트럴,원효로1가,"16,000",용산구,2,0,14,25.5,,,112-4,11170,6
42,,2004,신규,22.02~24.02,2022,디아뜨 센트럴,원효로1가,"16,000",용산구,2,0,15,25.5,,,112-4,11170,13
43,,2018,신규,22.03~24.03,2022,용산2차휴먼타운,원효로1가,"27,500",용산구,2,0,15,29.94,,,120-22,11170,17
44,,2004,갱신,22.02~23.02,2022,디아뜨 센트럴,원효로1가,"1,000",용산구,2,65,17,25.5,"1,000",60,112-4,11170,11
45,,2004,신규,22.05~24.05,2022,디아뜨 센트럴,원효로1가,"16,000",용산구,2,0,26,25.5,,,112-4,11170,2
46,,2020,신규,22.04~24.03,2022,용산파크뷰II,원효로3가,"24,500",용산구,2,0,6,22.14,,,130-1,11170,5
47,,2003,신규,22.03~24.03,2022,e테크밸리,원효로3가,"15,500",용산구,2,0,9,38.12,,,51-37,11170,8
48,,2003,신규,22.02~24.02,2022,e테크밸리,원효로3가,"19,000",용산구,2,0,14,38.12,,,51-37,11170,12
49,,2003,신규,22.03~24.03,2022,e테크밸리,원효로3가,"18,800",용산구,2,0,18,38.12,,,51-37,11170,12
50,,2014,,,2022,아인하우스,원효로3가,"15,700",용산구,2,0,22,23.04,,,277-36,11170,6
51,,2021,신규,22.02~23.02,2022,용산 클라우드 나인 오피스텔,원효로3가,"1,000",용산구,2,90,25,18.91,,,277-13,11170,15
52,,2013,신규,22.04~23.04,2022,용산큐브,문배동,"1,000",용산구,2,70,1,17.46,,,24-4,11170,7
53,사용,2015,갱신,22.02~23.02,2022,용산KCC웰츠타워,문배동,"24,255",용산구,2,0,3,32.84,"23,100",,11-10,11170,4
54,,2012,신규,22.02~24.02,2022,프라임펠리스,문배동,"16,300",용산구,2,0,3,18.55,,,24-8,11170,12
55,,2017,신규,22.02~24.02,2022,용산 리브,문배동,"35,000",용산구,2,0,3,42.25,,,10-3,11170,5
56,,2013,신규,22.03~24.03,2022,용산큐브,문배동,"18,300",용산구,2,0,5,17.46,,,24-4,11170,4
57,,2018,신규,22.03~24.03,2022,G&P 용산파크,문배동,"30,800",용산구,2,0,5,39.75,,,11-34,11170,4
58,,2015,갱신,22.02~23.02,2022,용산KCC웰츠타워,문배동,"9,500",용산구,2,70,8,34.08,"6,000",75,11-10,11170,5
59,,2007,신규,22.02~24.02,2022,용산씨제이나인파크,문배동,"2,000",용산구,2,165,9,71.39,,,24-6,11170,4
60,,2007,신규,22.02~24.02,2022,용산아크로타워,문배동,"45,000",용산구,2,0,10,51.45,,,24-21,11170,5
61,사용,2007,갱신,22.02~24.02,2022,용산아크로타워,문배동,"34,230",용산구,2,0,11,46.29,"32,600",,24-21,11170,3
62,,2007,신규,22.03~24.03,2022,용산씨제이나인파크,문배동,"52,500",용산구,2,0,11,68.41,,,24-6,11170,10
63,,2015,신규,22.03~24.03,2022,용산KCC웰츠타워,문배동,"26,000",용산구,2,0,11,29.97,,,11-10,11170,5
64,,2005,갱신,22.02~23.02,2022,이안 용산1차(11-14),문배동,"45,000",용산구,2,0,12,63.2,"38,000",,11-14,11170,5
65,,2005,신규,22.04~24.04,2022,이안 용산1차(11-14),문배동,"27,000",용산구,2,32,14,63.2,,,11-14,11170,6
66,,2012,갱신,22.03~23.02,2022,프라임펠리스,문배동,"16,000",용산구,2,0,15,18.77,"15,500",,24-8,11170,11
67,,2013,신규,22.02~24.02,2022,용산큐브,문배동,600,용산구,2,70,18,17.46,,,24-4,11170,3
68,,2013,,,2022,용산큐브,문배동,"18,000",용산구,2,0,18,17.46,,,24-4,11170,5
69,사용,2007,갱신,22.03~24.03,2022,용산씨제이나인파크,문배동,"47,250",용산구,2,0,18,68.41,"45,000",,24-6,11170,12
70,,2021,신규,22.02~23.02,2022,(2-9),문배동,"2,000",용산구,2,60,20,16.52,,,2-9,11170,9
71,,2013,신규,22.02~24.02,2022,용산큐브,문배동,"2,000",용산구,2,65,22,17.46,,,24-4,11170,4
72,,2012,신규,22.03~24.03,2022,프라임펠리스,문배동,"16,000",용산구,2,0,23,18.55,,,24-8,11170,7
73,,2007,신규,22.03~24.03,2022,이안용산프리미어,문배동,"2,000",용산구,2,163,25,60.75,,,3-3,11170,4
74,,2021,신규,22.02~23.02,2022,(2-9),문배동,"1,000",용산구,2,90,26,24.5,,,2-9,11170,10
75,,2021,신규,22.02~23.02,2022,(2-9),문배동,"1,000",용산구,2,60,26,15.41,,,2-9,11170,8
76,사용,2007,갱신,22.03~24.03,2022,용산씨제이나인파크,문배동,"44,100",용산구,2,0,26,68.41,"42,000",,24-6,11170,4
77,,2005,신규,22.02~24.02,2022,용산파크자이,한강로1가,"5,000",용산구,2,100,3,42.99,,,50-1,11170,2
78,사용,2005,갱신,22.02~23.02,2022,용산파크자이,한강로1가,"30,975",용산구,2,0,3,37.26,"29,500",,50-1,11170,13
79,사용,2005,갱신,22.02~24.02,2022,용산파크자이,한강로1가,"24,150",용산구,2,0,3,28.46,"23,000",,50-1,11170,8
80,사용,2005,갱신,22.03~24.03,2022,용산파크자이,한강로1가,"33,600",용산구,2,0,4,42.39,"32,000",,50-1,11170,10
81,사용,2005,갱신,22.03~24.03,2022,용산파크자이,한강로1가,"27,000",용산구,2,35,5,52.84,"27,000",30,50-1,11170,8
82,,2005,신규,22.03~23.03,2022,용산파크자이,한강로1가,"1,000",용산구,2,94,9,32.1,,,50-1,11170,22
83,,2005,신규,22.03~23.03,2022,용산파크자이,한강로1가,"1,000",용산구,2,85,11,33.46,,,50-1,11170,7
84,사용,2005,갱신,22.03~23.03,2022,용산파크자이,한강로1가,"10,000",용산구,2,64,14,36.13,"10,000",60,50-1,11170,11
85,,2005,신규,22.03~24.03,2022,용산파크자이,한강로1가,"10,000",용산구,2,75,18,37.26,,,50-1,11170,27
86,,2005,갱신,22.02~24.02,2022,용산파크자이,한강로1가,"35,000",용산구,2,0,23,42.39,"32,000",,50-1,11170,12
87,사용,2005,갱신,22.03~23.03,2022,용산파크자이,한강로1가,"23,000",용산구,2,23,25,37.26,"23,000",20,50-1,11170,7
88,,2005,신규,22.04~24.04,2022,용산파크자이,한강로1가,"34,500",용산구,2,0,26,37.26,,,50-1,11170,2
89,,2005,신규,22.03~24.03,2022,용산파크자이,한강로1가,"31,000",용산구,2,0,26,36.13,,,50-1,11170,8
90,,2017,신규,22.03~23.03,2022,용산푸르지오써밋,한강로2가,"25,000",용산구,2,30,5,26.59,,,420,11170,35
91,,2017,갱신,22.04~23.04,2022,용산푸르지오써밋,한강로2가,"41,895",용산구,2,0,5,35.47,"39,900",,420,11170,28
92,,2017,신규,22.03~24.03,2022,용산푸르지오써밋,한강로2가,"58,000",용산구,2,0,5,44.7,,,420,11170,20
93,사용,2017,갱신,22.03~23.03,2022,용산푸르지오써밋,한강로2가,"10,000",용산구,2,74,7,24.6,"10,000",70,420,11170,29
94,,2017,,,2022,용산푸르지오써밋,한강로2가,"7,000",용산구,2,92,9,27.75,,,420,11170,18
95,사용,2005,갱신,22.02~23.02,2022,한강로벽산메가트리움,한강로2가,"23,000",용산구,2,0,9,30.29,"22,000",,2-8,11170,11
96,,2017,,,2022,용산푸르지오써밋,한강로2가,"39,900",용산구,2,0,11,34.74,,,420,11170,31
97,사용,2017,갱신,22.05~23.05,2022,용산푸르지오써밋,한강로2가,"38,800",용산구,2,0,12,27.75,"37,000",,420,11170,28
98,,2017,신규,22.03~23.03,2022,용산푸르지오써밋,한강로2가,"2,000",용산구,2,98,12,29.85,,,420,11170,19
99,,2004,신규,22.03~24.03,2022,한강로 대우아이빌,한강로2가,"26,000",용산구,2,0,12,39.76,,,2-11,11170,8
100,,2017,신규,22.02~23.02,2022,용산푸르지오써밋,한강로2가,"3,000",용산구,2,165,13,44.7,,,420,11170,36
101,,2017,신규,22.04~23.03,2022,용산푸르지오써밋,한강로2가,"37,000",용산구,2,0,15,27.75,,,420,11170,26
102,사용,2004,갱신,22.03~23.03,2022,한강로 대우아이빌,한강로2가,"7,000",용산구,2,52,15,33.54,"7,000",50,2-11,11170,3
103,,2005,신규,22.02~23.02,2022,한강현대하이엘,한강로2가,"1,000",용산구,2,75,16,30.03,,,2-36,11170,12
104,,2004,,,2022,대우디오빌한강로오피스텔,한강로2가,"20,450",용산구,2,0,18,23.85,,,312-4,11170,18
105,,2004,신규,22.03~24.03,2022,대우디오빌한강로오피스텔,한강로2가,"26,000",용산구,2,0,18,33.95,,,312-4,11170,14
106,,2017,신규,22.02~22.03,2022,용산푸르지오써밋,한강로2가,"2,000",용산구,2,102,19,29.85,,,420,11170,33
107,,2017,,,2022,용산푸르지오써밋,한강로2가,"2,000",용산구,2,166,19,48.43,,,420,11170,25
108,,2017,신규,22.03~23.03,2022,용산푸르지오써밋,한강로2가,"58,000",용산구,2,0,19,44.7,,,420,11170,29
109,,2017,신규,22.03~23.03,2022,용산푸르지오써밋,한강로2가,"2,000",용산구,2,102,19,24.6,,,420,11170,34
110,사용,2005,갱신,22.03~23.03,2022,한강현대하이엘,한강로2가,"22,000",용산구,2,0,19,42.32,"21,000",,2-36,11170,15
111,,2004,신규,22.02~23.02,2022,대우디오빌한강로오피스텔,한강로2가,"1,000",용산구,2,85,21,33.95,,,312-4,11170,4
112,사용,2004,갱신,22.03~24.03,2022,한강로 대우아이빌,한강로2가,"23,000",용산구,2,0,23,34.83,"22,000",,2-11,11170,4
113,,2017,신규,22.04~23.04,2022,용산푸르지오써밋,한강로2가,"2,000",용산구,2,140,23,27.75,,,420,11170,31
114,,2017,신규,22.03~23.03,2022,용산푸르지오써밋,한강로2가,"1,000",용산구,2,112,23,27.75,,,420,11170,19
115,,2006,신규,22.02~24.02,2022,지에스 한강에클라스,한강로3가,"5,000",용산구,2,130,12,71.22,,,16-85,11170,9
116,,2006,신규,22.02~23.02,2022,지에스 한강에클라스,한강로3가,"1,000",용산구,2,70,15,35.06,,,16-85,11170,5
117,,2006,신규,22.02~23.02,2022,지에스 한강에클라스,한강로3가,"1,000",용산구,2,70,21,35.06,,,16-85,11170,6
118,,2004,,,2022,한강대우트럼프월드3,한강로3가,"23,000",용산구,2,0,23,30.91,,,65-230,11170,14
119,,1991,신규,22.03~24.03,2022,용산전자오피스텔,한강로3가,"14,000",용산구,2,0,26,30.03,,,16-58,11170,8
0,,2004,신규,22.06~24.06,2022,갈월동 에이트리움,갈월동,500,용산구,3,75,5,31.51,,,101-49,11170,18
1,,2004,신규,22.04~23.06,2022,그린빌파크,갈월동,"1,000",용산구,3,67,22,24.92,,,53-19,11170,3
2,,2004,신규,22.05~23.05,2022,그린빌파크,갈월동,"1,000",용산구,3,55,29,23.01,,,53-19,11170,4
3,,2015,,,2022,트윈시티 남산,동자동,"31,000",용산구,3,0,5,27.42,,,56,11170,11
4,,2015,,,2022,트윈시티 남산,동자동,"1,000",용산구,3,110,5,28.33,,,56,11170,23
5,,2015,신규,22.04~24.01,2022,트윈시티 남산,동자동,"32,000",용산구,3,0,8,27.42,,,56,11170,18
6,,2015,신규,22.03~23.03,2022,트윈시티 남산,동자동,"1,000",용산구,3,90,9,21.71,,,56,11170,3
7,,2015,신규,22.03~23.03,2022,트윈시티 남산,동자동,"1,000",용산구,3,110,9,28.33,,,56,11170,25
8,,2015,신규,22.03~23.11,2022,트윈시티 남산,동자동,"33,000",용산구,3,0,10,28.33,,,56,11170,27
9,,2015,신규,22.04~23.03,2022,트윈시티 남산,동자동,"1,000",용산구,3,95,12,21.71,,,56,11170,21
10,,2015,신규,22.04~23.04,2022,트윈시티 남산,동자동,"1,000",용산구,3,95,14,25.48,,,56,11170,20
11,,2015,,,2022,트윈시티 남산,동자동,"2,000",용산구,3,110,15,21.52,,,56,11170,8
12,,2015,신규,22.04~22.10,2022,트윈시티 남산,동자동,"2,000",용산구,3,110,15,21.52,,,56,11170,8
13,,2015,신규,22.04~24.04,2022,트윈시티 남산,동자동,"29,000",용산구,3,0,18,25.48,,,56,11170,18
14,,2015,,,2022,트윈시티 남산,동자동,"33,000",용산구,3,0,26,27.42,,,56,11170,24
15,,2004,신규,22.04~24.04,2022,서울역풍림아이원플러스,서계동,"25,000",용산구,3,0,10,27.95,,,219-17,11170,8
16,,2004,신규,22.03~24.03,2022,서울역풍림아이원플러스,서계동,"5,000",용산구,3,60,11,28.79,,,219-17,11170,11
17,,2022,,,2022,용산 큐브스테이트,청파동1가,"26,000",용산구,3,0,3,18.72,,,183,11170,5
18,,2022,신규,22.03~23.03,2022,용산 큐브스테이트,청파동1가,"25,000",용산구,3,0,10,20,,,183,11170,5
19,,2022,신규,22.04~24.04,2022,용산 큐브스테이트,청파동1가,"23,000",용산구,3,0,29,19.48,,,183,11170,10
20,,2020,신규,22.04~24.04,2022,용산 다올 노블리움,청파동3가,"20,000",용산구,3,0,12,18.04,,,80-6,11170,5
21,,2020,신규,22.04~24.04,2022,용산 다올 노블리움,청파동3가,"34,650",용산구,3,0,16,37.47,,,80-6,11170,7
22,,2018,신규,22.03~24.03,2022,용산2차휴먼타운,원효로1가,"27,500",용산구,3,0,5,29.94,,,120-22,11170,12
23,,2004,신규,22.05~24.05,2022,디아뜨 센트럴,원효로1가,"16,000",용산구,3,0,11,25.19,,,112-4,11170,7
24,사용,2017,갱신,22.03~23.03,2022,용산1차휴먼타운,원효로1가,"29,925",용산구,3,0,16,33.61,"28,500",,120-20,11170,6
25,,2018,,,2022,용산2차휴먼타운,원효로1가,"1,000",용산구,3,105,18,29.37,,,120-22,11170,15
26,,1990,신규,22.07~23.06,2022,(1),원효로2가,"15,000",용산구,3,0,30,21.45,,,1,11170,8
27,,2003,신규,22.04~24.04,2022,e테크밸리,원효로3가,"20,000",용산구,3,0,1,38.12,,,51-37,11170,11
28,,2003,신규,22.03~24.03,2022,e테크밸리,원효로3가,"1,000",용산구,3,65,1,38.12,,,51-37,11170,9
29,,2021,신규,22.03~24.03,2022,용산 클라우드 나인 오피스텔,원효로3가,"23,000",용산구,3,0,3,17.08,,,277-13,11170,16
30,사용,2014,갱신,22.03~24.03,2022,아인하우스,원효로3가,"15,500",용산구,3,0,4,23.04,"15,000",,277-36,11170,6
31,사용,2014,갱신,22.04~24.04,2022,아인하우스,원효로3가,"15,000",용산구,3,0,4,21.27,"14,500",,277-36,11170,7
32,,2021,신규,22.03~24.06,2022,용산 클라우드 나인 오피스텔,원효로3가,100,용산구,3,33,8,17.08,,,277-13,11170,3
33,,2003,신규,22.04~24.04,2022,e테크밸리,원효로3가,"21,000",용산구,3,0,9,38.12,,,51-37,11170,14
34,,2004,신규,22.04~23.03,2022,용문 하이오피스텔,용문동,"1,000",용산구,3,65,15,28.95,,,10-4,11170,6
35,,2004,신규,22.03~23.03,2022,용문 하이오피스텔,용문동,"1,000",용산구,3,65,17,28.95,,,10-4,11170,3
36,사용,2007,갱신,22.03~24.03,2022,용산씨제이나인파크,문배동,"44,100",용산구,3,0,1,54.96,"42,000",,24-6,11170,12
37,사용,2017,갱신,22.03~24.03,2022,용산 리브,문배동,"31,500",용산구,3,0,3,42.25,"30,000",,10-3,11170,8
38,,2007,신규,22.03~24.03,2022,용산아크로타워,문배동,"28,350",용산구,3,0,3,35.6,,,24-21,11170,6
39,,2010,,22.03~23.03,2022,리첸시아 용산B,문배동,"35,000",용산구,3,0,4,37.68,,,40-31,11170,2
40,,2012,,,2022,프라임펠리스,문배동,"2,000",용산구,3,55,4,18.55,,,24-8,11170,12
41,,2007,,22.04~24.04,2022,용산씨제이나인파크,문배동,"56,000",용산구,3,0,5,71.39,,,24-6,11170,11
42,,2017,신규,22.03~24.03,2022,용산 리브,문배동,"35,000",용산구,3,0,5,45.92,,,10-3,11170,5
43,사용,2007,갱신,22.03~23.03,2022,용산씨제이나인파크,문배동,"44,100",용산구,3,0,7,54.96,"42,000",,24-6,11170,7
44,,2017,신규,22.04~24.04,2022,용산 리브,문배동,"35,000",용산구,3,0,10,42.25,,,10-3,11170,6
45,,2013,신규,22.04~24.04,2022,용산큐브,문배동,"18,900",용산구,3,0,11,17.46,,,24-4,11170,8
46,,2015,갱신,22.03~23.03,2022,용산KCC웰츠타워,문배동,"29,500",용산구,3,0,11,35.79,"27,825",,11-10,11170,4
47,,2015,신규,22.04~24.03,2022,용산KCC웰츠타워,문배동,"36,225",용산구,3,0,11,47.54,,,11-10,11170,8
48,,2015,,,2022,용산KCC웰츠타워,문배동,"38,000",용산구,3,0,11,47.54,,,11-10,11170,8
49,사용,2015,갱신,22.03~23.03,2022,용산KCC웰츠타워,문배동,"27,000",용산구,3,0,12,29.25,"26,000",,11-10,11170,3
50,,2004,신규,22.04~24.04,2022,삼라마이다스빌,문배동,"25,500",용산구,3,0,12,38.63,,,40-19,11170,7
51,,2010,,,2022,리첸시아 용산B,문배동,"38,850",용산구,3,0,12,51.96,,,40-31,11170,2
52,,2015,신규,22.03~24.03,2022,용산KCC웰츠타워,문배동,"4,000",용산구,3,100,12,36.8,,,11-10,11170,7
53,,2007,신규,22.04~23.04,2022,용산아크로타워,문배동,"10,000",용산구,3,80,14,38.37,,,24-21,11170,6
54,사용,2017,갱신,22.04~24.04,2022,용산 리브,문배동,"35,280",용산구,3,0,14,42.25,"33,600",,10-3,11170,13
55,,2015,신규,22.04~24.04,2022,용산KCC웰츠타워,문배동,"1,000",용산구,3,90,14,31.37,,,11-10,11170,5
56,,2015,신규,22.05~24.05,2022,용산KCC웰츠타워,문배동,"1,000",용산구,3,90,14,29.97,,,11-10,11170,7
57,사용,2017,갱신,22.03~23.03,2022,용산 리브,문배동,"29,700",용산구,3,0,15,36.06,"28,300",,10-3,11170,10
58,,2012,,,2022,프라임펠리스,문배동,"8,000",용산구,3,40,17,27.83,,,24-8,11170,7
59,,2010,신규,22.04~24.04,2022,리첸시아 용산B,문배동,"56,000",용산구,3,0,19,59.39,,,40-31,11170,3
60,,2007,신규,22.04~24.04,2022,이안용산프리미어,문배동,"15,000",용산구,3,80,21,47.51,,,3-3,11170,3
61,사용,2007,갱신,22.05~24.05,2022,용산씨제이나인파크,문배동,"31,500",용산구,3,4,23,42.5,"31,500",,24-6,11170,6
62,,2010,신규,22.05~24.05,2022,리첸시아 용산B,문배동,"30,870",용산구,3,0,23,37.68,,,40-31,11170,3
63,사용,2004,갱신,22.04~24.04,2022,지오베르크,문배동,"28,350",용산구,3,0,25,51.92,"27,000",,17-1,11170,3
64,,2005,,,2022,이안 용산1차,문배동,"1,000",용산구,3,75,26,30.04,,,7-6,11170,9
65,,2007,신규,22.04~24.04,2022,용산아크로타워,문배동,"44,000",용산구,3,0,27,46.29,,,24-21,11170,5
66,사용,2007,갱신,22.04~24.04,2022,용산씨제이나인파크,문배동,"45,150",용산구,3,0,29,54.96,"43,000",,24-6,11170,3
67,사용,2010,갱신,22.04~24.04,2022,리첸시아 용산B,문배동,"38,850",용산구,3,0,30,51.42,"37,000",,40-31,11170,3
68,,2005,신규,22.03~24.03,2022,용산파크자이,한강로1가,"35,000",용산구,3,0,1,39.03,,,50-1,11170,23
69,,2005,신규,22.03~24.03,2022,용산파크자이,한강로1가,"1,000",용산구,3,115,5,42.99,,,50-1,11170,7
70,,2005,,,2022,용산파크자이,한강로1가,"28,000",용산구,3,0,5,33.6,,,50-1,11170,24
71,,2005,신규,22.04~24.04,2022,용산파크자이,한강로1가,"1,000",용산구,3,89,5,31.83,,,50-1,11170,21
72,,2005,신규,22.04~24.04,2022,용산파크자이,한강로1가,"29,000",용산구,3,0,6,32.1,,,50-1,11170,26
73,,2005,신규,22.04~24.04,2022,용산파크자이,한강로1가,"34,500",용산구,3,0,8,37.26,,,50-1,11170,30
74,,2005,신규,22.05~24.05,2022,용산파크자이,한강로1가,"26,000",용산구,3,10,9,33.6,,,50-1,11170,15
75,,2005,신규,22.03~23.03,2022,용산파크자이,한강로1가,"1,000",용산구,3,126,9,47.91,,,50-1,11170,6
76,,2005,신규,22.05~24.05,2022,용산파크자이,한강로1가,"20,000",용산구,3,25,11,33.6,,,50-1,11170,11
77,,2007,신규,22.06~24.06,2022,대우 월드마크 용산,한강로1가,"80,000",용산구,3,0,24,86.38,,,64,11170,27
78,,2005,신규,22.04~24.04,2022,용산파크자이,한강로1가,"27,300",용산구,3,0,26,36.13,,,50-1,11170,8
79,,2005,신규,22.05~23.05,2022,용산파크자이,한강로1가,"20,000",용산구,3,60,26,42.39,,,50-1,11170,35
80,,2005,신규,22.06~24.06,2022,용산파크자이,한강로1가,"30,450",용산구,3,0,29,39.03,,,50-1,11170,35
81,,2005,신규,22.03~23.03,2022,용산파크자이,한강로1가,"1,000",용산구,3,103,30,38.1,,,50-1,11170,20
82,,2005,신규,22.04~24.04,2022,용산파크자이,한강로1가,"25,000",용산구,3,0,30,28.46,,,50-1,11170,12
83,사용,2005,갱신,22.04~24.04,2022,용산파크자이,한강로1가,"30,000",용산구,3,25,31,50.31,"30,000",20,50-1,11170,10
84,,2005,신규,22.05~24.05,2022,용산파크자이,한강로1가,"27,300",용산구,3,0,31,36.13,,,50-1,11170,9
85,,2005,갱신,22.03~23.03,2022,한강로벽산메가트리움,한강로2가,"24,150",용산구,3,0,4,29.54,"23,000",,2-8,11170,24
86,,2017,갱신,22.03~23.03,2022,용산푸르지오써밋,한강로2가,"2,000",용산구,3,151,5,44.89,"2,000",143,420,11170,19
87,,2017,신규,22.04~23.04,2022,용산푸르지오써밋,한강로2가,"35,000",용산구,3,75,5,46.29,,,420,11170,17
88,,2005,신규,22.04~24.03,2022,한강현대하이엘,한강로2가,"1,000",용산구,3,85,9,42.32,,,2-36,11170,9
89,,2017,신규,22.03~24.03,2022,용산푸르지오써밋,한강로2가,"38,000",용산구,3,0,11,27.64,,,420,11170,18
90,,2004,신규,22.05~24.05,2022,대우디오빌한강로오피스텔,한강로2가,"29,900",용산구,3,0,12,33.95,,,312-4,11170,11
91,,2004,,,2022,대우디오빌한강로오피스텔,한강로2가,"22,000",용산구,3,0,12,32.85,,,312-4,11170,14
92,,2017,,22.03~22.09,2022,용산푸르지오써밋,한강로2가,"2,000",용산구,3,121,15,29.74,,,420,11170,17
93,,2017,,22.09~23.03,2022,용산푸르지오써밋,한강로2가,"2,000",용산구,3,127,15,29.74,,,420,11170,17
94,,2017,,22.03~23.01,2022,용산푸르지오써밋,한강로2가,"3,000",용산구,3,97,16,29.85,,,420,11170,31
95,,2017,,23.01~23.03,2022,용산푸르지오써밋,한강로2가,"3,000",용산구,3,102,16,29.85,,,420,11170,31
96,사용,2005,갱신,22.05~23.05,2022,한강로벽산메가트리움,한강로2가,"2,000",용산구,3,73,17,29.55,"2,000",70,2-8,11170,4
97,,2004,신규,22.04~24.04,2022,한강로 대우아이빌,한강로2가,"23,500",용산구,3,0,19,39.76,,,2-11,11170,2
98,,2005,신규,22.03~24.03,2022,한강현대하이엘,한강로2가,"20,000",용산구,3,0,19,30.03,,,2-36,11170,11
99,사용,2004,갱신,22.04~24.04,2022,한강로 대우아이빌,한강로2가,"19,950",용산구,3,0,19,33.54,"19,000",,2-11,11170,8
100,,2017,신규,22.04~24.04,2022,용산푸르지오써밋,한강로2가,"35,840",용산구,3,0,21,42.64,,,420,11170,35
101,,2017,,,2022,용산푸르지오써밋,한강로2가,"40,000",용산구,3,0,23,27.64,,,420,11170,28
102,,2017,신규,22.03~24.03,2022,용산푸르지오써밋,한강로2가,"39,000",용산구,3,0,23,27.75,,,420,11170,19
103,사용,2017,갱신,22.04~23.04,2022,용산푸르지오써밋,한강로2가,"40,517",용산구,3,0,25,29.85,"38,588",,420,11170,33
104,,2017,신규,22.05~23.05,2022,용산푸르지오써밋,한강로2가,"30,000",용산구,3,80,25,40.39,,,420,11170,27
105,사용,2017,갱신,22.05~23.05,2022,용산푸르지오써밋,한강로2가,"45,146",용산구,3,0,26,40.81,"42,997",,420,11170,17
106,,2004,신규,22.04~23.03,2022,대우디오빌한강로오피스텔,한강로2가,"1,000",용산구,3,71,29,22.05,,,312-4,11170,18
107,사용,2005,갱신,22.04~24.04,2022,한강현대하이엘,한강로2가,"18,900",용산구,3,0,29,30.03,"18,000",,2-36,11170,10
108,,,갱신,22.04~23.04,2022,래미안 용산 더 센트럴,한강로2가,"20,000",용산구,3,110,30,47.65,"2,000",160,422,11170,12
109,,2004,신규,22.04~24.04,2022,한강대우트럼프월드3,한강로3가,"20,000",용산구,3,0,12,25.52,,,65-230,11170,14
110,,2006,신규,22.05~23.04,2022,지에스 한강에클라스,한강로3가,"2,000",용산구,3,140,18,71.22,,,16-85,11170,3
111,,2007,,,2022,용산 시티파크(63-389),한강로3가,"43,000",용산구,3,0,19,58.49,,,63-389,11170,3
112,,2006,신규,22.03~23.03,2022,지에스 한강에클라스,한강로3가,"1,000",용산구,3,90,25,44.57,,,16-85,11170,5
113,,2004,신규,22.04~24.04,2022,한강대우트럼프월드3,한강로3가,"3,000",용산구,3,80,26,30.91,,,65-230,11170,7
114,,2007,신규,22.04~23.04,2022,용산 시티파크(63-389),한강로3가,"20,000",용산구,3,74,28,58.49,,,63-389,11170,8
0,,2004,갱신,22.05~24.05,2022,갈월동 에이트리움,갈월동,"20,940",용산구,4,0,5,31.47,"19,950",,101-49,11170,14
1,,2004,신규,22.06~23.06,2022,갈월동 에이트리움,갈월동,"1,000",용산구,4,77,28,30.97,,,101-49,11170,17
2,,2004,신규,22.06~23.06,2022,그린빌파크,갈월동,"1,000",용산구,4,55,28,23.01,,,53-19,11170,5
3,,2015,,,2022,트윈시티 남산,동자동,"33,000",용산구,4,0,1,27.42,,,56,11170,23
4,,2015,신규,22.05~23.05,2022,트윈시티 남산,동자동,"1,000",용산구,4,90,2,21.52,,,56,11170,18
5,,2013,신규,,2022,센트레빌아스테리움서울,동자동,"2,000",용산구,4,160,8,47.39,,,45,11170,9
6,,2015,신규,22.04~23.04,2022,트윈시티 남산,동자동,"1,000",용산구,4,95,8,25.43,,,56,11170,22
7,,2015,신규,22.06~23.05,2022,트윈시티 남산,동자동,"1,000",용산구,4,125,12,29.61,,,56,11170,8
8,,2015,신규,22.04~23.04,2022,트윈시티 남산,동자동,"1,000",용산구,4,110,12,25.37,,,56,11170,24
9,,2015,신규,22.05~23.05,2022,트윈시티 남산,동자동,"20,000",용산구,4,60,13,29.95,,,56,11170,12
10,,2015,신규,22.05~23.05,2022,트윈시티 남산,동자동,"1,000",용산구,4,110,15,27.42,,,56,11170,12
11,,2015,신규,22.04~23.04,2022,트윈시티 남산,동자동,"2,000",용산구,4,85,15,21.71,,,56,11170,14
12,,2015,신규,22.04~23.05,2022,트윈시티 남산,동자동,"1,000",용산구,4,85,16,21.52,,,56,11170,22
13,,2015,신규,22.06~23.06,2022,트윈시티 남산,동자동,"1,000",용산구,4,120,16,27.69,,,56,11170,17
14,,2015,신규,22.08~23.02,2022,트윈시티 남산,동자동,"1,000",용산구,4,89,20,21.51,,,56,11170,24
15,,2015,신규,22.05~23.05,2022,트윈시티 남산,동자동,"1,000",용산구,4,102,21,25.37,,,56,11170,8
16,,2015,신규,22.05~23.05,2022,트윈시티 남산,동자동,"3,000",용산구,4,120,25,29.61,,,56,11170,5
17,,2015,신규,22.05~24.05,2022,트윈시티 남산,동자동,"28,000",용산구,4,0,25,25.37,,,56,11170,2
18,,2015,신규,22.05~23.05,2022,트윈시티 남산,동자동,"1,000",용산구,4,99,27,25.43,,,56,11170,26
19,,2015,신규,22.05~23.05,2022,트윈시티 남산,동자동,"1,000",용산구,4,90,30,21.52,,,56,11170,12
20,,2004,,,2022,서울역풍림아이원플러스,서계동,"21,000",용산구,4,0,29,27.95,,,219-17,11170,6
21,,2022,신규,22.04~23.04,2022,용산 큐브스테이트,청파동1가,"24,000",용산구,4,0,4,19.48,,,183,11170,6
22,,2020,신규,22.04~24.04,2022,용산 다올 노블리움,청파동3가,"19,950",용산구,4,0,1,18.09,,,80-6,11170,11
23,,2020,신규,22.04~23.04,2022,용산 다올 노블리움,청파동3가,"18,000",용산구,4,0,1,17.99,,,80-6,11170,9
24,사용,2018,갱신,22.05~23.04,2022,용산2차휴먼타운,원효로1가,"5,000",용산구,4,94,7,29.94,"1,000",105,120-22,11170,15
25,,2004,신규,22.05~23.05,2022,디아뜨 센트럴,원효로1가,"17,000",용산구,4,22,9,37.17,,,112-4,11170,6
26,,2019,신규,22.05~24.05,2022,하람 휴,원효로1가,"32,000",용산구,4,0,14,27.27,,,28-10,11170,10
27,,2019,신규,22.04~23.04,2022,하람 휴,원효로1가,"27,300",용산구,4,0,15,29.56,,,28-10,11170,8
28,,2017,갱신,22.04~23.04,2022,용산1차휴먼타운,원효로1가,"2,000",용산구,4,82,23,29.97,"2,000",78,120-20,11170,12
29,,2021,신규,22.07~23.06,2022,오피스텔 채원,원효로1가,"1,000",용산구,4,77,27,19.54,,,119-13,11170,13
30,,2019,신규,22.05~24.05,2022,하람 휴,원효로1가,"31,000",용산구,4,0,27,27.27,,,28-10,11170,5
31,,2018,,,2022,용산파크뷰,원효로1가,"18,165",용산구,4,0,30,19.46,,,46-3,11170,4
32,사용,2018,갱신,22.08~23.08,2022,용산파크뷰,원효로1가,"27,190",용산구,4,0,30,38.52,"25,900",,46-3,11170,3
33,,2020,신규,22.05~24.05,2022,용산파크뷰II,원효로3가,"28,000",용산구,4,0,1,24.67,,,130-1,11170,14
34,사용,2014,갱신,22.06~24.06,2022,아인하우스,원효로3가,"15,000",용산구,4,0,10,24.48,"14,500",,277-36,11170,4
35,,2014,신규,22.05~24.05,2022,아인하우스,원효로3가,"15,500",용산구,4,0,18,24.48,,,277-36,11170,6
36,,2005,신규,22.05~23.05,2022,이안 용산1차,문배동,"3,000",용산구,4,67,2,30.04,,,7-6,11170,7
37,,2015,,22.04~24.04,2022,용산KCC웰츠타워,문배동,"27,000",용산구,4,0,3,29.69,,,11-10,11170,4
38,,2015,신규,22.04~22.10,2022,용산KCC웰츠타워,문배동,"1,000",용산구,4,90,4,29.69,,,11-10,11170,8
39,,2007,갱신,22.05~24.05,2022,용산아크로타워,문배동,"37,400",용산구,4,0,5,48.28,"35,700",,24-21,11170,4
40,사용,2005,갱신,22.04~24.04,2022,이안 용산1차(11-14),문배동,"44,100",용산구,4,0,6,73.56,"42,000",,11-14,11170,11
41,,2015,갱신,22.05~24.05,2022,용산KCC웰츠타워,문배동,"32,000",용산구,4,0,6,38.95,"31,000",,11-10,11170,6
42,사용,2015,갱신,22.04~24.04,2022,용산KCC웰츠타워,문배동,"25,200",용산구,4,0,7,29.97,"24,000",,11-10,11170,6
43,,2013,신규,22.05~24.05,2022,용산큐브,문배동,"19,000",용산구,4,0,12,17.46,,,24-4,11170,12
44,사용,2005,갱신,22.05~24.05,2022,이안 용산1차,문배동,"26,770",용산구,4,0,12,35.6,"25,500",,7-6,11170,10
45,,2015,신규,22.04~23.04,2022,용산KCC웰츠타워,문배동,"1,000",용산구,4,85,13,29.97,,,11-10,11170,5
46,,2015,,,2022,용산KCC웰츠타워,문배동,"33,000",용산구,4,0,13,38.48,,,11-10,11170,8
47,,2017,,22.05~24.05,2022,용산 리브,문배동,"30,000",용산구,4,0,15,36.06,,,10-3,11170,5
48,,2015,신규,22.05~24.05,2022,용산KCC웰츠타워,문배동,"37,000",용산구,4,0,16,38.48,,,11-10,11170,5
49,,2007,,22.05~23.05,2022,용산아크로타워,문배동,"31,185",용산구,4,0,18,38.37,,,24-21,11170,7
50,,2007,신규,22.06~24.06,2022,이안용산프리미어,문배동,"63,000",용산구,4,0,18,72.46,,,3-3,11170,6
51,사용,2015,갱신,22.07~23.07,2022,용산KCC웰츠타워,문배동,"27,300",용산구,4,0,20,33.1,"26,000",,11-10,11170,5
52,,2005,신규,22.06~24.06,2022,이안 용산1차(11-29),문배동,"2,000",용산구,4,90,20,39.2,,,11-29,11170,15
53,,2015,,,2022,용산KCC웰츠타워,문배동,"33,000",용산구,4,0,23,38.48,,,11-10,11170,8
54,,2007,신규,22.05~24.05,2022,이안용산프리미어,문배동,"19,500",용산구,4,0,23,24.78,,,3-3,11170,7
55,,2013,신규,22.04~23.08,2022,용산큐브,문배동,"1,000",용산구,4,68,23,17.46,,,24-4,11170,7
56,,2007,신규,22.05~24.05,2022,용산씨제이나인파크,문배동,"65,000",용산구,4,0,23,70.92,,,24-6,11170,9
57,,2012,신규,22.06~23.06,2022,프라임펠리스,문배동,"1,000",용산구,4,60,23,18.55,,,24-8,11170,9
58,,2012,신규,22.04~24.04,2022,프라임펠리스,문배동,"16,000",용산구,4,0,24,18.55,,,24-8,11170,10
59,사용,2015,갱신,22.04~24.04,2022,용산KCC웰츠타워,문배동,"23,500",용산구,4,0,24,28.66,"22,700",,11-10,11170,3
60,사용,2013,갱신,22.08~24.08,2022,용산큐브,문배동,"17,200",용산구,4,0,24,17.46,"17,200",,24-4,11170,10
61,,2004,신규,22.05~24.05,2022,삼라마이다스빌,문배동,"25,358",용산구,4,0,25,38.63,,,40-19,11170,6
62,,2015,신규,22.05~23.04,2022,용산KCC웰츠타워,문배동,"1,000",용산구,4,90,26,32.84,,,11-10,11170,7
63,사용,2015,갱신,22.05~24.05,2022,용산KCC웰츠타워,문배동,"28,350",용산구,4,0,28,38.95,"27,000",,11-10,11170,5
64,,2007,신규,22.05~24.05,2022,용산아크로타워,문배동,"10,000",용산구,4,120,30,47.42,,,24-21,11170,3
65,,2004,신규,22.06~24.06,2022,삼라마이다스빌,문배동,"18,250",용산구,4,5,30,28.23,,,40-19,11170,3
66,,2005,신규,22.05~24.05,2022,용산파크자이,한강로1가,"35,000",용산구,4,0,1,39.03,,,50-1,11170,15
67,,2005,신규,22.05~24.05,2022,용산파크자이,한강로1가,"36,000",용산구,4,0,2,37.26,,,50-1,11170,31
68,,2007,신규,22.05~24.03,2022,대우 월드마크 용산,한강로1가,"50,000",용산구,4,60,6,79.65,,,64,11170,29
69,,2005,신규,22.04~23.04,2022,용산파크자이,한강로1가,"2,000",용산구,4,82,15,31.83,,,50-1,11170,29
70,,2005,신규,22.04~23.04,2022,용산파크자이,한강로1가,"2,000",용산구,4,82,15,31.83,,,50-1,11170,29
71,,2005,신규,22.05~24.05,2022,용산파크자이,한강로1가,"25,000",용산구,4,0,20,28.46,,,50-1,11170,13
72,사용,2005,갱신,,2022,용산파크자이,한강로1가,"1,000",용산구,4,90,25,32.1,"1,000",88,50-1,11170,20
73,,2005,신규,22.06~24.06,2022,용산파크자이,한강로1가,"27,562",용산구,4,0,29,36.13,,,50-1,11170,4
74,사용,2007,갱신,22.06~24.06,2022,대우 월드마크 용산,한강로1가,"54,600",용산구,4,0,30,83.07,"52,000",,64,11170,11
75,,2017,신규,22.04~23.04,2022,용산푸르지오써밋,한강로2가,"1,000",용산구,4,85,1,29.85,,,420,11170,20
76,사용,2004,갱신,22.04~24.04,2022,한강로 대우아이빌,한강로2가,"17,850",용산구,4,0,2,34.83,"17,000",,2-11,11170,3
77,,2017,,,2022,용산푸르지오써밋,한강로2가,"10,000",용산구,4,68,2,29.85,,,420,11170,25
78,,2017,신규,22.04~23.04,2022,용산푸르지오써밋,한강로2가,"10,000",용산구,4,68,2,29.85,,,420,11170,25
79,,2017,신규,22.04~24.04,2022,용산푸르지오써밋,한강로2가,"60,000",용산구,4,0,3,40.81,,,420,11170,18
80,,2004,신규,22.04~24.04,2022,대우디오빌한강로오피스텔,한강로2가,"27,000",용산구,4,0,4,33.95,,,312-4,11170,3
81,,2017,신규,22.04~24.04,2022,용산푸르지오써밋,한강로2가,"40,000",용산구,4,0,5,27.75,,,420,11170,20
82,사용,2004,갱신,22.04~24.04,2022,대우디오빌한강로오피스텔,한강로2가,"23,100",용산구,4,0,6,32.19,"22,000",,312-4,11170,15
83,,2017,신규,22.04~24.04,2022,용산푸르지오써밋,한강로2가,"45,000",용산구,4,0,6,29.85,,,420,11170,18
84,,2017,신규,22.04~24.04,2022,용산푸르지오써밋,한강로2가,"40,000",용산구,4,0,7,26.7,,,420,11170,29
85,,2017,신규,22.06~24.06,2022,용산푸르지오써밋,한강로2가,"26,200",용산구,4,4,8,35.47,,,420,11170,24
86,,2017,신규,22.05~23.05,2022,용산푸르지오써밋,한강로2가,"2,000",용산구,4,150,11,29.85,,,420,11170,25
87,,2004,신규,22.04~24.04,2022,대우디오빌한강로오피스텔,한강로2가,"2,000",용산구,4,100,12,33.95,,,312-4,11170,6
88,,2004,신규,22.05~24.05,2022,한강로 대우아이빌,한강로2가,"26,000",용산구,4,0,12,36.64,,,2-11,11170,5
89,,2017,갱신,22.04~24.04,2022,용산푸르지오써밋,한강로2가,"30,000",용산구,4,50,15,46,"33,600",,420,11170,29
90,,2004,신규,22.04~23.04,2022,한강로 대우아이빌,한강로2가,"1,000",용산구,4,75,16,33.54,,,2-11,11170,4
91,,2017,신규,22.05~23.05,2022,용산푸르지오써밋,한강로2가,"30,000",용산구,4,70,18,35.47,,,420,11170,30
92,,2004,신규,22.05~24.05,2022,대우디오빌한강로오피스텔,한강로2가,"21,000",용산구,4,0,19,32.85,,,312-4,11170,18
93,사용,2017,갱신,22.05~23.05,2022,용산푸르지오써밋,한강로2가,"33,000",용산구,4,0,19,24.6,"31,500",,420,11170,30
94,,2004,신규,22.06~24.06,2022,한강로 대우아이빌,한강로2가,"24,500",용산구,4,0,21,33.54,,,2-11,11170,8
95,,,갱신,22.05~23.05,2022,래미안 용산 더 센트럴,한강로2가,"50,710",용산구,4,0,21,48.57,"48,300",,422,11170,8
96,사용,2004,갱신,22.05~24.05,2022,대우디오빌한강로오피스텔,한강로2가,"23,100",용산구,4,0,23,32.85,"22,000",,312-4,11170,11
97,,2005,신규,22.05~24.05,2022,한강현대하이엘,한강로2가,"25,000",용산구,4,0,23,41.82,,,2-36,11170,15
98,,2005,신규,22.06~24.06,2022,한강현대하이엘,한강로2가,"24,000",용산구,4,0,23,40.28,,,2-36,11170,4
99,,2017,신규,22.05~23.05,2022,용산푸르지오써밋,한강로2가,"27,783",용산구,4,0,23,29.85,,,420,11170,35
100,,2004,갱신,22.05~24.05,2022,한강로 대우아이빌,한강로2가,"20,000",용산구,4,20,25,35.28,"20,000",,2-11,11170,7
101,,2004,신규,22.05~24.05,2022,대우디오빌한강로오피스텔,한강로2가,"23,000",용산구,4,0,27,32.19,,,312-4,11170,10
102,,2005,신규,22.08~23.07,2022,한강로벽산메가트리움,한강로2가,"6,000",용산구,4,70,28,33.02,,,2-8,11170,7
103,,2017,,,2022,용산푸르지오써밋,한강로2가,"37,500",용산구,4,0,29,26.7,,,420,11170,25
104,,2005,신규,22.05~23.05,2022,한강현대하이엘,한강로2가,"25,000",용산구,4,0,29,40.28,,,2-36,11170,6
105,,2004,,,2022,한강대우트럼프월드3,한강로3가,"22,000",용산구,4,0,2,25.52,,,65-230,11170,26
106,,2007,신규,22.04~24.04,2022,용산 시티파크(63-389),한강로3가,"85,000",용산구,4,0,7,81.7,,,63-389,11170,6
107,,2007,신규,22.06~24.06,2022,용산 시티파크(63-387),한강로3가,"55,000",용산구,4,0,8,43.77,,,63-387,11170,3
108,,2004,,,2022,한강대우트럼프월드3,한강로3가,"26,250",용산구,4,0,12,39.7,,,65-230,11170,23
109,,2004,신규,22.06~24.06,2022,한강대우트럼프월드3,한강로3가,"17,000",용산구,4,110,23,38.14,,,65-230,11170,5
110,,2004,신규,22.05~23.05,2022,한강대우트럼프월드3,한강로3가,"1,000",용산구,4,84,30,30.91,,,65-230,11170,14
0,,1990,신규,22.06~24.06,2022,(339-4),후암동,"12,000",용산구,5,25,18,34.38,,,339-4,11170,2
1,,1990,갱신,22.06~24.06,2022,(339-4),후암동,"9,500",용산구,5,0,27,34.38,"9,000",,339-4,11170,5
2,,1990,신규,22.07~24.07,2022,(339-4),후암동,"15,000",용산구,5,0,28,34.38,,,339-4,11170,4
3,,2004,신규,22.05~23.05,2022,갈월동 에이트리움,갈월동,"1,000",용산구,5,80,18,30.97,,,101-49,11170,5
4,,2015,신규,22.06~23.06,2022,트윈시티 남산,동자동,"1,000",용산구,5,85,4,21.52,,,56,11170,4
5,,2015,신규,22.05~24.05,2022,트윈시티 남산,동자동,"27,000",용산구,5,0,4,21.51,,,56,11170,26
6,,2015,신규,22.05~23.05,2022,트윈시티 남산,동자동,"1,000",용산구,5,140,4,29.61,,,56,11170,9
7,,2015,신규,22.06~24.06,2022,트윈시티 남산,동자동,"32,000",용산구,5,0,9,27.42,,,56,11170,18
8,,2015,,,2022,트윈시티 남산,동자동,"33,000",용산구,5,0,12,27.43,,,56,11170,27
9,,2015,갱신,22.05~23.05,2022,트윈시티 남산,동자동,"1,000",용산구,5,120,20,29.61,"1,000",115,56,11170,6
10,,2015,신규,22.05~23.05,2022,트윈시티 남산,동자동,"1,000",용산구,5,90,23,21.51,,,56,11170,15
11,,2015,신규,22.07~23.06,2022,트윈시티 남산,동자동,100,용산구,5,85,28,21.52,,,56,11170,16
12,,2015,신규,22.05~23.05,2022,트윈시티 남산,동자동,"20,000",용산구,5,50,30,28.33,,,56,11170,7
13,,2004,,,2022,서울역풍림아이원플러스,서계동,"22,500",용산구,5,0,2,27.95,,,219-17,11170,13
14,,2022,신규,22.06~24.06,2022,용산 큐브스테이트,청파동1가,"26,000",용산구,5,0,12,18.72,,,183,11170,8
15,,2020,,,2022,용산 다올 노블리움,청파동3가,"2,000",용산구,5,75,20,18.09,,,80-6,11170,8
16,,2019,,,2022,하람 휴,원효로1가,"31,000",용산구,5,0,5,29.56,,,28-10,11170,3
17,,2018,신규,22.06~23.06,2022,용산2차휴먼타운,원효로1가,"2,000",용산구,5,84,6,29.94,,,120-22,11170,10
18,,2021,신규,22.05~23.05,2022,오피스텔 채원,원효로1가,"1,000",용산구,5,85,7,22.22,,,119-13,11170,15
19,,2021,신규,22.05~23.05,2022,시온캐슬용산,원효로1가,"1,000",용산구,5,100,8,24.4,,,28-7,11170,6
20,,2004,신규,22.06~23.06,2022,디아뜨 센트럴,원효로1가,"1,000",용산구,5,58,9,25.5,,,112-4,11170,6
21,사용,2018,갱신,22.06~24.06,2022,용산2차휴먼타운,원효로1가,"27,500",용산구,5,0,12,29.94,"26,200",,120-22,11170,11
22,사용,2018,갱신,22.06~24.06,2022,용산파크뷰,원효로1가,"30,200",용산구,5,0,13,42.95,"28,800",,46-3,11170,4
23,,2004,신규,22.06~24.06,2022,디아뜨 센트럴,원효로1가,"16,500",용산구,5,0,13,25.5,,,112-4,11170,12
24,,2021,신규,22.05~23.07,2022,시온캐슬용산,원효로1가,"24,500",용산구,5,0,14,25.69,,,28-7,11170,5
25,사용,2017,갱신,22.05~24.05,2022,용산1차휴먼타운,원효로1가,"27,563",용산구,5,0,14,29.97,"26,250",,120-20,11170,14
26,사용,2018,갱신,22.06~24.06,2022,용산파크뷰,원효로1가,"17,600",용산구,5,0,17,19.46,"16,800",,46-3,11170,3
27,사용,2018,갱신,22.06~24.06,2022,용산파크뷰,원효로1가,"30,240",용산구,5,0,21,42.95,"28,800",,46-3,11170,6
28,,2004,신규,22.06~23.06,2022,디아뜨 센트럴,원효로1가,"1,000",용산구,5,60,21,25.5,,,112-4,11170,7
29,,2004,신규,22.07~24.07,2022,디아뜨 센트럴,원효로1가,"16,500",용산구,5,0,23,25.19,,,112-4,11170,9
30,,2018,,,2022,용산파크뷰,원효로1가,"1,500",용산구,5,74,25,19.46,,,46-3,11170,6
31,사용,2018,갱신,22.06~24.06,2022,용산파크뷰,원효로1가,"29,700",용산구,5,0,27,42.95,"28,300",,46-3,11170,3
32,,2004,신규,22.06~23.06,2022,디아뜨 센트럴,원효로1가,"1,000",용산구,5,65,28,25.5,,,112-4,11170,5
33,,2021,신규,22.06~24.06,2022,금강프라임 타워,원효로3가,"32,000",용산구,5,0,23,39.95,,,43-1,11170,5
34,,2014,,22.06~24.06,2022,아인하우스,원효로3가,"15,500",용산구,5,0,28,23.04,,,277-36,11170,3
35,사용,2005,갱신,22.05~24.05,2022,이안 용산1차(11-14),문배동,"38,850",용산구,5,0,7,61.06,"37,000",,11-14,11170,10
36,,2015,신규,22.06~24.06,2022,용산KCC웰츠타워,문배동,"25,500",용산구,5,0,7,29.97,,,11-10,11170,4
37,사용,2004,갱신,22.05~23.05,2022,삼라마이다스빌,문배동,"19,275",용산구,5,0,9,28.23,"18,375",,40-19,11170,5
38,,2004,갱신,22.06~23.12,2022,삼라마이다스빌,문배동,"18,000",용산구,5,0,10,25.11,"16,000",,40-19,11170,7
39,,2007,신규,22.06~23.06,2022,이안용산프리미어,문배동,"2,000",용산구,5,70,10,24.78,,,3-3,11170,2
40,,2015,,,2022,용산KCC웰츠타워,문배동,"28,000",용산구,5,0,11,35.69,,,11-10,11170,8
41,,2015,,22.06~23.06,2022,용산KCC웰츠타워,문배동,"1,000",용산구,5,78,12,24.06,,,11-10,11170,4
42,,2015,신규,22.06~23.06,2022,용산KCC웰츠타워,문배동,"1,000",용산구,5,90,13,29.97,,,11-10,11170,8
43,,2007,신규,22.08~24.07,2022,용산아크로타워,문배동,"40,000",용산구,5,0,13,46.29,,,24-21,11170,9
44,,2007,신규,22.06~24.06,2022,용산씨제이나인파크,문배동,"9,000",용산구,5,170,14,71.39,,,24-6,11170,12
45,,2007,,,2022,이안용산프리미어,문배동,"45,150",용산구,5,15,14,84.51,,,3-3,11170,6
46,사용,2012,갱신,22.06~24.06,2022,프라임펠리스,문배동,"16,275",용산구,5,0,14,18.77,"15,500",,24-8,11170,10
47,,2015,,,2022,용산KCC웰츠타워,문배동,"59,000",용산구,5,0,14,58.55,,,11-10,11170,8
48,,2015,신규,22.08~24.08,2022,용산KCC웰츠타워,문배동,"59,000",용산구,5,0,14,58.55,,,11-10,11170,8
49,,2015,,,2022,용산KCC웰츠타워,문배동,"42,000",용산구,5,0,16,58.55,,,11-10,11170,7
50,,2007,신규,22.07~24.07,2022,용산씨제이나인파크,문배동,"48,000",용산구,5,0,17,44.43,,,24-6,11170,9
51,,2013,신규,22.05~24.05,2022,용산큐브,문배동,500,용산구,5,70,21,17.46,,,24-4,11170,13
52,사용,2007,갱신,22.06~24.06,2022,이안용산프리미어,문배동,"10,000",용산구,5,137,21,86.16,"10,000",130,3-3,11170,6
53,,2007,,,2022,용산씨제이나인파크,문배동,"48,000",용산구,5,0,21,44.43,,,24-6,11170,4
54,,2015,신규,22.06~24.06,2022,용산KCC웰츠타워,문배동,"27,000",용산구,5,0,22,29.25,,,11-10,11170,5
55,,2015,,,2022,용산KCC웰츠타워,문배동,"25,500",용산구,5,0,25,29.97,,,11-10,11170,8
56,사용,2015,갱신,22.07~22.12,2022,용산KCC웰츠타워,문배동,"24,150",용산구,5,0,26,29.33,"23,000",,11-10,11170,3
57,사용,2007,갱신,22.07~24.07,2022,이안용산프리미어,문배동,"44,100",용산구,5,0,28,72.99,"42,000",,3-3,11170,3
58,,2013,신규,22.05~23.05,2022,용산큐브,문배동,"1,000",용산구,5,65,31,17.46,,,24-4,11170,6
59,,2013,신규,22.06~23.06,2022,용산큐브,문배동,"1,000",용산구,5,70,31,17.46,,,24-4,11170,7
60,,2005,신규,22.05~23.05,2022,용산파크자이,한강로1가,"2,000",용산구,5,150,2,52.84,,,50-1,11170,2
61,,2007,신규,22.08~23.08,2022,대우 월드마크 용산,한강로1가,"57,057",용산구,5,0,6,79.65,,,64,11170,30
62,,2007,신규,,2022,대우 월드마크 용산,한강로1가,"54,340",용산구,5,0,6,79.65,,,64,11170,30
63,,2005,신규,22.05~24.05,2022,용산파크자이,한강로1가,"20,000",용산구,5,50,7,37.26,,,50-1,11170,11
64,,2005,,,2022,용산파크자이,한강로1가,"20,000",용산구,5,50,7,37.26,,,50-1,11170,11
65,,2005,신규,22.06~24.06,2022,용산파크자이,한강로1가,"38,000",용산구,5,0,12,47.91,,,50-1,11170,8
66,,2005,신규,22.05~23.05,2022,용산파크자이,한강로1가,"1,000",용산구,5,90,13,33.6,,,50-1,11170,3
67,,2005,신규,22.05~24.05,2022,용산파크자이,한강로1가,"27,300",용산구,5,0,14,36.13,,,50-1,11170,9
68,,2005,신규,22.06~24.06,2022,용산파크자이,한강로1가,"30,000",용산구,5,0,17,31.83,,,50-1,11170,30
69,사용,2005,갱신,22.07~24.07,2022,용산파크자이,한강로1가,"33,600",용산구,5,0,21,37.26,"32,000",,50-1,11170,35
70,,2005,갱신,22.07~24.07,2022,용산파크자이,한강로1가,"31,000",용산구,5,5,21,38.1,"31,000",,50-1,11170,13
71,,2005,신규,22.06~24.06,2022,용산파크자이,한강로1가,"25,000",용산구,5,0,21,31.83,,,50-1,11170,25
72,사용,2005,갱신,22.05~24.05,2022,용산파크자이,한강로1가,"30,450",용산구,5,0,21,38.1,"29,000",,50-1,11170,9
73,,2005,신규,22.06~24.06,2022,용산파크자이,한강로1가,"25,000",용산구,5,0,23,28.46,,,50-1,11170,12
74,,2005,신규,22.05~23.05,2022,용산파크자이,한강로1가,"1,000",용산구,5,110,23,37.26,,,50-1,11170,26
75,,2005,신규,22.07~24.07,2022,용산파크자이,한강로1가,"36,000",용산구,5,0,23,38.1,,,50-1,11170,12
76,,2005,신규,22.07~24.07,2022,용산파크자이,한강로1가,"34,000",용산구,5,0,31,37.26,,,50-1,11170,9
77,,2004,신규,22.06~24.06,2022,대우디오빌한강로오피스텔,한강로2가,"22,000",용산구,5,0,4,33.95,,,312-4,11170,10
78,,2004,신규,22.06~24.06,2022,대우디오빌한강로오피스텔,한강로2가,"3,000",용산구,5,70,6,32.19,,,312-4,11170,11
79,,2006,신규,22.06~23.06,2022,용산 토투벨리,한강로2가,"33,000",용산구,5,0,7,54.23,,,2-37,11170,12
80,,2004,신규,22.05~23.05,2022,대우디오빌한강로오피스텔,한강로2가,"1,000",용산구,5,65,7,22.05,,,312-4,11170,18
81,,2004,신규,22.05~23.05,2022,한강로 대우아이빌,한강로2가,"15,493",용산구,5,15,8,34.83,,,2-11,11170,10
82,,2005,신규,22.06~23.06,2022,한강현대하이엘,한강로2가,"3,000",용산구,5,85,10,40.28,,,2-36,11170,7
83,,2004,,,2022,대우디오빌한강로오피스텔,한강로2가,"20,000",용산구,5,0,10,22.05,,,312-4,11170,8
84,,2004,신규,22.05~23.05,2022,대우디오빌한강로오피스텔,한강로2가,500,용산구,5,70,11,22.05,,,312-4,11170,16
85,,2017,갱신,22.05~23.05,2022,용산푸르지오써밋,한강로2가,"36,600",용산구,5,0,11,44.7,"35,247",,420,11170,32
86,,2017,신규,22.06~23.06,2022,용산푸르지오써밋,한강로2가,"3,000",용산구,5,125,11,29.74,,,420,11170,24
87,,2005,갱신,22.05~23.05,2022,한강현대하이엘,한강로2가,"20,000",용산구,5,0,13,30.03,"19,000",,2-36,11170,4
88,사용,2017,갱신,22.06~23.06,2022,용산푸르지오써밋,한강로2가,"27,825",용산구,5,0,14,26.7,"26,500",,420,11170,25
89,,2017,신규,22.07~24.07,2022,용산푸르지오써밋,한강로2가,"35,000",용산구,5,0,16,29.74,,,420,11170,26
90,,2004,신규,22.06~23.06,2022,대우디오빌한강로오피스텔,한강로2가,"1,000",용산구,5,80,17,33.95,,,312-4,11170,8
91,,2017,신규,22.05~23.05,2022,용산푸르지오써밋,한강로2가,"3,500",용산구,5,124,18,29.74,,,420,11170,25
92,,2017,갱신,22.06~23.06,2022,용산푸르지오써밋,한강로2가,"1,000",용산구,5,100,18,29.85,"1,000",95,420,11170,21
93,,2017,신규,22.08~23.08,2022,용산푸르지오써밋,한강로2가,"65,000",용산구,5,0,27,46,,,420,11170,27
94,,2012,갱신,22.07~23.07,2022,아스테리움 용산,한강로2가,"23,100",용산구,5,77,28,49.98,"22,000",74,419,11170,20
95,사용,2017,갱신,22.06~23.06,2022,용산푸르지오써밋,한강로2가,"44,100",용산구,5,0,28,44.89,"42,000",,420,11170,21
96,,2004,신규,22.06~24.06,2022,한강로 대우아이빌,한강로2가,"26,000",용산구,5,0,30,34.83,,,2-11,11170,5
97,,2009,갱신,22.07~23.08,2022,파크타워,용산동5가,"69,100",용산구,5,50,27,99.77,"65,000",,24,11170,2
98,,2006,신규,22.05~24.05,2022,지에스 한강에클라스,한강로3가,"1,000",용산구,5,70,9,35.06,,,16-85,11170,5
99,,2004,신규,22.05~23.05,2022,한강대우트럼프월드3,한강로3가,500,용산구,5,55,10,30.91,,,65-230,11170,10
100,,2006,신규,22.05~23.05,2022,지에스 한강에클라스,한강로3가,"1,000",용산구,5,70,12,35.06,,,16-85,11170,3
101,,2006,신규,22.05~24.05,2022,지에스 한강에클라스,한강로3가,"19,000",용산구,5,0,22,35.06,,,16-85,11170,7
102,,2004,갱신,22.05~23.05,2022,한강대우트럼프월드3,한강로3가,"35,000",용산구,5,0,28,39.7,"25,000",,65-230,11170,20
103,,2021,신규,22.08~24.08,2022,디케이밸리뷰한남,한남동,"48,000",용산구,5,0,21,33.81,,,113-2,11170,4
0,,2004,신규,22.06~23.06,2022,그린빌파크,갈월동,"1,000",용산구,6,60,2,24.18,,,53-19,11170,4
1,,2004,신규,22.07~23.07,2022,그린빌파크,갈월동,"1,000",용산구,6,60,20,24.92,,,53-19,11170,5
2,,2004,신규,22.07~24.07,2022,그린빌파크,갈월동,"1,000",용산구,6,55,28,23.01,,,53-19,11170,5
3,,2015,신규,22.06~23.05,2022,트윈시티 남산,동자동,"1,000",용산구,6,90,1,21.51,,,56,11170,2
4,,2015,신규,22.07~23.07,2022,트윈시티 남산,동자동,"1,000",용산구,6,105,6,27.42,,,56,11170,9
5,,2015,신규,22.07~23.07,2022,트윈시티 남산,동자동,"1,000",용산구,6,110,22,27.42,,,56,11170,28
6,,2015,신규,22.07~23.07,2022,트윈시티 남산,동자동,"2,000",용산구,6,100,25,28.33,,,56,11170,22
7,,2015,신규,22.07~23.07,2022,트윈시티 남산,동자동,"1,000",용산구,6,89,26,21.71,,,56,11170,14
8,,2015,신규,22.08~23.08,2022,트윈시티 남산,동자동,"4,000",용산구,6,70,27,21.71,,,56,11170,7
9,,2015,신규,22.06~23.06,2022,트윈시티 남산,동자동,"2,000",용산구,6,115,28,29.61,,,56,11170,16
10,,2015,신규,22.07~24.07,2022,트윈시티 남산,동자동,"31,000",용산구,6,0,29,27.42,,,56,11170,9
11,사용,2004,갱신,22.06~24.06,2022,서울역풍림아이원플러스,서계동,"18,900",용산구,6,0,23,28.79,"18,000",,219-17,11170,5
12,,2020,신규,22.06~23.06,2022,용산 다올 노블리움,청파동3가,"19,950",용산구,6,0,7,18.04,,,80-6,11170,7
13,사용,2004,갱신,22.06~24.06,2022,디아뜨 센트럴,원효로1가,"17,500",용산구,6,0,4,25.5,"17,000",,112-4,11170,12
14,,2018,,,2022,용산파크뷰,원효로1가,"31,000",용산구,6,0,5,36.2,,,46-3,11170,4
15,,2021,신규,22.07~23.07,2022,오피스텔 채원,원효로1가,"1,000",용산구,6,65,8,14.4,,,119-13,11170,13
16,,2018,,,2022,용산2차휴먼타운,원효로1가,"28,350",용산구,6,0,9,29.94,,,120-22,11170,18
17,,2017,신규,22.07~24.07,2022,용산1차휴먼타운,원효로1가,"31,000",용산구,6,0,10,29.97,,,120-20,11170,15
18,사용,2017,갱신,22.06~23.06,2022,용산1차휴먼타운,원효로1가,"29,200",용산구,6,0,11,33.61,"27,825",,120-20,11170,9
19,,2017,갱신,22.06~23.06,2022,용산1차휴먼타운,원효로1가,"26,565",용산구,6,0,14,33.61,"25,300",,120-20,11170,9
20,사용,2017,갱신,22.07~23.03,2022,용산1차휴먼타운,원효로1가,"26,250",용산구,6,0,17,29.97,"25,000",,120-20,11170,14
21,,2017,신규,22.08~24.02,2022,용산1차휴먼타운,원효로1가,"31,500",용산구,6,0,22,33.61,,,120-20,11170,6
22,,2019,신규,22.06~24.06,2022,하람 휴,원효로1가,"31,000",용산구,6,0,23,27.27,,,28-10,11170,3
23,,2017,신규,22.08~24.08,2022,용산1차휴먼타운,원효로1가,"10,000",용산구,6,70,24,33.61,,,120-20,11170,6
24,,2017,신규,22.07~24.07,2022,용산1차휴먼타운,원효로1가,"30,870",용산구,6,0,25,29.97,,,120-20,11170,15
25,,2019,신규,22.08~24.08,2022,하람 휴,원효로1가,"25,200",용산구,6,0,29,27.27,,,28-10,11170,11
26,사용,2018,갱신,22.08~24.08,2022,용산파크뷰,원효로1가,"27,900",용산구,6,0,30,36.2,"26,600",,46-3,11170,5
27,,2021,신규,22.06~23.06,2022,용산 클라우드 나인 오피스텔,원효로3가,"1,000",용산구,6,77,7,17.08,,,277-13,11170,15
28,,2021,신규,22.06~23.06,2022,용산 클라우드 나인 오피스텔,원효로3가,"1,000",용산구,6,85,10,18.91,,,277-13,11170,9
29,,2020,신규,22.07~24.07,2022,용산파크뷰II,원효로3가,"26,250",용산구,6,0,10,25.99,,,130-1,11170,11
30,사용,2014,갱신,22.07~24.07,2022,아인하우스,원효로3가,"16,200",용산구,6,0,18,23.04,"15,500",,277-36,11170,8
31,,2018,신규,22.07~23.07,2022,G&P 용산파크,문배동,"3,000",용산구,6,105,1,39.75,,,11-34,11170,2
32,사용,2005,갱신,22.06~23.06,2022,이안 용산1차(11-29),문배동,"23,000",용산구,6,0,1,30.04,"22,500",,11-29,11170,7
33,,2007,신규,22.07~23.07,2022,용산아크로타워,문배동,"37,485",용산구,6,0,4,46.29,,,24-21,11170,6
34,사용,2007,갱신,22.07~24.07,2022,용산씨제이나인파크,문배동,"47,250",용산구,6,0,4,54.96,"45,000",,24-6,11170,11
35,사용,2007,갱신,22.07~24.07,2022,용산씨제이나인파크,문배동,"36,750",용산구,6,0,4,42.5,"35,000",,24-6,11170,7
36,,2012,신규,22.07~24.07,2022,프라임펠리스,문배동,"24,000",용산구,6,0,7,27.83,,,24-8,11170,12
37,,2021,신규,22.07~24.07,2022,(2-9),문배동,"1,000",용산구,6,60,8,15.41,,,2-9,11170,9
38,,2015,신규,22.06~24.06,2022,용산KCC웰츠타워,문배동,"25,500",용산구,6,0,8,29.97,,,11-10,11170,8
39,,2005,신규,22.06~24.06,2022,이안 용산1차,문배동,"15,000",용산구,6,50,10,39.2,,,7-6,11170,4
40,사용,2013,갱신,22.06~23.06,2022,용산큐브,문배동,"19,000",용산구,6,0,10,17.46,"18,300",,24-4,11170,10
41,,2021,신규,22.07~23.07,2022,(2-9),문배동,"1,000",용산구,6,65,13,16.52,,,2-9,11170,10
42,,2004,신규,22.08~24.08,2022,삼라마이다스빌,문배동,"17,500",용산구,6,2,14,28.23,,,40-19,11170,2
43,,2015,신규,22.07~24.07,2022,용산KCC웰츠타워,문배동,"1,000",용산구,6,102,16,37.07,,,11-10,11170,3
44,,2005,,,2022,이안 용산1차,문배동,"5,000",용산구,6,70,17,39.2,,,7-6,11170,2
45,,2013,신규,22.07~23.07,2022,용산큐브,문배동,"1,000",용산구,6,70,17,17.46,,,24-4,11170,9
46,,2022,신규,22.08~24.07,2022,용산 더힐 센트럴파크뷰,문배동,"20,000",용산구,6,80,18,29.31,,,8-5,11170,8
47,,2022,,,2022,용산 더힐 센트럴파크뷰,문배동,"20,000",용산구,6,80,18,23.13,,,8-5,11170,8
48,,2007,신규,22.07~24.07,2022,이안용산프리미어,문배동,"5,000",용산구,6,200,19,72.46,,,3-3,11170,4
49,,2010,신규,22.08~23.08,2022,리첸시아 용산B,문배동,"35,000",용산구,6,0,21,37.68,,,40-31,11170,2
50,,2005,신규,22.09~24.09,2022,이안 용산1차(11-14),문배동,"55,000",용산구,6,0,25,61.06,,,11-14,11170,14
51,,2004,신규,22.07~24.07,2022,삼라마이다스빌,문배동,"18,300",용산구,6,0,29,28.23,,,40-19,11170,6
52,,2007,신규,22.07~23.07,2022,용산씨제이나인파크,문배동,"43,980",용산구,6,0,30,71.39,,,24-6,11170,9
53,사용,2005,갱신,22.08~23.08,2022,용산파크자이,한강로1가,"33,600",용산구,6,0,8,37.26,"32,000",,50-1,11170,22
54,,2005,신규,22.07~23.07,2022,용산파크자이,한강로1가,"1,000",용산구,6,85,9,33.46,,,50-1,11170,7
55,,2007,,,2022,대우 월드마크 용산,한강로1가,"75,000",용산구,6,0,9,79.65,,,64,11170,12
56,,2005,신규,22.07~24.07,2022,용산파크자이,한강로1가,"35,000",용산구,6,0,10,37.26,,,50-1,11170,19
57,사용,2005,갱신,22.07~24.07,2022,용산파크자이,한강로1가,"30,400",용산구,6,0,17,52.55,"29,000",,50-1,11170,13
58,사용,2005,갱신,22.07~24.07,2022,용산파크자이,한강로1가,"36,200",용산구,6,0,17,42.39,"34,500",,50-1,11170,9
59,,2005,신규,22.07~24.07,2022,용산파크자이,한강로1가,"28,035",용산구,6,0,18,33.46,,,50-1,11170,4
60,,2005,신규,22.06~23.06,2022,용산파크자이,한강로1가,"2,000",용산구,6,79,18,28.46,,,50-1,11170,11
61,사용,2017,갱신,22.08~24.08,2022,용산푸르지오써밋,한강로2가,"30,000",용산구,6,26,2,26.7,"30,000",20,420,11170,31
62,,2004,신규,22.07~24.06,2022,한강로 대우아이빌,한강로2가,"26,000",용산구,6,0,3,37.85,,,2-11,11170,2
63,,2017,신규,22.06~24.06,2022,용산푸르지오써밋,한강로2가,"50,000",용산구,6,0,4,40.39,,,420,11170,27
64,,2017,신규,22.06~23.06,2022,용산푸르지오써밋,한강로2가,"20,000",용산구,6,65,4,26.7,,,420,11170,28
65,,2017,신규,22.08~24.08,2022,용산푸르지오써밋,한강로2가,"38,000",용산구,6,0,11,26.7,,,420,11170,25
66,,2004,갱신,22.07~23.07,2022,한강로 대우아이빌,한강로2가,"2,000",용산구,6,68,11,33.54,"2,000",65,2-11,11170,5
67,,2017,신규,22.07~23.06,2022,용산푸르지오써밋,한강로2가,"2,000",용산구,6,130,16,29.74,,,420,11170,21
68,,2004,신규,22.06~24.06,2022,대우디오빌한강로오피스텔,한강로2가,"1,000",용산구,6,50,20,36.69,,,312-4,11170,5
69,,2017,신규,22.08~23.08,2022,용산푸르지오써밋,한강로2가,"62,000",용산구,6,0,22,44.7,,,420,11170,23
70,,2005,신규,22.07~24.07,2022,한강현대하이엘,한강로2가,"25,000",용산구,6,0,22,41.82,,,2-36,11170,10
71,사용,2004,갱신,22.07~24.07,2022,한강로 대우아이빌,한강로2가,"23,100",용산구,6,0,23,34.83,"22,000",,2-11,11170,8
72,,2005,신규,22.07~24.07,2022,한강현대하이엘,한강로2가,"25,000",용산구,6,0,24,39.37,,,2-36,11170,14
73,사용,2012,갱신,22.08~24.08,2022,아스테리움 용산,한강로2가,"52,500",용산구,6,0,24,49.85,"50,000",,419,11170,30
74,,2012,,,2022,아스테리움 용산,한강로2가,"52,500",용산구,6,0,24,49.85,,,419,11170,30
75,,2004,신규,22.08~23.08,2022,한강로 대우아이빌,한강로2가,"1,000",용산구,6,80,25,35.28,,,2-11,11170,4
76,사용,2004,갱신,22.08~23.02,2022,대우디오빌한강로오피스텔,한강로2가,"22,050",용산구,6,0,29,30.64,"21,000",,312-4,11170,18
77,,2017,신규,22.06~23.02,2022,용산푸르지오써밋,한강로2가,"1,500",용산구,6,122,29,26.7,,,420,11170,29
78,사용,2004,갱신,22.07~24.07,2022,한강대우트럼프월드3,한강로3가,"45,150",용산구,6,0,4,49.66,"43,000",,65-230,11170,9
79,,2006,신규,22.07~23.06,2022,지에스 한강에클라스,한강로3가,"1,000",용산구,6,60,7,27.48,,,16-85,11170,5
80,,2004,신규,22.06~23.06,2022,한강대우트럼프월드3,한강로3가,"1,000",용산구,6,110,9,38.14,,,65-230,11170,9
81,,2007,,,2022,용산 시티파크(63-389),한강로3가,"45,000",용산구,6,0,15,41.57,,,63-389,11170,11
82,,2007,신규,23.06~24.06,2022,용산 시티파크(63-387),한강로3가,"10,000",용산구,6,180,16,54,,,63-387,11170,4
83,,2006,신규,22.07~23.07,2022,지에스 한강에클라스,한강로3가,"2,000",용산구,6,130,16,62.83,,,16-85,11170,5
84,,2004,신규,22.08~24.08,2022,한강대우트럼프월드3,한강로3가,"30,000",용산구,6,0,17,30.91,,,65-230,11170,8
85,,2004,신규,22.08~23.08,2022,한강대우트럼프월드3,한강로3가,"2,000",용산구,6,80,24,25.52,,,65-230,11170,16
86,,2004,신규,22.08~24.08,2022,한강대우트럼프월드3,한강로3가,"60,000",용산구,6,0,30,49.66,,,65-230,11170,8
87,,2006,신규,22.07~23.07,2022,지에스 한강에클라스,한강로3가,"2,000",용산구,6,160,30,79.29,,,16-85,11170,5
88,,2020,,,2022,한남파크뷰,이태원동,"20,000",용산구,6,0,2,18.75,,,130-11,11170,2
89,,2020,,,2022,한남파크뷰,이태원동,"20,000",용산구,6,0,11,18.75,,,130-11,11170,4
90,,2003,신규,22.06~24.06,2022,디에스오피스텔,한남동,"1,000",용산구,6,60,14,16.8,,,257-1,11170,1
91,,2021,,,2022,디케이밸리뷰한남,한남동,"3,500",용산구,6,137,29,33.81,,,113-2,11170,6
0,,2004,신규,22.07~23.07,2022,갈월동 에이트리움,갈월동,"1,000",용산구,7,75,5,30.97,,,101-49,11170,5
1,,2004,신규,22.07~23.07,2022,그린빌파크,갈월동,"1,000",용산구,7,60,6,30.03,,,53-19,11170,2
2,,2004,신규,22.10~24.10,2022,갈월동 에이트리움,갈월동,"25,000",용산구,7,0,8,34.11,,,101-49,11170,5
3,,2004,신규,22.07~24.07,2022,갈월동 에이트리움,갈월동,"22,000",용산구,7,0,11,30.97,,,101-49,11170,9
4,,2015,신규,22.07~24.07,2022,트윈시티 남산,동자동,"33,000",용산구,7,0,1,27.42,,,56,11170,28
5,,2015,신규,22.07~23.07,2022,트윈시티 남산,동자동,"1,000",용산구,7,140,5,29.95,,,56,11170,17
6,,2015,신규,22.07~23.07,2022,트윈시티 남산,동자동,"1,000",용산구,7,100,5,25.43,,,56,11170,17
7,,2015,신규,22.07~23.07,2022,트윈시티 남산,동자동,"2,000",용산구,7,110,11,28.33,,,56,11170,6
8,,2013,신규,22.08~24.08,2022,센트레빌아스테리움서울,동자동,"3,000",용산구,7,250,14,72.58,,,45,11170,15
9,,2015,신규,22.07~24.07,2022,트윈시티 남산,동자동,"34,000",용산구,7,0,18,28.33,,,56,11170,19
10,,2015,신규,22.08~23.08,2022,트윈시티 남산,동자동,"1,000",용산구,7,125,20,28.33,,,56,11170,15
11,,2015,신규,22.07~23.07,2022,트윈시티 남산,동자동,"1,000",용산구,7,95,28,21.51,,,56,11170,20
12,,2004,,,2022,서울역풍림아이원플러스,서계동,"23,000",용산구,7,0,9,28.79,,,219-17,11170,6
13,,2018,,,2022,용산파크뷰,원효로1가,"28,665",용산구,7,0,1,38.52,,,46-3,11170,7
14,,2018,,22.08~24.08,2022,용산파크뷰,원효로1가,"28,035",용산구,7,0,2,38.52,,,46-3,11170,5
15,,2018,갱신,22.08~23.08,2022,용산파크뷰,원효로1가,"28,400",용산구,7,0,2,38.52,"27,090",,46-3,11170,2
16,,2004,신규,22.07~24.07,2022,디아뜨 센트럴,원효로1가,"16,000",용산구,7,0,3,25.5,,,112-4,11170,5
17,,2019,신규,22.07~24.07,2022,하람 휴,원효로1가,"27,300",용산구,7,0,6,24.29,,,28-10,11170,2
18,,2021,신규,22.07~23.07,2022,오피스텔 채원,원효로1가,"1,000",용산구,7,77,7,19.54,,,119-13,11170,16
19,,2004,신규,22.07~23.07,2022,디아뜨 센트럴,원효로1가,"1,000",용산구,7,67,8,25.5,,,112-4,11170,9
20,사용,2004,갱신,22.07~23.07,2022,디아뜨 센트럴,원효로1가,"16,800",용산구,7,0,8,25.5,"16,000",,112-4,11170,4
21,,2004,신규,22.07~24.07,2022,디아뜨 센트럴,원효로1가,"16,000",용산구,7,0,8,25.5,,,112-4,11170,4
22,,2018,갱신,22.08~24.08,2022,용산파크뷰,원효로1가,"27,550",용산구,7,0,9,36.64,"26,250",,46-3,11170,2
23,,2004,신규,22.08~24.08,2022,디아뜨 센트럴,원효로1가,"15,800",용산구,7,0,11,25.19,,,112-4,11170,2
24,,2019,갱신,22.07~23.07,2022,하람 휴,원효로1가,"29,925",용산구,7,0,19,29.56,"28,500",,28-10,11170,12
25,,2017,,,2022,용산1차휴먼타운,원효로1가,"26,700",용산구,7,0,25,29.97,,,120-20,11170,14
26,,2004,신규,22.08~24.08,2022,디아뜨 센트럴,원효로1가,"15,800",용산구,7,0,25,25.19,,,112-4,11170,2
27,,2021,신규,22.09~23.09,2022,오피스텔 채원,원효로1가,"1,000",용산구,7,65,27,14.4,,,119-13,11170,15
28,,2004,신규,22.07~24.07,2022,디아뜨 센트럴,원효로1가,"16,500",용산구,7,0,29,25.19,,,112-4,11170,9
29,,2018,신규,22.08~24.08,2022,용산2차휴먼타운,원효로1가,"29,700",용산구,7,0,30,29.94,,,120-22,11170,14
30,,2022,,,2022,용산 센트럴포레,원효로2가,"37,000",용산구,7,0,5,31.48,,,3-12,11170,10
31,,2022,신규,22.09~24.09,2022,용산 센트럴포레,원효로2가,"35,000",용산구,7,0,21,31.62,,,3-12,11170,6
32,,2022,신규,22.08~24.08,2022,용산 센트럴포레,원효로2가,"35,000",용산구,7,0,25,31.62,,,3-12,11170,5
33,,2022,,,2022,용산 센트럴포레,원효로2가,"35,000",용산구,7,0,26,31.62,,,3-12,11170,5
34,,2022,,,2022,용산 센트럴포레,원효로2가,"3,000",용산구,7,150,28,31.62,,,3-12,11170,4
35,,2022,신규,22.08~24.08,2022,용산 센트럴포레,원효로2가,"4,000",용산구,7,140,28,31.48,,,3-12,11170,3
36,,2014,신규,22.08~24.08,2022,아인하우스,원효로3가,"15,000",용산구,7,0,21,21.27,,,277-36,11170,3
37,,2010,신규,22.09~24.09,2022,리첸시아 용산B,문배동,"44,000",용산구,7,0,1,40.23,,,40-31,11170,2
38,사용,2013,갱신,22.07~23.07,2022,용산큐브,문배동,"18,740",용산구,7,0,2,17.46,"17,850",,24-4,11170,3
39,사용,2012,갱신,22.07~24.07,2022,프라임펠리스,문배동,"9,800",용산구,7,23,4,18.77,"10,000",20,24-8,11170,7
40,,2017,신규,22.08~24.07,2022,용산 리브,문배동,"35,000",용산구,7,0,4,42.25,,,10-3,11170,10
41,,2013,,,2022,용산큐브,문배동,"1,000",용산구,7,65,5,17.46,,,24-4,11170,5
42,,2013,신규,22.08~24.08,2022,용산큐브,문배동,"19,000",용산구,7,0,5,17.46,,,24-4,11170,11
43,,2013,신규,22.07~23.07,2022,용산큐브,문배동,"1,000",용산구,7,70,7,17.46,,,24-4,11170,6
44,,2018,신규,22.08~23.08,2022,G&P 용산파크,문배동,"30,098",용산구,7,0,9,39.07,,,11-34,11170,3
45,,2022,,,2022,용산 더힐 센트럴파크뷰,문배동,"37,000",용산구,7,0,9,29.31,,,8-5,11170,12
46,,2022,신규,22.08~24.08,2022,용산 더힐 센트럴파크뷰,문배동,"38,000",용산구,7,0,9,33.65,,,8-5,11170,3
47,,2022,신규,22.08~24.08,2022,용산 더힐 센트럴파크뷰,문배동,"37,500",용산구,7,0,9,29.6,,,8-5,11170,13
48,,2007,신규,22.08~23.07,2022,용산아크로타워,문배동,"33,000",용산구,7,0,9,38.37,,,24-21,11170,6
49,,2013,신규,22.07~23.07,2022,용산큐브,문배동,"10,000",용산구,7,40,14,17.46,,,24-4,11170,7
50,,2007,신규,22.07~23.07,2022,용산씨제이나인파크,문배동,"15,000",용산구,7,160,14,71.39,,,24-6,11170,6
51,,2005,신규,22.10~24.10,2022,이안 용산1차(11-14),문배동,"65,000",용산구,7,0,15,73.56,,,11-14,11170,13
52,,2010,,,2022,리첸시아 용산B,문배동,"29,700",용산구,7,0,15,36.23,,,40-31,11170,2
53,사용,2007,갱신,22.07~24.07,2022,이안용산프리미어,문배동,"50,400",용산구,7,0,16,84.51,"48,000",,3-3,11170,2
54,,2022,신규,22.08~24.08,2022,용산 더힐 센트럴파크뷰,문배동,"40,000",용산구,7,0,16,33.65,,,8-5,11170,6
55,,2021,신규,22.07~23.07,2022,(2-9),문배동,"1,000",용산구,7,60,21,15.41,,,2-9,11170,10
56,,2022,신규,22.08~24.08,2022,용산 더힐 센트럴파크뷰,문배동,"35,000",용산구,7,0,21,29.32,,,8-5,11170,15
57,,2010,신규,22.07~23.07,2022,리첸시아 용산B,문배동,"41,000",용산구,7,0,22,54.41,,,40-31,11170,3
58,,2022,신규,22.08~23.08,2022,용산 더힐 센트럴파크뷰,문배동,"5,000",용산구,7,100,22,23.13,,,8-5,11170,19
59,,2017,신규,22.08~24.08,2022,용산 리브,문배동,"40,000",용산구,7,0,26,45.92,,,10-3,11170,13
60,,2022,신규,22.08~24.08,2022,용산 더힐 센트럴파크뷰,문배동,"25,000",용산구,7,35,26,29.32,,,8-5,11170,4
61,,2022,신규,22.08~23.08,2022,용산 더힐 센트럴파크뷰,문배동,"20,000",용산구,7,65,26,29.6,,,8-5,11170,3
62,사용,2005,갱신,22.07~24.07,2022,이안 용산1차(11-29),문배동,"24,600",용산구,7,0,27,39.2,"23,500",,11-29,11170,14
63,사용,2005,갱신,22.07~24.07,2022,이안 용산1차(11-29),문배동,"24,600",용산구,7,0,27,39.2,"24,600",,11-29,11170,14
64,,2022,신규,22.08~23.08,2022,용산 더힐 센트럴파크뷰,문배동,"22,000",용산구,7,70,27,29.6,,,8-5,11170,10
65,,2022,신규,22.08~23.08,2022,용산 더힐 센트럴파크뷰,문배동,"3,000",용산구,7,160,28,29.6,,,8-5,11170,16
66,,2022,신규,22.08~24.08,2022,용산 더힐 센트럴파크뷰,문배동,"2,000",용산구,7,170,28,29.6,,,8-5,11170,19
67,,2013,신규,22.08~24.08,2022,용산큐브,문배동,"18,900",용산구,7,0,29,17.46,,,24-4,11170,10
68,,2022,신규,22.08~24.08,2022,용산 더힐 센트럴파크뷰,문배동,"36,500",용산구,7,0,30,29.74,,,8-5,11170,16
69,,2022,신규,22.08~24.08,2022,용산 더힐 센트럴파크뷰,문배동,"15,000",용산구,7,100,30,29.6,,,8-5,11170,8
70,,2007,신규,22.08~24.08,2022,대우 월드마크 용산,한강로1가,"100,000",용산구,7,0,9,104.29,,,64,11170,36
71,,2005,신규,22.07~24.07,2022,용산파크자이,한강로1가,"35,000",용산구,7,0,13,38.1,,,50-1,11170,31
72,,2005,,,2022,용산파크자이,한강로1가,"35,000",용산구,7,0,13,38.1,,,50-1,11170,31
73,,2005,신규,22.07~24.04,2022,용산파크자이,한강로1가,"1,000",용산구,7,115,14,37.26,,,50-1,11170,24
74,사용,2005,갱신,22.08~23.08,2022,용산파크자이,한강로1가,"28,665",용산구,7,0,16,31.83,"27,300",,50-1,11170,17
75,,2005,,22.08~24.08,2022,용산파크자이,한강로1가,"26,250",용산구,7,26,19,47.91,,,50-1,11170,11
76,사용,2005,갱신,22.08~23.08,2022,용산파크자이,한강로1가,"24,600",용산구,7,0,21,28.46,"23,500",,50-1,11170,7
77,,2005,신규,22.09~24.09,2022,용산파크자이,한강로1가,"32,000",용산구,7,0,25,32.1,,,50-1,11170,33
78,,2005,신규,22.09~24.09,2022,용산파크자이,한강로1가,"39,500",용산구,7,0,27,42.39,,,50-1,11170,19
79,,2005,신규,22.09~24.09,2022,용산파크자이,한강로1가,"25,000",용산구,7,0,29,28.46,,,50-1,11170,8
80,,2005,신규,22.09~24.09,2022,용산파크자이,한강로1가,"25,000",용산구,7,0,29,28.46,,,50-1,11170,8
81,,2005,신규,22.09~24.09,2022,용산파크자이,한강로1가,"20,000",용산구,7,50,30,42.39,,,50-1,11170,17
82,,2017,신규,22.08~23.03,2022,용산푸르지오써밋,한강로2가,"10,000",용산구,7,74,1,24.6,,,420,11170,29
83,,2012,,,2022,아스테리움 용산,한강로2가,"56,000",용산구,7,0,2,49.66,,,419,11170,21
84,,2017,,,2022,용산푸르지오써밋,한강로2가,"42,000",용산구,7,0,4,44.21,,,420,11170,20
85,,2017,신규,22.08~24.08,2022,용산푸르지오써밋,한강로2가,"60,000",용산구,7,0,8,46.29,,,420,11170,18
86,,2017,,,2022,용산푸르지오써밋,한강로2가,"60,000",용산구,7,0,8,46.29,,,420,11170,18
87,사용,2004,갱신,22.07~23.07,2022,대우디오빌한강로오피스텔,한강로2가,"24,150",용산구,7,0,9,33.95,"23,000",,312-4,11170,6
88,,2017,신규,22.07~24.07,2022,용산푸르지오써밋,한강로2가,"58,000",용산구,7,0,9,44.21,,,420,11170,19
89,,2017,신규,22.07~23.07,2022,용산푸르지오써밋,한강로2가,"3,000",용산구,7,135,12,27.75,,,420,11170,17
90,,2017,신규,22.07~23.07,2022,용산푸르지오써밋,한강로2가,"2,000",용산구,7,130,13,29.85,,,420,11170,26
91,,,신규,22.07~24.07,2022,래미안 용산 더 센트럴,한강로2가,"63,000",용산구,7,0,14,50.74,,,422,11170,6
92,,2017,갱신,22.08~24.08,2022,용산푸르지오써밋,한강로2가,"31,240",용산구,7,0,16,27.75,"29,760",,420,11170,31
93,,,신규,22.08~23.08,2022,래미안 용산 더 센트럴,한강로2가,600,용산구,7,190,16,42.5,,,422,11170,11
94,사용,2004,갱신,22.09~24.09,2022,한강로 대우아이빌,한강로2가,"23,100",용산구,7,0,19,33.54,"22,000",,2-11,11170,9
95,,2004,신규,22.07~24.07,2022,한강로 대우아이빌,한강로2가,"14,000",용산구,7,25,21,39.76,,,2-11,11170,3
96,,2017,신규,22.09~23.09,2022,용산푸르지오써밋,한강로2가,"15,000",용산구,7,78,23,25.65,,,420,11170,21
97,,2017,신규,22.10~24.09,2022,용산푸르지오써밋,한강로2가,"53,500",용산구,7,0,23,40.81,,,420,11170,24
98,,2017,신규,22.09~24.08,2022,용산푸르지오써밋,한강로2가,"15,000",용산구,7,95,23,26.7,,,420,11170,32
99,,2017,신규,22.08~24.08,2022,용산푸르지오써밋,한강로2가,"60,000",용산구,7,0,25,46,,,420,11170,19
100,,2005,갱신,22.07~24.07,2022,한강로벽산메가트리움,한강로2가,"25,000",용산구,7,0,28,32.74,"20,000",,2-8,11170,17
101,,2004,,,2022,한강로 대우아이빌,한강로2가,"21,890",용산구,7,0,29,34.83,,,2-11,11170,2
102,,2017,신규,22.09~23.09,2022,용산푸르지오써밋,한강로2가,"23,150",용산구,7,0,30,24.6,,,420,11170,27
103,,2017,신규,22.08~23.08,2022,용산푸르지오써밋,한강로2가,"8,000",용산구,7,135,31,40.81,,,420,11170,30
104,,2007,신규,22.07~24.07,2022,용산 시티파크(63-389),한강로3가,"36,000",용산구,7,95,16,58.49,,,63-389,11170,7
105,사용,2004,갱신,22.08~24.08,2022,한강대우트럼프월드3,한강로3가,"28,350",용산구,7,0,26,39.7,"27,000",,65-230,11170,18
0,,1990,신규,22.09~24.09,2022,(339-4),후암동,"15,000",용산구,8,0,6,34.38,,,339-4,11170,6
1,,1990,신규,22.08~24.08,2022,(339-4),후암동,"1,000",용산구,8,60,16,34.38,,,339-4,11170,3
2,,2015,신규,22.08~24.08,2022,트윈시티 남산,동자동,"27,000",용산구,8,0,5,21.71,,,56,11170,22
3,,2015,신규,22.08~24.08,2022,트윈시티 남산,동자동,"2,000",용산구,8,125,10,28.33,,,56,11170,16
4,사용,2015,갱신,22.08~23.08,2022,트윈시티 남산,동자동,"1,000",용산구,8,121,12,29.95,"1,000",115,56,11170,22
5,,2015,신규,22.08~23.08,2022,트윈시티 남산,동자동,"1,000",용산구,8,89,16,21.71,,,56,11170,26
6,,2015,신규,22.09~24.09,2022,트윈시티 남산,동자동,"31,000",용산구,8,0,30,28.33,,,56,11170,22
7,,2004,신규,22.08~23.08,2022,디아뜨 센트럴,원효로1가,"1,000",용산구,8,70,1,25.5,,,112-4,11170,13
8,,2021,신규,22.09~23.09,2022,오피스텔 채원,원효로1가,"1,000",용산구,8,68,3,14.4,,,119-13,11170,12
9,사용,2018,갱신,22.08~24.08,2022,용산파크뷰,원효로1가,"27,900",용산구,8,0,6,36.2,"26,600",,46-3,11170,3
10,,2021,신규,22.08~24.08,2022,오피스텔 채원,원효로1가,"15,000",용산구,8,40,8,22.22,,,119-13,11170,12
11,,2004,신규,22.09~23.09,2022,디아뜨 센트럴,원효로1가,"1,000",용산구,8,65,8,25.5,,,112-4,11170,5
12,,2017,,22.09~23.09,2022,용산1차휴먼타운,원효로1가,"29,000",용산구,8,0,13,29.97,,,120-20,11170,16
13,,2017,신규,22.09~24.09,2022,용산1차휴먼타운,원효로1가,"23,000",용산구,8,20,18,33.61,,,120-20,11170,7
14,,2019,신규,22.08~24.08,2022,하람 휴,원효로1가,"31,000",용산구,8,0,18,29.56,,,28-10,11170,4
15,,2021,신규,22.09~24.09,2022,시온캐슬용산,원효로1가,"24,150",용산구,8,0,19,21.44,,,28-7,11170,8
16,,2004,신규,22.09~24.09,2022,디아뜨 센트럴,원효로1가,"18,000",용산구,8,25,19,37.17,,,112-4,11170,5
17,사용,2017,갱신,22.09~24.09,2022,용산1차휴먼타운,원효로1가,"25,200",용산구,8,0,24,33.61,"24,000",,120-20,11170,6
18,,2017,신규,22.08~24.08,2022,용산1차휴먼타운,원효로1가,"26,200",용산구,8,0,24,33.61,,,120-20,11170,9
19,,2021,신규,22.09~23.09,2022,시온캐슬용산,원효로1가,"1,000",용산구,8,84,25,21.1,,,28-7,11170,4
20,사용,2017,갱신,22.09~23.09,2022,용산1차휴먼타운,원효로1가,"28,665",용산구,8,0,29,33.61,"27,300",,120-20,11170,8
21,,2022,신규,22.09~24.09,2022,용산 센트럴포레,원효로2가,"38,000",용산구,8,0,5,31.62,,,3-12,11170,8
22,,2022,신규,22.08~24.08,2022,용산 센트럴포레,원효로2가,"36,000",용산구,8,0,5,32.55,,,3-12,11170,10
23,,2022,신규,22.09~23.09,2022,용산 센트럴포레,원효로2가,"15,000",용산구,8,90,13,32.55,,,3-12,11170,8
24,,2022,신규,22.09~24.09,2022,용산 센트럴포레,원효로2가,"35,000",용산구,8,0,19,31.62,,,3-12,11170,5
25,,2022,신규,22.09~24.09,2022,용산 센트럴포레,원효로2가,"35,000",용산구,8,0,20,31.62,,,3-12,11170,9
26,,2022,신규,22.09~24.09,2022,용산 센트럴포레,원효로2가,"5,000",용산구,8,130,22,32.55,,,3-12,11170,9
27,,2021,신규,22.08~23.08,2022,용산 클라우드 나인 오피스텔,원효로3가,"1,000",용산구,8,85,8,18.91,,,277-13,11170,9
28,,2014,신규,22.08~24.08,2022,아인하우스,원효로3가,"15,800",용산구,8,0,8,23.04,,,277-36,11170,4
29,,2022,신규,22.08~24.08,2022,용산 소미 글로벌리버파크,원효로3가,"25,000",용산구,8,80,12,34.81,,,277-8,11170,5
30,,2014,신규,22.09~24.09,2022,아인하우스,원효로3가,"15,000",용산구,8,0,29,21.27,,,277-36,11170,6
31,,2022,신규,22.09~24.09,2022,용산 소미 글로벌리버파크,원효로3가,"23,000",용산구,8,0,29,23.13,,,277-8,11170,8
32,,2005,신규,22.08~24.08,2022,이안 용산1차(11-14),문배동,"37,000",용산구,8,0,1,61.06,,,11-14,11170,5
33,,2013,신규,22.08~23.08,2022,용산큐브,문배동,"3,000",용산구,8,60,3,17.46,,,24-4,11170,13
34,사용,2007,갱신,22.08~24.08,2022,이안용산프리미어,문배동,"45,000",용산구,8,0,6,71.38,"43,000",,3-3,11170,4
35,,2022,신규,22.08~23.08,2022,용산 더힐 센트럴파크뷰,문배동,"10,000",용산구,8,75,6,23.13,,,8-5,11170,14
36,,2004,신규,22.09~24.09,2022,지오베르크,문배동,"29,000",용산구,8,0,6,42.31,,,17-1,11170,3
37,,2010,,,2022,리첸시아 용산B,문배동,"39,600",용산구,8,0,6,58.87,,,40-31,11170,3
38,,2012,신규,22.09~23.09,2022,프라임펠리스,문배동,"16,300",용산구,8,0,8,18.55,,,24-8,11170,8
39,,2013,신규,22.08~24.08,2022,용산큐브,문배동,"18,900",용산구,8,0,8,17.46,,,24-4,11170,9
40,,2007,,,2022,용산아크로타워,문배동,"28,350",용산구,8,0,8,38.37,,,24-21,11170,9
41,,2015,신규,22.08~24.08,2022,용산KCC웰츠타워,문배동,"33,000",용산구,8,0,9,37.24,,,11-10,11170,5
42,,2022,신규,22.08~24.08,2022,용산 더힐 센트럴파크뷰,문배동,"34,000",용산구,8,0,10,29.31,,,8-5,11170,9
43,,2022,신규,22.08~23.08,2022,용산 더힐 센트럴파크뷰,문배동,"20,000",용산구,8,80,10,29.31,,,8-5,11170,16
44,,2013,신규,22.09~24.09,2022,용산큐브,문배동,"19,400",용산구,8,0,10,17.46,,,24-4,11170,5
45,,2007,신규,22.08~24.08,2022,이안용산프리미어,문배동,"54,600",용산구,8,0,11,87.29,,,3-3,11170,5
46,,2022,신규,22.08~25.02,2022,용산 더힐 센트럴파크뷰,문배동,"30,000",용산구,8,0,11,21.53,,,8-5,11170,8
47,,2007,갱신,22.09~24.09,2022,용산아크로타워,문배동,"20,000",용산구,8,85,12,51.45,"20,000",70,24-21,11170,9
48,사용,2007,갱신,22.09~24.09,2022,용산씨제이나인파크,문배동,"52,500",용산구,8,0,13,71.39,"50,000",,24-6,11170,4
49,,2007,신규,22.10~24.10,2022,이안용산프리미어,문배동,"55,000",용산구,8,0,13,87.29,,,3-3,11170,2
50,사용,2005,갱신,22.08~23.08,2022,이안 용산1차(11-29),문배동,"22,750",용산구,8,0,13,30.04,"22,000",,11-29,11170,10
51,,2022,신규,22.09~24.09,2022,용산 더힐 센트럴파크뷰,문배동,"40,000",용산구,8,0,13,33.65,,,8-5,11170,5
52,사용,2004,갱신,22.09~24.09,2022,삼라마이다스빌,문배동,"18,500",용산구,8,0,14,25.11,"18,000",,40-19,11170,7
53,,2022,,,2022,용산 더힐 센트럴파크뷰,문배동,"31,000",용산구,8,0,15,29.31,,,8-5,11170,3
54,,2022,,22.09~24.09,2022,용산 더힐 센트럴파크뷰,문배동,"31,000",용산구,8,0,15,29.31,,,8-5,11170,3
55,,2015,갱신,22.10~23.10,2022,용산KCC웰츠타워,문배동,"1,200",용산구,8,135,17,41.94,"1,200",130,11-10,11170,7
56,,2022,신규,22.09~23.09,2022,용산 더힐 센트럴파크뷰,문배동,"15,000",용산구,8,65,17,23.13,,,8-5,11170,15
57,,2022,신규,22.09~24.09,2022,용산 더힐 센트럴파크뷰,문배동,"44,000",용산구,8,0,18,33.65,,,8-5,11170,20
58,,2022,신규,22.09~24.09,2022,용산 더힐 센트럴파크뷰,문배동,"27,000",용산구,8,0,18,21.53,,,8-5,11170,2
59,,2022,신규,22.09~24.09,2022,용산 더힐 센트럴파크뷰,문배동,"24,000",용산구,8,50,19,29.31,,,8-5,11170,4
60,,2013,신규,22.09~24.09,2022,용산큐브,문배동,"19,200",용산구,8,0,19,17.46,,,24-4,11170,10
61,,2013,신규,22.09~24.09,2022,용산큐브,문배동,"19,000",용산구,8,0,19,17.46,,,24-4,11170,3
62,,2022,신규,22.09~24.09,2022,용산 더힐 센트럴파크뷰,문배동,"20,000",용산구,8,65,19,29.32,,,8-5,11170,14
63,사용,2013,갱신,22.09~23.09,2022,용산큐브,문배동,"18,375",용산구,8,0,20,17.46,"17,500",,24-4,11170,3
64,사용,2007,갱신,22.09~24.09,2022,용산아크로타워,문배동,"38,000",용산구,8,0,20,51.45,"37,000",,24-21,11170,7
65,사용,2007,갱신,22.09~24.09,2022,용산아크로타워,문배동,"42,000",용산구,8,0,20,47.42,"40,000",,24-21,11170,9
66,,2015,갱신,22.08~23.08,2022,용산KCC웰츠타워,문배동,"1,000",용산구,8,80,21,30.14,"1,000",69,11-10,11170,6
67,,2022,신규,22.09~24.09,2022,용산 더힐 센트럴파크뷰,문배동,"41,000",용산구,8,0,22,33.65,,,8-5,11170,17
68,사용,2005,갱신,22.09~24.09,2022,이안 용산1차(11-29),문배동,"28,350",용산구,8,0,22,39.2,"27,000",,11-29,11170,11
69,,2013,신규,22.09~23.09,2022,용산큐브,문배동,"7,000",용산구,8,45,24,17.46,,,24-4,11170,9
70,,2022,신규,22.09~23.09,2022,용산 더힐 센트럴파크뷰,문배동,"20,000",용산구,8,100,25,33.65,,,8-5,11170,12
71,,2005,신규,22.10~24.10,2022,이안 용산1차(11-14),문배동,"10,000",용산구,8,120,25,63.2,,,11-14,11170,4
72,,2017,갱신,22.10~23.10,2022,용산 리브,문배동,"34,000",용산구,8,6,26,42.25,"34,000",,10-3,11170,9
73,,2022,신규,22.11~24.11,2022,용산 더힐 센트럴파크뷰,문배동,"30,000",용산구,8,0,27,29.32,,,8-5,11170,13
74,,2007,신규,22.08~24.08,2022,이안용산프리미어,문배동,"18,800",용산구,8,0,27,24.78,,,3-3,11170,3
75,,2012,신규,22.09~24.09,2022,프라임펠리스,문배동,"16,000",용산구,8,0,27,18.55,,,24-8,11170,5
76,,2022,,,2022,용산 더힐 센트럴파크뷰,문배동,"34,000",용산구,8,0,27,29.6,,,8-5,11170,12
77,,2022,신규,22.09~24.09,2022,용산 더힐 센트럴파크뷰,문배동,"40,000",용산구,8,0,29,33.65,,,8-5,11170,11
78,,2022,신규,22.09~24.09,2022,용산 더힐 센트럴파크뷰,문배동,"28,000",용산구,8,0,29,23.13,,,8-5,11170,8
79,,2022,,,2022,용산 더힐 센트럴파크뷰,문배동,"27,000",용산구,8,0,29,23.13,,,8-5,11170,2
80,,2012,갱신,22.09~23.09,2022,프라임펠리스,문배동,"5,000",용산구,8,64,29,27.83,"5,000",60,24-8,11170,4
81,,2007,,,2022,이안용산프리미어,문배동,"44,625",용산구,8,0,29,72.46,,,3-3,11170,2
82,,2022,신규,22.09~24.09,2022,용산 더힐 센트럴파크뷰,문배동,"34,000",용산구,8,0,30,29.6,,,8-5,11170,5
83,,2005,신규,22.10~24.10,2022,이안 용산1차(11-14),문배동,"38,800",용산구,8,0,30,61.06,,,11-14,11170,4
84,,2022,신규,22.10~24.10,2022,용산 더힐 센트럴파크뷰,문배동,"35,000",용산구,8,0,30,29.6,,,8-5,11170,7
85,,2022,,,2022,용산 더힐 센트럴파크뷰,문배동,"30,000",용산구,8,0,31,29.32,,,8-5,11170,10
86,,2013,신규,22.09~24.09,2022,용산큐브,문배동,"18,800",용산구,8,0,31,17.46,,,24-4,11170,6
87,,2007,갱신,22.10~24.10,2022,용산아크로타워,문배동,"30,000",용산구,8,0,31,35.6,"29,000",,24-21,11170,3
88,사용,2005,갱신,22.08~24.08,2022,용산파크자이,한강로1가,"30,870",용산구,8,0,5,38.1,"29,400",,50-1,11170,11
89,,2005,신규,22.08~23.08,2022,용산파크자이,한강로1가,"3,000",용산구,8,85,6,36.13,,,50-1,11170,6
90,사용,2005,갱신,22.09~24.09,2022,용산파크자이,한강로1가,"10,000",용산구,8,54,12,32.1,"10,000",50,50-1,11170,32
91,,2007,신규,22.09~24.09,2022,대우 월드마크 용산,한강로1가,"85,000",용산구,8,0,13,104.29,,,64,11170,24
92,사용,2005,갱신,22.08~23.08,2022,용산파크자이,한강로1가,"29,190",용산구,8,0,17,33.6,"28,800",,50-1,11170,31
93,,2005,신규,22.10~24.10,2022,용산파크자이,한강로1가,"30,800",용산구,8,0,18,39.03,,,50-1,11170,12
94,,2005,,,2022,용산파크자이,한강로1가,"1,000",용산구,8,99,19,39.03,,,50-1,11170,18
95,,2005,신규,22.09~24.09,2022,용산파크자이,한강로1가,"33,000",용산구,8,0,20,39.03,,,50-1,11170,31
96,사용,2005,갱신,22.09~24.09,2022,용산파크자이,한강로1가,"27,300",용산구,8,0,25,36.13,"26,000",,50-1,11170,2
97,,2005,신규,22.11~24.11,2022,용산파크자이,한강로1가,"38,000",용산구,8,0,26,38.1,,,50-1,11170,26
98,,2005,신규,22.08~23.07,2022,한강현대하이엘,한강로2가,"1,000",용산구,8,90,1,39.37,,,2-36,11170,13
99,,2005,신규,22.08~24.08,2022,한강현대하이엘,한강로2가,"24,000",용산구,8,0,4,41.8,,,2-36,11170,12
100,사용,2017,갱신,22.08~24.08,2022,용산푸르지오써밋,한강로2가,"35,700",용산구,8,0,10,29.85,"34,000",,420,11170,28
101,,2012,갱신,22.10~24.10,2022,아스테리움 용산,한강로2가,"20,000",용산구,8,160,13,49.66,"20,000",60,419,11170,23
102,사용,2004,갱신,22.08~24.08,2022,한강로 대우아이빌,한강로2가,"25,200",용산구,8,0,16,37.85,"24,000",,2-11,11170,9
103,,2017,신규,22.08~24.08,2022,용산푸르지오써밋,한강로2가,"38,000",용산구,8,0,16,26.7,,,420,11170,25
104,사용,2017,갱신,22.09~23.09,2022,용산푸르지오써밋,한강로2가,"36,464",용산구,8,0,18,48.72,"34,728",,420,11170,20
105,,2017,신규,22.09~24.09,2022,용산푸르지오써밋,한강로2가,"17,000",용산구,8,75,18,26.7,,,420,11170,26
106,,2017,갱신,22.09~23.09,2022,용산푸르지오써밋,한강로2가,"28,700",용산구,8,0,19,26.7,"27,342",,420,11170,26
107,사용,2004,갱신,22.09~24.09,2022,한강로 대우아이빌,한강로2가,"21,000",용산구,8,0,20,34.83,"20,000",,2-11,11170,2
108,사용,2017,갱신,22.09~23.09,2022,용산푸르지오써밋,한강로2가,"27,957",용산구,8,0,20,29.85,"26,625",,420,11170,28
109,사용,2017,갱신,22.10~24.10,2022,용산푸르지오써밋,한강로2가,"25,410",용산구,8,0,22,24.6,"24,200",,420,11170,27
110,,2017,신규,22.08~24.08,2022,용산푸르지오써밋,한강로2가,"39,000",용산구,8,0,23,27.75,,,420,11170,18
111,사용,2017,갱신,22.11~24.11,2022,용산푸르지오써밋,한강로2가,"15,000",용산구,8,60,25,29.74,"15,000",55,420,11170,23
112,,2017,신규,22.09~23.09,2022,용산푸르지오써밋,한강로2가,"12,000",용산구,8,48,25,29.85,,,420,11170,38
113,,2017,갱신,22.08~23.08,2022,용산푸르지오써밋,한강로2가,"62,000",용산구,8,0,26,44.7,"62,000",,420,11170,23
114,,2017,신규,22.09~23.09,2022,용산푸르지오써밋,한강로2가,"2,000",용산구,8,140,27,29.85,,,420,11170,22
115,,2005,신규,22.09~24.09,2022,한강현대하이엘,한강로2가,"21,000",용산구,8,0,29,30.03,,,2-36,11170,3
116,,2020,갱신,22.09~24.09,2022,한남파크뷰,이태원동,"15,000",용산구,8,50,24,34.52,"15,000",55,130-11,11170,4
117,,2003,신규,22.09~24.09,2022,디에스오피스텔,한남동,"1,000",용산구,8,110,31,37.23,,,257-1,11170,4
0,,2004,신규,22.09~24.09,2022,갈월동 에이트리움,갈월동,"20,000",용산구,9,30,6,34.21,,,101-49,11170,18
1,,2004,갱신,22.09~24.09,2022,갈월동 에이트리움,갈월동,"20,000",용산구,9,0,23,40.93,"10,000",,101-49,11170,21
2,,2004,신규,22.11~24.11,2022,갈월동 에이트리움,갈월동,"23,000",용산구,9,0,23,30.97,,,101-49,11170,15
3,,2004,신규,22.10~23.10,2022,그린빌파크,갈월동,"1,000",용산구,9,55,27,23.01,,,53-19,11170,5
4,,2004,갱신,22.10~24.10,2022,갈월동 에이트리움,갈월동,"22,000",용산구,9,0,28,33.77,"19,400",,101-49,11170,17
5,,2004,신규,22.11~23.11,2022,갈월동 에이트리움,갈월동,"20,800",용산구,9,0,30,31.1,,,101-49,11170,10
6,,2015,신규,22.09~23.09,2022,트윈시티 남산,동자동,"1,200",용산구,9,120,13,27.42,,,56,11170,17
7,,2015,갱신,22.09~24.09,2022,트윈시티 남산,동자동,"31,500",용산구,9,0,15,28.33,"30,000",,56,11170,12
8,,2015,신규,22.09~23.09,2022,트윈시티 남산,동자동,"1,000",용산구,9,135,21,29.61,,,56,11170,16
9,,2020,신규,22.11~24.11,2022,용산 다올 노블리움,청파동3가,"19,800",용산구,9,0,25,18.09,,,80-6,11170,4
10,,2018,,,2022,용산2차휴먼타운,원효로1가,"28,000",용산구,9,0,3,29.37,,,120-22,11170,8
11,사용,2017,갱신,22.10~24.10,2022,용산1차휴먼타운,원효로1가,"28,350",용산구,9,0,13,33.61,"28,350",,120-20,11170,7
12,,2021,신규,22.11~23.10,2022,오피스텔 채원,원효로1가,"16,000",용산구,9,45,23,24.05,,,119-13,11170,15
13,,2022,신규,22.09~24.09,2022,용산 센트럴포레,원효로2가,"5,000",용산구,9,130,1,32.55,,,3-12,11170,9
14,,2022,신규,22.09~24.08,2022,용산 센트럴포레,원효로2가,"33,500",용산구,9,0,2,31.48,,,3-12,11170,7
15,,2022,,,2022,용산 센트럴포레,원효로2가,"36,000",용산구,9,0,6,32.55,,,3-12,11170,6
16,,2022,신규,22.09~23.09,2022,용산 센트럴포레,원효로2가,"5,000",용산구,9,150,13,31.62,,,3-12,11170,8
17,,2022,신규,22.10~23.10,2022,용산 센트럴포레,원효로2가,"10,000",용산구,9,135,23,31.62,,,3-12,11170,11
18,,2022,신규,22.10~24.10,2022,용산 센트럴포레,원효로2가,"35,000",용산구,9,0,24,31.62,,,3-12,11170,7
19,,2003,신규,22.10~24.10,2022,e테크밸리,원효로3가,"21,000",용산구,9,0,2,38.12,,,51-37,11170,11
20,,2022,신규,22.09~24.09,2022,용산 소미 글로벌리버파크,원효로3가,"29,000",용산구,9,0,14,29.92,,,277-8,11170,5
21,,2022,,,2022,용산 소미 글로벌리버파크,원효로3가,"27,000",용산구,9,0,14,29.92,,,277-8,11170,9
22,,2021,신규,22.12~24.12,2022,용산 클라우드 나인 오피스텔,원효로3가,"23,000",용산구,9,0,17,18.73,,,277-13,11170,17
23,,2022,신규,22.09~24.09,2022,용산 소미 글로벌리버파크,원효로3가,"27,000",용산구,9,0,23,29.92,,,277-8,11170,8
24,,2013,신규,22.09~23.09,2022,용산큐브,문배동,"18,500",용산구,9,0,1,17.46,,,24-4,11170,11
25,,2022,신규,22.09~24.09,2022,용산 더힐 센트럴파크뷰,문배동,"35,500",용산구,9,0,2,29.6,,,8-5,11170,17
26,,2022,신규,22.09~24.09,2022,용산 더힐 센트럴파크뷰,문배동,"40,000",용산구,9,0,6,33.65,,,8-5,11170,10
27,,2022,신규,22.09~24.09,2022,용산 더힐 센트럴파크뷰,문배동,"40,000",용산구,9,0,6,33.65,,,8-5,11170,8
28,,2015,신규,22.09~24.09,2022,용산KCC웰츠타워,문배동,"25,500",용산구,9,0,6,29.97,,,11-10,11170,6
29,,2017,신규,22.09~24.09,2022,용산 리브,문배동,"26,500",용산구,9,0,6,36.06,,,10-3,11170,9
30,,2022,신규,22.10~24.10,2022,용산 더힐 센트럴파크뷰,문배동,"30,500",용산구,9,0,7,29.32,,,8-5,11170,3
31,,2012,신규,22.10~24.10,2022,프라임펠리스,문배동,"16,000",용산구,9,0,7,18.55,,,24-8,11170,6
32,,2022,신규,22.09~23.05,2022,용산 더힐 센트럴파크뷰,문배동,"1,500",용산구,9,170,8,29.32,,,8-5,11170,18
33,사용,2013,갱신,22.10~24.10,2022,용산큐브,문배동,"18,900",용산구,9,0,15,17.46,"18,000",,24-4,11170,10
34,사용,2004,갱신,22.10~23.10,2022,삼라마이다스빌,문배동,"17,800",용산구,9,0,15,28.23,"17,500",,40-19,11170,3
35,,2007,,,2022,용산아크로타워,문배동,"44,100",용산구,9,0,16,51.45,,,24-21,11170,6
36,,2017,갱신,22.09~24.09,2022,용산 리브,문배동,"35,500",용산구,9,0,18,42.25,"32,500",,10-3,11170,6
37,,2022,신규,22.09~24.09,2022,용산 더힐 센트럴파크뷰,문배동,"36,000",용산구,9,0,18,29.6,,,8-5,11170,18
38,,2007,신규,22.10~24.10,2022,이안용산프리미어,문배동,"19,000",용산구,9,0,19,24.78,,,3-3,11170,4
39,,2022,신규,22.10~24.10,2022,용산 더힐 센트럴파크뷰,문배동,"30,000",용산구,9,0,20,29.32,,,8-5,11170,5
40,,2012,신규,22.10~24.10,2022,프라임펠리스,문배동,"15,000",용산구,9,0,23,18.55,,,24-8,11170,6
41,,2022,신규,22.10~24.10,2022,용산 더힐 센트럴파크뷰,문배동,"32,000",용산구,9,0,23,29.32,,,8-5,11170,11
42,,2022,신규,22.10~24.10,2022,용산 더힐 센트럴파크뷰,문배동,"28,000",용산구,9,0,26,23.13,,,8-5,11170,9
43,,2007,신규,22.10~23.10,2022,용산씨제이나인파크,문배동,"20,000",용산구,9,100,27,71.39,,,24-6,11170,6
44,,2022,신규,22.10~24.10,2022,용산 더힐 센트럴파크뷰,문배동,"32,000",용산구,9,0,28,29.31,,,8-5,11170,10
45,사용,2015,갱신,22.10~23.10,2022,용산KCC웰츠타워,문배동,"25,160",용산구,9,0,29,37.24,"23,970",,11-10,11170,7
46,,2005,신규,22.09~24.09,2022,용산파크자이,한강로1가,"20,470",용산구,9,0,1,50.31,,,50-1,11170,3
47,사용,2007,갱신,22.10~24.10,2022,대우 월드마크 용산,한강로1가,"40,000",용산구,9,70,3,83.07,"40,000",60,64,11170,30
48,사용,2005,갱신,22.09~24.09,2022,용산파크자이,한강로1가,"26,250",용산구,9,0,3,32.89,"25,000",,50-1,11170,12
49,,2005,신규,22.09~24.09,2022,용산파크자이,한강로1가,"34,000",용산구,9,0,5,39.03,,,50-1,11170,3
50,,2005,,,2022,용산파크자이,한강로1가,"28,000",용산구,9,0,8,33.6,,,50-1,11170,22
51,,2005,신규,22.10~24.10,2022,용산파크자이,한강로1가,"12,000",용산구,9,50,14,33.6,,,50-1,11170,17
52,사용,2005,갱신,22.10~24.10,2022,용산파크자이,한강로1가,"31,500",용산구,9,0,15,39.03,"30,000",,50-1,11170,7
53,,2007,,,2022,대우 월드마크 용산,한강로1가,"100,000",용산구,9,67,15,86.38,,,64,11170,31
54,사용,2005,갱신,22.10~23.10,2022,용산파크자이,한강로1가,"31,500",용산구,9,0,15,39.03,"30,000",,50-1,11170,35
55,,2005,신규,22.09~24.09,2022,용산파크자이,한강로1가,"36,000",용산구,9,0,19,39.03,,,50-1,11170,21
56,사용,2005,갱신,22.09~24.09,2022,용산파크자이,한강로1가,"31,500",용산구,9,0,21,39.03,"30,000",,50-1,11170,23
57,,2017,갱신,22.10~23.10,2022,용산푸르지오써밋,한강로2가,"14,500",용산구,9,122,2,44.7,"8,500",129,420,11170,39
58,,2004,신규,22.09~23.09,2022,대우디오빌한강로오피스텔,한강로2가,"10,000",용산구,9,55,2,29.66,,,312-4,11170,10
59,,2004,신규,22.09~23.10,2022,한강로 대우아이빌,한강로2가,"5,000",용산구,9,75,3,35.28,,,2-11,11170,2
60,,2012,신규,22.09~23.09,2022,아스테리움 용산,한강로2가,"5,000",용산구,9,220,8,49.66,,,419,11170,19
61,,2017,갱신,22.11~23.11,2022,용산푸르지오써밋,한강로2가,"3,500",용산구,9,115,13,45.66,"3,500",109,420,11170,34
62,,2012,신규,22.09~23.09,2022,위너스타워,한강로2가,"1,000",용산구,9,65,13,30.26,,,2-132,11170,9
63,,2017,신규,22.10~24.09,2022,용산푸르지오써밋,한강로2가,"36,000",용산구,9,0,14,27.75,,,420,11170,27
64,,2017,갱신,22.10~24.10,2022,용산푸르지오써밋,한강로2가,"55,650",용산구,9,0,19,46,"53,000",,420,11170,35
65,,2017,,,2022,용산푸르지오써밋,한강로2가,"26,019",용산구,9,0,20,27.64,,,420,11170,31
66,,2017,신규,22.09~24.09,2022,용산푸르지오써밋,한강로2가,"30,000",용산구,9,0,20,26.59,,,420,11170,34
67,,2017,신규,22.09~24.09,2022,용산푸르지오써밋,한강로2가,"55,000",용산구,9,0,22,46.29,,,420,11170,39
68,,2004,,22.10~23.10,2022,한강로 대우아이빌,한강로2가,"21,890",용산구,9,0,23,34.83,,,2-11,11170,2
69,사용,2017,갱신,22.11~24.11,2022,용산푸르지오써밋,한강로2가,"59,850",용산구,9,0,24,44.7,"57,000",,420,11170,38
70,,2004,신규,22.10~24.10,2022,한강로 대우아이빌,한강로2가,"25,000",용산구,9,0,26,35.28,,,2-11,11170,5
71,,2006,신규,22.09~23.09,2022,지에스 한강에클라스,한강로3가,"26,000",용산구,9,0,22,40.86,,,16-85,11170,10
72,,2006,신규,22.10~24.05,2022,지에스 한강에클라스,한강로3가,"1,000",용산구,9,70,22,35.06,,,16-85,11170,5
0,,1990,신규,22.10~24.10,2022,(339-4),후암동,"16,000",용산구,10,0,10,34.38,,,339-4,11170,4
1,,2004,신규,22.11~23.11,2022,갈월동 에이트리움,갈월동,"1,000",용산구,10,79,14,30.97,,,101-49,11170,19
2,,2004,신규,22.12~23.12,2022,그린빌파크,갈월동,"1,000",용산구,10,60,24,24.18,,,53-19,11170,4
3,사용,2004,갱신,22.12~23.12,2022,갈월동 에이트리움,갈월동,"1,000",용산구,10,75,26,30.97,"1,000",75,101-49,11170,15
4,,2004,,,2022,갈월동 에이트리움,갈월동,"1,000",용산구,10,75,26,30.97,,,101-49,11170,15
5,,2004,갱신,22.10~23.08,2022,갈월동 에이트리움,갈월동,"12,000",용산구,10,0,29,33.77,"8,000",,101-49,11170,21
6,,2015,신규,22.10~23.10,2022,트윈시티 남산,동자동,"1,000",용산구,10,120,4,27.42,,,56,11170,19
7,,2015,신규,22.10~24.10,2022,트윈시티 남산,동자동,"1,000",용산구,10,105,11,28.33,,,56,11170,19
8,,2015,신규,22.11~23.11,2022,트윈시티 남산,동자동,"1,000",용산구,10,110,14,27.42,,,56,11170,13
9,,2015,신규,22.12~24.12,2022,트윈시티 남산,동자동,"27,000",용산구,10,0,24,21.71,,,56,11170,20
10,,2015,신규,22.12~23.12,2022,트윈시티 남산,동자동,"1,000",용산구,10,88,26,21.71,,,56,11170,5
11,,2015,신규,22.10~24.10,2022,트윈시티 남산,동자동,"32,000",용산구,10,0,28,29.61,,,56,11170,11
12,,2020,,22.11~23.11,2022,용산 다올 노블리움,청파동3가,"10,000",용산구,10,37,22,18.09,,,80-6,11170,16
13,,2021,신규,22.10~23.10,2022,오피스텔 채원,원효로1가,"1,000",용산구,10,65,3,14.4,,,119-13,11170,11
14,,2021,신규,22.10~23.10,2022,오피스텔 채원,원효로1가,"15,000",용산구,10,30,6,19.19,,,119-13,11170,6
15,,2018,신규,22.11~24.11,2022,용산파크뷰,원효로1가,"28,000",용산구,10,0,8,38.52,,,46-3,11170,4
16,,2021,신규,22.11~24.11,2022,오피스텔 채원,원효로1가,"2,000",용산구,10,90,11,23.76,,,119-13,11170,6
17,,2004,신규,22.11~24.11,2022,디아뜨 센트럴,원효로1가,"1,000",용산구,10,63,11,25.19,,,112-4,11170,6
18,,2021,신규,22.12~23.12,2022,오피스텔 채원,원효로1가,"2,000",용산구,10,64,15,14.4,,,119-13,11170,10
19,,2018,신규,22.12~23.12,2022,용산2차휴먼타운,원효로1가,"2,000",용산구,10,84,15,29.94,,,120-22,11170,10
20,,2019,갱신,22.10~23.10,2022,하람 휴,원효로1가,"27,563",용산구,10,0,18,27.27,"26,250",,28-10,11170,8
21,,2021,신규,22.11~23.11,2022,오피스텔 채원,원효로1가,"4,380",용산구,10,70,26,22.22,,,119-13,11170,11
22,,2021,,,2022,오피스텔 채원,원효로1가,"4,580",용산구,10,70,26,22.22,,,119-13,11170,11
23,,2004,,,2022,디아뜨 센트럴,원효로1가,"16,000",용산구,10,0,29,25.19,,,112-4,11170,11
24,,2022,신규,22.10~23.09,2022,용산 센트럴포레,원효로2가,"5,000",용산구,10,150,1,31.48,,,3-12,11170,5
25,,2022,신규,22.10~24.10,2022,용산 센트럴포레,원효로2가,"36,000",용산구,10,0,5,31.62,,,3-12,11170,4
26,,2022,,,2022,용산 센트럴포레,원효로2가,"45,000",용산구,10,0,5,31.62,,,3-12,11170,11
27,,2022,신규,22.10~23.10,2022,용산 센트럴포레,원효로2가,"5,000",용산구,10,150,14,31.62,,,3-12,11170,11
28,,2022,신규,22.11~24.11,2022,용산 센트럴포레,원효로2가,"34,500",용산구,10,0,20,32.55,,,3-12,11170,4
29,사용,2021,갱신,22.12~24.12,2022,금강프라임 타워,원효로3가,"33,600",용산구,10,0,1,39.71,"32,000",,43-1,11170,9
30,,2020,신규,22.10~24.10,2022,용산파크뷰II,원효로3가,"24,670",용산구,10,0,3,25.99,,,130-1,11170,10
31,,2021,신규,22.11~24.11,2022,용산 클라우드 나인 오피스텔,원효로3가,"23,000",용산구,10,0,4,18.73,,,277-13,11170,15
32,,2020,신규,22.11~24.11,2022,용산파크뷰II,원효로3가,"26,000",용산구,10,0,6,22.14,,,130-1,11170,19
33,사용,2014,갱신,22.11~24.11,2022,아인하우스,원효로3가,"15,000",용산구,10,0,6,24.48,"15,000",,277-36,11170,8
34,,2014,신규,22.10~24.10,2022,아인하우스,원효로3가,"16,000",용산구,10,0,15,23.04,,,277-36,11170,5
35,,2020,신규,22.10~24.10,2022,용산파크뷰II,원효로3가,"1,000",용산구,10,80,22,21.6,,,130-1,11170,15
36,,2022,신규,22.11~24.11,2022,용산 소미 글로벌리버파크,원효로3가,"29,500",용산구,10,0,22,29.73,,,277-8,11170,7
37,,2021,,,2022,용산 클라우드 나인 오피스텔,원효로3가,"23,000",용산구,10,0,24,18.73,,,277-13,11170,15
38,,2003,갱신,22.11~24.11,2022,e테크밸리,원효로3가,"16,500",용산구,10,0,26,36,"15,000",,51-37,11170,12
39,,2022,신규,22.11~24.11,2022,용산 소미 글로벌리버파크,원효로3가,"30,000",용산구,10,0,28,29.97,,,277-8,11170,7
40,,2022,신규,22.10~24.10,2022,용산 소미 글로벌리버파크,원효로3가,"31,000",용산구,10,0,31,34.81,,,277-8,11170,6
41,,2017,신규,22.11~24.11,2022,용산 리브,문배동,"10,000",용산구,10,86,1,42.25,,,10-3,11170,13
42,,2012,신규,22.11~24.11,2022,프라임펠리스,문배동,"1,000",용산구,10,60,3,18.77,,,24-8,11170,9
43,,2022,신규,22.10~24.10,2022,용산 더힐 센트럴파크뷰,문배동,"35,000",용산구,10,0,4,29.74,,,8-5,11170,11
44,,2022,신규,22.12~24.12,2022,용산 더힐 센트럴파크뷰,문배동,"35,000",용산구,10,0,4,29.31,,,8-5,11170,17
45,,2022,신규,22.10~24.10,2022,용산 더힐 센트럴파크뷰,문배동,"34,000",용산구,10,0,6,29.74,,,8-5,11170,6
46,,2004,신규,22.10~23.10,2022,지오베르크,문배동,"5,000",용산구,10,60,7,31.35,,,17-1,11170,3
47,,2022,,,2022,용산 더힐 센트럴파크뷰,문배동,"30,000",용산구,10,0,11,29.32,,,8-5,11170,6
48,사용,2013,갱신,22.10~23.10,2022,용산큐브,문배동,"19,000",용산구,10,0,11,17.46,"18,270",,24-4,11170,3
49,,2022,신규,22.11~24.11,2022,용산 더힐 센트럴파크뷰,문배동,"30,000",용산구,10,0,11,29.31,,,8-5,11170,7
50,,2022,,,2022,용산 더힐 센트럴파크뷰,문배동,"29,000",용산구,10,0,12,29.31,,,8-5,11170,5
51,,2012,신규,22.11~24.11,2022,프라임펠리스,문배동,"16,300",용산구,10,0,12,18.55,,,24-8,11170,4
52,,2013,신규,22.11~24.11,2022,용산큐브,문배동,"18,000",용산구,10,0,12,17.46,,,24-4,11170,11
53,,2007,,,2022,용산씨제이나인파크,문배동,"33,000",용산구,10,0,12,42.5,,,24-6,11170,9
54,,2022,신규,22.11~24.11,2022,용산 더힐 센트럴파크뷰,문배동,"32,000",용산구,10,0,14,29.74,,,8-5,11170,4
55,,2022,신규,22.10~23.10,2022,용산 더힐 센트럴파크뷰,문배동,"35,000",용산구,10,0,14,21.53,,,8-5,11170,3
56,사용,2013,갱신,22.10~24.10,2022,용산큐브,문배동,"18,350",용산구,10,0,14,17.46,"17,850",,24-4,11170,6
57,,2004,,,2022,지오베르크,문배동,"23,000",용산구,10,0,14,31.35,,,17-1,11170,2
58,,2007,갱신,22.11~23.11,2022,용산씨제이나인파크,문배동,"56,000",용산구,10,0,14,68.41,"48,500",,24-6,11170,6
59,,2022,,,2022,용산 더힐 센트럴파크뷰,문배동,"32,000",용산구,10,0,14,29.31,,,8-5,11170,14
60,,2013,신규,22.11~24.11,2022,용산큐브,문배동,"19,000",용산구,10,0,15,17.46,,,24-4,11170,3
61,,2013,신규,22.11~23.11,2022,용산큐브,문배동,"7,000",용산구,10,43,17,17.46,,,24-4,11170,10
62,,2012,신규,22.11~23.11,2022,프라임펠리스,문배동,"1,000",용산구,10,70,18,18.55,,,24-8,11170,9
63,,2013,,,2022,용산큐브,문배동,"17,500",용산구,10,0,19,17.46,,,24-4,11170,3
64,,2022,신규,22.11~24.11,2022,용산 더힐 센트럴파크뷰,문배동,"28,000",용산구,10,0,19,21.53,,,8-5,11170,14
65,,2022,,,2022,용산 더힐 센트럴파크뷰,문배동,"30,000",용산구,10,0,19,29.31,,,8-5,11170,6
66,,2015,신규,22.11~24.11,2022,용산KCC웰츠타워,문배동,"2,000",용산구,10,130,20,37.24,,,11-10,11170,8
67,,2004,갱신,22.11~24.11,2022,삼라마이다스빌,문배동,"17,800",용산구,10,0,21,28.23,"16,800",,40-19,11170,2
68,,2022,신규,22.11~24.11,2022,용산 더힐 센트럴파크뷰,문배동,"32,500",용산구,10,0,21,29.74,,,8-5,11170,8
69,,2013,신규,22.11~24.11,2022,용산큐브,문배동,"18,500",용산구,10,0,22,17.46,,,24-4,11170,4
70,,2013,갱신,22.11~24.11,2022,용산큐브,문배동,"1,000",용산구,10,70,25,17.46,"1,000",65,24-4,11170,5
71,사용,2007,갱신,22.10~24.10,2022,이안용산프리미어,문배동,"54,600",용산구,10,0,25,87.29,"52,000",,3-3,11170,4
72,사용,2013,갱신,22.12~23.12,2022,용산큐브,문배동,"18,900",용산구,10,0,26,17.46,"18,000",,24-4,11170,13
73,사용,2005,갱신,23.01~24.01,2022,이안 용산1차(11-14),문배동,"50,000",용산구,10,0,27,73.56,"50,000",,11-14,11170,9
74,사용,2006,갱신,22.11~24.11,2022,용산 토투벨리,한강로2가,"23,660",용산구,10,0,12,33.93,"22,560",,2-37,11170,11
75,사용,2004,갱신,22.12~24.12,2022,한강로 대우아이빌,한강로2가,"24,150",용산구,10,0,15,33.54,"23,000",,2-11,11170,6
76,,2004,갱신,22.12~24.12,2022,한강로 대우아이빌,한강로2가,"22,600",용산구,10,0,19,37.85,"21,000",,2-11,11170,8
77,,2017,갱신,22.12~23.12,2022,용산푸르지오써밋,한강로2가,"2,000",용산구,10,180,29,48.72,"2,000",163,420,11170,22
78,,2017,신규,22.12~23.12,2022,용산푸르지오써밋,한강로2가,"2,100",용산구,10,102,29,27.75,,,420,11170,38
79,,2006,신규,22.10~24.10,2022,지에스 한강에클라스,한강로3가,"26,460",용산구,10,0,5,46.78,,,16-85,11170,10
80,,2006,신규,22.11~23.10,2022,지에스 한강에클라스,한강로3가,"1,000",용산구,10,75,7,35.06,,,16-85,11170,5
81,,2006,신규,22.10~23.10,2022,지에스 한강에클라스,한강로3가,"1,000",용산구,10,75,7,35.06,,,16-85,11170,6
82,,2006,신규,22.11~23.10,2022,지에스 한강에클라스,한강로3가,"2,000",용산구,10,140,12,71.22,,,16-85,11170,4
83,,2006,신규,22.11~24.10,2022,지에스 한강에클라스,한강로3가,"1,000",용산구,10,85,18,40.86,,,16-85,11170,3
84,,2006,신규,22.11~23.11,2022,지에스 한강에클라스,한강로3가,"1,000",용산구,10,80,24,40.45,,,16-85,11170,5
85,,2020,,,2022,한남파크뷰,이태원동,"30,000",용산구,10,0,3,35.22,,,130-11,11170,3
86,사용,2020,갱신,22.10~24.10,2022,한남파크뷰,이태원동,"30,000",용산구,10,0,5,35.22,"29,000",,130-11,11170,3
0,,1990,신규,22.12~24.12,2022,(339-4),후암동,"1,000",용산구,11,55,26,34.38,,,339-4,11170,5
1,,2004,신규,22.11~23.11,2022,그린빌파크,갈월동,"1,000",용산구,11,55,1,23.01,,,53-19,11170,4
2,,2013,신규,22.12~24.12,2022,센트레빌아스테리움서울,동자동,"4,000",용산구,11,260,23,78.21,,,45,11170,9
3,사용,2020,갱신,22.11~24.11,2022,용산 다올 노블리움,청파동3가,"18,500",용산구,11,0,1,18.09,"19,500",,80-6,11170,10
4,,2020,신규,22.12~24.12,2022,용산 다올 노블리움,청파동3가,"19,400",용산구,11,0,18,17.99,,,80-6,11170,14
5,,2017,신규,22.12~24.12,2022,용산1차휴먼타운,원효로1가,"28,500",용산구,11,0,3,29.97,,,120-20,11170,13
6,,2021,신규,22.11~24.11,2022,오피스텔 채원,원효로1가,"25,000",용산구,11,0,7,22.22,,,119-13,11170,13
7,,2021,신규,22.12~23.12,2022,오피스텔 채원,원효로1가,"2,000",용산구,11,64,10,14.4,,,119-13,11170,16
8,,2021,신규,23.01~24.01,2022,오피스텔 채원,원효로1가,"1,000",용산구,11,79,14,19.54,,,119-13,11170,12
9,,2021,신규,22.12~24.12,2022,시온캐슬용산,원효로1가,"22,500",용산구,11,0,14,21.44,,,28-7,11170,5
10,,2004,신규,22.11~23.11,2022,디아뜨 센트럴,원효로1가,"1,000",용산구,11,70,15,25.5,,,112-4,11170,4
11,,2019,신규,22.11~24.11,2022,하람 휴,원효로1가,"28,000",용산구,11,0,17,24.29,,,28-10,11170,10
12,사용,2019,갱신,22.12~24.12,2022,하람 휴,원효로1가,"27,300",용산구,11,0,19,27.27,"26,000",,28-10,11170,6
13,,2004,신규,22.12~23.12,2022,디아뜨 센트럴,원효로1가,"2,500",용산구,11,63,26,25.5,,,112-4,11170,5
14,,2004,신규,22.12~24.12,2022,디아뜨 센트럴,원효로1가,"16,500",용산구,11,0,28,25.5,,,112-4,11170,12
15,,2021,신규,22.12~24.12,2022,시온캐슬용산,원효로1가,"26,000",용산구,11,0,30,21.1,,,28-7,11170,8
16,,2022,신규,22.11~23.11,2022,용산 센트럴포레,원효로2가,"5,000",용산구,11,150,7,31.48,,,3-12,11170,8
17,,2022,신규,22.11~23.11,2022,씨모어,원효로2가,"3,000",용산구,11,140,8,24.58,,,92-2,11170,14
18,,2022,신규,22.11~23.11,2022,씨모어,원효로2가,"2,500",용산구,11,140,10,24.58,,,92-2,11170,14
19,,2022,신규,22.12~23.12,2022,씨모어,원효로2가,"3,000",용산구,11,135,28,24.58,,,92-2,11170,14
20,,2020,,23.01~25.01,2022,용산파크뷰II,원효로3가,"22,000",용산구,11,0,22,22.14,,,130-1,11170,12
21,,2021,신규,22.12~24.12,2022,금강프라임 타워,원효로3가,"30,000",용산구,11,0,25,39.95,,,43-1,11170,8
22,,2022,신규,22.11~24.11,2022,용산 더힐 센트럴파크뷰,문배동,"25,500",용산구,11,0,1,23.13,,,8-5,11170,18
23,,2004,갱신,22.12~23.12,2022,지오베르크,문배동,"5,000",용산구,11,71,3,31.35,"5,000",69,17-1,11170,2
24,,2007,신규,22.11~24.11,2022,용산씨제이나인파크,문배동,"40,000",용산구,11,50,4,70.92,,,24-6,11170,7
25,,2022,신규,22.12~23.12,2022,용산 더힐 센트럴파크뷰,문배동,"10,000",용산구,11,130,5,29.74,,,8-5,11170,9
26,,2015,신규,22.11~24.11,2022,용산KCC웰츠타워,문배동,"23,000",용산구,11,0,6,27.46,,,11-10,11170,5
27,,2022,신규,23.01~25.01,2022,용산 더힐 센트럴파크뷰,문배동,"27,000",용산구,11,0,8,21.53,,,8-5,11170,18
28,,2004,신규,22.11~24.11,2022,삼라마이다스빌,문배동,"18,000",용산구,11,0,8,28.23,,,40-19,11170,4
29,,2015,신규,22.11~24.11,2022,용산KCC웰츠타워,문배동,"1,000",용산구,11,85,8,29.69,,,11-10,11170,4
30,,2013,신규,22.12~23.12,2022,용산큐브,문배동,"1,000",용산구,11,68,9,17.46,,,24-4,11170,8
31,사용,2012,갱신,22.12~24.12,2022,프라임펠리스,문배동,"16,800",용산구,11,0,10,18.55,"16,500",,24-8,11170,8
32,,2007,신규,22.11~23.11,2022,용산씨제이나인파크,문배동,"10,000",용산구,11,160,12,68.41,,,24-6,11170,5
33,,2022,신규,22.11~24.11,2022,용산 더힐 센트럴파크뷰,문배동,"25,500",용산구,11,0,12,21.53,,,8-5,11170,3
34,,2022,,,2022,용산 더힐 센트럴파크뷰,문배동,"26,000",용산구,11,0,15,23.13,,,8-5,11170,17
35,사용,2015,갱신,23.02~24.01,2022,용산KCC웰츠타워,문배동,"26,000",용산구,11,0,15,29.33,"25,500",,11-10,11170,4
36,,2022,신규,22.12~24.12,2022,용산 더힐 센트럴파크뷰,문배동,"25,000",용산구,11,100,16,33.65,,,8-5,11170,18
37,,2010,신규,22.11~24.11,2022,리첸시아 용산B,문배동,"10,000",용산구,11,150,16,59.94,,,40-31,11170,3
38,,2022,신규,22.12~23.12,2022,용산 더힐 센트럴파크뷰,문배동,"5,000",용산구,11,110,18,21.53,,,8-5,11170,15
39,,2015,신규,23.01~25.01,2022,용산KCC웰츠타워,문배동,"25,000",용산구,11,0,18,29.33,,,11-10,11170,3
40,,2022,,,2022,용산 더힐 센트럴파크뷰,문배동,"26,000",용산구,11,0,18,23.13,,,8-5,11170,17
41,,2005,,,2022,이안 용산1차(11-29),문배동,"24,000",용산구,11,0,21,30.04,,,11-29,11170,12
42,,2007,,,2022,용산아크로타워,문배동,"25,000",용산구,11,0,23,28.72,,,24-21,11170,9
43,,2005,신규,23.02~25.02,2022,이안 용산1차(11-14),문배동,"28,000",용산구,11,80,23,61.06,,,11-14,11170,11
44,,2004,신규,23.01~25.01,2022,삼라마이다스빌,문배동,"1,000",용산구,11,58,30,21.99,,,40-19,11170,1
45,,2004,,,2022,삼라마이다스빌,문배동,"1,000",용산구,11,58,30,21.99,,,40-19,11170,1
46,,2022,,,2022,용산 더힐 센트럴파크뷰,문배동,"25,000",용산구,11,0,30,21.53,,,8-5,11170,4
47,,2004,신규,22.11~23.11,2022,한강로 대우아이빌,한강로2가,"1,000",용산구,11,85,2,39.76,,,2-11,11170,5
48,,2004,신규,22.12~23.12,2022,한강로 대우아이빌,한강로2가,"1,000",용산구,11,80,3,34.83,,,2-11,11170,4
49,,2004,신규,22.12~24.12,2022,대우디오빌한강로오피스텔,한강로2가,"15,000",용산구,11,40,4,36.69,,,312-4,11170,3
50,,2004,신규,22.11~24.11,2022,대우디오빌한강로오피스텔,한강로2가,"20,000",용산구,11,0,17,29.66,,,312-4,11170,9
51,,2004,신규,23.01~24.01,2022,한강로 대우아이빌,한강로2가,"1,000",용산구,11,85,21,34.83,,,2-11,11170,7
52,,2004,갱신,23.01~25.01,2022,한강로 대우아이빌,한강로2가,"19,000",용산구,11,0,26,33.54,"18,000",,2-11,11170,3
53,,2006,신규,22.11~23.11,2022,지에스 한강에클라스,한강로3가,"1,000",용산구,11,110,21,46.42,,,16-85,11170,4
54,,2006,신규,22.12~23.11,2022,지에스 한강에클라스,한강로3가,"2,000",용산구,11,160,28,79.29,,,16-85,11170,4
0,,2004,,,2022,갈월동 에이트리움,갈월동,"22,000",용산구,12,0,6,31.1,,,101-49,11170,18
1,,2004,신규,22.12~24.12,2022,갈월동 에이트리움,갈월동,"22,000",용산구,12,0,6,31.1,,,101-49,11170,18
2,,2004,신규,23.02~25.02,2022,갈월동 에이트리움,갈월동,"5,000",용산구,12,55,17,34.21,,,101-49,11170,20
3,,2004,신규,23.02~25.02,2022,갈월동 에이트리움,갈월동,"19,950",용산구,12,0,23,33.77,,,101-49,11170,8
4,,2015,신규,22.12~23.12,2022,트윈시티 남산,동자동,"1,000",용산구,12,95,19,21.71,,,56,11170,3
5,,2020,신규,22.12~24.12,2022,용산 다올 노블리움,청파동3가,"19,000",용산구,12,0,12,18.09,,,80-6,11170,11
6,,2020,신규,23.02~24.02,2022,용산 다올 노블리움,청파동3가,"10,000",용산구,12,39,23,18.14,,,80-6,11170,8
7,,2004,신규,23.01~25.01,2022,디아뜨 센트럴,원효로1가,"1,000",용산구,12,75,3,25.19,,,112-4,11170,3
8,,2018,신규,23.01~25.01,2022,용산2차휴먼타운,원효로1가,"25,000",용산구,12,0,3,29.94,,,120-22,11170,5
9,,2017,갱신,,2022,용산1차휴먼타운,원효로1가,"29,800",용산구,12,0,6,29.97,"28,850",,120-20,11170,13
10,,2019,신규,22.12~24.12,2022,하람 휴,원효로1가,"30,000",용산구,12,0,6,27.27,,,28-10,11170,2
11,,2018,갱신,22.12~24.12,2022,용산2차휴먼타운,원효로1가,"28,350",용산구,12,0,9,29.37,"27,000",,120-22,11170,11
12,,2021,신규,23.01~24.01,2022,오피스텔 채원,원효로1가,"3,000",용산구,12,75,14,19.54,,,119-13,11170,14
13,,2004,신규,23.01~24.01,2022,디아뜨 센트럴,원효로1가,"1,000",용산구,12,70,15,25.5,,,112-4,11170,5
14,,2021,신규,22.12~23.12,2022,오피스텔 채원,원효로1가,"2,000",용산구,12,90,17,24.05,,,119-13,11170,9
15,,2021,신규,23.01~25.01,2022,시온캐슬용산,원효로1가,"22,650",용산구,12,0,20,22.47,,,28-7,11170,4
16,,2004,신규,23.01~25.01,2022,디아뜨 센트럴,원효로1가,"16,500",용산구,12,0,21,25.5,,,112-4,11170,13
17,,2021,신규,23.01~24.01,2022,오피스텔 채원,원효로1가,"1,000",용산구,12,68,24,14.4,,,119-13,11170,13
18,,2018,신규,23.01~25.01,2022,용산파크뷰,원효로1가,"29,700",용산구,12,0,26,38.52,,,46-3,11170,6
19,,2004,갱신,23.02~25.02,2022,디아뜨 센트럴,원효로1가,"19,500",용산구,12,0,27,37.17,"19,100",,112-4,11170,8
20,,2004,신규,23.02~24.02,2022,디아뜨 센트럴,원효로1가,"1,000",용산구,12,63,28,25.19,,,112-4,11170,8
21,,2021,신규,23.01~23.12,2022,오피스텔 채원,원효로1가,"1,000",용산구,12,77,29,19.54,,,119-13,11170,16
22,,2021,갱신,23.01~24.01,2022,오피스텔 채원,원효로1가,"1,000",용산구,12,89,29,22.22,"1,000",85,119-13,11170,17
23,,2017,,,2022,용산1차휴먼타운,원효로1가,"31,972",용산구,12,0,30,33.61,,,120-20,11170,9
24,,2022,신규,22.12~24.12,2022,용산 센트럴포레,원효로2가,"30,000",용산구,12,25,1,32.55,,,3-12,11170,6
25,,2022,신규,22.12~23.12,2022,씨모어,원효로2가,"5,000",용산구,12,135,5,24.58,,,92-2,11170,14
26,,2022,,,2022,용산 센트럴포레,원효로2가,"45,000",용산구,12,0,6,31.62,,,3-12,11170,6
27,,2022,신규,23.01~24.01,2022,씨모어,원효로2가,"3,000",용산구,12,135,9,24.58,,,92-2,11170,14
28,,2022,신규,22.12~23.12,2022,씨모어,원효로2가,"3,000",용산구,12,135,12,24.58,,,92-2,11170,14
29,,2014,신규,23.02~24.02,2022,아인하우스,원효로3가,"3,000",용산구,12,55,3,21.27,,,277-36,11170,8
30,,2014,,23.01~25.01,2022,아인하우스,원효로3가,"15,500",용산구,12,0,4,23.04,,,277-36,11170,7
31,,2020,갱신,22.12~24.12,2022,용산파크뷰II,원효로3가,"22,500",용산구,12,0,10,21.39,"22,000",,130-1,11170,11
32,,2014,신규,23.01~25.01,2022,아인하우스,원효로3가,"16,000",용산구,12,0,14,26.88,,,277-36,11170,7
33,,2020,갱신,23.02~25.02,2022,용산파크뷰II,원효로3가,"24,000",용산구,12,0,17,24.67,"23,000",,130-1,11170,9
34,,2020,신규,23.02~25.02,2022,용산파크뷰II,원효로3가,"23,500",용산구,12,0,23,21.39,,,130-1,11170,15
35,,2021,신규,23.01~25.01,2022,용산 클라우드 나인 오피스텔,원효로3가,"19,000",용산구,12,0,28,17.08,,,277-13,11170,15
36,,2022,신규,22.12~24.12,2022,용산 더힐 센트럴파크뷰,문배동,"27,000",용산구,12,0,1,21.53,,,8-5,11170,6
37,,2013,신규,22.12~24.12,2022,용산큐브,문배동,"18,000",용산구,12,0,2,17.46,,,24-4,11170,5
38,,2005,신규,22.12~25.02,2022,이안 용산1차(11-29),문배동,"24,000",용산구,12,0,2,30.04,,,11-29,11170,12
39,사용,2013,갱신,23.01~23.12,2022,용산큐브,문배동,"19,000",용산구,12,0,5,17.46,"17,500",10,24-4,11170,13
40,,2005,신규,23.01~24.01,2022,이안 용산1차(11-29),문배동,"1,000",용산구,12,79,5,30.04,,,11-29,11170,4
41,,2004,신규,23.01~25.01,2022,삼라마이다스빌,문배동,"17,600",용산구,12,0,7,28.23,,,40-19,11170,2
42,,2022,신규,22.12~23.12,2022,용산 더힐 센트럴파크뷰,문배동,"2,000",용산구,12,160,7,29.74,,,8-5,11170,18
43,,2007,신규,23.01~25.01,2022,용산씨제이나인파크,문배동,"54,000",용산구,12,0,7,71.39,,,24-6,11170,7
44,사용,2004,갱신,23.01~25.01,2022,지오베르크,문배동,"24,000",용산구,12,0,9,31.35,"23,500",,17-1,11170,3
45,사용,2004,갱신,23.01~24.01,2022,지오베르크,문배동,"5,000",용산구,12,85,10,43.37,"5,000",80,17-1,11170,3
46,,2005,신규,23.01~25.01,2022,이안 용산1차(11-29),문배동,"27,000",용산구,12,0,12,39.2,,,11-29,11170,13
47,,2013,신규,23.01~24.01,2022,용산큐브,문배동,"1,000",용산구,12,85,13,17.46,,,24-4,11170,7
48,사용,2005,갱신,22.12~24.12,2022,이안 용산1차(11-14),문배동,"40,000",용산구,12,20,15,61.06,"35,000",40,11-14,11170,2
49,,2013,신규,,2022,용산큐브,문배동,"17,500",용산구,12,0,15,17.46,,,24-4,11170,3
50,,2012,신규,22.12~23.12,2022,프라임펠리스,문배동,"1,000",용산구,12,62,15,18.55,,,24-8,11170,9
51,,2007,신규,23.01~25.01,2022,용산아크로타워,문배동,"28,700",용산구,12,0,16,35.6,,,24-21,11170,8
52,,2013,신규,23.01~24.01,2022,용산큐브,문배동,"1,000",용산구,12,70,17,17.46,,,24-4,11170,4
53,사용,2015,갱신,23.01~25.01,2022,용산KCC웰츠타워,문배동,"23,100",용산구,12,0,20,32.84,"22,000",,11-10,11170,4
54,,2005,신규,23.02~25.02,2022,이안 용산1차(11-29),문배동,"30,000",용산구,12,0,20,39.2,,,11-29,11170,10
55,,2017,신규,23.01~25.01,2022,용산 리브,문배동,"8,000",용산구,12,90,21,42.25,,,10-3,11170,5
56,,2007,신규,23.02~25.02,2022,용산아크로타워,문배동,"43,000",용산구,12,0,21,51.45,,,24-21,11170,7
57,,2013,신규,23.01~25.01,2022,용산큐브,문배동,"18,500",용산구,12,0,22,17.46,,,24-4,11170,6
58,,2007,,,2022,용산아크로타워,문배동,"36,150",용산구,12,0,23,48.28,,,24-21,11170,3
59,,2012,갱신,23.02~24.02,2022,프라임펠리스,문배동,"23,000",용산구,12,0,23,27.83,"23,000",,24-8,11170,12
60,,2007,신규,23.02~25.02,2022,용산아크로타워,문배동,"34,000",용산구,12,0,27,48.28,,,24-21,11170,3
61,,2022,신규,23.01~25.01,2022,용산 더힐 센트럴파크뷰,문배동,"38,000",용산구,12,0,30,33.65,,,8-5,11170,2
62,,2013,신규,23.01~25.01,2022,용산큐브,문배동,"18,500",용산구,12,0,30,17.46,,,24-4,11170,13
63,,2022,신규,23.01~24.01,2022,용산 더힐 센트럴파크뷰,문배동,"27,000",용산구,12,0,31,21.53,,,8-5,11170,10
64,,2004,신규,22.12~23.12,2022,한강로 대우아이빌,한강로2가,"10,000",용산구,12,45,2,37.85,,,2-11,11170,5
65,,2004,갱신,23.01~24.01,2022,대우디오빌한강로오피스텔,한강로2가,"1,000",용산구,12,75,8,23.85,"1,000",75,312-4,11170,4
66,,2005,신규,22.12~24.12,2022,한강현대하이엘,한강로2가,"21,000",용산구,12,0,14,42.32,,,2-36,11170,8
67,,2004,신규,22.12~23.12,2022,대우디오빌한강로오피스텔,한강로2가,"1,000",용산구,12,85,15,36.69,,,312-4,11170,15
68,,2004,갱신,23.01~24.02,2022,한강로 대우아이빌,한강로2가,"12,000",용산구,12,45,16,37.85,"11,000",40,2-11,11170,3
69,,2004,신규,23.02~24.02,2022,한강로 대우아이빌,한강로2가,"1,000",용산구,12,85,17,37.85,,,2-11,11170,3
70,,2005,신규,23.02~24.02,2022,한강로벽산메가트리움,한강로2가,"15,000",용산구,12,40,21,30.29,,,2-8,11170,11
71,,2004,갱신,23.02~24.02,2022,대우디오빌한강로오피스텔,한강로2가,"10,000",용산구,12,35,28,23.85,"10,000",33,312-4,11170,17
72,,2006,갱신,23.01~25.01,2022,지에스 한강에클라스,한강로3가,"20,000",용산구,12,0,6,40.86,"19,500",,16-85,11170,9
73,,2004,신규,23.01~25.01,2022,한강대우트럼프월드3,한강로3가,"5,000",용산구,12,350,20,95.13,,,65-230,11170,33
74,,2006,신규,23.01~24.01,2022,지에스 한강에클라스,한강로3가,"24,000",용산구,12,0,22,46.78,,,16-85,11170,7
