,갱신요구권사용,건축년도,계약구분,계약기간,년,단지,법정동,보증금,시군구,월,월세,일,전용면적,종전계약보증금,종전계약월세,지번,지역코드,층
0,,2003,,,2016,노블리안,상왕십리동,"10,000",성동구,1,0,22,30.81,,,750,11200,8
1,,2003,,,2016,노블리안,상왕십리동,"10,000",성동구,1,0,30,30.81,,,750,11200,4
2,,2011,,,2016,리오파크 오피스텔,하왕십리동,"3,000",성동구,1,40,11,22.97,,,898-2,11200,7
3,,2005,,,2016,동인 레반트 오피스텔,하왕십리동,"1,000",성동구,1,65,22,27.54,,,903-3,11200,6
4,,2011,,,2016,리오파크 오피스텔,하왕십리동,"2,000",성동구,1,50,30,22.82,,,898-2,11200,6
5,,1998,,,2016,신한넥스텔,도선동,"1,000",성동구,1,40,9,19.63,,,14,11200,6
6,,1988,,,2016,(797-16),마장동,"3,000",성동구,1,30,28,24.6,,,797-16,11200,4
7,,2004,,,2016,성동샤르망,행당동,"2,000",성동구,1,50,4,24.84,,,192-29,11200,12
8,,2006,,,2016,왕십리역이스타빌,행당동,"3,000",성동구,1,65,12,30.78,,,287-15,11200,6
9,,2006,,,2016,왕십리역이스타빌,행당동,"2,000",성동구,1,65,12,30.78,,,287-15,11200,6
10,,2004,,,2016,성동샤르망,행당동,"2,000",성동구,1,55,27,24.84,,,192-29,11200,5
11,,2004,,,2016,이에스에이리버하우스,성수동1가,"3,000",성동구,1,75,5,39.15,,,13-12,11200,3
12,,2004,,,2016,이에스에이리버하우스,성수동1가,"1,000",성동구,1,100,7,39.15,,,13-12,11200,3
13,,2004,,,2016,이에스에이리버하우스,성수동1가,"1,000",성동구,1,100,9,39.15,,,13-12,11200,11
14,,2015,,,2016,위더스 빌,성수동1가,"22,000",성동구,1,0,9,43.41,,,33-23,11200,6
15,,2003,,,2016,성수동 뉴타운오피스텔,성수동1가,"4,000",성동구,1,40,11,29.23,,,72-69,11200,2
16,,2003,,,2016,성수동 뉴타운오피스텔,성수동1가,"4,500",성동구,1,45,11,29.23,,,72-69,11200,2
17,,2002,,,2016,백산오피스텔,성수동1가,"9,500",성동구,1,0,11,23.65,,,671-23,11200,7
18,,2003,,,2016,(670-147),성수동1가,"6,000",성동구,1,0,12,21.36,,,670-147,11200,10
19,,2003,,,2016,성수동 뉴타운오피스텔,성수동1가,"2,000",성동구,1,65,12,32.76,,,72-69,11200,10
20,,2004,,,2016,이에스에이리버하우스,성수동1가,"1,000",성동구,1,100,12,39.15,,,13-12,11200,9
21,,2004,,,2016,이에스에이리버하우스,성수동1가,"3,000",성동구,1,80,14,39.15,,,13-12,11200,2
22,,2005,,,2016,뚝섬리버빌,성수동1가,"1,000",성동구,1,60,20,29,,,13-117,11200,3
23,,2013,,,2016,서울숲오피스텔,성수동1가,"22,000",성동구,1,0,23,44.16,,,656-392,11200,5
24,,2005,,,2016,뚝섬리버빌,성수동1가,"2,000",성동구,1,50,25,26.02,,,13-117,11200,3
25,,2005,,,2016,뚝섬리버빌,성수동1가,"3,000",성동구,1,55,25,26.26,,,13-117,11200,5
26,,2003,,,2016,성수동 뉴타운오피스텔,성수동1가,"2,500",성동구,1,55,25,31.6,,,72-69,11200,7
27,,2004,,,2016,이에스에이리버하우스,성수동1가,"3,000",성동구,1,80,29,39.15,,,13-12,11200,12
28,,2004,,,2016,성수 그린빌,성수동1가,"12,000",성동구,1,0,30,34.59,,,685-54,11200,4
29,,2004,,,2016,이에스에이리버하우스,성수동1가,"5,000",성동구,1,120,30,63.74,,,13-12,11200,7
30,,2003,,,2016,성원상떼뷰오피스텔,성수동2가,"5,000",성동구,1,30,5,24.84,,,277-37,11200,8
31,,2003,,,2016,성원상떼뷰오피스텔,성수동2가,"3,000",성동구,1,45,5,28.08,,,277-37,11200,2
32,,2003,,,2016,성원상떼뷰오피스텔,성수동2가,"3,000",성동구,1,45,6,24.84,,,277-37,11200,10
33,,2003,,,2016,성원상떼뷰오피스텔,성수동2가,"3,000",성동구,1,45,11,28.08,,,277-37,11200,3
34,,2013,,,2016,성수동램킨중흥S클래스오피스텔,성수동2가,"3,000",성동구,1,40,15,18.33,,,277-101,11200,8
35,,2003,,,2016,성원상떼뷰오피스텔,성수동2가,500,성동구,1,60,15,28.08,,,277-37,11200,3
36,,2013,,,2016,성수동램킨중흥S클래스오피스텔,성수동2가,"1,000",성동구,1,52,18,18.33,,,277-101,11200,2
37,,2013,,,2016,성수동램킨중흥S클래스오피스텔,성수동2가,"3,000",성동구,1,40,19,18.33,,,277-101,11200,8
38,,2003,,,2016,성원상떼뷰오피스텔,성수동2가,"3,000",성동구,1,42,25,24.84,,,277-37,11200,11
39,,2003,,,2016,성원상떼뷰오피스텔,성수동2가,"2,000",성동구,1,45,30,28.47,,,277-37,11200,2
40,,2003,,,2016,성원상떼뷰오피스텔,성수동2가,"3,000",성동구,1,43,30,24.84,,,277-37,11200,4
41,,2003,,,2016,송정동센스빌오피스텔,송정동,"12,000",성동구,1,0,22,30.92,,,81-16,11200,3
42,,2003,,,2016,송정동센스빌오피스텔,송정동,"12,000",성동구,1,0,27,30.92,,,81-16,11200,8
43,,2013,,,2016,어반 오피스텔,용답동,"1,000",성동구,1,48,5,16.21,,,229-10,11200,9
44,,2006,,,2016,신창비바패밀리,용답동,"23,000",성동구,1,0,9,56,,,232-1,11200,14
45,,2013,,,2016,어반 오피스텔,용답동,"2,000",성동구,1,40,9,16.21,,,229-10,11200,8
46,,2013,,,2016,어반 오피스텔,용답동,"3,000",성동구,1,42,9,18.98,,,229-10,11200,8
47,,2013,,,2016,어반 오피스텔,용답동,"2,000",성동구,1,52,9,16.21,,,229-10,11200,3
48,,2013,,,2016,어반 오피스텔,용답동,"1,000",성동구,1,45,10,16.21,,,229-10,11200,8
49,,2013,,,2016,어반 오피스텔,용답동,"1,000",성동구,1,57,11,16.21,,,229-10,11200,4
50,,2013,,,2016,어반 오피스텔,용답동,"2,000",성동구,1,49,11,16.21,,,229-10,11200,2
51,,2011,,,2016,오르세오피스텔,용답동,"4,000",성동구,1,45,11,33.2,,,238-2,11200,4
52,,2006,,,2016,신창비바패밀리,용답동,"1,000",성동구,1,75,11,42.75,,,232-1,11200,3
53,,2013,,,2016,어반 오피스텔,용답동,"1,000",성동구,1,45,12,16.21,,,229-10,11200,7
54,,2011,,,2016,오르세오피스텔,용답동,"1,000",성동구,1,85,14,42.3,,,238-2,11200,2
55,,2011,,,2016,오르세오피스텔,용답동,"14,000",성동구,1,15,15,48.5,,,238-2,11200,8
56,,2013,,,2016,어반 오피스텔,용답동,"2,000",성동구,1,56,16,20.46,,,229-10,11200,3
57,,1991,,,2016,삼호오피스텔,용답동,"3,000",성동구,1,10,16,26.95,,,236-5,11200,7
58,,2013,,,2016,어반 오피스텔,용답동,"2,000",성동구,1,49,16,16.21,,,229-10,11200,2
59,,2013,,,2016,어반 오피스텔,용답동,"1,000",성동구,1,57,18,16.21,,,229-10,11200,2
60,,1991,,,2016,삼호오피스텔,용답동,500,성동구,1,30,19,23.59,,,236-5,11200,6
61,,2006,,,2016,신창비바패밀리,용답동,"3,000",성동구,1,100,22,65.95,,,232-1,11200,3
62,,2011,,,2016,오르세오피스텔,용답동,"12,000",성동구,1,0,22,35.1,,,238-2,11200,2
63,,2006,,,2016,신창비바패밀리,용답동,"3,000",성동구,1,95,23,56,,,232-1,11200,5
64,,2011,,,2016,오르세오피스텔,용답동,"15,000",성동구,1,0,23,42.3,,,238-2,11200,3
65,,2013,,,2016,어반 오피스텔,용답동,"1,000",성동구,1,57,23,16.21,,,229-10,11200,4
66,,2006,,,2016,신창비바패밀리,용답동,"21,000",성동구,1,0,26,56,,,232-1,11200,6
67,,2013,,,2016,어반 오피스텔,용답동,"2,000",성동구,1,54,26,18.98,,,229-10,11200,5
68,,2013,,,2016,어반 오피스텔,용답동,"1,000",성동구,1,57,30,20.46,,,229-10,11200,8
69,,2013,,,2016,어반 오피스텔,용답동,"2,000",성동구,1,54,30,18.98,,,229-10,11200,3
0,,2003,,,2016,노블리안,상왕십리동,"10,000",성동구,2,0,1,30.81,,,750,11200,5
1,,2003,,,2016,노블리안,상왕십리동,"10,000",성동구,2,0,1,30.81,,,750,11200,7
2,,2003,,,2016,노블리안,상왕십리동,"10,000",성동구,2,0,2,30.81,,,750,11200,10
3,,2003,,,2016,노블리안,상왕십리동,"4,000",성동구,2,40,3,30.81,,,750,11200,8
4,,2003,,,2016,노블리안,상왕십리동,"6,000",성동구,2,30,20,30.81,,,750,11200,9
5,,2003,,,2016,노블리안,상왕십리동,"10,000",성동구,2,0,25,30.81,,,750,11200,4
6,,2003,,,2016,노블리안,상왕십리동,"12,000",성동구,2,0,27,30.81,,,750,11200,15
7,,2003,,,2016,노블리안,상왕십리동,"6,000",성동구,2,30,29,30.81,,,750,11200,7
8,,2005,,,2016,동인 레반트 오피스텔,하왕십리동,"1,000",성동구,2,70,3,33.34,,,903-3,11200,5
9,,2011,,,2016,리오파크 오피스텔,하왕십리동,"5,000",성동구,2,40,3,22.97,,,898-2,11200,13
10,,2011,,,2016,리오파크 오피스텔,하왕십리동,"9,000",성동구,2,0,15,22.82,,,898-2,11200,4
11,,2005,,,2016,동인 레반트 오피스텔,하왕십리동,"2,000",성동구,2,75,19,33.34,,,903-3,11200,3
12,,1998,,,2016,신한넥스텔,도선동,"13,000",성동구,2,0,23,39.26,,,14,11200,15
13,,2002,,,2016,금호힐오피스텔,금호동1가,"8,000",성동구,2,0,27,29.97,,,1755,11200,5
14,,2003,,,2016,재호예향빌,금호동4가,"7,000",성동구,2,0,4,23.33,,,1028,11200,2
15,,2003,,,2016,재호예향빌,금호동4가,"7,500",성동구,2,0,27,24.48,,,1028,11200,4
16,,2004,,,2016,성원상떼뷰,옥수동,"1,000",성동구,2,60,11,27.01,,,475,11200,13
17,,2004,,,2016,성원상떼뷰,옥수동,"1,000",성동구,2,70,17,29.54,,,475,11200,13
18,,2004,,,2016,성원상떼뷰,옥수동,"5,000",성동구,2,40,20,27.01,,,475,11200,2
19,,2005,,,2016,뚝섬리버빌,성수동1가,500,성동구,2,70,2,29,,,13-117,11200,5
20,,2015,,,2016,위더스 빌,성수동1가,"22,500",성동구,2,0,3,43.41,,,33-23,11200,2
21,,2005,,,2016,뚝섬리버빌,성수동1가,"12,500",성동구,2,0,3,33.94,,,13-117,11200,7
22,,2004,,,2016,Biz-Well 성수,성수동1가,"3,000",성동구,2,38,12,24.69,,,33-21,11200,3
23,,2004,,,2016,이에스에이리버하우스,성수동1가,"17,000",성동구,2,0,12,39.15,,,13-12,11200,2
24,,2004,,,2016,Biz-Well 성수,성수동1가,"1,000",성동구,2,58,13,24.69,,,33-21,11200,5
25,,2004,,,2016,이에스에이리버하우스,성수동1가,"10,000",성동구,2,90,13,63.74,,,13-12,11200,13
26,,2003,,,2016,성수동 뉴타운오피스텔,성수동1가,"2,000",성동구,2,60,15,29.23,,,72-69,11200,3
27,,2004,,,2016,Biz-Well 성수,성수동1가,"3,000",성동구,2,38,15,24.69,,,33-21,11200,7
28,,2003,,,2016,성수동 뉴타운오피스텔,성수동1가,"2,000",성동구,2,60,16,32.76,,,72-69,11200,4
29,,2004,,,2016,이에스에이리버하우스,성수동1가,"6,200",성동구,2,50,18,39.15,,,13-12,11200,2
30,,2004,,,2016,Biz-Well 성수,성수동1가,"3,000",성동구,2,40,19,26.67,,,33-21,11200,4
31,,2003,,,2016,성수동 뉴타운오피스텔,성수동1가,"2,500",성동구,2,50,20,32.39,,,72-69,11200,3
32,,2005,,,2016,뚝섬리버빌,성수동1가,"1,000",성동구,2,60,22,29,,,13-117,11200,5
33,,2004,,,2016,성수 그린빌,성수동1가,"15,000",성동구,2,0,22,34.59,,,685-54,11200,4
34,,2004,,,2016,이에스에이리버하우스,성수동1가,"19,000",성동구,2,0,22,39.15,,,13-12,11200,6
35,,2003,,,2016,아트빌딩,성수동1가,"12,000",성동구,2,0,24,26.9,,,685-308,11200,5
36,,2005,,,2016,뚝섬리버빌,성수동1가,"13,500",성동구,2,0,27,42.94,,,13-117,11200,4
37,,2004,,,2016,Biz-Well 성수,성수동1가,"18,000",성동구,2,0,28,45.1,,,33-21,11200,6
38,,2004,,,2016,이에스에이리버하우스,성수동1가,"28,000",성동구,2,0,29,63.74,,,13-12,11200,9
39,,2003,,,2016,성원상떼뷰오피스텔,성수동2가,"11,000",성동구,2,0,1,28.08,,,277-37,11200,4
40,,2003,,,2016,성원상떼뷰오피스텔,성수동2가,700,성동구,2,55,2,24.84,,,277-37,11200,8
41,,2003,,,2016,성원상떼뷰오피스텔,성수동2가,"11,000",성동구,2,0,3,24.84,,,277-37,11200,4
42,,2013,,,2016,성수동램킨중흥S클래스오피스텔,성수동2가,"1,000",성동구,2,53,13,18.33,,,277-101,11200,3
43,,2016,,,2016,그루빌1차,성수동2가,"5,000",성동구,2,50,16,37.1,,,289-198,11200,2
44,,2003,,,2016,성원상떼뷰오피스텔,성수동2가,"11,500",성동구,2,0,17,28.08,,,277-37,11200,9
45,,2013,,,2016,성수동램킨중흥S클래스오피스텔,성수동2가,"2,000",성동구,2,50,18,18.33,,,277-101,11200,6
46,,2003,,,2016,성원상떼뷰오피스텔,성수동2가,"1,000",성동구,2,57,22,28.47,,,277-37,11200,5
47,,2003,,,2016,성원상떼뷰오피스텔,성수동2가,"1,000",성동구,2,55,22,24.84,,,277-37,11200,10
48,,2013,,,2016,성수동램킨중흥S클래스오피스텔,성수동2가,"1,000",성동구,2,53,24,18.33,,,277-101,11200,3
49,,2003,,,2016,송정동센스빌오피스텔,송정동,"12,000",성동구,2,0,12,31.19,,,81-16,11200,5
50,,2003,,,2016,송정동센스빌오피스텔,송정동,"12,000",성동구,2,0,12,30.92,,,81-16,11200,5
51,,2003,,,2016,송정동센스빌오피스텔,송정동,"12,000",성동구,2,0,18,31.19,,,81-16,11200,7
52,,2003,,,2016,송정동센스빌오피스텔,송정동,"12,000",성동구,2,0,20,31.19,,,81-16,11200,8
53,,2003,,,2016,송정동센스빌오피스텔,송정동,"12,000",성동구,2,0,24,31.19,,,81-16,11200,3
54,,2011,,,2016,오르세오피스텔,용답동,"1,000",성동구,2,75,3,33.2,,,238-2,11200,7
55,,2013,,,2016,어반 오피스텔,용답동,"1,000",성동구,2,57,6,16.21,,,229-10,11200,4
56,,2006,,,2016,신창비바패밀리,용답동,"15,000",성동구,2,0,12,51.5,,,232-1,11200,6
57,,2013,,,2016,어반 오피스텔,용답동,"1,000",성동구,2,57,16,16.21,,,229-10,11200,6
58,,2013,,,2016,어반 오피스텔,용답동,"2,000",성동구,2,56,23,20.46,,,229-10,11200,4
59,,2006,,,2016,신창비바패밀리,용답동,"23,000",성동구,2,0,24,60.45,,,232-1,11200,9
60,,2011,,,2016,오르세오피스텔,용답동,"1,000",성동구,2,110,26,46.25,,,238-2,11200,5
61,,1990,,,2016,(228-1),용답동,"1,000",성동구,2,15,28,23.43,,,228-1,11200,4
0,,2003,,,2016,노블리안,상왕십리동,"1,000",성동구,3,65,2,30.81,,,750,11200,11
1,,2003,,,2016,노블리안,상왕십리동,"10,000",성동구,3,0,7,30.81,,,750,11200,2
2,,2003,,,2016,노블리안,상왕십리동,"13,000",성동구,3,0,14,25.74,,,750,11200,11
3,,2009,,,2016,왕십리 모노퍼스 주상복합,하왕십리동,"2,000",성동구,3,65,1,38.67,,,286-2,11200,13
4,,2005,,,2016,동인 레반트 오피스텔,하왕십리동,"8,000",성동구,3,0,3,27.54,,,903-3,11200,12
5,,2011,,,2016,리오파크 오피스텔,하왕십리동,"1,000",성동구,3,60,12,22.82,,,898-2,11200,10
6,,1998,,,2016,신한넥스텔,도선동,"1,000",성동구,3,44,5,19.63,,,14,11200,9
7,,2010,,,2016,고운타워,마장동,"3,500",성동구,3,35,21,24.15,,,474-5,11200,7
8,,2007,,,2016,마장동청계아르테미스,마장동,"15,000",성동구,3,0,25,39.36,,,778-5,11200,7
9,,2004,,,2016,성동샤르망,행당동,"1,000",성동구,3,60,10,24.84,,,192-29,11200,5
10,,2006,,,2016,왕십리역이스타빌,행당동,"6,000",성동구,3,50,19,29.43,,,287-15,11200,9
11,,2002,,,2016,금호힐오피스텔,금호동1가,"1,000",성동구,3,60,4,29.97,,,1755,11200,5
12,,2004,,,2016,성원상떼뷰,옥수동,"1,000",성동구,3,70,21,27.01,,,475,11200,12
13,,2005,,,2016,뚝섬리버빌,성수동1가,"9,500",성동구,3,0,4,20.19,,,13-117,11200,7
14,,2003,,,2016,(670-147),성수동1가,"6,000",성동구,3,20,5,21.36,,,670-147,11200,6
15,,2002,,,2016,백산오피스텔,성수동1가,"9,500",성동구,3,0,5,23.65,,,671-23,11200,2
16,,2003,,,2016,성수동 뉴타운오피스텔,성수동1가,"1,000",성동구,3,70,7,32.76,,,72-69,11200,9
17,,2004,,,2016,이에스에이리버하우스,성수동1가,"8,000",성동구,3,50,8,39.15,,,13-12,11200,12
18,,2005,,,2016,뚝섬리버빌,성수동1가,"14,000",성동구,3,0,8,49.35,,,13-117,11200,9
19,,2004,,,2016,Biz-Well 성수,성수동1가,"3,000",성동구,3,40,12,26.67,,,33-21,11200,6
20,,2003,,,2016,성수동 뉴타운오피스텔,성수동1가,"3,000",성동구,3,50,12,30.81,,,72-69,11200,8
21,,2005,,,2016,뚝섬리버빌,성수동1가,"13,000",성동구,3,0,12,34.78,,,13-117,11200,2
22,,2004,,,2016,Biz-Well 성수,성수동1가,"3,000",성동구,3,38,12,25.52,,,33-21,11200,7
23,,2002,,,2016,백산오피스텔,성수동1가,"8,000",성동구,3,0,14,23.65,,,671-23,11200,3
24,,2013,,,2016,서울숲오피스텔,성수동1가,"2,000",성동구,3,110,14,49.16,,,656-392,11200,3
25,,2004,,,2016,이에스에이리버하우스,성수동1가,"4,000",성동구,3,70,17,39.15,,,13-12,11200,4
26,,2004,,,2016,Biz-Well 성수,성수동1가,"3,000",성동구,3,40,19,26.67,,,33-21,11200,6
27,,2004,,,2016,Biz-Well 성수,성수동1가,"3,000",성동구,3,40,19,26.67,,,33-21,11200,2
28,,2003,,,2016,성수동 뉴타운오피스텔,성수동1가,"3,000",성동구,3,50,21,32.39,,,72-69,11200,3
29,,2004,,,2016,Biz-Well 성수,성수동1가,"3,000",성동구,3,32,23,19.08,,,33-21,11200,10
30,,2005,,,2016,뚝섬리버빌,성수동1가,"1,500",성동구,3,50,24,23.17,,,13-117,11200,3
31,,2004,,,2016,이에스에이리버하우스,성수동1가,"1,000",성동구,3,95,25,39.15,,,13-12,11200,12
32,,2003,,,2016,아트빌딩,성수동1가,"12,000",성동구,3,0,28,27.02,,,685-308,11200,7
33,,2004,,,2016,이에스에이리버하우스,성수동1가,"4,000",성동구,3,75,28,39.15,,,13-12,11200,12
34,,2003,,,2016,성수동 뉴타운오피스텔,성수동1가,"12,000",성동구,3,0,28,29.23,,,72-69,11200,7
35,,2003,,,2016,성수동 뉴타운오피스텔,성수동1가,"1,000",성동구,3,65,29,30.02,,,72-69,11200,3
36,,2013,,,2016,성수동램킨중흥S클래스오피스텔,성수동2가,"4,000",성동구,3,30,2,18.33,,,277-101,11200,6
37,,2013,,,2016,성수동램킨중흥S클래스오피스텔,성수동2가,"1,000",성동구,3,55,4,18.33,,,277-101,11200,7
38,,2003,,,2016,성원상떼뷰오피스텔,성수동2가,"2,000",성동구,3,50,5,28.08,,,277-37,11200,2
39,,2003,,,2016,성원상떼뷰오피스텔,성수동2가,"2,000",성동구,3,50,5,28.08,,,277-37,11200,5
40,,2013,,,2016,성수동램킨중흥S클래스오피스텔,성수동2가,500,성동구,3,60,15,18.33,,,277-101,11200,3
41,,2013,,,2016,성수동램킨중흥S클래스오피스텔,성수동2가,"3,000",성동구,3,40,15,18.33,,,277-101,11200,6
42,,2013,,,2016,성수동램킨중흥S클래스오피스텔,성수동2가,"1,000",성동구,3,55,15,18.33,,,277-101,11200,6
43,,2003,,,2016,성원상떼뷰오피스텔,성수동2가,"1,000",성동구,3,60,17,28.08,,,277-37,11200,4
44,,2003,,,2016,송정동센스빌오피스텔,송정동,"12,000",성동구,3,0,10,30.92,,,81-16,11200,3
45,,2003,,,2016,송정동센스빌오피스텔,송정동,"12,000",성동구,3,0,12,30.92,,,81-16,11200,3
46,,2003,,,2016,송정동센스빌오피스텔,송정동,"12,000",성동구,3,0,18,30.92,,,81-16,11200,2
47,,2011,,,2016,오르세오피스텔,용답동,"4,000",성동구,3,45,1,33.2,,,238-2,11200,4
48,,2011,,,2016,오르세오피스텔,용답동,"12,000",성동구,3,0,4,35,,,238-2,11200,10
49,,2013,,,2016,어반 오피스텔,용답동,"2,000",성동구,3,49,17,20.46,,,229-10,11200,7
50,,2011,,,2016,오르세오피스텔,용답동,"2,000",성동구,3,60,18,35.1,,,238-2,11200,3
51,,2011,,,2016,오르세오피스텔,용답동,"1,000",성동구,3,70,21,33.2,,,238-2,11200,5
52,,2013,,,2016,어반 오피스텔,용답동,"2,000",성동구,3,56,22,20.46,,,229-10,11200,6
53,,2006,,,2016,신창비바패밀리,용답동,"5,000",성동구,3,90,22,56.17,,,232-1,11200,15
54,,2011,,,2016,오르세오피스텔,용답동,"10,000",성동구,3,20,23,33.2,,,238-2,11200,8
55,,2011,,,2016,오르세오피스텔,용답동,"5,000",성동구,3,40,25,35,,,238-2,11200,4
0,,2003,,,2016,노블리안,상왕십리동,"2,000",성동구,4,60,9,30.81,,,750,11200,14
1,,2003,,,2016,노블리안,상왕십리동,"12,000",성동구,4,0,13,30.81,,,750,11200,15
2,,2011,,,2016,리오파크 오피스텔,하왕십리동,"10,000",성동구,4,0,1,22.11,,,898-2,11200,5
3,,2011,,,2016,리오파크 오피스텔,하왕십리동,500,성동구,4,65,7,22.11,,,898-2,11200,6
4,,2011,,,2016,리오파크 오피스텔,하왕십리동,"13,000",성동구,4,0,14,22.82,,,898-2,11200,12
5,,2011,,,2016,리오파크 오피스텔,하왕십리동,"1,000",성동구,4,60,16,22.82,,,898-2,11200,10
6,,2011,,,2016,리오파크 오피스텔,하왕십리동,"3,000",성동구,4,50,23,24.07,,,898-2,11200,7
7,,2011,,,2016,리오파크 오피스텔,하왕십리동,"2,500",성동구,4,50,25,22.11,,,898-2,11200,8
8,,2005,,,2016,동인 레반트 오피스텔,하왕십리동,"1,000",성동구,4,75,27,33.34,,,903-3,11200,15
9,,2011,,,2016,리오파크 오피스텔,하왕십리동,"5,000",성동구,4,30,30,22.82,,,898-2,11200,9
10,,2014,,,2016,J&J빌딩,도선동,"15,000",성동구,4,0,13,29.8,,,276,11200,6
11,,1998,,,2016,신한넥스텔,도선동,"8,000",성동구,4,0,27,19.63,,,14,11200,14
12,,2006,,,2016,왕십리역이스타빌,행당동,"12,000",성동구,4,0,15,26.22,,,287-15,11200,7
13,,2004,,,2016,성동샤르망,행당동,"3,000",성동구,4,50,23,24.84,,,192-29,11200,7
14,,2002,,,2016,금호힐오피스텔,금호동1가,"1,000",성동구,4,50,4,27.35,,,1755,11200,3
15,,2002,,,2016,금호힐오피스텔,금호동1가,"1,000",성동구,4,55,17,29.97,,,1755,11200,3
16,,2003,,,2016,재호예향빌,금호동4가,"7,000",성동구,4,0,15,23.33,,,1028,11200,3
17,,2003,,,2016,재호예향빌,금호동4가,"9,000",성동구,4,0,19,30.8,,,1028,11200,5
18,,2003,,,2016,재호예향빌,금호동4가,"10,000",성동구,4,0,25,24.98,,,1028,11200,7
19,,2004,,,2016,성원상떼뷰,옥수동,"5,000",성동구,4,40,7,27.01,,,475,11200,12
20,,2004,,,2016,성원상떼뷰,옥수동,"3,000",성동구,4,55,14,27.01,,,475,11200,6
21,,2004,,,2016,성원상떼뷰,옥수동,"9,500",성동구,4,16,16,25.6,,,475,11200,9
22,,2004,,,2016,성원상떼뷰,옥수동,"11,000",성동구,4,0,26,27.01,,,475,11200,3
23,,2005,,,2016,뚝섬리버빌,성수동1가,"1,000",성동구,4,50,2,20.64,,,13-117,11200,7
24,,2003,,,2016,성수동 뉴타운오피스텔,성수동1가,"4,000",성동구,4,45,2,30.02,,,72-69,11200,3
25,,2003,,,2016,아트빌딩,성수동1가,"1,500",성동구,4,50,7,26.78,,,685-308,11200,5
26,,2002,,,2016,백산오피스텔,성수동1가,"9,500",성동구,4,0,13,23.65,,,671-23,11200,7
27,,2003,,,2016,아트빌딩,성수동1가,"10,000",성동구,4,0,14,24.64,,,685-308,11200,5
28,,2003,,,2016,아트빌딩,성수동1가,500,성동구,4,60,15,27.02,,,685-308,11200,8
29,,2004,,,2016,Biz-Well 성수,성수동1가,"3,000",성동구,4,38,18,26.67,,,33-21,11200,7
30,,2004,,,2016,Biz-Well 성수,성수동1가,"3,000",성동구,4,32,20,19.08,,,33-21,11200,9
31,,2004,,,2016,이에스에이리버하우스,성수동1가,"16,000",성동구,4,50,22,63.74,,,13-12,11200,5
32,,2004,,,2016,Biz-Well 성수,성수동1가,"3,000",성동구,4,30,27,19.08,,,33-21,11200,9
33,,2004,,,2016,Biz-Well 성수,성수동1가,"1,000",성동구,4,49,28,24.69,,,33-21,11200,6
34,,2005,,,2016,뚝섬리버빌,성수동1가,"1,000",성동구,4,65,30,30.69,,,13-117,11200,3
35,,2013,,,2016,성수동램킨중흥S클래스오피스텔,성수동2가,"2,000",성동구,4,45,1,18.33,,,277-101,11200,2
36,,2003,,,2016,성원상떼뷰오피스텔,성수동2가,"1,000",성동구,4,50,9,24.84,,,277-37,11200,11
37,,2013,,,2016,성수동램킨중흥S클래스오피스텔,성수동2가,"1,000",성동구,4,55,15,18.33,,,277-101,11200,7
38,,2003,,,2016,성원상떼뷰오피스텔,성수동2가,"1,000",성동구,4,55,18,28.08,,,277-37,11200,9
39,,2003,,,2016,성원상떼뷰오피스텔,성수동2가,"12,000",성동구,4,0,20,28.08,,,277-37,11200,8
40,,2003,,,2016,송정동센스빌오피스텔,송정동,"12,000",성동구,4,0,1,31.19,,,81-16,11200,3
41,,2003,,,2016,송정동센스빌오피스텔,송정동,"12,000",성동구,4,0,21,31.19,,,81-16,11200,8
42,,2003,,,2016,송정동센스빌오피스텔,송정동,"12,000",성동구,4,0,22,31.19,,,81-16,11200,6
43,,2011,,,2016,오르세오피스텔,용답동,"14,000",성동구,4,0,6,42.51,,,238-2,11200,3
44,,2011,,,2016,오르세오피스텔,용답동,"1,000",성동구,4,80,18,35,,,238-2,11200,8
45,,2013,,,2016,어반 오피스텔,용답동,"1,000",성동구,4,60,20,16.21,,,229-10,11200,3
46,,2013,,,2016,어반 오피스텔,용답동,"1,000",성동구,4,64,20,20.46,,,229-10,11200,3
0,,2003,,,2016,노블리안,상왕십리동,"10,000",성동구,5,0,2,30.81,,,750,11200,8
1,,2003,,,2016,노블리안,상왕십리동,"10,000",성동구,5,0,4,30.81,,,750,11200,8
2,,2003,,,2016,노블리안,상왕십리동,"2,000",성동구,5,60,10,30.81,,,750,11200,7
3,,2003,,,2016,노블리안,상왕십리동,"10,000",성동구,5,0,16,30.81,,,750,11200,13
4,,1998,,,2016,신한넥스텔,도선동,500,성동구,5,45,13,19.63,,,14,11200,17
5,,1998,,,2016,신한넥스텔,도선동,"8,000",성동구,5,0,25,19.63,,,14,11200,13
6,,1988,,,2016,(797-16),마장동,"8,000",성동구,5,0,20,24.6,,,797-16,11200,4
7,,2007,,,2016,마장동청계아르테미스,마장동,"18,500",성동구,5,0,21,54.72,,,778-5,11200,5
8,,2006,,,2016,왕십리역이스타빌,행당동,"2,000",성동구,5,70,7,29.43,,,287-15,11200,11
9,,2006,,,2016,왕십리역이스타빌,행당동,"10,000",성동구,5,30,14,26.01,,,287-15,11200,5
10,,2006,,,2016,왕십리역이스타빌,행당동,"1,000",성동구,5,80,23,29.43,,,287-15,11200,11
11,,2006,,,2016,왕십리역이스타빌,행당동,"3,000",성동구,5,70,28,30.78,,,287-15,11200,10
12,,2004,,,2016,성원상떼뷰,옥수동,"13,000",성동구,5,0,3,25.6,,,475,11200,6
13,,2004,,,2016,성원상떼뷰,옥수동,"1,000",성동구,5,70,4,28,,,475,11200,7
14,,2004,,,2016,성원상떼뷰,옥수동,"12,000",성동구,5,0,6,27.01,,,475,11200,3
15,,2004,,,2016,성원상떼뷰,옥수동,"1,000",성동구,5,65,14,25.6,,,475,11200,12
16,,2004,,,2016,이에스에이리버하우스,성수동1가,"6,000",성동구,5,60,3,39.15,,,13-12,11200,2
17,,2004,,,2016,Biz-Well 성수,성수동1가,"1,000",성동구,5,55,3,24.69,,,33-21,11200,4
18,,2005,,,2016,뚝섬리버빌,성수동1가,"16,000",성동구,5,0,3,39.96,,,13-117,11200,10
19,,2004,,,2016,이에스에이리버하우스,성수동1가,"5,000",성동구,5,110,5,63.74,,,13-12,11200,6
20,,2004,,,2016,Biz-Well 성수,성수동1가,"3,000",성동구,5,38,5,26.67,,,33-21,11200,7
21,,2004,,,2016,이에스에이리버하우스,성수동1가,"1,000",성동구,5,100,7,39.15,,,13-12,11200,6
22,,2004,,,2016,Biz-Well 성수,성수동1가,"3,000",성동구,5,35,10,24.65,,,33-21,11200,8
23,,2004,,,2016,이에스에이리버하우스,성수동1가,"8,000",성동구,5,40,10,39.15,,,13-12,11200,3
24,,2004,,,2016,Biz-Well 성수,성수동1가,"2,000",성동구,5,42,13,19.08,,,33-21,11200,10
25,,2004,,,2016,이에스에이리버하우스,성수동1가,"1,000",성동구,5,100,16,41.98,,,13-12,11200,13
26,,2004,,,2016,성수 그린빌,성수동1가,"13,000",성동구,5,0,17,34.59,,,685-54,11200,4
27,,2004,,,2016,이에스에이리버하우스,성수동1가,"4,000",성동구,5,70,18,39.15,,,13-12,11200,6
28,,2004,,,2016,이에스에이리버하우스,성수동1가,"13,000",성동구,5,30,19,39.15,,,13-12,11200,9
29,,2003,,,2016,(670-147),성수동1가,"6,000",성동구,5,15,19,18.96,,,670-147,11200,10
30,,2005,,,2016,뚝섬리버빌,성수동1가,"13,000",성동구,5,0,21,50.98,,,13-117,11200,8
31,,2003,,,2016,아트빌딩,성수동1가,"11,000",성동구,5,0,25,27.02,,,685-308,11200,6
32,,2004,,,2016,이에스에이리버하우스,성수동1가,"1,000",성동구,5,95,25,39.15,,,13-12,11200,6
33,,2004,,,2016,Biz-Well 성수,성수동1가,"3,000",성동구,5,35,26,24.69,,,33-21,11200,5
34,,2003,,,2016,성수동 뉴타운오피스텔,성수동1가,"13,000",성동구,5,0,27,31.6,,,72-69,11200,7
35,,2004,,,2016,Biz-Well 성수,성수동1가,"3,000",성동구,5,35,28,24.69,,,33-21,11200,6
36,,2004,,,2016,이에스에이리버하우스,성수동1가,"10,000",성동구,5,45,28,39.15,,,13-12,11200,6
37,,2003,,,2016,성수동 뉴타운오피스텔,성수동1가,"3,000",성동구,5,55,28,30.81,,,72-69,11200,8
38,,2004,,,2016,Biz-Well 성수,성수동1가,"3,000",성동구,5,35,28,24.69,,,33-21,11200,3
39,,2003,,,2016,성원상떼뷰오피스텔,성수동2가,"1,000",성동구,5,50,12,24.84,,,277-37,11200,8
40,,2013,,,2016,성수동램킨중흥S클래스오피스텔,성수동2가,"1,000",성동구,5,55,17,18.33,,,277-101,11200,4
41,,2003,,,2016,성원상떼뷰오피스텔,성수동2가,"1,000",성동구,5,50,26,24.84,,,277-37,11200,6
42,,2003,,,2016,성원상떼뷰오피스텔,성수동2가,"1,000",성동구,5,67,26,34.32,,,277-37,11200,9
43,,2003,,,2016,송정동센스빌오피스텔,송정동,"12,000",성동구,5,0,3,30.92,,,81-16,11200,7
44,,2003,,,2016,송정동센스빌오피스텔,송정동,"18,000",성동구,5,0,16,62.74,,,81-16,11200,9
45,,2003,,,2016,송정동센스빌오피스텔,송정동,"12,000",성동구,5,0,29,31.19,,,81-16,11200,3
46,,2006,,,2016,신창비바패밀리,용답동,"3,000",성동구,5,110,2,60.59,,,232-1,11200,15
47,,2006,,,2016,신창비바패밀리,용답동,"30,000",성동구,5,0,7,106.91,,,232-1,11200,6
48,,2013,,,2016,어반 오피스텔,용답동,"2,000",성동구,5,54,10,17.08,,,229-10,11200,6
49,,2013,,,2016,어반 오피스텔,용답동,"1,000",성동구,5,59,16,17.08,,,229-10,11200,3
50,,1991,,,2016,삼호오피스텔,용답동,"3,000",성동구,5,0,18,23.59,,,236-5,11200,5
0,,2003,,,2016,노블리안,상왕십리동,"10,000",성동구,6,0,10,30.81,,,750,11200,10
1,,2003,,,2016,노블리안,상왕십리동,"5,000",성동구,6,25,10,25.74,,,750,11200,8
2,,2003,,,2016,노블리안,상왕십리동,"6,000",성동구,6,25,11,30.81,,,750,11200,8
3,,2003,,,2016,노블리안,상왕십리동,"6,000",성동구,6,0,18,30.81,,,750,11200,14
4,,2003,,,2016,노블리안,상왕십리동,"5,000",성동구,6,30,18,30.81,,,750,11200,2
5,,2003,,,2016,노블리안,상왕십리동,"2,000",성동구,6,60,27,30.81,,,750,11200,11
6,,2005,,,2016,동인 레반트 오피스텔,하왕십리동,"3,000",성동구,6,45,9,27.54,,,903-3,11200,3
7,,2005,,,2016,동인 레반트 오피스텔,하왕십리동,"1,000",성동구,6,65,15,27.54,,,903-3,11200,6
8,,2005,,,2016,동인 레반트 오피스텔,하왕십리동,"1,000",성동구,6,60,18,27.54,,,903-3,11200,14
9,,1998,,,2016,신한넥스텔,도선동,500,성동구,6,45,3,19.63,,,14,11200,6
10,,2009,,,2016,다남매타워,도선동,"18,500",성동구,6,0,3,43.05,,,22-1,11200,7
11,,1998,,,2016,신한넥스텔,도선동,"3,000",성동구,6,60,7,41.96,,,14,11200,10
12,,1998,,,2016,신한넥스텔,도선동,"1,000",성동구,6,65,18,39.26,,,14,11200,8
13,,2010,,,2016,고운타워,마장동,"7,000",성동구,6,0,11,23.92,,,474-5,11200,4
14,,2004,,,2016,성동샤르망,행당동,"2,000",성동구,6,55,4,24.84,,,192-29,11200,11
15,,2004,,,2016,성동샤르망,행당동,"1,000",성동구,6,60,16,24.84,,,192-29,11200,9
16,,2006,,,2016,왕십리역이스타빌,행당동,"17,000",성동구,6,0,20,29.43,,,287-15,11200,8
17,,2003,,,2016,재호예향빌,금호동4가,"1,000",성동구,6,50,4,22.56,,,1028,11200,2
18,,2003,,,2016,재호예향빌,금호동4가,"10,000",성동구,6,0,10,24.98,,,1028,11200,7
19,,2003,,,2016,재호예향빌,금호동4가,"8,000",성동구,6,0,23,28.67,,,1028,11200,4
20,,2004,,,2016,성원상떼뷰,옥수동,"1,000",성동구,6,70,24,29.54,,,475,11200,13
21,,2004,,,2016,성원상떼뷰,옥수동,"6,000",성동구,6,70,28,39.89,,,475,11200,2
22,,2004,,,2016,이에스에이리버하우스,성수동1가,"6,000",성동구,6,60,3,39.15,,,13-12,11200,4
23,,2004,,,2016,이에스에이리버하우스,성수동1가,"19,000",성동구,6,0,4,39.15,,,13-12,11200,2
24,,2004,,,2016,이에스에이리버하우스,성수동1가,"15,000",성동구,6,30,4,39.15,,,13-12,11200,8
25,,2004,,,2016,Biz-Well 성수,성수동1가,"2,000",성동구,6,40,6,19.08,,,33-21,11200,6
26,,2004,,,2016,이에스에이리버하우스,성수동1가,"4,000",성동구,6,70,8,39.15,,,13-12,11200,3
27,,2004,,,2016,Biz-Well 성수,성수동1가,"3,000",성동구,6,40,10,26.67,,,33-21,11200,2
28,,2004,,,2016,Biz-Well 성수,성수동1가,"2,000",성동구,6,48,11,26.67,,,33-21,11200,6
29,,2003,,,2016,(670-147),성수동1가,"6,000",성동구,6,15,11,21.36,,,670-147,11200,9
30,,2004,,,2016,Biz-Well 성수,성수동1가,"3,000",성동구,6,38,13,24.69,,,33-21,11200,7
31,,2004,,,2016,이에스에이리버하우스,성수동1가,"2,000",성동구,6,90,14,41.98,,,13-12,11200,13
32,,2003,,,2016,(670-147),성수동1가,"6,000",성동구,6,15,20,21.45,,,670-147,11200,7
33,,2004,,,2016,Biz-Well 성수,성수동1가,"3,000",성동구,6,38,21,24.69,,,33-21,11200,2
34,,2004,,,2016,Biz-Well 성수,성수동1가,"2,000",성동구,6,50,23,26.67,,,33-21,11200,8
35,,2004,,,2016,이에스에이리버하우스,성수동1가,"29,000",성동구,6,0,23,63.74,,,13-12,11200,9
36,,2015,,,2016,위더스 빌,성수동1가,"24,000",성동구,6,0,23,42.76,,,33-23,11200,10
37,,2015,,,2016,위더스 빌,성수동1가,"24,000",성동구,6,0,25,43.41,,,33-23,11200,2
38,,2003,,,2016,성원상떼뷰오피스텔,성수동2가,"4,000",성동구,6,40,11,28.08,,,277-37,11200,3
39,,2003,,,2016,성원상떼뷰오피스텔,성수동2가,"5,000",성동구,6,30,16,28.08,,,277-37,11200,3
40,,2013,,,2016,성수동램킨중흥S클래스오피스텔,성수동2가,"1,000",성동구,6,55,24,18.33,,,277-101,11200,7
41,,2003,,,2016,송정동센스빌오피스텔,송정동,"12,000",성동구,6,0,4,30.92,,,81-16,11200,2
42,,2003,,,2016,송정동센스빌오피스텔,송정동,"12,000",성동구,6,0,17,30.92,,,81-16,11200,4
43,,2003,,,2016,송정동센스빌오피스텔,송정동,"12,000",성동구,6,0,30,31.19,,,81-16,11200,7
44,,2011,,,2016,오르세오피스텔,용답동,"14,000",성동구,6,15,14,46.25,,,238-2,11200,4
45,,2013,,,2016,어반 오피스텔,용답동,"1,000",성동구,6,62,17,18.98,,,229-10,11200,3
46,,2013,,,2016,어반 오피스텔,용답동,"2,000",성동구,6,40,22,16.21,,,229-10,11200,8
47,,2013,,,2016,어반 오피스텔,용답동,"2,000",성동구,6,52,27,18.98,,,229-10,11200,9
48,,2013,,,2016,어반 오피스텔,용답동,"1,000",성동구,6,62,28,18.98,,,229-10,11200,5
49,,2013,,,2016,어반 오피스텔,용답동,"1,000",성동구,6,45,29,16.21,,,229-10,11200,8
0,,2003,,,2016,노블리안,상왕십리동,"10,000",성동구,7,0,1,30.81,,,750,11200,7
1,,2003,,,2016,노블리안,상왕십리동,"6,000",성동구,7,30,15,30.81,,,750,11200,12
2,,2003,,,2016,노블리안,상왕십리동,"6,000",성동구,7,30,16,30.81,,,750,11200,4
3,,2003,,,2016,노블리안,상왕십리동,"1,000",성동구,7,55,16,25.74,,,750,11200,9
4,,2003,,,2016,노블리안,상왕십리동,"6,000",성동구,7,30,20,30.81,,,750,11200,11
5,,2003,,,2016,노블리안,상왕십리동,"5,000",성동구,7,30,25,25.74,,,750,11200,5
6,,2011,,,2016,리오파크 오피스텔,하왕십리동,"1,000",성동구,7,60,2,23.42,,,898-2,11200,4
7,,2005,,,2016,동인 레반트 오피스텔,하왕십리동,"2,000",성동구,7,60,16,27.54,,,903-3,11200,9
8,,2014,,,2016,J&J빌딩,도선동,"20,000",성동구,7,0,21,29.1,,,276,11200,9
9,,2007,,,2016,마장동청계아르테미스,마장동,"10,000",성동구,7,0,10,39.36,,,778-5,11200,6
10,,2004,,,2016,성동샤르망,행당동,"1,000",성동구,7,65,4,24.84,,,192-29,11200,6
11,,2006,,,2016,왕십리역이스타빌,행당동,"1,000",성동구,7,65,9,21.91,,,287-15,11200,12
12,,2014,,,2016,서울숲 더샵,행당동,"39,000",성동구,7,0,16,60.07,,,377,11200,2
13,,2014,,,2016,서울숲 더샵,행당동,"4,000",성동구,7,80,22,32.49,,,377,11200,4
14,,2004,,,2016,성원상떼뷰,옥수동,"11,000",성동구,7,0,9,27.01,,,475,11200,10
15,,2002,,,2016,백산오피스텔,성수동1가,"3,000",성동구,7,35,3,23.65,,,671-23,11200,6
16,,1997,,,2016,청재오피스텔,성수동1가,"3,000",성동구,7,40,8,34.16,,,72-71,11200,6
17,,2003,,,2016,아트빌딩,성수동1가,"4,000",성동구,7,40,8,27.02,,,685-308,11200,3
18,,2005,,,2016,뚝섬리버빌,성수동1가,"12,000",성동구,7,0,9,29,,,13-117,11200,3
19,,2004,,,2016,이에스에이리버하우스,성수동1가,"3,000",성동구,7,80,13,39.15,,,13-12,11200,4
20,,2003,,,2016,성수동 뉴타운오피스텔,성수동1가,"6,000",성동구,7,30,14,31.6,,,72-69,11200,3
21,,2002,,,2016,백산오피스텔,성수동1가,500,성동구,7,50,16,23.65,,,671-23,11200,3
22,,2003,,,2016,성수동 뉴타운오피스텔,성수동1가,"2,000",성동구,7,60,18,32.39,,,72-69,11200,7
23,,2004,,,2016,이에스에이리버하우스,성수동1가,"4,000",성동구,7,75,23,39.15,,,13-12,11200,11
24,,2004,,,2016,이에스에이리버하우스,성수동1가,"15,000",성동구,7,30,23,39.15,,,13-12,11200,2
25,,2004,,,2016,Biz-Well 성수,성수동1가,"3,000",성동구,7,32,25,19.08,,,33-21,11200,9
26,,1997,,,2016,청재오피스텔,성수동1가,"7,000",성동구,7,0,26,34.16,,,72-71,11200,4
27,,2005,,,2016,뚝섬리버빌,성수동1가,"1,000",성동구,7,65,26,30.36,,,13-117,11200,3
28,,2004,,,2016,Biz-Well 성수,성수동1가,"1,500",성동구,7,55,27,26.67,,,33-21,11200,7
29,,2004,,,2016,Biz-Well 성수,성수동1가,"3,000",성동구,7,38,29,24.69,,,33-21,11200,7
30,,2004,,,2016,이에스에이리버하우스,성수동1가,"4,000",성동구,7,75,30,39.15,,,13-12,11200,3
31,,2004,,,2016,이에스에이리버하우스,성수동1가,"18,000",성동구,7,0,31,39.15,,,13-12,11200,7
32,,2013,,,2016,성수동램킨중흥S클래스오피스텔,성수동2가,"8,000",성동구,7,0,15,18.33,,,277-101,11200,5
33,,2003,,,2016,성원상떼뷰오피스텔,성수동2가,"1,000",성동구,7,55,20,24.84,,,277-37,11200,5
34,,2007,,,2016,성수동 아스테리아,성수동2가,"24,000",성동구,7,0,26,84.76,,,278-29,11200,6
35,,2003,,,2016,성원상떼뷰오피스텔,성수동2가,"3,500",성동구,7,40,27,24.84,,,277-37,11200,6
36,,2003,,,2016,성원상떼뷰오피스텔,성수동2가,"1,000",성동구,7,50,29,24.84,,,277-37,11200,2
37,,2003,,,2016,성원상떼뷰오피스텔,성수동2가,"1,000",성동구,7,55,30,24.84,,,277-37,11200,3
38,,2003,,,2016,송정동센스빌오피스텔,송정동,"12,000",성동구,7,0,4,30.92,,,81-16,11200,6
39,,2003,,,2016,송정동센스빌오피스텔,송정동,"12,000",성동구,7,0,4,30.92,,,81-16,11200,6
40,,2003,,,2016,송정동센스빌오피스텔,송정동,"3,000",성동구,7,50,13,30.92,,,81-16,11200,5
41,,2003,,,2016,송정동센스빌오피스텔,송정동,"12,000",성동구,7,0,21,30.92,,,81-16,11200,6
42,,2006,,,2016,신창비바패밀리,용답동,"23,000",성동구,7,0,6,65.82,,,232-1,11200,13
43,,2011,,,2016,오르세오피스텔,용답동,"15,000",성동구,7,0,12,48.5,,,238-2,11200,7
44,,2016,,,2016,서희스타힐스리버파크,용답동,"11,500",성동구,7,0,13,21.9,,,238-12,11200,15
45,,2016,,,2016,서희스타힐스리버파크,용답동,"10,000",성동구,7,0,15,20.21,,,238-12,11200,14
46,,2016,,,2016,서희스타힐스리버파크,용답동,"10,000",성동구,7,0,18,19.88,,,238-12,11200,4
47,,2016,,,2016,서희스타힐스리버파크,용답동,"11,000",성동구,7,0,18,21.9,,,238-12,11200,13
48,,2013,,,2016,어반 오피스텔,용답동,"1,000",성동구,7,62,19,18.98,,,229-10,11200,6
49,,2016,,,2016,서희스타힐스리버파크,용답동,"3,000",성동구,7,40,20,21.9,,,238-12,11200,12
50,,2016,,,2016,서희스타힐스리버파크,용답동,"11,000",성동구,7,0,21,21.9,,,238-12,11200,8
51,,2016,,,2016,서희스타힐스리버파크,용답동,"8,000",성동구,7,10,21,20.21,,,238-12,11200,9
52,,2016,,,2016,서희스타힐스리버파크,용답동,"10,000",성동구,7,0,22,21.9,,,238-12,11200,8
53,,2016,,,2016,서희스타힐스리버파크,용답동,700,성동구,7,45,22,20.21,,,238-12,11200,4
54,,2016,,,2016,서희스타힐스리버파크,용답동,"11,000",성동구,7,0,22,21.9,,,238-12,11200,10
55,,2016,,,2016,서희스타힐스리버파크,용답동,"11,500",성동구,7,0,22,21.9,,,238-12,11200,15
56,,2016,,,2016,서희스타힐스리버파크,용답동,"10,000",성동구,7,0,23,20.21,,,238-12,11200,11
57,,2016,,,2016,서희스타힐스리버파크,용답동,"11,300",성동구,7,0,23,21.9,,,238-12,11200,6
58,,2016,,,2016,서희스타힐스리버파크,용답동,"10,000",성동구,7,0,23,20.21,,,238-12,11200,10
59,,2016,,,2016,서희스타힐스리버파크,용답동,"3,000",성동구,7,40,23,21.9,,,238-12,11200,11
60,,2016,,,2016,서희스타힐스리버파크,용답동,"3,000",성동구,7,35,24,19.88,,,238-12,11200,12
61,,2016,,,2016,서희스타힐스리버파크,용답동,"1,130",성동구,7,0,24,21.9,,,238-12,11200,11
62,,2016,,,2016,서희스타힐스리버파크,용답동,"11,000",성동구,7,0,25,21.9,,,238-12,11200,15
63,,2016,,,2016,서희스타힐스리버파크,용답동,"11,000",성동구,7,0,26,21.9,,,238-12,11200,5
64,,2016,,,2016,서희스타힐스리버파크,용답동,"3,000",성동구,7,40,27,21.9,,,238-12,11200,7
65,,2016,,,2016,서희스타힐스리버파크,용답동,"11,000",성동구,7,0,27,21.9,,,238-12,11200,11
66,,2016,,,2016,서희스타힐스리버파크,용답동,"3,400",성동구,7,37,27,21.9,,,238-12,11200,11
67,,2016,,,2016,서희스타힐스리버파크,용답동,"1,000",성동구,7,45,27,20.21,,,238-12,11200,2
68,,2016,,,2016,서희스타힐스리버파크,용답동,"11,000",성동구,7,0,27,21.9,,,238-12,11200,10
69,,2016,,,2016,서희스타힐스리버파크,용답동,"2,000",성동구,7,40,27,20.21,,,238-12,11200,9
70,,2016,,,2016,서희스타힐스리버파크,용답동,500,성동구,7,50,28,21.9,,,238-12,11200,5
71,,2016,,,2016,서희스타힐스리버파크,용답동,"11,000",성동구,7,0,28,21.9,,,238-12,11200,14
72,,2016,,,2016,서희스타힐스리버파크,용답동,"11,000",성동구,7,0,28,21.9,,,238-12,11200,14
73,,2006,,,2016,신창비바패밀리,용답동,"2,000",성동구,7,110,28,65.01,,,232-1,11200,8
74,,2016,,,2016,서희스타힐스리버파크,용답동,"3,500",성동구,7,35,28,21.9,,,238-12,11200,8
75,,2016,,,2016,서희스타힐스리버파크,용답동,"1,000",성동구,7,45,28,21.9,,,238-12,11200,6
76,,2016,,,2016,서희스타힐스리버파크,용답동,"10,000",성동구,7,0,29,20.21,,,238-12,11200,3
77,,2016,,,2016,서희스타힐스리버파크,용답동,500,성동구,7,47,29,20.21,,,238-12,11200,5
78,,2016,,,2016,서희스타힐스리버파크,용답동,"3,000",성동구,7,35,29,21.9,,,238-12,11200,2
79,,2016,,,2016,서희스타힐스리버파크,용답동,"10,000",성동구,7,0,30,20.21,,,238-12,11200,7
80,,2016,,,2016,서희스타힐스리버파크,용답동,500,성동구,7,55,30,21.9,,,238-12,11200,10
0,,2003,,,2016,노블리안,상왕십리동,"4,000",성동구,8,45,1,30.81,,,750,11200,15
1,,2003,,,2016,노블리안,상왕십리동,"13,000",성동구,8,0,9,25.74,,,750,11200,9
2,,2003,,,2016,노블리안,상왕십리동,"4,000",성동구,8,40,10,30.81,,,750,11200,11
3,,2003,,,2016,노블리안,상왕십리동,"5,000",성동구,8,30,12,30.81,,,750,11200,3
4,,2003,,,2016,노블리안,상왕십리동,"10,000",성동구,8,0,16,30.81,,,750,11200,2
5,,2003,,,2016,노블리안,상왕십리동,"4,000",성동구,8,40,22,30.81,,,750,11200,13
6,,2003,,,2016,노블리안,상왕십리동,"10,000",성동구,8,0,23,30.81,,,750,11200,3
7,,2009,,,2016,왕십리 모노퍼스 주상복합,하왕십리동,"5,000",성동구,8,60,11,38.67,,,286-2,11200,11
8,,2011,,,2016,리오파크 오피스텔,하왕십리동,"1,000",성동구,8,60,17,24.07,,,898-2,11200,8
9,,2011,,,2016,리오파크 오피스텔,하왕십리동,"2,000",성동구,8,60,20,24.07,,,898-2,11200,10
10,,2009,,,2016,왕십리 모노퍼스 주상복합,하왕십리동,"2,000",성동구,8,80,21,47.61,,,286-2,11200,14
11,,2009,,,2016,왕십리 모노퍼스 주상복합,하왕십리동,"17,000",성동구,8,0,27,38.67,,,286-2,11200,16
12,,1998,,,2016,신한넥스텔,도선동,"1,000",성동구,8,40,8,19.63,,,14,11200,9
13,,1998,,,2016,신한넥스텔,도선동,500,성동구,8,45,25,19.63,,,14,11200,11
14,,2006,,,2016,왕십리역이스타빌,행당동,"2,000",성동구,8,75,15,29.43,,,287-15,11200,6
15,,2014,,,2016,서울숲 더샵,행당동,"2,000",성동구,8,110,31,35.21,,,377,11200,2
16,,2002,,,2016,금호힐오피스텔,금호동1가,"1,000",성동구,8,55,9,29.97,,,1755,11200,6
17,,2005,,,2016,뚝섬리버빌,성수동1가,"1,000",성동구,8,65,2,29,,,13-117,11200,6
18,,2003,,,2016,성수동 뉴타운오피스텔,성수동1가,"13,000",성동구,8,0,4,29.23,,,72-69,11200,4
19,,2003,,,2016,성수동 뉴타운오피스텔,성수동1가,"1,000",성동구,8,65,8,32.39,,,72-69,11200,3
20,,2003,,,2016,성수동 뉴타운오피스텔,성수동1가,500,성동구,8,70,8,32.39,,,72-69,11200,8
21,,2004,,,2016,Biz-Well 성수,성수동1가,500,성동구,8,65,8,26.13,,,33-21,11200,10
22,,2003,,,2016,성수동 뉴타운오피스텔,성수동1가,"12,000",성동구,8,0,9,32.39,,,72-69,11200,4
23,,2004,,,2016,Biz-Well 성수,성수동1가,"3,000",성동구,8,38,9,24.69,,,33-21,11200,4
24,,2003,,,2016,성수동 뉴타운오피스텔,성수동1가,"6,000",성동구,8,30,11,29.23,,,72-69,11200,2
25,,2004,,,2016,Biz-Well 성수,성수동1가,"1,000",성동구,8,50,13,19.08,,,33-21,11200,7
26,,2005,,,2016,뚝섬리버빌,성수동1가,"1,000",성동구,8,65,16,29,,,13-117,11200,4
27,,2004,,,2016,Biz-Well 성수,성수동1가,"3,000",성동구,8,38,20,25.52,,,33-21,11200,4
28,,2004,,,2016,이에스에이리버하우스,성수동1가,"5,000",성동구,8,65,22,39.15,,,13-12,11200,4
29,,2004,,,2016,이에스에이리버하우스,성수동1가,"19,000",성동구,8,0,23,39.15,,,13-12,11200,9
30,,2003,,,2016,성수동 뉴타운오피스텔,성수동1가,"1,800",성동구,8,60,24,30.81,,,72-69,11200,4
31,,2004,,,2016,이에스에이리버하우스,성수동1가,"19,000",성동구,8,0,24,39.15,,,13-12,11200,5
32,,2003,,,2016,성원상떼뷰오피스텔,성수동2가,"2,000",성동구,8,45,16,24.84,,,277-37,11200,3
33,,1998,,,2016,성수아카데미타워,성수동2가,"5,500",성동구,8,20,27,33.45,,,277-17,11200,11
34,,2003,,,2016,성원상떼뷰오피스텔,성수동2가,"12,000",성동구,8,0,31,28.08,,,277-37,11200,11
35,,2003,,,2016,성원상떼뷰오피스텔,성수동2가,"1,000",성동구,8,60,31,28.08,,,277-37,11200,6
36,,2003,,,2016,송정동센스빌오피스텔,송정동,"16,000",성동구,8,0,26,62.74,,,81-16,11200,9
37,,2003,,,2016,송정동센스빌오피스텔,송정동,"12,000",성동구,8,0,31,30.92,,,81-16,11200,4
38,,2016,,,2016,서희스타힐스리버파크,용답동,"3,000",성동구,8,30,1,20.21,,,238-12,11200,6
39,,2016,,,2016,서희스타힐스리버파크,용답동,"11,000",성동구,8,0,1,19.88,,,238-12,11200,12
40,,2016,,,2016,서희스타힐스리버파크,용답동,"11,000",성동구,8,0,1,19.88,,,238-12,11200,12
41,,2016,,,2016,서희스타힐스리버파크,용답동,"1,000",성동구,8,50,1,21.9,,,238-12,11200,11
42,,2016,,,2016,서희스타힐스리버파크,용답동,"10,000",성동구,8,0,1,20.21,,,238-12,11200,4
43,,2016,,,2016,서희스타힐스리버파크,용답동,"10,000",성동구,8,0,1,20.21,,,238-12,11200,4
44,,2016,,,2016,서희스타힐스리버파크,용답동,"3,000",성동구,8,35,1,21.9,,,238-12,11200,8
45,,2016,,,2016,서희스타힐스리버파크,용답동,500,성동구,8,50,1,21.95,,,238-12,11200,9
46,,2016,,,2016,서희스타힐스리버파크,용답동,"1,000",성동구,8,48,2,20.21,,,238-12,11200,14
47,,2016,,,2016,서희스타힐스리버파크,용답동,"10,000",성동구,8,0,2,21.95,,,238-12,11200,8
48,,2016,,,2016,서희스타힐스리버파크,용답동,"4,000",성동구,8,35,2,20.21,,,238-12,11200,15
49,,2016,,,2016,서희스타힐스리버파크,용답동,"10,000",성동구,8,0,2,19.88,,,238-12,11200,7
50,,2016,,,2016,서희스타힐스리버파크,용답동,"10,000",성동구,8,0,2,21.9,,,238-12,11200,9
51,,2016,,,2016,서희스타힐스리버파크,용답동,"10,000",성동구,8,0,2,21.9,,,238-12,11200,9
52,,2016,,,2016,서희스타힐스리버파크,용답동,500,성동구,8,50,3,20.21,,,238-12,11200,8
53,,2016,,,2016,서희스타힐스리버파크,용답동,"11,000",성동구,8,0,3,21.9,,,238-12,11200,15
54,,2016,,,2016,서희스타힐스리버파크,용답동,"11,000",성동구,8,0,3,21.9,,,238-12,11200,8
55,,2016,,,2016,서희스타힐스리버파크,용답동,"1,000",성동구,8,50,3,21.9,,,238-12,11200,10
56,,2016,,,2016,서희스타힐스리버파크,용답동,"10,000",성동구,8,0,3,21.95,,,238-12,11200,8
57,,2016,,,2016,서희스타힐스리버파크,용답동,"10,000",성동구,8,0,3,21.9,,,238-12,11200,8
58,,2016,,,2016,서희스타힐스리버파크,용답동,"1,000",성동구,8,45,3,19.88,,,238-12,11200,6
59,,2016,,,2016,서희스타힐스리버파크,용답동,"10,000",성동구,8,0,4,21.9,,,238-12,11200,9
60,,2016,,,2016,서희스타힐스리버파크,용답동,"10,000",성동구,8,0,4,20.21,,,238-12,11200,12
61,,2016,,,2016,서희스타힐스리버파크,용답동,"3,500",성동구,8,30,4,21.9,,,238-12,11200,3
62,,2016,,,2016,서희스타힐스리버파크,용답동,"2,700",성동구,8,33,4,21.9,,,238-12,11200,4
63,,2016,,,2016,서희스타힐스리버파크,용답동,"11,000",성동구,8,0,5,21.9,,,238-12,11200,15
64,,2016,,,2016,서희스타힐스리버파크,용답동,"11,000",성동구,8,0,5,21.95,,,238-12,11200,13
65,,2016,,,2016,서희스타힐스리버파크,용답동,"10,000",성동구,8,0,5,20.21,,,238-12,11200,9
66,,2016,,,2016,서희스타힐스리버파크,용답동,"10,000",성동구,8,0,5,21.95,,,238-12,11200,7
67,,2016,,,2016,서희스타힐스리버파크,용답동,"11,000",성동구,8,0,6,20.21,,,238-12,11200,6
68,,2006,,,2016,신창비바패밀리,용답동,"2,000",성동구,8,110,6,65.01,,,232-1,11200,12
69,,2016,,,2016,서희스타힐스리버파크,용답동,"3,000",성동구,8,40,6,21.9,,,238-12,11200,10
70,,2016,,,2016,서희스타힐스리버파크,용답동,500,성동구,8,55,7,21.9,,,238-12,11200,8
71,,2016,,,2016,서희스타힐스리버파크,용답동,"10,000",성동구,8,0,8,20.21,,,238-12,11200,11
72,,2016,,,2016,서희스타힐스리버파크,용답동,"10,000",성동구,8,0,8,19.88,,,238-12,11200,6
73,,2016,,,2016,서희스타힐스리버파크,용답동,"1,000",성동구,8,45,8,19.88,,,238-12,11200,9
74,,2016,,,2016,서희스타힐스리버파크,용답동,"10,000",성동구,8,0,8,21.9,,,238-12,11200,4
75,,2016,,,2016,서희스타힐스리버파크,용답동,"11,000",성동구,8,0,8,21.9,,,238-12,11200,3
76,,2016,,,2016,서희스타힐스리버파크,용답동,"3,000",성동구,8,35,8,19.88,,,238-12,11200,11
77,,2011,,,2016,오르세오피스텔,용답동,"3,000",성동구,8,90,8,46.25,,,238-2,11200,4
78,,2016,,,2016,서희스타힐스리버파크,용답동,"2,000",성동구,8,40,9,20.21,,,238-12,11200,15
79,,2016,,,2016,서희스타힐스리버파크,용답동,"11,000",성동구,8,0,9,20.21,,,238-12,11200,13
80,,2016,,,2016,서희스타힐스리버파크,용답동,"10,000",성동구,8,0,9,21.95,,,238-12,11200,8
81,,2016,,,2016,서희스타힐스리버파크,용답동,"1,000",성동구,8,50,10,21.95,,,238-12,11200,14
82,,2016,,,2016,서희스타힐스리버파크,용답동,"1,000",성동구,8,55,10,21.9,,,238-12,11200,13
83,,2016,,,2016,서희스타힐스리버파크,용답동,"11,000",성동구,8,0,10,21.9,,,238-12,11200,7
84,,2016,,,2016,서희스타힐스리버파크,용답동,"3,000",성동구,8,40,10,21.9,,,238-12,11200,15
85,,2016,,,2016,서희스타힐스리버파크,용답동,"3,000",성동구,8,40,10,21.9,,,238-12,11200,10
86,,2016,,,2016,서희스타힐스리버파크,용답동,"1,000",성동구,8,45,10,21.9,,,238-12,11200,6
87,,2016,,,2016,서희스타힐스리버파크,용답동,"12,000",성동구,8,0,10,21.9,,,238-12,11200,14
88,,2016,,,2016,서희스타힐스리버파크,용답동,"10,000",성동구,8,0,11,20.21,,,238-12,11200,8
89,,2016,,,2016,서희스타힐스리버파크,용답동,"10,500",성동구,8,0,11,21.9,,,238-12,11200,4
90,,2016,,,2016,서희스타힐스리버파크,용답동,"1,000",성동구,8,45,11,21.9,,,238-12,11200,7
91,,2016,,,2016,서희스타힐스리버파크,용답동,"11,000",성동구,8,0,11,21.9,,,238-12,11200,11
92,,2016,,,2016,서희스타힐스리버파크,용답동,"12,000",성동구,8,0,12,21.9,,,238-12,11200,14
93,,2016,,,2016,서희스타힐스리버파크,용답동,"10,000",성동구,8,0,12,21.9,,,238-12,11200,4
94,,2016,,,2016,서희스타힐스리버파크,용답동,"1,100",성동구,8,0,12,20.21,,,238-12,11200,12
95,,2016,,,2016,서희스타힐스리버파크,용답동,500,성동구,8,50,12,20.21,,,238-12,11200,12
96,,2016,,,2016,서희스타힐스리버파크,용답동,"9,000",성동구,8,10,12,21.9,,,238-12,11200,3
97,,2016,,,2016,서희스타힐스리버파크,용답동,"11,000",성동구,8,0,13,20.21,,,238-12,11200,9
98,,2016,,,2016,서희스타힐스리버파크,용답동,"11,500",성동구,8,0,13,19.88,,,238-12,11200,8
99,,2016,,,2016,서희스타힐스리버파크,용답동,"11,000",성동구,8,0,13,19.88,,,238-12,11200,8
100,,2016,,,2016,서희스타힐스리버파크,용답동,"11,000",성동구,8,0,14,20.21,,,238-12,11200,14
101,,2016,,,2016,서희스타힐스리버파크,용답동,"3,000",성동구,8,40,14,21.9,,,238-12,11200,7
102,,2016,,,2016,서희스타힐스리버파크,용답동,"1,000",성동구,8,45,15,20.21,,,238-12,11200,4
103,,2016,,,2016,서희스타힐스리버파크,용답동,"10,000",성동구,8,0,15,21.9,,,238-12,11200,3
104,,2016,,,2016,서희스타힐스리버파크,용답동,"1,000",성동구,8,50,15,21.9,,,238-12,11200,11
105,,2016,,,2016,서희스타힐스리버파크,용답동,"10,000",성동구,8,0,15,20.21,,,238-12,11200,8
106,,2016,,,2016,서희스타힐스리버파크,용답동,"4,000",성동구,8,30,15,20.21,,,238-12,11200,7
107,,2016,,,2016,서희스타힐스리버파크,용답동,"3,000",성동구,8,35,15,19.88,,,238-12,11200,4
108,,2016,,,2016,서희스타힐스리버파크,용답동,500,성동구,8,55,16,21.9,,,238-12,11200,6
109,,2016,,,2016,서희스타힐스리버파크,용답동,"3,000",성동구,8,30,16,21.95,,,238-12,11200,7
110,,2016,,,2016,서희스타힐스리버파크,용답동,"3,000",성동구,8,40,17,21.9,,,238-12,11200,12
111,,2016,,,2016,서희스타힐스리버파크,용답동,"3,500",성동구,8,30,17,20.21,,,238-12,11200,4
112,,2016,,,2016,서희스타힐스리버파크,용답동,"2,000",성동구,8,40,17,21.9,,,238-12,11200,2
113,,2016,,,2016,서희스타힐스리버파크,용답동,"11,500",성동구,8,0,17,21.9,,,238-12,11200,14
114,,2016,,,2016,서희스타힐스리버파크,용답동,"10,500",성동구,8,0,17,21.9,,,238-12,11200,3
115,,2016,,,2016,서희스타힐스리버파크,용답동,"1,000",성동구,8,50,18,21.95,,,238-12,11200,12
116,,2016,,,2016,서희스타힐스리버파크,용답동,"10,000",성동구,8,0,18,20.21,,,238-12,11200,14
117,,2016,,,2016,서희스타힐스리버파크,용답동,"10,000",성동구,8,0,18,21.9,,,238-12,11200,3
118,,2016,,,2016,서희스타힐스리버파크,용답동,"10,000",성동구,8,0,18,21.9,,,238-12,11200,5
119,,2016,,,2016,서희스타힐스리버파크,용답동,"10,000",성동구,8,0,18,21.9,,,238-12,11200,3
120,,2016,,,2016,서희스타힐스리버파크,용답동,"10,000",성동구,8,0,18,21.9,,,238-12,11200,2
121,,2016,,,2016,서희스타힐스리버파크,용답동,"3,000",성동구,8,35,18,19.88,,,238-12,11200,7
122,,2016,,,2016,서희스타힐스리버파크,용답동,"3,500",성동구,8,35,19,20.21,,,238-12,11200,13
123,,2016,,,2016,서희스타힐스리버파크,용답동,"3,000",성동구,8,30,19,21.9,,,238-12,11200,5
124,,2016,,,2016,서희스타힐스리버파크,용답동,"10,000",성동구,8,0,19,21.9,,,238-12,11200,3
125,,2016,,,2016,서희스타힐스리버파크,용답동,"2,000",성동구,8,35,19,21.9,,,238-12,11200,2
126,,2016,,,2016,서희스타힐스리버파크,용답동,"1,000",성동구,8,50,20,21.9,,,238-12,11200,12
127,,2016,,,2016,서희스타힐스리버파크,용답동,"3,000",성동구,8,35,20,21.9,,,238-12,11200,12
128,,2016,,,2016,서희스타힐스리버파크,용답동,"9,000",성동구,8,10,20,19.88,,,238-12,11200,5
129,,2016,,,2016,서희스타힐스리버파크,용답동,500,성동구,8,50,20,20.21,,,238-12,11200,2
130,,2016,,,2016,서희스타힐스리버파크,용답동,"12,500",성동구,8,0,22,21.9,,,238-12,11200,8
131,,2016,,,2016,서희스타힐스리버파크,용답동,"1,000",성동구,8,40,23,21.9,,,238-12,11200,14
132,,2016,,,2016,서희스타힐스리버파크,용답동,"4,000",성동구,8,30,23,19.88,,,238-12,11200,14
133,,2016,,,2016,서희스타힐스리버파크,용답동,"11,000",성동구,8,0,23,20.21,,,238-12,11200,5
134,,2016,,,2016,서희스타힐스리버파크,용답동,"11,000",성동구,8,0,23,20.21,,,238-12,11200,6
135,,2016,,,2016,서희스타힐스리버파크,용답동,"4,000",성동구,8,30,24,20.21,,,238-12,11200,12
136,,2016,,,2016,서희스타힐스리버파크,용답동,"12,000",성동구,8,0,24,21.9,,,238-12,11200,8
137,,2016,,,2016,서희스타힐스리버파크,용답동,"11,000",성동구,8,0,24,20.21,,,238-12,11200,6
138,,2016,,,2016,서희스타힐스리버파크,용답동,"1,000",성동구,8,55,24,21.9,,,238-12,11200,11
139,,2016,,,2016,서희스타힐스리버파크,용답동,"12,000",성동구,8,0,25,21.9,,,238-12,11200,7
140,,2016,,,2016,서희스타힐스리버파크,용답동,"1,000",성동구,8,50,25,21.95,,,238-12,11200,4
141,,2016,,,2016,서희스타힐스리버파크,용답동,"3,000",성동구,8,35,25,20.21,,,238-12,11200,7
142,,2016,,,2016,서희스타힐스리버파크,용답동,"2,000",성동구,8,40,25,20.21,,,238-12,11200,10
143,,2013,,,2016,어반 오피스텔,용답동,"2,000",성동구,8,57,25,20.96,,,229-10,11200,6
144,,2016,,,2016,서희스타힐스리버파크,용답동,500,성동구,8,55,25,21.9,,,238-12,11200,3
145,,2016,,,2016,서희스타힐스리버파크,용답동,"3,000",성동구,8,35,26,21.9,,,238-12,11200,2
146,,2016,,,2016,서희스타힐스리버파크,용답동,"4,000",성동구,8,30,26,20.21,,,238-12,11200,7
147,,2016,,,2016,서희스타힐스리버파크,용답동,"11,000",성동구,8,0,26,21.9,,,238-12,11200,7
148,,2016,,,2016,서희스타힐스리버파크,용답동,"11,000",성동구,8,0,26,21.9,,,238-12,11200,5
149,,2016,,,2016,서희스타힐스리버파크,용답동,"12,000",성동구,8,0,27,21.9,,,238-12,11200,11
150,,2016,,,2016,서희스타힐스리버파크,용답동,"3,500",성동구,8,30,27,21.9,,,238-12,11200,4
151,,2016,,,2016,서희스타힐스리버파크,용답동,"3,000",성동구,8,30,27,20.21,,,238-12,11200,4
152,,2016,,,2016,서희스타힐스리버파크,용답동,"11,000",성동구,8,0,27,19.88,,,238-12,11200,13
153,,2016,,,2016,서희스타힐스리버파크,용답동,"2,000",성동구,8,45,27,20.21,,,238-12,11200,10
154,,2016,,,2016,서희스타힐스리버파크,용답동,"4,000",성동구,8,25,27,21.9,,,238-12,11200,2
155,,2016,,,2016,서희스타힐스리버파크,용답동,"1,000",성동구,8,55,28,21.9,,,238-12,11200,13
156,,1991,,,2016,(229-13),용답동,300,성동구,8,35,29,27.56,,,229-13,11200,9
157,,2016,,,2016,서희스타힐스리버파크,용답동,"11,500",성동구,8,0,29,20.21,,,238-12,11200,10
158,,2016,,,2016,서희스타힐스리버파크,용답동,"1,000",성동구,8,55,29,21.9,,,238-12,11200,7
159,,2016,,,2016,서희스타힐스리버파크,용답동,"4,000",성동구,8,25,29,20.21,,,238-12,11200,12
160,,2016,,,2016,서희스타힐스리버파크,용답동,"11,000",성동구,8,0,29,20.21,,,238-12,11200,13
161,,2016,,,2016,서희스타힐스리버파크,용답동,"12,000",성동구,8,0,30,21.9,,,238-12,11200,13
162,,2016,,,2016,서희스타힐스리버파크,용답동,"3,000",성동구,8,40,30,21.95,,,238-12,11200,13
163,,2016,,,2016,서희스타힐스리버파크,용답동,"1,000",성동구,8,50,30,21.9,,,238-12,11200,6
164,,2016,,,2016,서희스타힐스리버파크,용답동,"12,500",성동구,8,0,30,21.9,,,238-12,11200,15
165,,2016,,,2016,서희스타힐스리버파크,용답동,"8,500",성동구,8,20,30,21.95,,,238-12,11200,5
166,,2016,,,2016,서희스타힐스리버파크,용답동,"10,500",성동구,8,0,31,21.95,,,238-12,11200,4
167,,2016,,,2016,서희스타힐스리버파크,용답동,"4,000",성동구,8,30,31,21.9,,,238-12,11200,5
168,,2016,,,2016,서희스타힐스리버파크,용답동,"3,500",성동구,8,35,31,21.95,,,238-12,11200,7
0,,2003,,,2016,노블리안,상왕십리동,"1,000",성동구,9,70,1,30.81,,,750,11200,7
1,,2003,,,2016,노블리안,상왕십리동,"4,000",성동구,9,40,2,30.81,,,750,11200,11
2,,2003,,,2016,노블리안,상왕십리동,"5,000",성동구,9,35,6,30.81,,,750,11200,10
3,,2003,,,2016,노블리안,상왕십리동,"5,000",성동구,9,35,8,30.81,,,750,11200,3
4,,2003,,,2016,노블리안,상왕십리동,"5,000",성동구,9,35,8,30.81,,,750,11200,5
5,,2003,,,2016,노블리안,상왕십리동,"10,000",성동구,9,0,9,30.81,,,750,11200,13
6,,2003,,,2016,노블리안,상왕십리동,"10,000",성동구,9,0,20,30.81,,,750,11200,9
7,,2003,,,2016,노블리안,상왕십리동,"10,000",성동구,9,0,20,30.81,,,750,11200,7
8,,2003,,,2016,노블리안,상왕십리동,"7,000",성동구,9,20,23,30.81,,,750,11200,10
9,,2003,,,2016,노블리안,상왕십리동,"13,000",성동구,9,0,24,30.81,,,750,11200,15
10,,2005,,,2016,동인 레반트 오피스텔,하왕십리동,"3,000",성동구,9,55,6,27.54,,,903-3,11200,11
11,,2011,,,2016,리오파크 오피스텔,하왕십리동,500,성동구,9,65,10,22.82,,,898-2,11200,12
12,,2005,,,2016,동인 레반트 오피스텔,하왕십리동,"12,000",성동구,9,0,24,27.54,,,903-3,11200,8
13,,1998,,,2016,신한넥스텔,도선동,"1,000",성동구,9,40,3,19.63,,,14,11200,8
14,,2006,,,2016,왕십리역이스타빌,행당동,"1,000",성동구,9,70,20,26.01,,,287-15,11200,9
15,,2014,,,2016,서울숲 더샵,행당동,"2,000",성동구,9,110,26,35.21,,,377,11200,3
16,,2002,,,2016,금호힐오피스텔,금호동1가,"2,000",성동구,9,47,2,27.35,,,1755,11200,5
17,,2002,,,2016,금호힐오피스텔,금호동1가,"1,000",성동구,9,60,28,29.97,,,1755,11200,5
18,,2003,,,2016,재호예향빌,금호동4가,"10,500",성동구,9,0,21,36.21,,,1028,11200,5
19,,2004,,,2016,성원상떼뷰,옥수동,500,성동구,9,70,3,27.01,,,475,11200,5
20,,2004,,,2016,성원상떼뷰,옥수동,"1,000",성동구,9,60,16,27.01,,,475,11200,11
21,,2003,,,2016,성수동 뉴타운오피스텔,성수동1가,"12,500",성동구,9,0,8,30.02,,,72-69,11200,2
22,,2003,,,2016,아트빌딩,성수동1가,"11,000",성동구,9,0,10,27.02,,,685-308,11200,5
23,,2004,,,2016,Biz-Well 성수,성수동1가,"3,000",성동구,9,38,10,24.69,,,33-21,11200,8
24,,2004,,,2016,이에스에이리버하우스,성수동1가,"2,000",성동구,9,145,18,63.74,,,13-12,11200,5
25,,2004,,,2016,이에스에이리버하우스,성수동1가,"1,000",성동구,9,90,20,39.15,,,13-12,11200,7
26,,2003,,,2016,성수동 뉴타운오피스텔,성수동1가,"4,000",성동구,9,40,21,31.6,,,72-69,11200,4
27,,2002,,,2016,백산오피스텔,성수동1가,"9,000",성동구,9,0,22,23.65,,,671-23,11200,7
28,,2005,,,2016,뚝섬리버빌,성수동1가,"13,000",성동구,9,0,26,33.94,,,13-117,11200,4
29,,2004,,,2016,Biz-Well 성수,성수동1가,"10,000",성동구,9,0,27,19.08,,,33-21,11200,9
30,,2004,,,2016,Biz-Well 성수,성수동1가,"3,000",성동구,9,32,29,19.08,,,33-21,11200,10
31,,2003,,,2016,성수동 뉴타운오피스텔,성수동1가,"4,000",성동구,9,55,29,30.81,,,72-69,11200,8
32,,2003,,,2016,성원상떼뷰오피스텔,성수동2가,"3,000",성동구,9,40,5,28.08,,,277-37,11200,4
33,,2003,,,2016,성원상떼뷰오피스텔,성수동2가,"11,300",성동구,9,0,6,28.08,,,277-37,11200,4
34,,2013,,,2016,성수동램킨중흥S클래스오피스텔,성수동2가,"3,000",성동구,9,40,25,18.33,,,277-101,11200,8
35,,2013,,,2016,성수동램킨중흥S클래스오피스텔,성수동2가,"3,000",성동구,9,35,26,18.33,,,277-101,11200,2
36,,2003,,,2016,성원상떼뷰오피스텔,성수동2가,"1,000",성동구,9,55,30,24.84,,,277-37,11200,5
37,,2003,,,2016,송정동센스빌오피스텔,송정동,"12,000",성동구,9,0,2,30.92,,,81-16,11200,5
38,,2003,,,2016,송정동센스빌오피스텔,송정동,"12,000",성동구,9,0,27,31.19,,,81-16,11200,3
39,,2016,,,2016,서희스타힐스리버파크,용답동,"13,000",성동구,9,0,1,21.9,,,238-12,11200,13
40,,2016,,,2016,서희스타힐스리버파크,용답동,"2,000",성동구,9,45,1,21.9,,,238-12,11200,6
41,,2013,,,2016,어반 오피스텔,용답동,"1,000",성동구,9,45,1,16.21,,,229-10,11200,7
42,,2016,,,2016,서희스타힐스리버파크,용답동,"12,500",성동구,9,0,3,21.9,,,238-12,11200,6
43,,2016,,,2016,서희스타힐스리버파크,용답동,"4,000",성동구,9,30,3,20.21,,,238-12,11200,12
44,,2016,,,2016,서희스타힐스리버파크,용답동,"12,000",성동구,9,0,6,19.88,,,238-12,11200,14
45,,2016,,,2016,서희스타힐스리버파크,용답동,500,성동구,9,50,6,21.9,,,238-12,11200,4
46,,2016,,,2016,서희스타힐스리버파크,용답동,"10,500",성동구,9,0,6,21.95,,,238-12,11200,4
47,,2016,,,2016,서희스타힐스리버파크,용답동,"1,000",성동구,9,60,7,21.9,,,238-12,11200,8
48,,2016,,,2016,서희스타힐스리버파크,용답동,"11,000",성동구,9,0,8,21.9,,,238-12,11200,4
49,,2016,,,2016,서희스타힐스리버파크,용답동,"4,000",성동구,9,35,8,21.9,,,238-12,11200,3
50,,2006,,,2016,신창비바패밀리,용답동,"23,500",성동구,9,0,8,65.95,,,232-1,11200,14
51,,2016,,,2016,서희스타힐스리버파크,용답동,500,성동구,9,55,10,21.9,,,238-12,11200,3
52,,2016,,,2016,서희스타힐스리버파크,용답동,"1,000",성동구,9,55,10,21.9,,,238-12,11200,12
53,,2016,,,2016,서희스타힐스리버파크,용답동,"11,000",성동구,9,0,10,19.88,,,238-12,11200,5
54,,2013,,,2016,어반 오피스텔,용답동,"1,000",성동구,9,59,12,20.96,,,229-10,11200,10
55,,2016,,,2016,서희스타힐스리버파크,용답동,"4,500",성동구,9,22,17,21.9,,,238-12,11200,8
56,,2016,,,2016,서희스타힐스리버파크,용답동,"12,000",성동구,9,0,19,21.95,,,238-12,11200,10
57,,2016,,,2016,서희스타힐스리버파크,용답동,"4,000",성동구,9,30,21,20.21,,,238-12,11200,13
58,,2016,,,2016,서희스타힐스리버파크,용답동,"4,000",성동구,9,25,21,21.9,,,238-12,11200,4
59,,2016,,,2016,서희스타힐스리버파크,용답동,"1,000",성동구,9,55,22,21.9,,,238-12,11200,7
60,,2016,,,2016,서희스타힐스리버파크,용답동,"2,000",성동구,9,45,23,20.21,,,238-12,11200,11
61,,2016,,,2016,서희스타힐스리버파크,용답동,"11,500",성동구,9,0,24,21.9,,,238-12,11200,14
62,,2016,,,2016,서희스타힐스리버파크,용답동,"1,000",성동구,9,45,24,21.9,,,238-12,11200,2
63,,2016,,,2016,서희스타힐스리버파크,용답동,"4,000",성동구,9,35,24,20.21,,,238-12,11200,14
64,,2016,,,2016,서희스타힐스리버파크,용답동,"11,000",성동구,9,0,26,19.88,,,238-12,11200,4
65,,2016,,,2016,서희스타힐스리버파크,용답동,"4,000",성동구,9,30,26,20.21,,,238-12,11200,12
66,,2016,,,2016,서희스타힐스리버파크,용답동,"3,000",성동구,9,45,28,21.9,,,238-12,11200,6
67,,2016,,,2016,서희스타힐스리버파크,용답동,"12,000",성동구,9,0,29,21.9,,,238-12,11200,4
68,,2016,,,2016,서희스타힐스리버파크,용답동,"12,500",성동구,9,0,30,21.9,,,238-12,11200,15
0,,2003,,,2016,노블리안,상왕십리동,"8,000",성동구,10,10,14,30.81,,,750,11200,2
1,,2003,,,2016,노블리안,상왕십리동,"10,000",성동구,10,0,25,30.81,,,750,11200,9
2,,2003,,,2016,노블리안,상왕십리동,"10,000",성동구,10,0,31,30.81,,,750,11200,8
3,,2005,,,2016,동인 레반트 오피스텔,하왕십리동,"1,000",성동구,10,60,7,27.54,,,903-3,11200,13
4,,2005,,,2016,동인 레반트 오피스텔,하왕십리동,"12,500",성동구,10,0,18,27.54,,,903-3,11200,15
5,,1998,,,2016,신한넥스텔,도선동,"1,000",성동구,10,50,20,30.18,,,14,11200,10
6,,1998,,,2016,신한넥스텔,도선동,"1,000",성동구,10,40,25,19.63,,,14,11200,9
7,,2006,,,2016,왕십리역이스타빌,행당동,"1,000",성동구,10,75,30,29.43,,,287-15,11200,14
8,,2002,,,2016,금호힐오피스텔,금호동1가,"7,000",성동구,10,10,12,29.97,,,1755,11200,5
9,,2004,,,2016,이에스에이리버하우스,성수동1가,"17,325",성동구,10,0,1,39.15,,,13-12,11200,5
10,,2013,,,2016,서울숲오피스텔,성수동1가,"23,500",성동구,10,0,6,44.16,,,656-392,11200,3
11,,2004,,,2016,Biz-Well 성수,성수동1가,"3,000",성동구,10,38,6,24.69,,,33-21,11200,3
12,,2004,,,2016,이에스에이리버하우스,성수동1가,"2,000",성동구,10,90,10,39.15,,,13-12,11200,7
13,,2005,,,2016,뚝섬리버빌,성수동1가,"14,000",성동구,10,0,12,30.69,,,13-117,11200,5
14,,2005,,,2016,뚝섬리버빌,성수동1가,"14,000",성동구,10,0,12,30.69,,,13-117,11200,5
15,,2004,,,2016,이에스에이리버하우스,성수동1가,"5,000",성동구,10,120,13,63.74,,,13-12,11200,7
16,,2005,,,2016,뚝섬리버빌,성수동1가,"1,000",성동구,10,55,13,23.17,,,13-117,11200,5
17,,2004,,,2016,Biz-Well 성수,성수동1가,"1,000",성동구,10,60,17,26.67,,,33-21,11200,6
18,,2005,,,2016,뚝섬리버빌,성수동1가,"2,000",성동구,10,50,18,27.17,,,13-117,11200,6
19,,2005,,,2016,뚝섬리버빌,성수동1가,"1,000",성동구,10,65,19,29,,,13-117,11200,4
20,,2004,,,2016,Biz-Well 성수,성수동1가,"3,000",성동구,10,38,19,24.69,,,33-21,11200,4
21,,2004,,,2016,이에스에이리버하우스,성수동1가,"11,000",성동구,10,45,21,39.15,,,13-12,11200,4
22,,2004,,,2016,이에스에이리버하우스,성수동1가,"28,000",성동구,10,0,21,63.74,,,13-12,11200,2
23,,2004,,,2016,이에스에이리버하우스,성수동1가,"1,000",성동구,10,95,26,39.15,,,13-12,11200,10
24,,2004,,,2016,Biz-Well 성수,성수동1가,"3,000",성동구,10,38,26,24.69,,,33-21,11200,4
25,,2004,,,2016,Biz-Well 성수,성수동1가,"3,000",성동구,10,32,29,19.08,,,33-21,11200,10
26,,2003,,,2016,성원상떼뷰오피스텔,성수동2가,"3,000",성동구,10,45,10,28.08,,,277-37,11200,4
27,,2013,,,2016,성수동램킨중흥S클래스오피스텔,성수동2가,500,성동구,10,60,11,18.33,,,277-101,11200,5
28,,2003,,,2016,송정동센스빌오피스텔,송정동,"12,000",성동구,10,0,1,31.19,,,81-16,11200,7
29,,2016,,,2016,서희스타힐스리버파크,용답동,"3,400",성동구,10,33,1,19.88,,,238-12,11200,12
30,,2013,,,2016,어반 오피스텔,용답동,"2,000",성동구,10,57,1,20.96,,,229-10,11200,5
31,,2011,,,2016,오르세오피스텔,용답동,800,성동구,10,75,1,35,,,238-2,11200,11
32,,2016,,,2016,서희스타힐스리버파크,용답동,"12,000",성동구,10,0,3,21.9,,,238-12,11200,7
33,,2006,,,2016,신창비바패밀리,용답동,"23,000",성동구,10,0,4,70.12,,,232-1,11200,9
34,,2016,,,2016,서희스타힐스리버파크,용답동,"11,500",성동구,10,0,5,20.21,,,238-12,11200,11
35,,2006,,,2016,신창비바패밀리,용답동,"30,000",성동구,10,0,5,106.91,,,232-1,11200,8
36,,2013,,,2016,어반 오피스텔,용답동,"1,000",성동구,10,47,6,17.08,,,229-10,11200,8
37,,2011,,,2016,오르세오피스텔,용답동,"15,500",성동구,10,0,6,43.55,,,238-2,11200,5
38,,2006,,,2016,신창비바패밀리,용답동,"24,000",성동구,10,0,8,60.59,,,232-1,11200,6
39,,2016,,,2016,서희스타힐스리버파크,용답동,"12,000",성동구,10,0,11,21.95,,,238-12,11200,6
40,,2016,,,2016,서희스타힐스리버파크,용답동,"12,000",성동구,10,0,12,21.95,,,238-12,11200,5
41,,2013,,,2016,어반 오피스텔,용답동,"2,000",성동구,10,54,18,18.98,,,229-10,11200,4
42,,2016,,,2016,서희스타힐스리버파크,용답동,"1,000",성동구,10,55,19,21.9,,,238-12,11200,13
43,,2016,,,2016,서희스타힐스리버파크,용답동,"12,000",성동구,10,0,19,21.9,,,238-12,11200,2
44,,2016,,,2016,서희스타힐스리버파크,용답동,"1,000",성동구,10,50,20,20.21,,,238-12,11200,5
45,,2016,,,2016,서희스타힐스리버파크,용답동,"12,500",성동구,10,0,20,21.95,,,238-12,11200,12
46,,2016,,,2016,서희스타힐스리버파크,용답동,"4,000",성동구,10,35,22,21.95,,,238-12,11200,5
47,,2013,,,2016,어반 오피스텔,용답동,"3,000",성동구,10,44,25,17.08,,,229-10,11200,2
48,,2013,,,2016,어반 오피스텔,용답동,"1,500",성동구,10,65,26,20.46,,,229-10,11200,2
49,,2011,,,2016,오르세오피스텔,용답동,"14,000",성동구,10,0,27,33.2,,,238-2,11200,7
50,,2006,,,2016,신창비바패밀리,용답동,"23,000",성동구,10,0,31,56.17,,,232-1,11200,3
0,,2003,,,2016,노블리안,상왕십리동,"4,000",성동구,11,40,3,30.81,,,750,11200,9
1,,2003,,,2016,노블리안,상왕십리동,"10,000",성동구,11,0,14,30.81,,,750,11200,10
2,,2003,,,2016,노블리안,상왕십리동,400,성동구,11,30,18,25.74,,,750,11200,11
3,,2003,,,2016,노블리안,상왕십리동,"5,000",성동구,11,35,25,30.81,,,750,11200,2
4,,2003,,,2016,노블리안,상왕십리동,"3,000",성동구,11,50,28,30.81,,,750,11200,12
5,,2005,,,2016,동인 레반트 오피스텔,하왕십리동,"1,000",성동구,11,60,1,27.54,,,903-3,11200,10
6,,2016,,,2016,센트라스,하왕십리동,"21,000",성동구,11,0,5,31.01,,,1070,11200,7
7,,2016,,,2016,센트라스,하왕십리동,"22,000",성동구,11,0,8,32.53,,,1070,11200,10
8,,2005,,,2016,동인 레반트 오피스텔,하왕십리동,"1,000",성동구,11,65,13,30.32,,,903-3,11200,11
9,,2005,,,2016,동인 레반트 오피스텔,하왕십리동,"1,000",성동구,11,65,26,27.54,,,903-3,11200,10
10,,2005,,,2016,동인 레반트 오피스텔,하왕십리동,"13,000",성동구,11,0,26,27.54,,,903-3,11200,10
11,,2016,,,2016,센트라스,하왕십리동,"21,000",성동구,11,0,29,31.01,,,1070,11200,11
12,,2016,,,2016,센트라스,하왕십리동,"1,000",성동구,11,75,30,29.16,,,1070,11200,23
13,,2016,,,2016,센트라스,하왕십리동,"4,000",성동구,11,70,30,31.01,,,1070,11200,23
14,,1988,,,2016,(797-16),마장동,500,성동구,11,50,9,24.6,,,797-16,11200,4
15,,1988,,,2016,(797-16),마장동,"5,000",성동구,11,28,17,24.6,,,797-16,11200,5
16,,2010,,,2016,고운타워,마장동,"13,000",성동구,11,0,29,36.4,,,474-5,11200,8
17,,2004,,,2016,성원상떼뷰,옥수동,"2,000",성동구,11,55,16,27.01,,,475,11200,12
18,,2004,,,2016,이에스에이리버하우스,성수동1가,"3,000",성동구,11,80,1,39.15,,,13-12,11200,12
19,,1997,,,2016,청재오피스텔,성수동1가,"5,000",성동구,11,30,3,48.84,,,72-71,11200,6
20,,1997,,,2016,청재오피스텔,성수동1가,"8,000",성동구,11,0,3,48.84,,,72-71,11200,5
21,,2003,,,2016,성수동 뉴타운오피스텔,성수동1가,"12,500",성동구,11,0,5,29.23,,,72-69,11200,2
22,,2003,,,2016,성수동 뉴타운오피스텔,성수동1가,"2,000",성동구,11,65,12,30.02,,,72-69,11200,9
23,,2004,,,2016,이에스에이리버하우스,성수동1가,"2,000",성동구,11,90,14,39.15,,,13-12,11200,7
24,,2004,,,2016,이에스에이리버하우스,성수동1가,"1,000",성동구,11,100,14,39.15,,,13-12,11200,10
25,,2004,,,2016,이에스에이리버하우스,성수동1가,"3,500",성동구,11,75,21,39.15,,,13-12,11200,3
26,,2004,,,2016,Biz-Well 성수,성수동1가,"3,000",성동구,11,38,26,24.69,,,33-21,11200,3
27,,2004,,,2016,Biz-Well 성수,성수동1가,"3,000",성동구,11,40,26,26.67,,,33-21,11200,5
28,,2004,,,2016,이에스에이리버하우스,성수동1가,"22,000",성동구,11,35,29,63.74,,,13-12,11200,3
29,,2003,,,2016,성원상떼뷰오피스텔,성수동2가,"1,500",성동구,11,55,12,28.08,,,277-37,11200,4
30,,2003,,,2016,성원상떼뷰오피스텔,성수동2가,500,성동구,11,75,21,34.32,,,277-37,11200,8
31,,2003,,,2016,성원상떼뷰오피스텔,성수동2가,"10,000",성동구,11,0,26,24.84,,,277-37,11200,9
32,,2003,,,2016,성원상떼뷰오피스텔,성수동2가,"3,000",성동구,11,45,29,28.08,,,277-37,11200,4
33,,2003,,,2016,송정동센스빌오피스텔,송정동,"18,000",성동구,11,0,10,62.74,,,81-16,11200,9
34,,2003,,,2016,송정동센스빌오피스텔,송정동,"2,000",성동구,11,70,22,31.19,,,81-16,11200,6
35,,2003,,,2016,송정동센스빌오피스텔,송정동,"18,000",성동구,11,0,24,62.74,,,81-16,11200,10
36,,2003,,,2016,송정동센스빌오피스텔,송정동,"12,000",성동구,11,0,24,31.19,,,81-16,11200,5
37,,1991,,,2016,삼호오피스텔,용답동,"5,000",성동구,11,0,1,26.95,,,236-5,11200,9
38,,2016,,,2016,서희스타힐스리버파크,용답동,"1,000",성동구,11,50,1,21.9,,,238-12,11200,7
39,,2016,,,2016,서희스타힐스리버파크,용답동,"8,000",성동구,11,20,3,21.9,,,238-12,11200,6
40,,2013,,,2016,어반 오피스텔,용답동,"2,000",성동구,11,42,3,17.08,,,229-10,11200,9
41,,2013,,,2016,어반 오피스텔,용답동,"2,000",성동구,11,51,4,17.08,,,229-10,11200,3
42,,2013,,,2016,어반 오피스텔,용답동,"2,000",성동구,11,69,6,29.64,,,229-10,11200,10
43,,2016,,,2016,서희스타힐스리버파크,용답동,"1,000",성동구,11,48,6,21.9,,,238-12,11200,7
44,,2006,,,2016,신창비바패밀리,용답동,"15,000",성동구,11,40,7,56.17,,,232-1,11200,8
45,,2011,,,2016,오르세오피스텔,용답동,"2,000",성동구,11,50,7,35,,,238-2,11200,7
46,,2013,,,2016,어반 오피스텔,용답동,"3,000",성동구,11,44,8,17.08,,,229-10,11200,4
47,,2013,,,2016,어반 오피스텔,용답동,"2,000",성동구,11,49,10,20.46,,,229-10,11200,7
48,,2016,,,2016,서희스타힐스리버파크,용답동,"1,000",성동구,11,53,12,20.21,,,238-12,11200,15
49,,2016,,,2016,서희스타힐스리버파크,용답동,500,성동구,11,55,20,20.21,,,238-12,11200,6
50,,2013,,,2016,어반 오피스텔,용답동,"2,000",성동구,11,52,21,16.21,,,229-10,11200,4
51,,2013,,,2016,어반 오피스텔,용답동,"2,000",성동구,11,72,23,28.03,,,229-10,11200,10
52,,2016,,,2016,서희스타힐스리버파크,용답동,"1,000",성동구,11,50,23,20.21,,,238-12,11200,9
53,,2016,,,2016,서희스타힐스리버파크,용답동,"12,000",성동구,11,0,24,21.9,,,238-12,11200,14
54,,2016,,,2016,서희스타힐스리버파크,용답동,"12,000",성동구,11,0,24,21.9,,,238-12,11200,14
55,,2013,,,2016,어반 오피스텔,용답동,"2,000",성동구,11,56,26,20.46,,,229-10,11200,6
56,,2016,,,2016,서희스타힐스리버파크,용답동,"12,500",성동구,11,0,26,21.9,,,238-12,11200,12
57,,2013,,,2016,어반 오피스텔,용답동,"2,000",성동구,11,49,26,16.21,,,229-10,11200,4
58,,2013,,,2016,어반 오피스텔,용답동,"2,000",성동구,11,56,26,20.46,,,229-10,11200,4
59,,2013,,,2016,어반 오피스텔,용답동,"1,000",성동구,11,65,28,18.98,,,229-10,11200,6
60,,2016,,,2016,서희스타힐스리버파크,용답동,"1,000",성동구,11,55,28,21.9,,,238-12,11200,9
61,,2016,,,2016,서희스타힐스리버파크,용답동,"2,000",성동구,11,40,30,20.21,,,238-12,11200,15
0,,2003,,,2016,노블리안,상왕십리동,"9,000",성동구,12,0,9,30.81,,,750,11200,2
1,,2003,,,2016,노블리안,상왕십리동,"12,000",성동구,12,0,12,30.81,,,750,11200,11
2,,2003,,,2016,노블리안,상왕십리동,"10,000",성동구,12,0,13,25.74,,,750,11200,13
3,,2003,,,2016,노블리안,상왕십리동,"10,000",성동구,12,0,15,30.81,,,750,11200,10
4,,2003,,,2016,노블리안,상왕십리동,"10,000",성동구,12,0,16,30.81,,,750,11200,9
5,,2003,,,2016,노블리안,상왕십리동,"4,000",성동구,12,35,17,25.74,,,750,11200,8
6,,2003,,,2016,노블리안,상왕십리동,"5,000",성동구,12,35,22,30.81,,,750,11200,4
7,,2003,,,2016,노블리안,상왕십리동,"10,000",성동구,12,0,22,30.81,,,750,11200,5
8,,2003,,,2016,노블리안,상왕십리동,"7,000",성동구,12,20,23,30.81,,,750,11200,8
9,,2003,,,2016,노블리안,상왕십리동,"6,000",성동구,12,30,24,30.81,,,750,11200,4
10,,2003,,,2016,노블리안,상왕십리동,"10,000",성동구,12,0,31,30.81,,,750,11200,9
11,,2011,,,2016,리오파크 오피스텔,하왕십리동,"3,000",성동구,12,40,1,23.42,,,898-2,11200,6
12,,2016,,,2016,센트라스,하왕십리동,"13,000",성동구,12,40,2,32.53,,,1070,11200,21
13,,2016,,,2016,센트라스,하왕십리동,"7,000",성동구,12,60,10,31.01,,,1070,11200,12
14,,2005,,,2016,동인 레반트 오피스텔,하왕십리동,"14,000",성동구,12,0,10,30.32,,,903-3,11200,13
15,,2016,,,2016,센트라스,하왕십리동,"20,500",성동구,12,0,11,29.16,,,1070,11200,14
16,,2016,,,2016,센트라스,하왕십리동,"15,000",성동구,12,0,12,29.16,,,1070,11200,9
17,,2011,,,2016,리오파크 오피스텔,하왕십리동,"1,000",성동구,12,60,14,22.11,,,898-2,11200,7
18,,2016,,,2016,센트라스,하왕십리동,"3,000",성동구,12,80,14,32.53,,,1070,11200,10
19,,2016,,,2016,센트라스,하왕십리동,"6,000",성동구,12,50,18,29.16,,,1070,11200,21
20,,2011,,,2016,리오파크 오피스텔,하왕십리동,"1,000",성동구,12,60,18,24.07,,,898-2,11200,12
21,,2005,,,2016,동인 레반트 오피스텔,하왕십리동,"3,000",성동구,12,40,18,27.54,,,903-3,11200,8
22,,2016,,,2016,센트라스,하왕십리동,"21,000",성동구,12,0,22,29.16,,,1070,11200,8
23,,2016,,,2016,센트라스,하왕십리동,"21,000",성동구,12,0,22,29.16,,,1070,11200,8
24,,2016,,,2016,센트라스,하왕십리동,"3,000",성동구,12,75,22,32.53,,,1070,11200,22
25,,2016,,,2016,센트라스,하왕십리동,"20,000",성동구,12,0,23,31.01,,,1070,11200,17
26,,2016,,,2016,센트라스,하왕십리동,"20,000",성동구,12,0,24,31.01,,,1070,11200,15
27,,2016,,,2016,센트라스,하왕십리동,"22,500",성동구,12,0,27,32.53,,,1070,11200,18
28,,2011,,,2016,리오파크 오피스텔,하왕십리동,500,성동구,12,60,29,23.88,,,898-2,11200,7
29,,2016,,,2016,센트라스,하왕십리동,"21,000",성동구,12,0,29,32.53,,,1070,11200,9
30,,2016,,,2016,센트라스,하왕십리동,"10,000",성동구,12,45,30,31.01,,,1070,11200,9
31,,2016,,,2016,센트라스,하왕십리동,"21,000",성동구,12,0,30,31.01,,,1070,11200,7
32,,2011,,,2016,리오파크 오피스텔,하왕십리동,"2,000",성동구,12,50,30,21.56,,,898-2,11200,3
33,,2016,,,2016,센트라스,하왕십리동,"21,000",성동구,12,0,30,31.01,,,1070,11200,7
34,,2016,,,2016,센트라스,하왕십리동,"17,500",성동구,12,15,30,32.53,,,1070,11200,17
35,,2016,,,2016,센트라스,하왕십리동,"21,000",성동구,12,0,30,31.01,,,1070,11200,7
36,,2016,,,2016,센트라스,하왕십리동,"1,000",성동구,12,70,31,29.16,,,1070,11200,20
37,,2016,,,2016,센트라스,하왕십리동,"21,500",성동구,12,0,31,32.53,,,1070,11200,6
38,,2016,,,2016,센트라스,하왕십리동,"8,000",성동구,12,50,31,31.01,,,1070,11200,21
39,,2016,,,2016,센트라스,하왕십리동,"22,500",성동구,12,0,31,32.53,,,1070,11200,18
40,,1998,,,2016,신한넥스텔,도선동,800,성동구,12,40,8,19.63,,,14,11200,11
41,,1998,,,2016,신한넥스텔,도선동,"1,000",성동구,12,40,17,19.63,,,14,11200,8
42,,2006,,,2016,왕십리역이스타빌,행당동,"17,000",성동구,12,0,6,29.43,,,287-15,11200,10
43,,2004,,,2016,성동샤르망,행당동,"3,000",성동구,12,50,14,24.84,,,192-29,11200,5
44,,2014,,,2016,서울숲 더샵,행당동,"5,000",성동구,12,110,16,35.21,,,377,11200,4
45,,2004,,,2016,성동샤르망,행당동,"1,000",성동구,12,60,17,24.84,,,192-29,11200,8
46,,2002,,,2016,금호힐오피스텔,금호동1가,"14,500",성동구,12,0,5,42.6,,,1755,11200,3
47,,2004,,,2016,신세계오피스텔,금호동1가,"1,000",성동구,12,55,17,24.38,,,481-5,11200,4
48,,2003,,,2016,재호예향빌,금호동4가,"8,000",성동구,12,0,15,28.67,,,1028,11200,3
49,,2003,,,2016,재호예향빌,금호동4가,"1,000",성동구,12,45,20,24.48,,,1028,11200,3
50,,2004,,,2016,성원상떼뷰,옥수동,"5,000",성동구,12,40,16,29.54,,,475,11200,9
51,,2004,,,2016,성원상떼뷰,옥수동,"1,000",성동구,12,60,26,27.01,,,475,11200,6
52,,2004,,,2016,성원상떼뷰,옥수동,"13,000",성동구,12,0,28,25.6,,,475,11200,9
53,,2003,,,2016,성수동 뉴타운오피스텔,성수동1가,"3,000",성동구,12,55,2,32.39,,,72-69,11200,8
54,,2003,,,2016,성수동 뉴타운오피스텔,성수동1가,"2,500",성동구,12,55,3,29.23,,,72-69,11200,7
55,,2004,,,2016,이에스에이리버하우스,성수동1가,"1,000",성동구,12,95,10,39.15,,,13-12,11200,4
56,,2004,,,2016,이에스에이리버하우스,성수동1가,"19,500",성동구,12,0,12,39.15,,,13-12,11200,8
57,,2004,,,2016,Biz-Well 성수,성수동1가,"3,000",성동구,12,38,19,24.65,,,33-21,11200,3
58,,2003,,,2016,(670-147),성수동1가,"6,500",성동구,12,18,19,18.96,,,670-147,11200,6
59,,2004,,,2016,Biz-Well 성수,성수동1가,"3,000",성동구,12,35,20,24.69,,,33-21,11200,7
60,,2004,,,2016,이에스에이리버하우스,성수동1가,"5,000",성동구,12,70,22,39.15,,,13-12,11200,9
61,,2003,,,2016,성수동 뉴타운오피스텔,성수동1가,"5,000",성동구,12,50,24,31.6,,,72-69,11200,4
62,,2005,,,2016,뚝섬리버빌,성수동1가,"11,000",성동구,12,13,28,30.36,,,13-117,11200,2
63,,2004,,,2016,이에스에이리버하우스,성수동1가,"3,000",성동구,12,70,29,39.15,,,13-12,11200,5
64,,1997,,,2016,청재오피스텔,성수동1가,"3,000",성동구,12,35,30,34.16,,,72-71,11200,5
65,,2003,,,2016,성원상떼뷰오피스텔,성수동2가,"2,000",성동구,12,50,1,28.08,,,277-37,11200,11
66,,2003,,,2016,성원상떼뷰오피스텔,성수동2가,"2,000",성동구,12,50,1,28.08,,,277-37,11200,9
67,,2013,,,2016,성수동램킨중흥S클래스오피스텔,성수동2가,"1,000",성동구,12,50,9,18.33,,,277-101,11200,2
68,,2003,,,2016,성원상떼뷰오피스텔,성수동2가,"12,000",성동구,12,0,26,28.08,,,277-37,11200,5
69,,2003,,,2016,성원상떼뷰오피스텔,성수동2가,"1,000",성동구,12,60,26,28.08,,,277-37,11200,8
70,,2013,,,2016,성수동램킨중흥S클래스오피스텔,성수동2가,"2,000",성동구,12,45,28,18.33,,,277-101,11200,6
71,,2003,,,2016,성원상떼뷰오피스텔,성수동2가,"1,000",성동구,12,60,28,28.08,,,277-37,11200,7
72,,2003,,,2016,송정동센스빌오피스텔,송정동,"3,000",성동구,12,100,5,62.74,,,81-16,11200,10
73,,2003,,,2016,송정동센스빌오피스텔,송정동,"12,000",성동구,12,0,9,31.19,,,81-16,11200,5
74,,2003,,,2016,송정동센스빌오피스텔,송정동,"12,000",성동구,12,0,13,31.19,,,81-16,11200,2
75,,2003,,,2016,송정동센스빌오피스텔,송정동,"12,000",성동구,12,0,30,31.19,,,81-16,11200,7
76,,2003,,,2016,송정동센스빌오피스텔,송정동,"12,000",성동구,12,0,30,31.19,,,81-16,11200,6
77,,2011,,,2016,오르세오피스텔,용답동,"2,500",성동구,12,60,1,33.2,,,238-2,11200,10
78,,2016,,,2016,서희스타힐스리버파크,용답동,"1,000",성동구,12,50,7,21.9,,,238-12,11200,8
79,,2013,,,2016,어반 오피스텔,용답동,"2,000",성동구,12,52,14,16.21,,,229-10,11200,4
80,,2006,,,2016,신창비바패밀리,용답동,"22,500",성동구,12,0,21,56.17,,,232-1,11200,5
81,,1991,,,2016,삼호오피스텔,용답동,"3,000",성동구,12,0,26,23.41,,,236-5,11200,4
82,,2011,,,2016,오르세오피스텔,용답동,"15,500",성동구,12,0,26,42.3,,,238-2,11200,3
83,,2016,,,2016,서희스타힐스리버파크,용답동,"1,000",성동구,12,50,26,21.9,,,238-12,11200,9
84,,2011,,,2016,오르세오피스텔,용답동,500,성동구,12,75,27,41.27,,,238-2,11200,3
85,,2006,,,2016,신창비바패밀리,용답동,"2,000",성동구,12,110,28,65.01,,,232-1,11200,10
86,,2013,,,2016,어반 오피스텔,용답동,"2,000",성동구,12,52,28,16.21,,,229-10,11200,2
87,,2016,,,2016,서희스타힐스리버파크,용답동,"3,500",성동구,12,37,30,21.95,,,238-12,11200,7
88,,2013,,,2016,어반 오피스텔,용답동,"2,000",성동구,12,49,31,16.21,,,229-10,11200,3
0,,2003,,,2017,노블리안,상왕십리동,"1,000",성동구,1,60,13,25.74,,,750,11200,12
1,,2003,,,2017,노블리안,상왕십리동,"5,000",성동구,1,25,13,25.74,,,750,11200,4
2,,2003,,,2017,노블리안,상왕십리동,"10,000",성동구,1,0,14,30.81,,,750,11200,13
3,,2003,,,2017,노블리안,상왕십리동,"5,500",성동구,1,30,18,30.81,,,750,11200,9
4,,2003,,,2017,노블리안,상왕십리동,"1,000",성동구,1,63,20,30.81,,,750,11200,12
5,,2003,,,2017,노블리안,상왕십리동,"6,000",성동구,1,30,23,30.81,,,750,11200,3
6,,2003,,,2017,노블리안,상왕십리동,"10,000",성동구,1,0,26,30.81,,,750,11200,8
7,,2016,,,2017,센트라스,하왕십리동,"25,000",성동구,1,0,3,32.53,,,1070,11200,25
8,,2016,,,2017,센트라스,하왕십리동,"2,000",성동구,1,80,3,32.53,,,1070,11200,9
9,,2016,,,2017,센트라스,하왕십리동,"22,000",성동구,1,0,5,32.53,,,1070,11200,12
10,,2016,,,2017,센트라스,하왕십리동,"22,000",성동구,1,0,5,32.53,,,1070,11200,17
11,,2016,,,2017,센트라스,하왕십리동,"1,000",성동구,1,75,6,32.53,,,1070,11200,14
12,,2016,,,2017,센트라스,하왕십리동,"15,000",성동구,1,30,7,31.01,,,1070,11200,21
13,,2016,,,2017,센트라스,하왕십리동,"15,000",성동구,1,30,7,31.01,,,1070,11200,21
14,,2016,,,2017,센트라스,하왕십리동,"1,000",성동구,1,75,7,31.01,,,1070,11200,15
15,,2016,,,2017,센트라스,하왕십리동,"10,000",성동구,1,45,8,31.01,,,1070,11200,20
16,,2016,,,2017,센트라스,하왕십리동,"22,000",성동구,1,0,9,31.01,,,1070,11200,17
17,,2016,,,2017,센트라스,하왕십리동,"2,000",성동구,1,80,9,32.53,,,1070,11200,12
18,,2016,,,2017,센트라스,하왕십리동,"6,000",성동구,1,60,9,32.53,,,1070,11200,12
19,,2016,,,2017,센트라스,하왕십리동,"8,500",성동구,1,50,9,31.01,,,1070,11200,9
20,,2011,,,2017,리오파크 오피스텔,하왕십리동,"4,000",성동구,1,40,9,21.56,,,898-2,11200,4
21,,2016,,,2017,센트라스,하왕십리동,"7,000",성동구,1,60,9,31.01,,,1070,11200,16
22,,2016,,,2017,센트라스,하왕십리동,"20,000",성동구,1,0,9,29.16,,,1070,11200,21
23,,2005,,,2017,동인 레반트 오피스텔,하왕십리동,"1,000",성동구,1,60,10,27.54,,,903-3,11200,10
24,,2016,,,2017,센트라스,하왕십리동,"21,000",성동구,1,0,10,31.01,,,1070,11200,20
25,,2016,,,2017,센트라스,하왕십리동,"6,000",성동구,1,60,11,32.53,,,1070,11200,11
26,,2016,,,2017,센트라스,하왕십리동,"3,000",성동구,1,70,12,32.53,,,1070,11200,23
27,,2016,,,2017,센트라스,하왕십리동,"22,000",성동구,1,0,12,32.53,,,1070,11200,7
28,,2016,,,2017,센트라스,하왕십리동,"18,000",성동구,1,15,14,32.53,,,1070,11200,6
29,,2016,,,2017,센트라스,하왕십리동,"10,000",성동구,1,50,15,32.53,,,1070,11200,20
30,,2016,,,2017,센트라스,하왕십리동,"20,000",성동구,1,0,16,29.16,,,1070,11200,21
31,,2016,,,2017,센트라스,하왕십리동,"21,500",성동구,1,0,16,31.01,,,1070,11200,7
32,,2005,,,2017,동인 레반트 오피스텔,하왕십리동,"1,000",성동구,1,60,17,27.54,,,903-3,11200,14
33,,2016,,,2017,센트라스,하왕십리동,"22,000",성동구,1,0,17,31.01,,,1070,11200,23
34,,2016,,,2017,센트라스,하왕십리동,"4,000",성동구,1,65,17,31.01,,,1070,11200,18
35,,2016,,,2017,센트라스,하왕십리동,"1,000",성동구,1,75,18,29.16,,,1070,11200,24
36,,2005,,,2017,동인 레반트 오피스텔,하왕십리동,"3,000",성동구,1,48,18,27.54,,,903-3,11200,15
37,,2005,,,2017,동인 레반트 오피스텔,하왕십리동,"5,000",성동구,1,40,18,27.54,,,903-3,11200,3
38,,2016,,,2017,센트라스,하왕십리동,"22,500",성동구,1,0,19,32.53,,,1070,11200,19
39,,2016,,,2017,센트라스,하왕십리동,"22,000",성동구,1,0,19,31.01,,,1070,11200,21
40,,2016,,,2017,센트라스,하왕십리동,"2,000",성동구,1,72,19,29.16,,,1070,11200,23
41,,2005,,,2017,동인 레반트 오피스텔,하왕십리동,"15,000",성동구,1,0,19,30.32,,,903-3,11200,5
42,,2016,,,2017,센트라스,하왕십리동,"3,000",성동구,1,70,19,31.01,,,1070,11200,16
43,,2016,,,2017,센트라스,하왕십리동,"21,500",성동구,1,0,20,32.53,,,1070,11200,8
44,,2016,,,2017,센트라스,하왕십리동,"23,000",성동구,1,0,21,32.53,,,1070,11200,11
45,,2016,,,2017,센트라스,하왕십리동,"5,000",성동구,1,65,21,32.53,,,1070,11200,10
46,,2005,,,2017,동인 레반트 오피스텔,하왕십리동,"4,000",성동구,1,50,22,30.32,,,903-3,11200,3
47,,2016,,,2017,센트라스,하왕십리동,"2,000",성동구,1,70,23,29.16,,,1070,11200,8
48,,2016,,,2017,센트라스,하왕십리동,"15,000",성동구,1,30,23,31.01,,,1070,11200,8
49,,2016,,,2017,센트라스,하왕십리동,"22,000",성동구,1,0,23,31.01,,,1070,11200,25
50,,2016,,,2017,센트라스,하왕십리동,"5,000",성동구,1,65,23,31.01,,,1070,11200,24
51,,2016,,,2017,센트라스,하왕십리동,"2,000",성동구,1,70,23,29.16,,,1070,11200,18
52,,2016,,,2017,센트라스,하왕십리동,"22,000",성동구,1,0,23,31.01,,,1070,11200,25
53,,2011,,,2017,리오파크 오피스텔,하왕십리동,"2,000",성동구,1,50,23,22.97,,,898-2,11200,13
54,,2016,,,2017,센트라스,하왕십리동,"1,000",성동구,1,85,25,32.53,,,1070,11200,11
55,,2016,,,2017,센트라스,하왕십리동,"1,000",성동구,1,85,25,31.01,,,1070,11200,16
56,,2011,,,2017,리오파크 오피스텔,하왕십리동,"1,000",성동구,1,60,29,22.11,,,898-2,11200,14
57,,2016,,,2017,센트라스,하왕십리동,"2,000",성동구,1,80,30,32.53,,,1070,11200,17
58,,2016,,,2017,센트라스,하왕십리동,"24,000",성동구,1,0,30,31.01,,,1070,11200,10
59,,2009,,,2017,다남매타워,도선동,"3,000",성동구,1,80,5,40.42,,,22-1,11200,11
60,,2017,,,2017,한성아펠타워,도선동,"5,000",성동구,1,65,6,23.61,,,53,11200,14
61,,1998,,,2017,신한넥스텔,도선동,"2,000",성동구,1,65,17,39.26,,,14,11200,11
62,,2014,,,2017,J&J빌딩,도선동,"15,000",성동구,1,0,24,29.1,,,276,11200,8
63,,1988,,,2017,(797-16),마장동,"8,000",성동구,1,15,3,24.6,,,797-16,11200,2
64,,2004,,,2017,1동(766-25),마장동,"10,000",성동구,1,100,6,104.28,,,766-25,11200,2
65,,2007,,,2017,마장동청계아르테미스,마장동,"19,000",성동구,1,0,7,54.72,,,778-5,11200,7
66,,1988,,,2017,(797-16),마장동,"3,000",성동구,1,30,11,24.6,,,797-16,11200,4
67,,2010,,,2017,고운타워,마장동,"5,000",성동구,1,25,15,23.8,,,474-5,11200,5
68,,2004,,,2017,성동샤르망,행당동,"2,000",성동구,1,55,10,24.84,,,192-29,11200,12
69,,2004,,,2017,성동샤르망,행당동,"1,000",성동구,1,60,14,24.84,,,192-29,11200,8
70,,2006,,,2017,왕십리역이스타빌,행당동,"9,000",성동구,1,45,16,29.43,,,287-15,11200,8
71,,2014,,,2017,서울숲 더샵,행당동,"5,000",성동구,1,100,23,35.21,,,377,11200,4
72,,2002,,,2017,금호힐오피스텔,금호동1가,"1,000",성동구,1,60,3,27.35,,,1755,11200,3
73,,2004,,,2017,성원상떼뷰,옥수동,"16,000",성동구,1,0,9,30.75,,,475,11200,4
74,,2004,,,2017,이에스에이리버하우스,성수동1가,"3,000",성동구,1,75,10,39.15,,,13-12,11200,4
75,,2002,,,2017,백산오피스텔,성수동1가,"12,000",성동구,1,0,11,23.65,,,671-23,11200,6
76,,2004,,,2017,이에스에이리버하우스,성수동1가,"1,000",성동구,1,100,11,39.15,,,13-12,11200,11
77,,2003,,,2017,(670-147),성수동1가,"7,000",성동구,1,15,12,18.96,,,670-147,11200,9
78,,2003,,,2017,성수동 뉴타운오피스텔,성수동1가,"12,500",성동구,1,0,14,29.23,,,72-69,11200,4
79,,2004,,,2017,이에스에이리버하우스,성수동1가,"3,000",성동구,1,80,14,39.15,,,13-12,11200,5
80,,2005,,,2017,뚝섬리버빌,성수동1가,"1,000",성동구,1,57,16,23.17,,,13-117,11200,8
81,,2004,,,2017,이에스에이리버하우스,성수동1가,"19,000",성동구,1,0,17,39.15,,,13-12,11200,8
82,,2004,,,2017,이에스에이리버하우스,성수동1가,"1,000",성동구,1,95,20,39.15,,,13-12,11200,7
83,,2004,,,2017,이에스에이리버하우스,성수동1가,"19,000",성동구,1,0,20,39.15,,,13-12,11200,12
84,,2004,,,2017,이에스에이리버하우스,성수동1가,"19,000",성동구,1,0,21,39.15,,,13-12,11200,6
85,,2003,,,2017,성수동 뉴타운오피스텔,성수동1가,"10,000",성동구,1,30,21,29.23,,,72-69,11200,5
86,,2004,,,2017,이에스에이리버하우스,성수동1가,"18,800",성동구,1,0,21,39.15,,,13-12,11200,3
87,,2003,,,2017,성수동 뉴타운오피스텔,성수동1가,"2,000",성동구,1,60,26,32.39,,,72-69,11200,5
88,,2003,,,2017,성원상떼뷰오피스텔,성수동2가,"12,000",성동구,1,0,9,28.08,,,277-37,11200,9
89,,2013,,,2017,성수동램킨중흥S클래스오피스텔,성수동2가,500,성동구,1,58,9,18.33,,,277-101,11200,2
90,,2016,,,2017,성수리치빌,성수동2가,"21,000",성동구,1,0,12,35.64,,,299-178,11200,2
91,,2013,,,2017,성수동램킨중흥S클래스오피스텔,성수동2가,"10,500",성동구,1,0,12,18.33,,,277-101,11200,3
92,,2016,,,2017,성수리치빌,성수동2가,"21,000",성동구,1,0,12,35.64,,,299-178,11200,2
93,,1998,,,2017,성수아카데미타워,성수동2가,"2,000",성동구,1,55,12,33.45,,,277-17,11200,9
94,,2013,,,2017,성수동램킨중흥S클래스오피스텔,성수동2가,"1,000",성동구,1,56,14,18.33,,,277-101,11200,7
95,,2003,,,2017,성원상떼뷰오피스텔,성수동2가,"12,000",성동구,1,0,18,28.08,,,277-37,11200,9
96,,2003,,,2017,성원상떼뷰오피스텔,성수동2가,"1,000",성동구,1,60,19,28.08,,,277-37,11200,6
97,,2003,,,2017,성원상떼뷰오피스텔,성수동2가,"1,000",성동구,1,60,19,28.08,,,277-37,11200,6
98,,2003,,,2017,성원상떼뷰오피스텔,성수동2가,"12,000",성동구,1,0,19,28.08,,,277-37,11200,10
99,,2013,,,2017,성수동램킨중흥S클래스오피스텔,성수동2가,"1,000",성동구,1,56,22,18.33,,,277-101,11200,3
100,,2017,,,2017,A동,성수동2가,"1,000",성동구,1,65,24,29.99,,,255-4,11200,2
101,,2003,,,2017,성원상떼뷰오피스텔,성수동2가,500,성동구,1,63,25,28.08,,,277-37,11200,10
102,,2016,,,2017,서희스타힐스리버파크,용답동,"1,000",성동구,1,57,5,21.9,,,238-12,11200,13
103,,2013,,,2017,어반 오피스텔,용답동,"1,000",성동구,1,47,6,17.08,,,229-10,11200,8
104,,2013,,,2017,어반 오피스텔,용답동,"2,000",성동구,1,49,9,20.46,,,229-10,11200,8
105,,1991,,,2017,삼호오피스텔,용답동,"3,000",성동구,1,0,12,26.25,,,236-5,11200,5
106,,2011,,,2017,오르세오피스텔,용답동,"1,000",성동구,1,85,14,42.3,,,238-2,11200,2
107,,2013,,,2017,어반 오피스텔,용답동,"1,000",성동구,1,45,16,16.21,,,229-10,11200,7
108,,2013,,,2017,어반 오피스텔,용답동,"1,000",성동구,1,62,18,18.98,,,229-10,11200,2
109,,2016,,,2017,서희스타힐스리버파크,용답동,"4,000",성동구,1,30,18,20.21,,,238-12,11200,12
110,,1991,,,2017,삼호오피스텔,용답동,"3,000",성동구,1,0,22,23.59,,,236-5,11200,5
111,,2006,,,2017,신창비바패밀리,용답동,"3,000",성동구,1,100,31,65.95,,,232-1,11200,3
112,,2016,,,2017,서희스타힐스리버파크,용답동,"1,000",성동구,1,55,31,19.88,,,238-12,11200,15
0,,2003,,,2017,노블리안,상왕십리동,"10,000",성동구,2,0,3,30.81,,,750,11200,7
1,,2003,,,2017,노블리안,상왕십리동,"9,000",성동구,2,0,6,30.81,,,750,11200,2
2,,2003,,,2017,노블리안,상왕십리동,"3,000",성동구,2,60,11,30.81,,,750,11200,5
3,,2003,,,2017,노블리안,상왕십리동,"1,000",성동구,2,60,17,25.74,,,750,11200,7
4,,2016,,,2017,센트라스,하왕십리동,"21,000",성동구,2,0,1,31.01,,,1070,11200,12
5,,2016,,,2017,센트라스,하왕십리동,"3,000",성동구,2,75,2,31.01,,,1070,11200,13
6,,2016,,,2017,센트라스,하왕십리동,"15,000",성동구,2,30,3,31.01,,,1070,11200,13
7,,2016,,,2017,센트라스,하왕십리동,"24,000",성동구,2,0,5,31.01,,,1070,11200,19
8,,2016,,,2017,센트라스,하왕십리동,"3,000",성동구,2,74,6,32.53,,,1070,11200,12
9,,2016,,,2017,센트라스,하왕십리동,"1,000",성동구,2,85,6,32.53,,,1070,11200,19
10,,2016,,,2017,센트라스,하왕십리동,"22,000",성동구,2,0,6,31.01,,,1070,11200,6
11,,2016,,,2017,센트라스,하왕십리동,"23,000",성동구,2,0,7,32.53,,,1070,11200,6
12,,2016,,,2017,센트라스,하왕십리동,"23,000",성동구,2,0,8,29.16,,,1070,11200,7
13,,2011,,,2017,리오파크 오피스텔,하왕십리동,"2,000",성동구,2,50,8,24.07,,,898-2,11200,4
14,,2016,,,2017,센트라스,하왕십리동,"22,500",성동구,2,0,9,32.53,,,1070,11200,19
15,,2011,,,2017,리오파크 오피스텔,하왕십리동,"3,000",성동구,2,40,10,22.97,,,898-2,11200,7
16,,2016,,,2017,센트라스,하왕십리동,"10,000",성동구,2,60,11,31.01,,,1070,11200,16
17,,2011,,,2017,리오파크 오피스텔,하왕십리동,"1,000",성동구,2,60,11,23.88,,,898-2,11200,4
18,,2016,,,2017,센트라스,하왕십리동,"23,000",성동구,2,0,15,32.53,,,1070,11200,17
19,,2005,,,2017,동인 레반트 오피스텔,하왕십리동,"2,000",성동구,2,55,17,27.54,,,903-3,11200,3
20,,2016,,,2017,센트라스,하왕십리동,"2,000",성동구,2,80,18,32.53,,,1070,11200,23
21,,2016,,,2017,센트라스,하왕십리동,"1,000",성동구,2,80,21,32.53,,,1070,11200,17
22,,2016,,,2017,센트라스,하왕십리동,"1,000",성동구,2,85,21,32.53,,,1070,11200,9
23,,2016,,,2017,센트라스,하왕십리동,"13,000",성동구,2,40,25,31.01,,,1070,11200,20
24,,2016,,,2017,센트라스,하왕십리동,"1,000",성동구,2,88,26,32.53,,,1070,11200,18
25,,2016,,,2017,센트라스,하왕십리동,"2,000",성동구,2,80,27,31.01,,,1070,11200,17
26,,2016,,,2017,센트라스,하왕십리동,"10,000",성동구,2,50,27,29.16,,,1070,11200,24
27,,2017,,,2017,한성아펠타워,도선동,"3,000",성동구,2,75,11,23.61,,,53,11200,11
28,,2014,,,2017,J&J빌딩,도선동,"18,000",성동구,2,0,18,29.1,,,276,11200,9
29,,2017,,,2017,한성아펠타워,도선동,"18,000",성동구,2,0,20,23.58,,,53,11200,5
30,,2017,,,2017,한성아펠타워,도선동,"2,000",성동구,2,75,20,23.61,,,53,11200,5
31,,1998,,,2017,신한넥스텔,도선동,500,성동구,2,45,20,19.63,,,14,11200,7
32,,2017,,,2017,한성아펠타워,도선동,"18,000",성동구,2,0,22,23.58,,,53,11200,5
33,,2017,,,2017,한성아펠타워,도선동,"18,000",성동구,2,0,23,23.58,,,53,11200,10
34,,2017,,,2017,한성아펠타워,도선동,"1,000",성동구,2,80,25,23.61,,,53,11200,9
35,,2017,,,2017,한성아펠타워,도선동,"18,000",성동구,2,0,25,23.58,,,53,11200,13
36,,2017,,,2017,한성아펠타워,도선동,"22,000",성동구,2,0,25,23.58,,,53,11200,6
37,,1998,,,2017,신한넥스텔,도선동,500,성동구,2,45,27,19.63,,,14,11200,6
38,,2017,,,2017,한성아펠타워,도선동,"18,000",성동구,2,0,27,23.58,,,53,11200,12
39,,2017,,,2017,한성아펠타워,도선동,"4,000",성동구,2,63,27,23.61,,,53,11200,4
40,,1988,,,2017,(797-16),마장동,"8,500",성동구,2,0,4,24.6,,,797-16,11200,3
41,,1988,,,2017,(797-16),마장동,"1,000",성동구,2,45,15,24.6,,,797-16,11200,3
42,,1988,,,2017,(797-16),마장동,"3,000",성동구,2,30,25,24.6,,,797-16,11200,2
43,,2014,,,2017,서울숲 더샵,행당동,"1,000",성동구,2,85,2,28.04,,,377,11200,2
44,,2014,,,2017,서울숲 더샵,행당동,"5,000",성동구,2,100,2,32.49,,,377,11200,3
45,,2004,,,2017,성동샤르망,행당동,"1,000",성동구,2,60,3,24.84,,,192-29,11200,9
46,,2006,,,2017,왕십리역이스타빌,행당동,"1,000",성동구,2,65,20,21.91,,,287-15,11200,10
47,,2014,,,2017,서울숲 더샵,행당동,"2,000",성동구,2,110,22,32.49,,,377,11200,2
48,,2004,,,2017,성동샤르망,행당동,"1,000",성동구,2,60,25,26.22,,,192-29,11200,6
49,,2006,,,2017,왕십리역이스타빌,행당동,"5,000",성동구,2,55,26,29.43,,,287-15,11200,8
50,,2003,,,2017,재호예향빌,금호동4가,"5,500",성동구,2,0,16,24.48,,,1028,11200,5
51,,2004,,,2017,성원상떼뷰,옥수동,"1,000",성동구,2,70,3,27.01,,,475,11200,9
52,,2004,,,2017,성원상떼뷰,옥수동,"1,000",성동구,2,70,22,27.01,,,475,11200,7
53,,2004,,,2017,성원상떼뷰,옥수동,"5,000",성동구,2,40,27,27.01,,,475,11200,2
54,,2003,,,2017,(670-147),성수동1가,"5,000",성동구,2,21,6,21.36,,,670-147,11200,7
55,,2017,,,2017,뚝섬리치빌A동,성수동1가,"14,500",성동구,2,0,8,20.51,,,656-1041,11200,2
56,,2004,,,2017,이에스에이리버하우스,성수동1가,"19,000",성동구,2,0,10,39.15,,,13-12,11200,11
57,,2005,,,2017,뚝섬리버빌,성수동1가,"1,000",성동구,2,60,13,29,,,13-117,11200,4
58,,2017,,,2017,뚝섬리치빌A동,성수동1가,"15,000",성동구,2,0,16,24.36,,,656-1041,11200,2
59,,2017,,,2017,뚝섬리치빌A동,성수동1가,"14,500",성동구,2,0,17,21.77,,,656-1041,11200,2
60,,2004,,,2017,이에스에이리버하우스,성수동1가,"3,000",성동구,2,120,21,63.74,,,13-12,11200,9
61,,1997,,,2017,청재오피스텔,성수동1가,"3,000",성동구,2,40,22,34.16,,,72-71,11200,5
62,,2003,,,2017,성수동 뉴타운오피스텔,성수동1가,"11,000",성동구,2,0,23,31.6,,,72-69,11200,2
63,,2004,,,2017,이에스에이리버하우스,성수동1가,"20,000",성동구,2,0,23,39.15,,,13-12,11200,3
64,,2004,,,2017,Biz-Well 성수,성수동1가,"3,000",성동구,2,38,25,24.69,,,33-21,11200,4
65,,2004,,,2017,Biz-Well 성수,성수동1가,"2,000",성동구,2,51,27,26.67,,,33-21,11200,6
66,,1998,,,2017,성수아카데미타워,성수동2가,"1,000",성동구,2,74,1,33.45,,,277-17,11200,5
67,,2003,,,2017,성원상떼뷰오피스텔,성수동2가,"11,000",성동구,2,0,1,24.84,,,277-37,11200,4
68,,2017,,,2017,B동,성수동2가,"13,000",성동구,2,0,2,29.53,,,255-7,11200,2
69,,2003,,,2017,성원상떼뷰오피스텔,성수동2가,"3,000",성동구,2,40,3,24.84,,,277-37,11200,10
70,,2003,,,2017,성원상떼뷰오피스텔,성수동2가,"1,000",성동구,2,50,5,24.84,,,277-37,11200,2
71,,2017,,,2017,B동,성수동2가,"13,500",성동구,2,0,7,29.96,,,255-7,11200,2
72,,2003,,,2017,성원상떼뷰오피스텔,성수동2가,"1,000",성동구,2,55,8,24.84,,,277-37,11200,9
73,,2003,,,2017,성원상떼뷰오피스텔,성수동2가,"2,000",성동구,2,50,13,28.08,,,277-37,11200,5
74,,2013,,,2017,성수동램킨중흥S클래스오피스텔,성수동2가,500,성동구,2,60,16,18.33,,,277-101,11200,4
75,,2003,,,2017,성원상떼뷰오피스텔,성수동2가,"3,000",성동구,2,45,18,24.84,,,277-37,11200,10
76,,2003,,,2017,성원상떼뷰오피스텔,성수동2가,"12,500",성동구,2,0,22,28.08,,,277-37,11200,11
77,,2003,,,2017,송정동센스빌오피스텔,송정동,"6,000",성동구,2,80,11,62.74,,,81-16,11200,9
78,,2003,,,2017,송정동센스빌오피스텔,송정동,"12,000",성동구,2,0,25,31.19,,,81-16,11200,8
79,,2013,,,2017,어반 오피스텔,용답동,"2,000",성동구,2,56,1,20.46,,,229-10,11200,3
80,,2013,,,2017,어반 오피스텔,용답동,"2,000",성동구,2,49,4,18.98,,,229-10,11200,8
81,,2016,,,2017,서희스타힐스리버파크,용답동,"4,000",성동구,2,40,4,21.95,,,238-12,11200,14
82,,2016,,,2017,서희스타힐스리버파크,용답동,"12,000",성동구,2,0,5,21.9,,,238-12,11200,14
83,,2016,,,2017,서희스타힐스리버파크,용답동,500,성동구,2,56,6,19.88,,,238-12,11200,10
84,,2016,,,2017,서희스타힐스리버파크,용답동,"3,500",성동구,2,40,6,21.9,,,238-12,11200,4
85,,2013,,,2017,어반 오피스텔,용답동,"2,000",성동구,2,49,6,16.21,,,229-10,11200,4
86,,2013,,,2017,어반 오피스텔,용답동,"2,000",성동구,2,49,6,16.21,,,229-10,11200,2
87,,2013,,,2017,어반 오피스텔,용답동,"2,000",성동구,2,49,7,18.98,,,229-10,11200,10
88,,2016,,,2017,서희스타힐스리버파크,용답동,"13,000",성동구,2,0,7,21.9,,,238-12,11200,13
89,,2016,,,2017,서희스타힐스리버파크,용답동,500,성동구,2,60,8,21.9,,,238-12,11200,8
90,,2016,,,2017,서희스타힐스리버파크,용답동,"1,000",성동구,2,55,8,19.88,,,238-12,11200,14
91,,2013,,,2017,어반 오피스텔,용답동,"2,000",성동구,2,46,8,16.21,,,229-10,11200,9
92,,2011,,,2017,오르세오피스텔,용답동,"13,000",성동구,2,0,14,35.1,,,238-2,11200,2
93,,2013,,,2017,어반 오피스텔,용답동,"2,000",성동구,2,49,18,18.98,,,229-10,11200,7
94,,2006,,,2017,신창비바패밀리,용답동,"4,000",성동구,2,100,28,65.01,,,232-1,11200,11
0,,2003,,,2017,노블리안,상왕십리동,"5,000",성동구,3,35,4,30.81,,,750,11200,3
1,,2016,,,2017,센트라스,하왕십리동,"1,000",성동구,3,85,1,31.01,,,1070,11200,18
2,,2016,,,2017,센트라스,하왕십리동,"2,000",성동구,3,80,2,32.53,,,1070,11200,25
3,,2016,,,2017,센트라스,하왕십리동,"10,000",성동구,3,50,4,29.16,,,1070,11200,10
4,,2016,,,2017,센트라스,하왕십리동,"24,000",성동구,3,0,4,31.01,,,1070,11200,11
5,,2011,,,2017,리오파크 오피스텔,하왕십리동,"10,000",성동구,3,0,7,22.11,,,898-2,11200,5
6,,2016,,,2017,센트라스,하왕십리동,"1,000",성동구,3,90,8,32.53,,,1070,11200,7
7,,2016,,,2017,센트라스,하왕십리동,"3,000",성동구,3,70,16,29.16,,,1070,11200,19
8,,2016,,,2017,센트라스,하왕십리동,"2,000",성동구,3,80,17,31.01,,,1070,11200,22
9,,2005,,,2017,동인 레반트 오피스텔,하왕십리동,"8,000",성동구,3,0,21,27.54,,,903-3,11200,12
10,,2016,,,2017,센트라스,하왕십리동,"24,000",성동구,3,0,24,32.53,,,1070,11200,16
11,,2016,,,2017,센트라스,하왕십리동,"3,000",성동구,3,80,25,31.01,,,1070,11200,22
12,,2017,,,2017,한성아펠타워,도선동,"18,000",성동구,3,0,1,23.58,,,53,11200,8
13,,2017,,,2017,한성아펠타워,도선동,"10,000",성동구,3,50,4,23.61,,,53,11200,15
14,,2017,,,2017,한성아펠타워,도선동,"5,500",성동구,3,50,4,23.58,,,53,11200,6
15,,2017,,,2017,한성아펠타워,도선동,"3,000",성동구,3,73,6,23.61,,,53,11200,5
16,,2017,,,2017,한성아펠타워,도선동,"22,000",성동구,3,0,7,23.58,,,53,11200,7
17,,2017,,,2017,한성아펠타워,도선동,"3,000",성동구,3,75,7,23.58,,,53,11200,12
18,,2017,,,2017,한성아펠타워,도선동,"18,000",성동구,3,0,7,23.58,,,53,11200,3
19,,2017,,,2017,한성아펠타워,도선동,"19,000",성동구,3,0,7,23.58,,,53,11200,5
20,,2017,,,2017,한성아펠타워,도선동,"23,000",성동구,3,0,8,23.58,,,53,11200,14
21,,2017,,,2017,한성아펠타워,도선동,"18,000",성동구,3,0,10,23.58,,,53,11200,13
22,,2017,,,2017,한성아펠타워,도선동,"19,500",성동구,3,0,10,23.58,,,53,11200,15
23,,2017,,,2017,한성아펠타워,도선동,"10,000",성동구,3,40,11,23.58,,,53,11200,12
24,,2017,,,2017,한성아펠타워,도선동,"5,000",성동구,3,55,19,23.58,,,53,11200,5
25,,1998,,,2017,신한넥스텔,도선동,500,성동구,3,45,20,19.63,,,14,11200,14
26,,2017,,,2017,한성아펠타워,도선동,"3,000",성동구,3,75,20,23.58,,,53,11200,10
27,,2017,,,2017,한성아펠타워,도선동,"23,000",성동구,3,0,21,23.58,,,53,11200,11
28,,2017,,,2017,한성아펠타워,도선동,"3,000",성동구,3,75,21,23.58,,,53,11200,12
29,,2017,,,2017,한성아펠타워,도선동,"2,000",성동구,3,80,23,23.61,,,53,11200,15
30,,2017,,,2017,한성아펠타워,도선동,"3,000",성동구,3,75,24,23.58,,,53,11200,8
31,,2017,,,2017,한성아펠타워,도선동,"21,500",성동구,3,0,28,23.58,,,53,11200,3
32,,1998,,,2017,신한넥스텔,도선동,500,성동구,3,50,28,19.63,,,14,11200,9
33,,2017,,,2017,한성아펠타워,도선동,"1,000",성동구,3,80,30,23.58,,,53,11200,5
34,,2007,,,2017,마장동청계아르테미스,마장동,"19,500",성동구,3,0,14,54.72,,,778-5,11200,7
35,,2004,,,2017,성동샤르망,행당동,"1,000",성동구,3,60,9,24.84,,,192-29,11200,10
36,,2004,,,2017,성동샤르망,행당동,"2,000",성동구,3,50,27,24.84,,,192-29,11200,10
37,,2004,,,2017,성동샤르망,행당동,"4,000",성동구,3,45,28,24.84,,,192-29,11200,12
38,,2002,,,2017,금호힐오피스텔,금호동1가,"1,000",성동구,3,60,8,29.97,,,1755,11200,6
39,,2004,,,2017,성원상떼뷰,옥수동,"3,000",성동구,3,55,31,27.01,,,475,11200,5
40,,2004,,,2017,이에스에이리버하우스,성수동1가,"5,000",성동구,3,70,2,39.15,,,13-12,11200,12
41,,2005,,,2017,뚝섬리버빌,성수동1가,"1,000",성동구,3,55,3,23.17,,,13-117,11200,9
42,,2004,,,2017,이에스에이리버하우스,성수동1가,"2,000",성동구,3,135,3,63.74,,,13-12,11200,10
43,,2004,,,2017,이에스에이리버하우스,성수동1가,"5,000",성동구,3,50,3,39.15,,,13-12,11200,10
44,,2004,,,2017,이에스에이리버하우스,성수동1가,"17,000",성동구,3,20,6,39.15,,,13-12,11200,12
45,,2005,,,2017,뚝섬리버빌,성수동1가,"10,500",성동구,3,0,6,23.17,,,13-117,11200,7
46,,2004,,,2017,이에스에이리버하우스,성수동1가,"17,500",성동구,3,20,6,39.15,,,13-12,11200,9
47,,2015,,,2017,위더스 빌,성수동1가,"24,000",성동구,3,0,7,43.41,,,33-23,11200,10
48,,2004,,,2017,Biz-Well 성수,성수동1가,"3,000",성동구,3,45,13,26.67,,,33-21,11200,4
49,,2004,,,2017,이에스에이리버하우스,성수동1가,"3,000",성동구,3,75,14,39.15,,,13-12,11200,8
50,,2004,,,2017,이에스에이리버하우스,성수동1가,"4,000",성동구,3,80,16,39.15,,,13-12,11200,10
51,,2003,,,2017,(670-147),성수동1가,"6,000",성동구,3,15,18,18.96,,,670-147,11200,5
52,,2017,,,2017,뚝섬리치빌A동,성수동1가,"14,500",성동구,3,0,20,21.77,,,656-1041,11200,2
53,,2003,,,2017,성수동 뉴타운오피스텔,성수동1가,"3,000",성동구,3,50,21,32.39,,,72-69,11200,6
54,,2005,,,2017,뚝섬리버빌,성수동1가,"11,500",성동구,3,0,21,23.17,,,13-117,11200,2
55,,2005,,,2017,뚝섬리버빌,성수동1가,"10,000",성동구,3,0,21,23.17,,,13-117,11200,4
56,,2004,,,2017,이에스에이리버하우스,성수동1가,"1,000",성동구,3,100,22,39.15,,,13-12,11200,9
57,,2004,,,2017,성수 그린빌,성수동1가,"14,000",성동구,3,0,23,34.59,,,685-54,11200,6
58,,2004,,,2017,이에스에이리버하우스,성수동1가,"2,000",성동구,3,90,24,39.15,,,13-12,11200,7
59,,2004,,,2017,이에스에이리버하우스,성수동1가,"30,000",성동구,3,0,25,63.74,,,13-12,11200,12
60,,2003,,,2017,성수동 뉴타운오피스텔,성수동1가,"3,000",성동구,3,50,26,32.39,,,72-69,11200,3
61,,2017,,,2017,뚝섬리치빌,성수동1가,"17,000",성동구,3,0,29,24.77,,,656-1040,11200,2
62,,2017,,,2017,선경팰리스,성수동2가,"25,000",성동구,3,0,2,53.59,,,299-162,11200,2
63,,2003,,,2017,성원상떼뷰오피스텔,성수동2가,"15,000",성동구,3,0,2,40.94,,,277-37,11200,4
64,,2013,,,2017,성수동램킨중흥S클래스오피스텔,성수동2가,"1,000",성동구,3,53,4,18.33,,,277-101,11200,3
65,,2013,,,2017,성수동램킨중흥S클래스오피스텔,성수동2가,"5,000",성동구,3,35,11,18.33,,,277-101,11200,8
66,,2003,,,2017,성원상떼뷰오피스텔,성수동2가,"2,000",성동구,3,50,17,28.08,,,277-37,11200,4
67,,2003,,,2017,성원상떼뷰오피스텔,성수동2가,"12,000",성동구,3,0,24,28.08,,,277-37,11200,11
68,,2003,,,2017,송정동센스빌오피스텔,송정동,"12,000",성동구,3,0,6,31.19,,,81-16,11200,3
69,,2003,,,2017,송정동센스빌오피스텔,송정동,"5,000",성동구,3,45,16,30.92,,,81-16,11200,7
70,,2003,,,2017,송정동센스빌오피스텔,송정동,"12,000",성동구,3,0,27,31.19,,,81-16,11200,6
71,,2016,,,2017,서희스타힐스리버파크,용답동,"12,000",성동구,3,0,2,20.21,,,238-12,11200,14
72,,2016,,,2017,서희스타힐스리버파크,용답동,500,성동구,3,55,3,21.9,,,238-12,11200,9
73,,2016,,,2017,서희스타힐스리버파크,용답동,"2,000",성동구,3,45,4,21.95,,,238-12,11200,7
74,,2011,,,2017,오르세오피스텔,용답동,"15,500",성동구,3,0,5,42.3,,,238-2,11200,3
75,,2013,,,2017,어반 오피스텔,용답동,"2,000",성동구,3,59,6,20.46,,,229-10,11200,4
76,,2016,,,2017,서희스타힐스리버파크,용답동,"3,000",성동구,3,45,7,21.9,,,238-12,11200,7
77,,2013,,,2017,어반 오피스텔,용답동,"2,000",성동구,3,49,11,18.98,,,229-10,11200,7
78,,2016,,,2017,서희스타힐스리버파크,용답동,"1,000",성동구,3,50,13,20.21,,,238-12,11200,9
79,,2016,,,2017,서희스타힐스리버파크,용답동,"3,000",성동구,3,40,18,19.88,,,238-12,11200,4
80,,2013,,,2017,어반 오피스텔,용답동,"2,000",성동구,3,56,21,20.46,,,229-10,11200,6
81,,2013,,,2017,어반 오피스텔,용답동,"1,000",성동구,3,62,21,18.98,,,229-10,11200,5
82,,2013,,,2017,어반 오피스텔,용답동,"2,000",성동구,3,49,21,20.46,,,229-10,11200,8
83,,2013,,,2017,어반 오피스텔,용답동,"2,000",성동구,3,49,22,16.21,,,229-10,11200,6
84,,2013,,,2017,어반 오피스텔,용답동,"2,000",성동구,3,45,24,16.21,,,229-10,11200,10
85,,1991,,,2017,삼호오피스텔,용답동,"4,500",성동구,3,0,27,26.95,,,236-5,11200,8
86,,2016,,,2017,서희스타힐스리버파크,용답동,"1,000",성동구,3,50,29,21.9,,,238-12,11200,7
0,,2003,,,2017,노블리안,상왕십리동,"10,000",성동구,4,0,5,30.81,,,750,11200,15
1,,2003,,,2017,노블리안,상왕십리동,"10,000",성동구,4,0,25,30.81,,,750,11200,9
2,,2016,,,2017,센트라스,하왕십리동,"3,000",성동구,4,65,1,29.16,,,1070,11200,19
3,,2016,,,2017,센트라스,하왕십리동,"1,000",성동구,4,85,6,32.53,,,1070,11200,11
4,,2009,,,2017,왕십리 모노퍼스 주상복합,하왕십리동,"18,000",성동구,4,0,6,38.67,,,286-2,11200,16
5,,2016,,,2017,센트라스,하왕십리동,"1,000",성동구,4,90,7,32.53,,,1070,11200,25
6,,2005,,,2017,동인 레반트 오피스텔,하왕십리동,"13,000",성동구,4,0,11,27.54,,,903-3,11200,11
7,,2016,,,2017,센트라스,하왕십리동,"21,000",성동구,4,0,14,32.53,,,1070,11200,23
8,,2011,,,2017,리오파크 오피스텔,하왕십리동,"1,000",성동구,4,55,17,23.88,,,898-2,11200,10
9,,2005,,,2017,동인 레반트 오피스텔,하왕십리동,"3,000",성동구,4,50,21,30.32,,,903-3,11200,6
10,,2011,,,2017,리오파크 오피스텔,하왕십리동,"12,000",성동구,4,0,26,22.82,,,898-2,11200,10
11,,2005,,,2017,동인 레반트 오피스텔,하왕십리동,"3,000",성동구,4,35,26,27.54,,,903-3,11200,15
12,,2017,,,2017,한성아펠타워,도선동,"7,000",성동구,4,55,3,23.58,,,53,11200,4
13,,2017,,,2017,한성아펠타워,도선동,"3,000",성동구,4,75,4,23.61,,,53,11200,10
14,,2017,,,2017,한성아펠타워,도선동,"1,000",성동구,4,85,7,23.58,,,53,11200,8
15,,2017,,,2017,한성아펠타워,도선동,"1,000",성동구,4,85,10,23.61,,,53,11200,11
16,,2017,,,2017,한성아펠타워,도선동,"3,000",성동구,4,75,14,23.61,,,53,11200,7
17,,2017,,,2017,한성아펠타워,도선동,"14,000",성동구,4,30,24,23.61,,,53,11200,3
18,,2007,,,2017,마장동청계아르테미스,마장동,"15,000",성동구,4,0,6,58.32,,,778-5,11200,8
19,,1988,,,2017,(797-16),마장동,"5,000",성동구,4,25,10,24.6,,,797-16,11200,3
20,,2006,,,2017,왕십리역이스타빌,행당동,"5,000",성동구,4,55,8,29.43,,,287-15,11200,10
21,,2004,,,2017,성동샤르망,행당동,"9,000",성동구,4,20,11,24.84,,,192-29,11200,7
22,,2006,,,2017,왕십리역이스타빌,행당동,"1,000",성동구,4,65,16,23.89,,,287-15,11200,9
23,,2006,,,2017,왕십리역이스타빌,행당동,"12,000",성동구,4,0,24,21.91,,,287-15,11200,10
24,,2004,,,2017,성동샤르망,행당동,"1,000",성동구,4,65,27,27.6,,,192-29,11200,6
25,,2002,,,2017,금호힐오피스텔,금호동1가,"3,000",성동구,4,55,22,29.97,,,1755,11200,6
26,,2004,,,2017,성원상떼뷰,옥수동,"1,000",성동구,4,65,11,27.01,,,475,11200,4
27,,2015,,,2017,위더스 빌,성수동1가,"23,000",성동구,4,0,1,42.76,,,33-23,11200,2
28,,2003,,,2017,성수동 뉴타운오피스텔,성수동1가,"6,000",성동구,4,30,1,31.6,,,72-69,11200,9
29,,2003,,,2017,아트빌딩,성수동1가,"12,000",성동구,4,0,4,27.02,,,685-308,11200,4
30,,2005,,,2017,뚝섬리버빌,성수동1가,"14,000",성동구,4,0,6,34.78,,,13-117,11200,2
31,,2004,,,2017,이에스에이리버하우스,성수동1가,"10,000",성동구,4,50,8,39.15,,,13-12,11200,6
32,,2004,,,2017,Biz-Well 성수,성수동1가,"3,000",성동구,4,38,8,25.52,,,33-21,11200,3
33,,2003,,,2017,성수동 뉴타운오피스텔,성수동1가,"3,000",성동구,4,50,10,32.39,,,72-69,11200,4
34,,2004,,,2017,이에스에이리버하우스,성수동1가,"9,000",성동구,4,50,12,39.15,,,13-12,11200,2
35,,2004,,,2017,Biz-Well 성수,성수동1가,"3,000",성동구,4,38,14,25.52,,,33-21,11200,5
36,,2004,,,2017,Biz-Well 성수,성수동1가,"3,000",성동구,4,39,17,24.69,,,33-21,11200,6
37,,2003,,,2017,성수동 뉴타운오피스텔,성수동1가,"1,000",성동구,4,70,18,32.76,,,72-69,11200,2
38,,2003,,,2017,성수동 뉴타운오피스텔,성수동1가,"10,000",성동구,4,10,19,30.02,,,72-69,11200,7
39,,2017,,,2017,뚝섬리치빌,성수동1가,"13,500",성동구,4,0,21,18.72,,,656-1040,11200,2
40,,2003,,,2017,성수동 뉴타운오피스텔,성수동1가,"1,000",성동구,4,70,24,32.39,,,72-69,11200,8
41,,2004,,,2017,Biz-Well 성수,성수동1가,"3,000",성동구,4,30,26,19.08,,,33-21,11200,10
42,,2004,,,2017,Biz-Well 성수,성수동1가,"3,000",성동구,4,41,26,26.13,,,33-21,11200,4
43,,2005,,,2017,뚝섬리버빌,성수동1가,"1,000",성동구,4,70,29,33.94,,,13-117,11200,2
44,,2003,,,2017,성원상떼뷰오피스텔,성수동2가,"4,000",성동구,4,40,2,28.08,,,277-37,11200,5
45,,2003,,,2017,성원상떼뷰오피스텔,성수동2가,"1,000",성동구,4,55,4,24.84,,,277-37,11200,3
46,,2013,,,2017,성수동램킨중흥S클래스오피스텔,성수동2가,"4,000",성동구,4,35,15,18.33,,,277-101,11200,2
47,,2003,,,2017,성원상떼뷰오피스텔,성수동2가,"3,500",성동구,4,42,18,24.84,,,277-37,11200,3
48,,2013,,,2017,성수동램킨중흥S클래스오피스텔,성수동2가,"1,000",성동구,4,55,20,18.33,,,277-101,11200,5
49,,2007,,,2017,성수동 아스테리아,성수동2가,500,성동구,4,65,25,43.57,,,278-29,11200,9
50,,2013,,,2017,성수동램킨중흥S클래스오피스텔,성수동2가,"10,000",성동구,4,0,27,18.33,,,277-101,11200,2
51,,,,,2017,그루빌2차,성수동2가,"2,000",성동구,4,70,27,29.91,,,289-167,11200,2
52,,2003,,,2017,성원상떼뷰오피스텔,성수동2가,"6,000",성동구,4,25,28,24.84,,,277-37,11200,10
53,,2003,,,2017,송정동센스빌오피스텔,송정동,"12,000",성동구,4,0,3,31.19,,,81-16,11200,8
54,,2006,,,2017,신창비바패밀리,용답동,"24,000",성동구,4,0,3,65.01,,,232-1,11200,10
55,,2013,,,2017,어반 오피스텔,용답동,"2,000",성동구,4,56,10,20.46,,,229-10,11200,3
56,,2016,,,2017,서희스타힐스리버파크,용답동,"12,500",성동구,4,0,10,21.95,,,238-12,11200,4
57,,2011,,,2017,오르세오피스텔,용답동,"16,000",성동구,4,0,12,46.25,,,238-2,11200,10
58,,2016,,,2017,서희스타힐스리버파크,용답동,"3,500",성동구,4,35,12,20.21,,,238-12,11200,4
59,,2016,,,2017,서희스타힐스리버파크,용답동,"12,500",성동구,4,0,27,21.9,,,238-12,11200,8
60,,2016,,,2017,서희스타힐스리버파크,용답동,"3,000",성동구,4,42,28,20.21,,,238-12,11200,7
61,,2016,,,2017,서희스타힐스리버파크,용답동,"4,000",성동구,4,30,28,20.21,,,238-12,11200,12
62,,2013,,,2017,어반 오피스텔,용답동,"2,000",성동구,4,56,29,20.46,,,229-10,11200,5
0,,2003,,,2017,노블리안,상왕십리동,"10,000",성동구,5,0,2,30.81,,,750,11200,13
1,,2003,,,2017,노블리안,상왕십리동,"13,000",성동구,5,0,26,25.74,,,750,11200,9
2,,2017,,,2017,동인드림힐스,하왕십리동,"15,000",성동구,5,0,11,27.51,,,890-181,11200,3
3,,2005,,,2017,동인 레반트 오피스텔,하왕십리동,"3,000",성동구,5,50,13,27.54,,,903-3,11200,3
4,,2017,,,2017,동인드림힐스,하왕십리동,"19,000",성동구,5,0,15,27.14,,,890-181,11200,8
5,,2017,,,2017,동인드림힐스,하왕십리동,"19,000",성동구,5,0,19,27.51,,,890-181,11200,5
6,,2016,,,2017,센트라스,하왕십리동,"12,000",성동구,5,50,22,31.01,,,1070,11200,12
7,,2009,,,2017,왕십리 모노퍼스 주상복합,하왕십리동,"16,000",성동구,5,0,23,38.67,,,286-2,11200,9
8,,2009,,,2017,왕십리 모노퍼스 주상복합,하왕십리동,"16,000",성동구,5,0,23,38.67,,,286-2,11200,6
9,,2011,,,2017,리오파크 오피스텔,하왕십리동,"1,000",성동구,5,60,23,23.88,,,898-2,11200,15
10,,2017,,,2017,동인드림힐스,하왕십리동,"20,000",성동구,5,0,24,27.51,,,890-181,11200,8
11,,2017,,,2017,한성아펠타워,도선동,"2,000",성동구,5,80,2,23.61,,,53,11200,4
12,,2017,,,2017,한성아펠타워,도선동,"1,000",성동구,5,77,9,23.58,,,53,11200,10
13,,1998,,,2017,신한넥스텔,도선동,"3,000",성동구,5,25,16,19.63,,,14,11200,5
14,,1998,,,2017,신한넥스텔,도선동,"1,200",성동구,5,40,27,19.63,,,14,11200,12
15,,1998,,,2017,신한넥스텔,도선동,"1,500",성동구,5,40,30,19.63,,,14,11200,13
16,,2010,,,2017,고운타워,마장동,"1,000",성동구,5,40,21,29.4,,,474-5,11200,5
17,,1988,,,2017,(797-16),마장동,"8,000",성동구,5,0,29,24.6,,,797-16,11200,5
18,,2006,,,2017,왕십리역이스타빌,행당동,"5,000",성동구,5,55,12,29.43,,,287-15,11200,8
19,,2004,,,2017,성원상떼뷰,옥수동,"9,500",성동구,5,16,9,25.6,,,475,11200,9
20,,2004,,,2017,성원상떼뷰,옥수동,"2,000",성동구,5,60,10,29.54,,,475,11200,5
21,,2004,,,2017,성원상떼뷰,옥수동,"1,000",성동구,5,65,10,27.01,,,475,11200,6
22,,2004,,,2017,성원상떼뷰,옥수동,"5,000",성동구,5,70,17,39.89,,,475,11200,8
23,,2005,,,2017,뚝섬리버빌,성수동1가,"18,000",성동구,5,0,1,39.96,,,13-117,11200,10
24,,2004,,,2017,이에스에이리버하우스,성수동1가,"28,000",성동구,5,0,4,63.74,,,13-12,11200,8
25,,2004,,,2017,Biz-Well 성수,성수동1가,"3,000",성동구,5,41,8,26.13,,,33-21,11200,5
26,,2004,,,2017,Biz-Well 성수,성수동1가,"1,000",성동구,5,55,9,19.08,,,33-21,11200,9
27,,2004,,,2017,이에스에이리버하우스,성수동1가,"1,000",성동구,5,90,11,39.15,,,13-12,11200,4
28,,2004,,,2017,Biz-Well 성수,성수동1가,"3,000",성동구,5,33,12,19.08,,,33-21,11200,9
29,,2004,,,2017,Biz-Well 성수,성수동1가,"3,000",성동구,5,39,13,24.69,,,33-21,11200,3
30,,2003,,,2017,성수동 뉴타운오피스텔,성수동1가,"13,000",성동구,5,0,13,31.6,,,72-69,11200,2
31,,2004,,,2017,이에스에이리버하우스,성수동1가,"4,000",성동구,5,70,17,39.15,,,13-12,11200,5
32,,2003,,,2017,아트빌딩,성수동1가,"13,000",성동구,5,0,20,26.9,,,685-308,11200,5
33,,2004,,,2017,이에스에이리버하우스,성수동1가,"19,500",성동구,5,0,20,39.15,,,13-12,11200,2
34,,2004,,,2017,이에스에이리버하우스,성수동1가,"19,000",성동구,5,0,20,39.15,,,13-12,11200,8
35,,2004,,,2017,이에스에이리버하우스,성수동1가,"10,000",성동구,5,100,20,63.74,,,13-12,11200,5
36,,2004,,,2017,Biz-Well 성수,성수동1가,"15,000",성동구,5,0,23,39.75,,,33-21,11200,10
37,,2004,,,2017,Biz-Well 성수,성수동1가,"3,000",성동구,5,38,24,24.69,,,33-21,11200,3
38,,2002,,,2017,백산오피스텔,성수동1가,"10,000",성동구,5,0,25,23.65,,,671-23,11200,3
39,,2005,,,2017,뚝섬리버빌,성수동1가,"5,000",성동구,5,50,27,29,,,13-117,11200,3
40,,2013,,,2017,성수동램킨중흥S클래스오피스텔,성수동2가,"4,000",성동구,5,35,3,18.33,,,277-101,11200,8
41,,2013,,,2017,성수동램킨중흥S클래스오피스텔,성수동2가,"2,000",성동구,5,45,4,18.33,,,277-101,11200,2
42,,2013,,,2017,성수동램킨중흥S클래스오피스텔,성수동2가,"10,000",성동구,5,0,16,18.33,,,277-101,11200,5
43,,2003,,,2017,성원상떼뷰오피스텔,성수동2가,"11,000",성동구,5,0,18,24.84,,,277-37,11200,10
44,,2013,,,2017,성수동램킨중흥S클래스오피스텔,성수동2가,"2,000",성동구,5,50,20,18.33,,,277-101,11200,6
45,,2003,,,2017,성원상떼뷰오피스텔,성수동2가,"12,000",성동구,5,0,20,28.08,,,277-37,11200,8
46,,2003,,,2017,성원상떼뷰오피스텔,성수동2가,"11,500",성동구,5,0,20,28.08,,,277-37,11200,9
47,,,,,2017,성수베네스트,성수동2가,"30,000",성동구,5,0,29,71.12,,,289-146,11200,2
48,,2011,,,2017,오르세오피스텔,용답동,"1,000",성동구,5,99,2,48.5,,,238-2,11200,6
49,,2013,,,2017,어반 오피스텔,용답동,"2,000",성동구,5,49,2,18.98,,,229-10,11200,8
50,,2011,,,2017,오르세오피스텔,용답동,"12,000",성동구,5,10,9,33.2,,,238-2,11200,10
51,,2016,,,2017,서희스타힐스리버파크,용답동,"12,500",성동구,5,0,12,21.9,,,238-12,11200,9
52,,1990,,,2017,(228-1),용답동,"1,000",성동구,5,30,15,23.43,,,228-1,11200,9
53,,2013,,,2017,어반 오피스텔,용답동,"2,000",성동구,5,49,16,16.21,,,229-10,11200,3
54,,2016,,,2017,서희스타힐스리버파크,용답동,"12,000",성동구,5,0,22,21.9,,,238-12,11200,4
55,,2011,,,2017,오르세오피스텔,용답동,"15,500",성동구,5,0,23,35,,,238-2,11200,5
56,,2013,,,2017,어반 오피스텔,용답동,"2,000",성동구,5,54,24,18.98,,,229-10,11200,4
57,,2013,,,2017,어반 오피스텔,용답동,"2,000",성동구,5,49,25,20.46,,,229-10,11200,7
58,,2011,,,2017,오르세오피스텔,용답동,"1,000",성동구,5,60,25,35,,,238-2,11200,8
59,,2013,,,2017,어반 오피스텔,용답동,"2,000",성동구,5,52,27,18.98,,,229-10,11200,7
0,,2003,,,2017,노블리안,상왕십리동,"9,000",성동구,6,0,12,25.74,,,750,11200,13
1,,2003,,,2017,노블리안,상왕십리동,"10,000",성동구,6,0,21,30.81,,,750,11200,7
2,,2003,,,2017,노블리안,상왕십리동,"7,000",성동구,6,20,23,30.81,,,750,11200,9
3,,2003,,,2017,노블리안,상왕십리동,"7,000",성동구,6,20,27,30.81,,,750,11200,15
4,,2003,,,2017,노블리안,상왕십리동,"10,000",성동구,6,0,29,30.81,,,750,11200,7
5,,2011,,,2017,리오파크 오피스텔,하왕십리동,"2,000",성동구,6,50,1,22.82,,,898-2,11200,7
6,,2005,,,2017,동인 레반트 오피스텔,하왕십리동,"3,000",성동구,6,50,3,27.54,,,903-3,11200,8
7,,2017,,,2017,동인드림힐스,하왕십리동,"22,500",성동구,6,0,5,27.14,,,890-181,11200,14
8,,2017,,,2017,동인드림힐스,하왕십리동,"14,000",성동구,6,0,7,19.24,,,890-181,11200,4
9,,2017,,,2017,동인드림힐스,하왕십리동,"16,000",성동구,6,0,10,19.24,,,890-181,11200,3
10,,2017,,,2017,동인드림힐스,하왕십리동,"1,000",성동구,6,65,14,19.24,,,890-181,11200,5
11,,2017,,,2017,동인드림힐스,하왕십리동,"5,000",성동구,6,68,20,27.51,,,890-181,11200,7
12,,2004,,,2017,성동샤르망,행당동,"2,000",성동구,6,55,2,26.22,,,192-29,11200,5
13,,2006,,,2017,왕십리역이스타빌,행당동,"1,000",성동구,6,70,3,29.43,,,287-15,11200,10
14,,2004,,,2017,성동샤르망,행당동,"1,000",성동구,6,60,8,24.84,,,192-29,11200,4
15,,2004,,,2017,성동샤르망,행당동,"2,000",성동구,6,55,17,27.6,,,192-29,11200,5
16,,2006,,,2017,왕십리역이스타빌,행당동,"1,000",성동구,6,65,27,30.78,,,287-15,11200,5
17,,2006,,,2017,왕십리역이스타빌,행당동,"14,000",성동구,6,0,28,26.01,,,287-15,11200,11
18,,2003,,,2017,재호예향빌,금호동4가,"16,000",성동구,6,0,5,54.58,,,1028,11200,6
19,,2003,,,2017,재호예향빌,금호동4가,"8,500",성동구,6,0,15,22.56,,,1028,11200,3
20,,2004,,,2017,성원상떼뷰,옥수동,"3,000",성동구,6,50,1,27.01,,,475,11200,11
21,,2004,,,2017,성원상떼뷰,옥수동,"1,000",성동구,6,65,9,27.01,,,475,11200,2
22,,2004,,,2017,성원상떼뷰,옥수동,"13,000",성동구,6,0,10,27.01,,,475,11200,6
23,,2015,,,2017,위더스 빌,성수동1가,"24,000",성동구,6,0,1,42.76,,,33-23,11200,7
24,,2002,,,2017,백산오피스텔,성수동1가,"10,000",성동구,6,0,8,23.65,,,671-23,11200,6
25,,2004,,,2017,이에스에이리버하우스,성수동1가,"8,000",성동구,6,55,9,39.15,,,13-12,11200,5
26,,2004,,,2017,Biz-Well 성수,성수동1가,"3,000",성동구,6,39,10,24.69,,,33-21,11200,7
27,,2003,,,2017,성수동 뉴타운오피스텔,성수동1가,"14,000",성동구,6,0,22,29.23,,,72-69,11200,8
28,,2005,,,2017,뚝섬리버빌,성수동1가,"13,000",성동구,6,0,23,27.17,,,13-117,11200,4
29,,2003,,,2017,성수동 뉴타운오피스텔,성수동1가,"5,000",성동구,6,45,23,30.02,,,72-69,11200,2
30,,2004,,,2017,Biz-Well 성수,성수동1가,"3,000",성동구,6,39,24,24.69,,,33-21,11200,5
31,,2003,,,2017,성수동 뉴타운오피스텔,성수동1가,"2,000",성동구,6,60,24,32.39,,,72-69,11200,6
32,,2002,,,2017,백산오피스텔,성수동1가,"9,000",성동구,6,0,28,23.65,,,671-23,11200,8
33,,2004,,,2017,이에스에이리버하우스,성수동1가,"4,000",성동구,6,70,29,39.15,,,13-12,11200,3
34,,2003,,,2017,아트빌딩,성수동1가,"3,000",성동구,6,45,30,26.78,,,685-308,11200,6
35,,2013,,,2017,성수동램킨중흥S클래스오피스텔,성수동2가,500,성동구,6,60,9,18.33,,,277-101,11200,8
36,,2003,,,2017,성원상떼뷰오피스텔,성수동2가,"6,500",성동구,6,27,16,24.84,,,277-37,11200,11
37,,2013,,,2017,성수동램킨중흥S클래스오피스텔,성수동2가,500,성동구,6,58,17,18.33,,,277-101,11200,8
38,,2013,,,2017,성수동램킨중흥S클래스오피스텔,성수동2가,"3,000",성동구,6,45,20,18.33,,,277-101,11200,3
39,,2013,,,2017,성수동램킨중흥S클래스오피스텔,성수동2가,"1,000",성동구,6,55,20,18.33,,,277-101,11200,6
40,,2003,,,2017,송정동센스빌오피스텔,송정동,"12,000",성동구,6,0,9,30.92,,,81-16,11200,5
41,,2016,,,2017,서희스타힐스리버파크,용답동,"13,000",성동구,6,0,7,21.9,,,238-12,11200,13
42,,2016,,,2017,서희스타힐스리버파크,용답동,"3,000",성동구,6,40,9,21.9,,,238-12,11200,12
43,,2013,,,2017,어반 오피스텔,용답동,"2,000",성동구,6,57,9,18.98,,,229-10,11200,4
44,,2013,,,2017,어반 오피스텔,용답동,"1,000",성동구,6,45,10,16.21,,,229-10,11200,8
45,,2016,,,2017,서희스타힐스리버파크,용답동,"12,500",성동구,6,0,10,21.9,,,238-12,11200,10
46,,2016,,,2017,서희스타힐스리버파크,용답동,"1,000",성동구,6,55,11,21.95,,,238-12,11200,15
47,,2013,,,2017,어반 오피스텔,용답동,"1,000",성동구,6,64,12,20.46,,,229-10,11200,3
48,,2016,,,2017,서희스타힐스리버파크,용답동,"12,500",성동구,6,0,14,21.9,,,238-12,11200,2
49,,2016,,,2017,서희스타힐스리버파크,용답동,"4,000",성동구,6,40,14,21.9,,,238-12,11200,5
50,,2016,,,2017,서희스타힐스리버파크,용답동,500,성동구,6,55,19,21.9,,,238-12,11200,2
51,,2016,,,2017,서희스타힐스리버파크,용답동,"1,000",성동구,6,50,19,21.9,,,238-12,11200,3
52,,2016,,,2017,서희스타힐스리버파크,용답동,"13,000",성동구,6,0,21,21.9,,,238-12,11200,10
53,,2016,,,2017,서희스타힐스리버파크,용답동,"13,000",성동구,6,0,22,21.9,,,238-12,11200,11
54,,2016,,,2017,서희스타힐스리버파크,용답동,"12,000",성동구,6,0,24,20.21,,,238-12,11200,2
55,,2016,,,2017,서희스타힐스리버파크,용답동,500,성동구,6,55,28,21.9,,,238-12,11200,3
56,,2016,,,2017,서희스타힐스리버파크,용답동,"10,000",성동구,6,15,29,21.9,,,238-12,11200,3
57,,2016,,,2017,서희스타힐스리버파크,용답동,"1,000",성동구,6,55,30,21.9,,,238-12,11200,7
0,,2003,,,2017,노블리안,상왕십리동,"10,000",성동구,7,0,3,30.81,,,750,11200,7
1,,2003,,,2017,노블리안,상왕십리동,"5,000",성동구,7,25,3,25.74,,,750,11200,2
2,,2003,,,2017,노블리안,상왕십리동,"9,000",성동구,7,0,12,25.74,,,750,11200,14
3,,2003,,,2017,노블리안,상왕십리동,"10,000",성동구,7,0,14,25.74,,,750,11200,13
4,,2003,,,2017,노블리안,상왕십리동,"4,000",성동구,7,30,17,25.74,,,750,11200,9
5,,2003,,,2017,노블리안,상왕십리동,"6,000",성동구,7,30,18,30.81,,,750,11200,5
6,,2005,,,2017,동인 레반트 오피스텔,하왕십리동,"1,000",성동구,7,65,1,27.54,,,903-3,11200,12
7,,2017,,,2017,동인드림힐스,하왕십리동,"3,000",성동구,7,55,8,19.24,,,890-181,11200,10
8,,2016,,,2017,센트라스,하왕십리동,"2,000",성동구,7,85,8,31.01,,,1070,11200,16
9,,2011,,,2017,리오파크 오피스텔,하왕십리동,"3,000",성동구,7,45,8,22.97,,,898-2,11200,4
10,,2011,,,2017,리오파크 오피스텔,하왕십리동,"1,000",성동구,7,55,10,23.88,,,898-2,11200,13
11,,2016,,,2017,센트라스,하왕십리동,"24,000",성동구,7,0,10,29.16,,,1070,11200,15
12,,2011,,,2017,리오파크 오피스텔,하왕십리동,"1,000",성동구,7,55,12,22.82,,,898-2,11200,7
13,,2017,,,2017,동인드림힐스,하왕십리동,"2,000",성동구,7,65,14,19.24,,,890-181,11200,5
14,,2017,,,2017,동인드림힐스,하왕십리동,"15,500",성동구,7,0,15,19.24,,,890-181,11200,6
15,,2016,,,2017,센트라스,하왕십리동,"2,000",성동구,7,85,15,32.53,,,1070,11200,7
16,,2011,,,2017,리오파크 오피스텔,하왕십리동,"13,000",성동구,7,0,17,22.82,,,898-2,11200,12
17,,2005,,17.08~18.08,2017,동인 레반트 오피스텔,하왕십리동,"5,000",성동구,7,70,21,27.54,,,903-3,11200,10
18,,2017,,,2017,동인드림힐스,하왕십리동,"3,000",성동구,7,55,22,19.24,,,890-181,11200,8
19,,2011,,,2017,리오파크 오피스텔,하왕십리동,"3,000",성동구,7,45,29,22.82,,,898-2,11200,11
20,,2017,,,2017,동인드림힐스,하왕십리동,"23,000",성동구,7,0,29,27.14,,,890-181,11200,13
21,,2017,,,2017,동인드림힐스,하왕십리동,"1,000",성동구,7,85,31,27.14,,,890-181,11200,11
22,,1998,,,2017,신한넥스텔,도선동,500,성동구,7,45,4,19.63,,,14,11200,16
23,,2014,,,2017,J&J빌딩,도선동,"16,000",성동구,7,0,10,29.1,,,276,11200,7
24,,2007,,,2017,마장동청계아르테미스,마장동,"19,500",성동구,7,0,8,54.72,,,778-5,11200,7
25,,2004,,,2017,성동샤르망,행당동,"1,000",성동구,7,60,28,27.6,,,192-29,11200,7
26,,2004,,,2017,성동샤르망,행당동,"1,000",성동구,7,60,29,24.84,,,192-29,11200,9
27,,2004,,,2017,성원상떼뷰,옥수동,"15,000",성동구,7,0,3,27.01,,,475,11200,10
28,,2004,,,2017,이에스에이리버하우스,성수동1가,"5,000",성동구,7,60,2,39.15,,,13-12,11200,4
29,,2003,,,2017,성수동 뉴타운오피스텔,성수동1가,"13,000",성동구,7,0,3,30.02,,,72-69,11200,2
30,,2003,,,2017,성수동 뉴타운오피스텔,성수동1가,"2,000",성동구,7,60,3,32.39,,,72-69,11200,7
31,,2005,,,2017,뚝섬리버빌,성수동1가,"5,000",성동구,7,38,8,24.61,,,13-117,11200,9
32,,2003,,,2017,성수동 뉴타운오피스텔,성수동1가,"1,000",성동구,7,65,8,29.23,,,72-69,11200,7
33,,2005,,,2017,뚝섬리버빌,성수동1가,"16,000",성동구,7,0,11,29,,,13-117,11200,6
34,,2004,,,2017,이에스에이리버하우스,성수동1가,"19,000",성동구,7,0,12,39.15,,,13-12,11200,6
35,,2004,,,2017,Biz-Well 성수,성수동1가,"1,000",성동구,7,50,17,19.08,,,33-21,11200,7
36,,2013,,,2017,서울숲오피스텔,성수동1가,"22,000",성동구,7,0,19,44.16,,,656-392,11200,5
37,,2005,,,2017,뚝섬리버빌,성수동1가,500,성동구,7,65,22,25.1,,,13-117,11200,8
38,,2004,,,2017,이에스에이리버하우스,성수동1가,"5,000",성동구,7,60,22,39.15,,,13-12,11200,11
39,,2003,,,2017,성수동 뉴타운오피스텔,성수동1가,"14,000",성동구,7,0,23,30.02,,,72-69,11200,5
40,,2005,,,2017,뚝섬리버빌,성수동1가,500,성동구,7,65,25,27.17,,,13-117,11200,5
41,,2005,,,2017,뚝섬리버빌,성수동1가,"13,500",성동구,7,0,27,23.17,,,13-117,11200,8
42,,2003,,,2017,성수동 뉴타운오피스텔,성수동1가,"14,000",성동구,7,0,27,31.6,,,72-69,11200,8
43,,2005,,,2017,뚝섬리버빌,성수동1가,"1,000",성동구,7,65,28,29,,,13-117,11200,5
44,,2004,,,2017,이에스에이리버하우스,성수동1가,"7,000",성동구,7,50,28,39.15,,,13-12,11200,11
45,,2004,,,2017,Biz-Well 성수,성수동1가,"3,000",성동구,7,30,29,26.67,,,33-21,11200,4
46,,2003,,,2017,성수동 뉴타운오피스텔,성수동1가,"14,000",성동구,7,0,29,31.6,,,72-69,11200,4
47,,2004,,,2017,이에스에이리버하우스,성수동1가,"20,500",성동구,7,0,31,39.15,,,13-12,11200,6
48,,2004,,,2017,이에스에이리버하우스,성수동1가,"2,000",성동구,7,75,31,39.15,,,13-12,11200,3
49,,2013,,,2017,성수동램킨중흥S클래스오피스텔,성수동2가,500,성동구,7,50,1,18.33,,,277-101,11200,2
50,,2003,,,2017,성원상떼뷰오피스텔,성수동2가,"3,500",성동구,7,40,10,24.84,,,277-37,11200,6
51,,2013,,,2017,성수동램킨중흥S클래스오피스텔,성수동2가,"3,000",성동구,7,45,11,18.33,,,277-101,11200,8
52,,2013,,,2017,성수동램킨중흥S클래스오피스텔,성수동2가,500,성동구,7,58,12,18.33,,,277-101,11200,8
53,,2013,,,2017,성수동램킨중흥S클래스오피스텔,성수동2가,"2,000",성동구,7,50,15,18.33,,,277-101,11200,7
54,,2003,,,2017,성원상떼뷰오피스텔,성수동2가,"3,000",성동구,7,40,15,24.84,,,277-37,11200,4
55,,2003,,,2017,성원상떼뷰오피스텔,성수동2가,"1,000",성동구,7,60,24,28.08,,,277-37,11200,7
56,,2016,,,2017,서희스타힐스리버파크,용답동,"4,000",성동구,7,40,2,21.9,,,238-12,11200,14
57,,2013,,,2017,어반 오피스텔,용답동,"2,000",성동구,7,49,4,16.21,,,229-10,11200,4
58,,2016,,,2017,서희스타힐스리버파크,용답동,"13,000",성동구,7,0,4,21.9,,,238-12,11200,9
59,,2013,,,2017,어반 오피스텔,용답동,"2,000",성동구,7,42,4,17.08,,,229-10,11200,9
60,,2016,,,2017,서희스타힐스리버파크,용답동,"12,500",성동구,7,0,5,20.21,,,238-12,11200,13
61,,2016,,,2017,서희스타힐스리버파크,용답동,"3,000",성동구,7,40,6,21.9,,,238-12,11200,2
62,,2016,,,2017,서희스타힐스리버파크,용답동,700,성동구,7,45,10,20.21,,,238-12,11200,4
63,,2016,,,2017,서희스타힐스리버파크,용답동,"11,500",성동구,7,0,10,20.21,,,238-12,11200,3
64,,2016,,,2017,서희스타힐스리버파크,용답동,"11,000",성동구,7,0,11,19.88,,,238-12,11200,4
65,,2016,,,2017,서희스타힐스리버파크,용답동,"3,000",성동구,7,45,11,21.9,,,238-12,11200,10
66,,2016,,,2017,서희스타힐스리버파크,용답동,"12,000",성동구,7,0,12,20.21,,,238-12,11200,9
67,,2016,,,2017,서희스타힐스리버파크,용답동,"12,000",성동구,7,0,14,20.21,,,238-12,11200,12
68,,2016,,,2017,서희스타힐스리버파크,용답동,"13,000",성동구,7,0,15,21.9,,,238-12,11200,4
69,,2016,,,2017,서희스타힐스리버파크,용답동,"4,000",성동구,7,35,15,20.21,,,238-12,11200,5
70,,2016,,,2017,서희스타힐스리버파크,용답동,"12,000",성동구,7,0,18,21.9,,,238-12,11200,3
71,,2016,,,2017,서희스타힐스리버파크,용답동,"12,500",성동구,7,0,19,21.95,,,238-12,11200,13
72,,2016,,,2017,서희스타힐스리버파크,용답동,"12,000",성동구,7,0,20,21.9,,,238-12,11200,5
73,,2016,,,2017,서희스타힐스리버파크,용답동,"12,500",성동구,7,0,20,21.9,,,238-12,11200,4
74,,2016,,,2017,서희스타힐스리버파크,용답동,"2,500",성동구,7,0,22,21.95,,,238-12,11200,8
75,,2016,,,2017,서희스타힐스리버파크,용답동,"13,000",성동구,7,0,22,21.95,,,238-12,11200,8
76,,2016,,,2017,서희스타힐스리버파크,용답동,"3,000",성동구,7,45,24,20.21,,,238-12,11200,11
77,,2011,,,2017,오르세오피스텔,용답동,"16,000",성동구,7,0,24,46.25,,,238-2,11200,4
78,,2016,,,2017,서희스타힐스리버파크,용답동,"2,000",성동구,7,50,24,21.9,,,238-12,11200,13
79,,1991,,,2017,삼호오피스텔,용답동,"3,000",성동구,7,0,26,26.95,,,236-5,11200,7
80,,2016,,,2017,서희스타힐스리버파크,용답동,"2,000",성동구,7,50,26,21.95,,,238-12,11200,10
81,,2016,,,2017,서희스타힐스리버파크,용답동,"12,500",성동구,7,0,27,21.9,,,238-12,11200,11
82,,2016,,,2017,서희스타힐스리버파크,용답동,"10,000",성동구,7,10,27,20.21,,,238-12,11200,14
83,,2016,,,2017,서희스타힐스리버파크,용답동,"3,000",성동구,7,35,29,21.9,,,238-12,11200,3
84,,2016,,,2017,서희스타힐스리버파크,용답동,"12,500",성동구,7,0,30,21.9,,,238-12,11200,4
85,,2016,,,2017,서희스타힐스리버파크,용답동,"4,000",성동구,7,37,30,20.21,,,238-12,11200,12
86,,2013,,,2017,어반 오피스텔,용답동,"1,000",성동구,7,59,31,17.08,,,229-10,11200,5
0,,2003,,,2017,노블리안,상왕십리동,"1,000",성동구,8,55,1,25.74,,,750,11200,2
1,,2003,,,2017,노블리안,상왕십리동,"10,000",성동구,8,0,2,30.81,,,750,11200,11
2,,2003,,,2017,노블리안,상왕십리동,"10,000",성동구,8,0,4,30.81,,,750,11200,4
3,,2003,,,2017,노블리안,상왕십리동,"10,000",성동구,8,0,11,30.81,,,750,11200,8
4,,2003,,,2017,노블리안,상왕십리동,"10,000",성동구,8,0,28,30.81,,,750,11200,5
5,,2003,,,2017,노블리안,상왕십리동,"5,000",성동구,8,30,31,25.74,,,750,11200,5
6,,2003,,,2017,노블리안,상왕십리동,"5,000",성동구,8,35,31,30.81,,,750,11200,8
7,,2016,,,2017,센트라스,하왕십리동,"1,000",성동구,8,90,2,31.01,,,1070,11200,15
8,,2017,,,2017,동인드림힐스,하왕십리동,"17,000",성동구,8,0,2,19.24,,,890-181,11200,14
9,,2017,,,2017,동인드림힐스,하왕십리동,"17,000",성동구,8,0,7,19.24,,,890-181,11200,14
10,,2016,,,2017,센트라스,하왕십리동,"1,000",성동구,8,90,7,31.01,,,1070,11200,24
11,,2017,,,2017,동인드림힐스,하왕십리동,"23,000",성동구,8,0,8,26.86,,,890-181,11200,3
12,,2017,,,2017,동인드림힐스,하왕십리동,"23,000",성동구,8,0,15,27.51,,,890-181,11200,6
13,,2009,,,2017,왕십리 모노퍼스 주상복합,하왕십리동,"18,000",성동구,8,0,15,38.67,,,286-2,11200,11
14,,2017,,,2017,동인드림힐스,하왕십리동,"3,000",성동구,8,60,18,19.24,,,890-181,11200,9
15,,2017,,,2017,동인드림힐스,하왕십리동,"2,000",성동구,8,60,21,19.24,,,890-181,11200,9
16,,2017,,,2017,동인드림힐스,하왕십리동,"5,000",성동구,8,70,25,27.51,,,890-181,11200,10
17,,2016,,,2017,센트라스,하왕십리동,"24,000",성동구,8,0,26,32.53,,,1070,11200,17
18,,2009,,,2017,왕십리 모노퍼스 주상복합,하왕십리동,"20,000",성동구,8,0,26,47.61,,,286-2,11200,15
19,,2017,,,2017,동인드림힐스,하왕십리동,"1,500",성동구,8,60,26,19.24,,,890-181,11200,3
20,,2017,,,2017,한성아펠타워,도선동,"1,000",성동구,8,87,5,23.58,,,53,11200,8
21,,1988,,,2017,(797-16),마장동,"7,500",성동구,8,0,23,24.6,,,797-16,11200,3
22,,2004,,,2017,성동샤르망,행당동,"1,000",성동구,8,60,16,24.84,,,192-29,11200,5
23,,2006,,,2017,왕십리역이스타빌,행당동,"1,000",성동구,8,70,21,29.43,,,287-15,11200,11
24,,2006,,,2017,왕십리역이스타빌,행당동,"10,000",성동구,8,35,21,29.43,,,287-15,11200,9
25,,2006,,,2017,왕십리역이스타빌,행당동,"3,000",성동구,8,50,21,26.22,,,287-15,11200,13
26,,2004,,,2017,성동샤르망,행당동,"1,000",성동구,8,60,29,24.84,,,192-29,11200,4
27,,2002,,,2017,금호힐오피스텔,금호동1가,"20,000",성동구,8,0,14,42.6,,,1755,11200,5
28,,2002,,,2017,금호힐오피스텔,금호동1가,"16,000",성동구,8,0,26,48.47,,,1755,11200,3
29,,2004,,,2017,이에스에이리버하우스,성수동1가,"20,000",성동구,8,0,1,39.15,,,13-12,11200,7
30,,2005,,,2017,뚝섬리버빌,성수동1가,"9,500",성동구,8,0,3,20.19,,,13-117,11200,7
31,,2004,,,2017,Biz-Well 성수,성수동1가,"3,000",성동구,8,39,5,24.69,,,33-21,11200,5
32,,2003,,,2017,아트빌딩,성수동1가,"13,000",성동구,8,0,7,24.64,,,685-308,11200,6
33,,2013,,,2017,서울숲오피스텔,성수동1가,"25,500",성동구,8,0,9,49.16,,,656-392,11200,5
34,,2005,,,2017,뚝섬리버빌,성수동1가,"10,000",성동구,8,30,10,26.02,,,13-117,11200,2
35,,2004,,,2017,이에스에이리버하우스,성수동1가,"2,500",성동구,8,70,10,39.15,,,13-12,11200,2
36,,2004,,,2017,이에스에이리버하우스,성수동1가,"21,500",성동구,8,0,16,39.15,,,13-12,11200,12
37,,2004,,,2017,이에스에이리버하우스,성수동1가,"5,000",성동구,8,70,19,39.15,,,13-12,11200,10
38,,2013,,,2017,서울숲오피스텔,성수동1가,"27,000",성동구,8,0,21,49.16,,,656-392,11200,6
39,,2004,,,2017,이에스에이리버하우스,성수동1가,"20,000",성동구,8,0,21,39.15,,,13-12,11200,7
40,,2003,,,2017,성수동 뉴타운오피스텔,성수동1가,"13,000",성동구,8,0,25,30.02,,,72-69,11200,2
41,,2005,,,2017,뚝섬리버빌,성수동1가,"12,000",성동구,8,0,25,30.36,,,13-117,11200,6
42,,2004,,,2017,이에스에이리버하우스,성수동1가,"4,000",성동구,8,75,29,39.15,,,13-12,11200,12
43,,2003,,,2017,성원상떼뷰오피스텔,성수동2가,"12,000",성동구,8,0,3,28.08,,,277-37,11200,11
44,,2003,,,2017,성원상떼뷰오피스텔,성수동2가,"5,000",성동구,8,40,5,28.08,,,277-37,11200,8
45,,2016,,,2017,그루빌1차,성수동2가,"19,000",성동구,8,0,8,37.1,,,289-198,11200,2
46,,2003,,,2017,성원상떼뷰오피스텔,성수동2가,"2,000",성동구,8,48,16,24.84,,,277-37,11200,9
47,,2003,,,2017,성원상떼뷰오피스텔,성수동2가,"1,000",성동구,8,55,18,24.84,,,277-37,11200,11
48,,2013,,,2017,성수동램킨중흥S클래스오피스텔,성수동2가,"1,000",성동구,8,55,24,18.33,,,277-101,11200,8
49,,2003,,,2017,송정동센스빌오피스텔,송정동,"18,000",성동구,8,0,28,62.74,,,81-16,11200,9
50,,2016,,,2017,서희스타힐스리버파크,용답동,"13,000",성동구,8,0,1,21.9,,,238-12,11200,14
51,,2013,,,2017,어반 오피스텔,용답동,"2,000",성동구,8,49,1,18.98,,,229-10,11200,7
52,,1991,,,2017,삼호오피스텔,용답동,"2,000",성동구,8,10,3,26.25,,,236-5,11200,5
53,,1991,,,2017,삼호오피스텔,용답동,300,성동구,8,35,4,26.18,,,236-5,11200,6
54,,2016,,,2017,서희스타힐스리버파크,용답동,"3,000",성동구,8,42,4,21.9,,,238-12,11200,3
55,,2016,,,2017,서희스타힐스리버파크,용답동,"13,000",성동구,8,0,5,21.9,,,238-12,11200,15
56,,2016,,,2017,서희스타힐스리버파크,용답동,"4,000",성동구,8,35,5,20.21,,,238-12,11200,13
57,,2016,,,2017,서희스타힐스리버파크,용답동,"10,000",성동구,8,10,6,21.9,,,238-12,11200,2
58,,2016,,,2017,서희스타힐스리버파크,용답동,"1,000",성동구,8,55,7,21.9,,,238-12,11200,3
59,,2016,,,2017,서희스타힐스리버파크,용답동,"1,000",성동구,8,55,7,21.9,,,238-12,11200,13
60,,2016,,,2017,서희스타힐스리버파크,용답동,"12,500",성동구,8,0,8,21.9,,,238-12,11200,5
61,,2016,,,2017,서희스타힐스리버파크,용답동,"4,000",성동구,8,40,10,21.9,,,238-12,11200,5
62,,2016,,,2017,서희스타힐스리버파크,용답동,"12,000",성동구,8,0,10,21.95,,,238-12,11200,4
63,,2016,,,2017,서희스타힐스리버파크,용답동,"12,500",성동구,8,0,10,21.9,,,238-12,11200,5
64,,2016,,,2017,서희스타힐스리버파크,용답동,"11,500",성동구,8,0,11,21.9,,,238-12,11200,3
65,,2016,,,2017,서희스타힐스리버파크,용답동,"12,500",성동구,8,0,11,20.21,,,238-12,11200,13
66,,2016,,,2017,서희스타힐스리버파크,용답동,"3,500",성동구,8,35,11,19.88,,,238-12,11200,11
67,,2006,,,2017,신창비바패밀리,용답동,"1,000",성동구,8,110,11,60.45,,,232-1,11200,14
68,,2016,,,2017,서희스타힐스리버파크,용답동,"1,000",성동구,8,55,12,21.9,,,238-12,11200,15
69,,2016,,,2017,서희스타힐스리버파크,용답동,"11,000",성동구,8,0,12,20.21,,,238-12,11200,14
70,,2016,,,2017,서희스타힐스리버파크,용답동,"13,000",성동구,8,0,14,21.9,,,238-12,11200,8
71,,2016,,,2017,서희스타힐스리버파크,용답동,"4,000",성동구,8,35,16,20.21,,,238-12,11200,6
72,,2006,,,2017,신창비바패밀리,용답동,"1,000",성동구,8,100,16,51.5,,,232-1,11200,15
73,,2006,,,2017,신창비바패밀리,용답동,"6,000",성동구,8,60,17,56,,,232-1,11200,5
74,,2016,,,2017,서희스타힐스리버파크,용답동,"1,000",성동구,8,50,18,21.95,,,238-12,11200,4
75,,2016,,,2017,서희스타힐스리버파크,용답동,"12,500",성동구,8,0,19,19.88,,,238-12,11200,6
76,,2016,,,2017,서희스타힐스리버파크,용답동,"12,000",성동구,8,0,19,20.21,,,238-12,11200,13
77,,2016,,,2017,서희스타힐스리버파크,용답동,"12,000",성동구,8,0,19,20.21,,,238-12,11200,7
78,,2011,,,2017,오르세오피스텔,용답동,"3,000",성동구,8,90,21,46.25,,,238-2,11200,4
79,,2016,,,2017,서희스타힐스리버파크,용답동,"12,000",성동구,8,0,21,21.9,,,238-12,11200,3
80,,2016,,,2017,서희스타힐스리버파크,용답동,"12,500",성동구,8,0,23,21.9,,,238-12,11200,4
81,,2013,,,2017,어반 오피스텔,용답동,"1,000",성동구,8,59,23,17.08,,,229-10,11200,4
82,,2016,,,2017,서희스타힐스리버파크,용답동,"13,000",성동구,8,0,23,21.9,,,238-12,11200,4
83,,2016,,,2017,서희스타힐스리버파크,용답동,"12,000",성동구,8,0,24,19.88,,,238-12,11200,12
84,,2016,,,2017,서희스타힐스리버파크,용답동,"12,000",성동구,8,0,24,19.88,,,238-12,11200,5
85,,2013,,,2017,어반 오피스텔,용답동,"2,000",성동구,8,56,24,20.46,,,229-10,11200,4
86,,2016,,,2017,서희스타힐스리버파크,용답동,"10,500",성동구,8,0,25,21.9,,,238-12,11200,4
87,,2006,,,2017,신창비바패밀리,용답동,"3,000",성동구,8,70,25,42.75,,,232-1,11200,15
88,,2006,,,2017,신창비바패밀리,용답동,"4,000",성동구,8,90,26,65.01,,,232-1,11200,8
89,,2016,,,2017,서희스타힐스리버파크,용답동,"12,000",성동구,8,0,26,20.21,,,238-12,11200,10
90,,2016,,,2017,서희스타힐스리버파크,용답동,"12,000",성동구,8,0,27,19.88,,,238-12,11200,4
91,,2016,,,2017,서희스타힐스리버파크,용답동,"13,000",성동구,8,0,28,21.9,,,238-12,11200,10
92,,2006,,,2017,신창비바패밀리,용답동,"5,000",성동구,8,80,29,63.17,,,232-1,11200,6
93,,2016,,,2017,서희스타힐스리버파크,용답동,"12,075",성동구,8,0,29,20.21,,,238-12,11200,11
94,,2013,,,2017,어반 오피스텔,용답동,"2,000",성동구,8,49,31,16.21,,,229-10,11200,2
95,,2016,,,2017,서희스타힐스리버파크,용답동,"10,000",성동구,8,0,31,21.9,,,238-12,11200,3
0,,2003,,,2017,노블리안,상왕십리동,"7,000",성동구,9,20,12,30.81,,,750,11200,4
1,,2003,,,2017,노블리안,상왕십리동,"10,000",성동구,9,0,22,30.81,,,750,11200,12
2,,2016,,,2017,센트라스,하왕십리동,"1,000",성동구,9,100,1,32.53,,,1070,11200,11
3,,2017,,,2017,동인드림힐스,하왕십리동,"23,000",성동구,9,0,4,27.51,,,890-181,11200,14
4,,2017,,,2017,동인드림힐스,하왕십리동,"15,000",성동구,9,0,4,19.24,,,890-181,11200,9
5,,2017,,,2017,동인드림힐스,하왕십리동,"17,000",성동구,9,0,6,19.24,,,890-181,11200,13
6,,2017,,,2017,동인드림힐스,하왕십리동,"24,000",성동구,9,0,19,27.51,,,890-181,11200,14
7,,2017,,,2017,동인드림힐스,하왕십리동,"3,000",성동구,9,60,29,19.24,,,890-181,11200,13
8,,2011,,,2017,리오파크 오피스텔,하왕십리동,"1,000",성동구,9,60,29,22.11,,,898-2,11200,13
9,,2004,,,2017,성동샤르망,행당동,"6,000",성동구,9,40,11,27.6,,,192-29,11200,9
10,,2006,,,2017,왕십리역이스타빌,행당동,"1,000",성동구,9,70,16,29.43,,,287-15,11200,12
11,,2002,,,2017,금호힐오피스텔,금호동1가,"1,000",성동구,9,57,21,29.97,,,1755,11200,5
12,,2004,,,2017,성원상떼뷰,옥수동,"13,500",성동구,9,0,5,27.01,,,475,11200,9
13,,2004,,,2017,Biz-Well 성수,성수동1가,"3,000",성동구,9,80,2,45.1,,,33-21,11200,4
14,,2003,,,2017,성수동 뉴타운오피스텔,성수동1가,"13,000",성동구,9,0,5,31.6,,,72-69,11200,10
15,,2003,,,2017,아트빌딩,성수동1가,"13,000",성동구,9,0,5,27.02,,,685-308,11200,5
16,,2004,,,2017,이에스에이리버하우스,성수동1가,"3,000",성동구,9,70,5,39.15,,,13-12,11200,3
17,,2004,,,2017,Biz-Well 성수,성수동1가,"3,000",성동구,9,40,8,24.69,,,33-21,11200,4
18,,2004,,,2017,Biz-Well 성수,성수동1가,"3,000",성동구,9,33,8,19.08,,,33-21,11200,9
19,,2004,,,2017,Biz-Well 성수,성수동1가,"3,000",성동구,9,34,12,19.08,,,33-21,11200,10
20,,2003,,,2017,성수동 뉴타운오피스텔,성수동1가,"10,000",성동구,9,25,13,31.6,,,72-69,11200,6
21,,2015,,,2017,위더스 빌,성수동1가,"23,500",성동구,9,0,16,43.41,,,33-23,11200,6
22,,2015,,,2017,위더스 빌,성수동1가,"24,000",성동구,9,0,16,44.05,,,33-23,11200,8
23,,2004,,,2017,Biz-Well 성수,성수동1가,"3,000",성동구,9,39,19,25.52,,,33-21,11200,7
24,,2004,,,2017,이에스에이리버하우스,성수동1가,"5,000",성동구,9,65,25,39.15,,,13-12,11200,4
25,,2015,,,2017,위더스 빌,성수동1가,"25,000",성동구,9,0,28,42.76,,,33-23,11200,8
26,,2015,,,2017,위더스 빌,성수동1가,"24,000",성동구,9,0,29,43.41,,,33-23,11200,5
27,,2004,,,2017,이에스에이리버하우스,성수동1가,"29,500",성동구,9,0,29,63.74,,,13-12,11200,2
28,,2015,,,2017,위더스 빌,성수동1가,"24,000",성동구,9,0,30,43.41,,,33-23,11200,9
29,,2017,,,2017,(299-134),성수동2가,"23,000",성동구,9,0,9,39.78,,,299-134,11200,7
30,,2003,,,2017,성원상떼뷰오피스텔,성수동2가,"2,000",성동구,9,47,13,24.84,,,277-37,11200,3
31,,,,,2017,(299-105),성수동2가,"13,000",성동구,9,0,22,29.93,,,299-105,11200,2
32,,2013,,,2017,성수동램킨중흥S클래스오피스텔,성수동2가,"3,000",성동구,9,45,24,18.33,,,277-101,11200,6
33,,2017,,,2017,(299-134),성수동2가,"23,000",성동구,9,0,26,39.78,,,299-134,11200,7
34,,2017,,,2017,(299-134),성수동2가,"23,000",성동구,9,0,26,39.78,,,299-134,11200,5
35,,2017,,,2017,(299-134),성수동2가,"23,500",성동구,9,0,26,39.78,,,299-134,11200,6
36,,2017,,,2017,(299-134),성수동2가,"23,000",성동구,9,0,28,40.2,,,299-134,11200,7
37,,2017,,,2017,(299-134),성수동2가,"23,000",성동구,9,0,28,40.2,,,299-134,11200,5
38,,2016,,,2017,서희스타힐스리버파크,용답동,"1,000",성동구,9,55,1,21.9,,,238-12,11200,12
39,,2016,,,2017,서희스타힐스리버파크,용답동,"4,000",성동구,9,35,4,21.9,,,238-12,11200,5
40,,2016,,,2017,서희스타힐스리버파크,용답동,"12,500",성동구,9,0,7,21.9,,,238-12,11200,8
41,,2016,,,2017,서희스타힐스리버파크,용답동,"13,000",성동구,9,0,8,21.9,,,238-12,11200,15
42,,2006,,,2017,신창비바패밀리,용답동,"23,500",성동구,9,0,9,60.82,,,232-1,11200,4
43,,2016,,,2017,서희스타힐스리버파크,용답동,"1,000",성동구,9,55,9,21.95,,,238-12,11200,9
44,,2016,,,2017,서희스타힐스리버파크,용답동,"1,000",성동구,9,55,11,21.9,,,238-12,11200,5
45,,2016,,,2017,서희스타힐스리버파크,용답동,"12,500",성동구,9,0,11,21.95,,,238-12,11200,5
46,,2013,,,2017,어반 오피스텔,용답동,"2,000",성동구,9,49,12,16.21,,,229-10,11200,5
47,,2016,,,2017,서희스타힐스리버파크,용답동,"11,500",성동구,9,0,14,21.9,,,238-12,11200,15
48,,2006,,,2017,신창비바패밀리,용답동,"22,000",성동구,9,0,16,60.82,,,232-1,11200,6
49,,2016,,,2017,서희스타힐스리버파크,용답동,"13,000",성동구,9,0,16,21.9,,,238-12,11200,14
50,,2016,,,2017,서희스타힐스리버파크,용답동,"12,700",성동구,9,0,19,21.9,,,238-12,11200,7
51,,2016,,,2017,서희스타힐스리버파크,용답동,"3,000",성동구,9,40,19,19.88,,,238-12,11200,10
52,,1990,,,2017,(228-1),용답동,"1,500",성동구,9,25,20,23.43,,,228-1,11200,9
53,,2013,,,2017,어반 오피스텔,용답동,"2,000",성동구,9,69,21,29.73,,,229-10,11200,10
54,,2016,,,2017,서희스타힐스리버파크,용답동,"1,000",성동구,9,55,23,21.95,,,238-12,11200,12
55,,2016,,,2017,서희스타힐스리버파크,용답동,"13,000",성동구,9,0,24,21.9,,,238-12,11200,14
56,,2016,,,2017,서희스타힐스리버파크,용답동,"12,500",성동구,9,0,26,20.21,,,238-12,11200,10
57,,2016,,,2017,서희스타힐스리버파크,용답동,"8,000",성동구,9,25,27,21.9,,,238-12,11200,6
0,,2003,,,2017,노블리안,상왕십리동,"3,000",성동구,10,50,2,30.81,,,750,11200,7
1,,2003,,,2017,노블리안,상왕십리동,"3,000",성동구,10,50,13,30.81,,,750,11200,8
2,,2003,,,2017,노블리안,상왕십리동,"10,000",성동구,10,0,14,30.81,,,750,11200,14
3,,2003,,,2017,노블리안,상왕십리동,"9,000",성동구,10,0,23,25.74,,,750,11200,2
4,,2017,,,2017,동인드림힐스,하왕십리동,"3,000",성동구,10,60,14,19.24,,,890-181,11200,11
5,,2016,,,2017,센트라스,하왕십리동,"1,000",성동구,10,85,16,29.16,,,1070,11200,6
6,,2011,,,2017,리오파크 오피스텔,하왕십리동,"2,000",성동구,10,50,18,22.11,,,898-2,11200,9
7,,2005,,,2017,동인 레반트 오피스텔,하왕십리동,"1,000",성동구,10,60,23,27.54,,,903-3,11200,9
8,,2011,,,2017,리오파크 오피스텔,하왕십리동,"2,000",성동구,10,50,24,22.97,,,898-2,11200,15
9,,2005,,,2017,동인 레반트 오피스텔,하왕십리동,"1,000",성동구,10,65,31,27.54,,,903-3,11200,13
10,,2017,,,2017,한성아펠타워,도선동,"25,000",성동구,10,0,12,23.58,,,53,11200,6
11,,1998,,,2017,신한넥스텔,도선동,"8,500",성동구,10,0,23,19.63,,,14,11200,10
12,,2010,,,2017,고운타워,마장동,"12,000",성동구,10,0,17,36.4,,,474-5,11200,7
13,,1988,,,2017,(797-16),마장동,"7,500",성동구,10,0,21,24.6,,,797-16,11200,2
14,,2014,,,2017,서울숲 더샵,행당동,"2,000",성동구,10,140,9,45.81,,,377,11200,2
15,,2006,,,2017,왕십리역이스타빌,행당동,"17,500",성동구,10,0,21,29.43,,,287-15,11200,10
16,,2004,,,2017,성동샤르망,행당동,"12,000",성동구,10,0,25,24.84,,,192-29,11200,4
17,,2004,,,2017,성원상떼뷰,옥수동,"13,000",성동구,10,0,20,27.01,,,475,11200,7
18,,2004,,,2017,성원상떼뷰,옥수동,"1,000",성동구,10,60,25,25.6,,,475,11200,4
19,,2015,,,2017,위더스 빌,성수동1가,"24,000",성동구,10,0,13,44.05,,,33-23,11200,10
20,,2004,,,2017,Biz-Well 성수,성수동1가,"3,000",성동구,10,40,14,26.67,,,33-21,11200,3
21,,2003,,,2017,성수동 뉴타운오피스텔,성수동1가,"13,000",성동구,10,0,16,32.39,,,72-69,11200,2
22,,2004,,,2017,이에스에이리버하우스,성수동1가,"21,000",성동구,10,0,16,39.15,,,13-12,11200,5
23,,2004,,,2017,이에스에이리버하우스,성수동1가,"1,000",성동구,10,95,19,39.15,,,13-12,11200,9
24,,1997,,,2017,청재오피스텔,성수동1가,"7,500",성동구,10,10,20,35.38,,,72-71,11200,4
25,,2005,,,2017,뚝섬리버빌,성수동1가,"12,000",성동구,10,0,20,23.17,,,13-117,11200,6
26,,2004,,,2017,이에스에이리버하우스,성수동1가,"3,000",성동구,10,75,21,39.15,,,13-12,11200,3
27,,2004,,,2017,이에스에이리버하우스,성수동1가,"5,000",성동구,10,60,21,39.15,,,13-12,11200,6
28,,2015,,,2017,위더스 빌,성수동1가,"23,000",성동구,10,0,21,44.05,,,33-23,11200,3
29,,2015,,,2017,위더스 빌,성수동1가,"24,000",성동구,10,0,23,44.05,,,33-23,11200,6
30,,2005,,,2017,뚝섬리버빌,성수동1가,"1,000",성동구,10,65,24,29,,,13-117,11200,2
31,,2004,,,2017,이에스에이리버하우스,성수동1가,"2,000",성동구,10,85,26,39.15,,,13-12,11200,12
32,,2015,,,2017,위더스 빌,성수동1가,"23,000",성동구,10,0,26,43.41,,,33-23,11200,7
33,,1997,,,2017,청재오피스텔,성수동1가,"6,000",성동구,10,30,27,48.84,,,72-71,11200,4
34,,2015,,,2017,위더스 빌,성수동1가,"24,000",성동구,10,0,28,42.76,,,33-23,11200,5
35,,2004,,,2017,이에스에이리버하우스,성수동1가,"5,000",성동구,10,60,30,39.15,,,13-12,11200,4
36,,2017,,,2017,(299-134),성수동2가,"23,000",성동구,10,0,14,40.2,,,299-134,11200,6
37,,2017,,,2017,(299-134),성수동2가,"23,000",성동구,10,0,17,40.2,,,299-134,11200,6
38,,2003,,,2017,성원상떼뷰오피스텔,성수동2가,"4,000",성동구,10,0,17,28.08,,,277-37,11200,3
39,,2017,,,2017,(299-150),성수동2가,"1,000",성동구,10,50,18,41.26,,,299-150,11200,2
40,,2007,,,2017,성수동 아스테리아,성수동2가,"25,000",성동구,10,0,21,84.76,,,278-29,11200,5
41,,2017,,,2017,(299-134),성수동2가,"23,500",성동구,10,0,24,39.78,,,299-134,11200,5
42,,2003,,,2017,성원상떼뷰오피스텔,성수동2가,"5,500",성동구,10,35,27,24.84,,,277-37,11200,2
43,,2017,,,2017,(299-134),성수동2가,"23,000",성동구,10,0,28,39.78,,,299-134,11200,4
44,,2016,,,2017,그루빌1차,성수동2가,"19,000",성동구,10,0,31,37.1,,,289-198,11200,2
45,,2017,,,2017,(299-134),성수동2가,"23,000",성동구,10,0,31,40.2,,,299-134,11200,4
46,,2011,,,2017,오르세오피스텔,용답동,"16,000",성동구,10,0,7,46.25,,,238-2,11200,9
47,,2006,,,2017,신창비바패밀리,용답동,"23,500",성동구,10,0,7,56,,,232-1,11200,14
48,,2013,,,2017,어반 오피스텔,용답동,"1,000",성동구,10,45,10,16.21,,,229-10,11200,9
49,,2006,,,2017,신창비바패밀리,용답동,"3,000",성동구,10,100,11,60.82,,,232-1,11200,10
50,,2013,,,2017,어반 오피스텔,용답동,"3,000",성동구,10,42,12,20.46,,,229-10,11200,9
51,,2006,,,2017,신창비바패밀리,용답동,"1,500",성동구,10,130,12,70.12,,,232-1,11200,13
52,,2016,,,2017,서희스타힐스리버파크,용답동,"11,500",성동구,10,0,15,20.21,,,238-12,11200,9
53,,2016,,,2017,서희스타힐스리버파크,용답동,"11,500",성동구,10,0,15,20.21,,,238-12,11200,9
54,,2006,,,2017,신창비바패밀리,용답동,"23,500",성동구,10,0,16,56.17,,,232-1,11200,10
55,,2006,,,2017,신창비바패밀리,용답동,"30,000",성동구,10,0,17,106.91,,,232-1,11200,6
56,,2013,,,2017,어반 오피스텔,용답동,"2,000",성동구,10,49,17,16.21,,,229-10,11200,3
57,,2013,,,2017,어반 오피스텔,용답동,"2,000",성동구,10,51,18,17.08,,,229-10,11200,2
58,,2016,,,2017,서희스타힐스리버파크,용답동,"12,500",성동구,10,0,18,21.9,,,238-12,11200,7
59,,2016,,,2017,서희스타힐스리버파크,용답동,"3,000",성동구,10,45,20,20.21,,,238-12,11200,11
60,,2011,,,2017,오르세오피스텔,용답동,"14,500",성동구,10,0,21,33.2,,,238-2,11200,7
61,,2013,,,2017,어반 오피스텔,용답동,"1,000",성동구,10,64,21,20.46,,,229-10,11200,2
62,,2013,,,2017,어반 오피스텔,용답동,"1,000",성동구,10,48,21,16.21,,,229-10,11200,9
63,,2016,,,2017,서희스타힐스리버파크,용답동,"1,500",성동구,10,55,21,21.9,,,238-12,11200,13
64,,2016,,,2017,서희스타힐스리버파크,용답동,"4,000",성동구,10,35,24,21.95,,,238-12,11200,5
65,,2013,,,2017,어반 오피스텔,용답동,"2,000",성동구,10,56,28,20.46,,,229-10,11200,2
66,,2013,,,2017,어반 오피스텔,용답동,"2,000",성동구,10,56,31,20.46,,,229-10,11200,2
0,,2003,,,2017,노블리안,상왕십리동,"3,000",성동구,11,50,13,30.81,,,750,11200,12
1,,2003,,,2017,노블리안,상왕십리동,"6,000",성동구,11,30,16,30.81,,,750,11200,15
2,,2003,,,2017,노블리안,상왕십리동,"10,000",성동구,11,0,16,30.81,,,750,11200,5
3,,2003,,,2017,노블리안,상왕십리동,"13,500",성동구,11,0,27,30.81,,,750,11200,15
4,,2003,,,2017,노블리안,상왕십리동,"5,000",성동구,11,35,29,30.81,,,750,11200,2
5,,2003,,,2017,노블리안,상왕십리동,"2,000",성동구,11,60,30,25.74,,,750,11200,11
6,,2011,,,2017,리오파크 오피스텔,하왕십리동,"13,000",성동구,11,0,4,23.42,,,898-2,11200,7
7,,2016,,,2017,센트라스,하왕십리동,"1,000",성동구,11,89,9,31.01,,,1070,11200,9
8,,2016,,,2017,센트라스,하왕십리동,"25,000",성동구,11,0,11,32.53,,,1070,11200,22
9,,2016,,,2017,센트라스,하왕십리동,"23,100",성동구,11,0,21,32.53,,,1070,11200,12
10,,2016,,,2017,센트라스,하왕십리동,"25,000",성동구,11,0,21,32.53,,,1070,11200,12
11,,2005,,,2017,동인 레반트 오피스텔,하왕십리동,"1,000",성동구,11,65,25,27.54,,,903-3,11200,7
12,,2016,,,2017,센트라스,하왕십리동,"7,000",성동구,11,60,29,31.01,,,1070,11200,7
13,,2017,,,2017,한성아펠타워,도선동,"3,000",성동구,11,75,1,23.61,,,53,11200,11
14,,1998,,,2017,신한넥스텔,도선동,"13,000",성동구,11,0,18,39.26,,,14,11200,16
15,,1988,,,2017,(797-16),마장동,"1,000",성동구,11,40,2,24.6,,,797-16,11200,4
16,,2006,,,2017,왕십리역이스타빌,행당동,"1,000",성동구,11,80,6,29.43,,,287-15,11200,14
17,,2004,,,2017,성동샤르망,행당동,"1,000",성동구,11,67,25,27.6,,,192-29,11200,6
18,,2004,,,2017,성동샤르망,행당동,"12,000",성동구,11,0,25,26.22,,,192-29,11200,12
19,,2004,,,2017,성동샤르망,행당동,"3,000",성동구,11,50,25,24.84,,,192-29,11200,9
20,,2004,,,2017,성동샤르망,행당동,"3,500",성동구,11,50,30,24.84,,,192-29,11200,5
21,,2002,,,2017,금호힐오피스텔,금호동1가,500,성동구,11,40,20,27.35,,,1755,11200,5
22,,2004,,,2017,성원상떼뷰,옥수동,"1,000",성동구,11,60,2,25.6,,,475,11200,2
23,,2004,,,2017,성원상떼뷰,옥수동,"1,000",성동구,11,65,3,27.01,,,475,11200,9
24,,2004,,,2017,성원상떼뷰,옥수동,"15,000",성동구,11,0,8,30.75,,,475,11200,7
25,,2004,,,2017,성원상떼뷰,옥수동,"5,500",성동구,11,35,10,25.6,,,475,11200,4
26,,2004,,,2017,성원상떼뷰,옥수동,"5,000",성동구,11,40,25,29.54,,,475,11200,10
27,,2003,,,2017,아트빌딩,성수동1가,"3,000",성동구,11,45,4,27.02,,,685-308,11200,8
28,,2003,,,2017,(670-147),성수동1가,"8,000",성동구,11,15,11,21.36,,,670-147,11200,3
29,,2004,,,2017,이에스에이리버하우스,성수동1가,"11,000",성동구,11,40,11,39.15,,,13-12,11200,10
30,,2003,,,2017,아트빌딩,성수동1가,"13,000",성동구,11,0,13,27.02,,,685-308,11200,6
31,,2004,,,2017,Biz-Well 성수,성수동1가,"3,000",성동구,11,39,14,24.69,,,33-21,11200,8
32,,2015,,,2017,위더스 빌,성수동1가,"25,000",성동구,11,0,15,44.05,,,33-23,11200,7
33,,2004,,,2017,이에스에이리버하우스,성수동1가,"6,000",성동구,11,55,15,39.15,,,13-12,11200,7
34,,2015,,,2017,위더스 빌,성수동1가,"23,000",성동구,11,0,15,44.05,,,33-23,11200,9
35,,2015,,,2017,위더스 빌,성수동1가,"23,000",성동구,11,0,16,42.76,,,33-23,11200,4
36,,2005,,,2017,뚝섬리버빌,성수동1가,"12,000",성동구,11,0,16,23.17,,,13-117,11200,8
37,,2005,,,2017,뚝섬리버빌,성수동1가,"9,500",성동구,11,0,18,20.19,,,13-117,11200,7
38,,2004,,,2017,Biz-Well 성수,성수동1가,"1,000",성동구,11,60,18,26.67,,,33-21,11200,8
39,,2013,,,2017,서울숲 다세대 오피스텔,성수동1가,"16,000",성동구,11,0,20,27.38,,,656-28,11200,6
40,,2015,,,2017,위더스 빌,성수동1가,"22,000",성동구,11,10,22,44.05,,,33-23,11200,5
41,,2015,,,2017,위더스 빌,성수동1가,"24,000",성동구,11,0,25,43.41,,,33-23,11200,8
42,,2004,,,2017,Biz-Well 성수,성수동1가,"3,000",성동구,11,40,27,26.67,,,33-21,11200,4
43,,2003,,,2017,성원상떼뷰오피스텔,성수동2가,"12,500",성동구,11,0,4,28.08,,,277-37,11200,9
44,,2003,,,2017,성원상떼뷰오피스텔,성수동2가,500,성동구,11,60,7,24.84,,,277-37,11200,5
45,,2017,,,2017,(299-134),성수동2가,"23,000",성동구,11,0,15,40.2,,,299-134,11200,5
46,,2003,,,2017,성원상떼뷰오피스텔,성수동2가,"1,500",성동구,11,50,17,24.84,,,277-37,11200,9
47,,2003,,,2017,성원상떼뷰오피스텔,성수동2가,"2,000",성동구,11,50,20,28.08,,,277-37,11200,11
48,,2003,,,2017,성원상떼뷰오피스텔,성수동2가,"5,000",성동구,11,30,21,24.84,,,277-37,11200,8
49,,2003,,,2017,성원상떼뷰오피스텔,성수동2가,"1,000",성동구,11,53,22,24.84,,,277-37,11200,8
50,,2003,,,2017,성원상떼뷰오피스텔,성수동2가,"1,000",성동구,11,60,24,28.08,,,277-37,11200,10
51,,2013,,,2017,성수동램킨중흥S클래스오피스텔,성수동2가,"3,500",성동구,11,43,28,18.33,,,277-101,11200,3
52,,2003,,,2017,성원상떼뷰오피스텔,성수동2가,"4,000",성동구,11,45,30,28.08,,,277-37,11200,10
53,,2003,,,2017,송정동센스빌오피스텔,송정동,"12,000",성동구,11,0,30,30.92,,,81-16,11200,7
54,,2016,,,2017,서희스타힐스리버파크,용답동,"1,000",성동구,11,55,1,21.9,,,238-12,11200,14
55,,2016,,,2017,서희스타힐스리버파크,용답동,"12,000",성동구,11,0,2,20.21,,,238-12,11200,15
56,,2016,,,2017,서희스타힐스리버파크,용답동,"13,000",성동구,11,0,3,21.9,,,238-12,11200,14
57,,2016,,,2017,서희스타힐스리버파크,용답동,"4,000",성동구,11,47,4,20.21,,,238-12,11200,12
58,,2013,,,2017,어반 오피스텔,용답동,"2,000",성동구,11,49,4,16.21,,,229-10,11200,5
59,,2013,,,2017,어반 오피스텔,용답동,"2,000",성동구,11,49,8,16.21,,,229-10,11200,4
60,,2006,,,2017,신창비바패밀리,용답동,"3,000",성동구,11,110,9,60.59,,,232-1,11200,15
61,,2016,,,2017,서희스타힐스리버파크,용답동,"3,000",성동구,11,45,10,21.95,,,238-12,11200,6
62,,2016,,,2017,서희스타힐스리버파크,용답동,"13,000",성동구,11,0,10,21.9,,,238-12,11200,12
63,,1991,,,2017,삼호오피스텔,용답동,"1,500",성동구,11,24,10,26.25,,,236-5,11200,4
64,,2016,,,2017,서희스타힐스리버파크,용답동,"12,000",성동구,11,0,11,20.21,,,238-12,11200,14
65,,2013,,,2017,어반 오피스텔,용답동,"2,000",성동구,11,56,13,20.46,,,229-10,11200,4
66,,2016,,,2017,서희스타힐스리버파크,용답동,"1,000",성동구,11,60,16,21.9,,,238-12,11200,8
67,,2016,,,2017,서희스타힐스리버파크,용답동,"13,000",성동구,11,0,16,21.9,,,238-12,11200,6
68,,2016,,,2017,서희스타힐스리버파크,용답동,"3,000",성동구,11,45,17,21.9,,,238-12,11200,12
69,,2016,,,2017,서희스타힐스리버파크,용답동,"12,500",성동구,11,0,17,20.21,,,238-12,11200,6
70,,2013,,,2017,어반 오피스텔,용답동,"2,000",성동구,11,56,20,20.46,,,229-10,11200,5
71,,2013,,,2017,어반 오피스텔,용답동,"2,000",성동구,11,57,23,20.96,,,229-10,11200,3
72,,2011,,,2017,오르세오피스텔,용답동,"4,000",성동구,11,50,29,43.55,,,238-2,11200,4
0,,2003,,,2017,노블리안,상왕십리동,"3,000",성동구,12,45,5,25.74,,,750,11200,7
1,,2003,,,2017,노블리안,상왕십리동,"10,000",성동구,12,0,7,30.81,,,750,11200,2
2,,2003,,,2017,노블리안,상왕십리동,"4,000",성동구,12,35,11,25.74,,,750,11200,8
3,,2003,,,2017,노블리안,상왕십리동,"10,000",성동구,12,0,13,30.81,,,750,11200,14
4,,2003,,,2017,노블리안,상왕십리동,"1,000",성동구,12,60,16,25.74,,,750,11200,11
5,,2003,,,2017,노블리안,상왕십리동,"12,000",성동구,12,0,19,30.81,,,750,11200,5
6,,2003,,,2017,노블리안,상왕십리동,"7,000",성동구,12,20,23,30.81,,,750,11200,5
7,,2003,,,2017,노블리안,상왕십리동,"6,000",성동구,12,25,29,30.81,,,750,11200,2
8,,2005,,,2017,동인 레반트 오피스텔,하왕십리동,"1,000",성동구,12,60,1,27.54,,,903-3,11200,3
9,,2016,,,2017,센트라스,하왕십리동,"25,000",성동구,12,0,2,32.53,,,1070,11200,17
10,,2016,,,2017,센트라스,하왕십리동,"1,000",성동구,12,79,4,31.01,,,1070,11200,13
11,,2016,,,2017,센트라스,하왕십리동,"25,000",성동구,12,0,4,31.01,,,1070,11200,21
12,,2016,,,2017,센트라스,하왕십리동,"25,000",성동구,12,0,4,32.53,,,1070,11200,14
13,,2016,,,2017,센트라스,하왕십리동,"25,000",성동구,12,0,4,32.53,,,1070,11200,11
14,,2016,,,2017,센트라스,하왕십리동,"1,000",성동구,12,90,5,31.01,,,1070,11200,23
15,,2005,,,2017,동인 레반트 오피스텔,하왕십리동,"2,000",성동구,12,60,5,27.54,,,903-3,11200,10
16,,2017,,,2017,동인드림힐스,하왕십리동,"18,000",성동구,12,0,8,19.24,,,890-181,11200,12
17,,2016,,,2017,센트라스,하왕십리동,"1,000",성동구,12,79,8,32.53,,,1070,11200,14
18,,2017,,,2017,동인드림힐스,하왕십리동,"18,000",성동구,12,0,8,19.24,,,890-181,11200,12
19,,2017,,,2017,동인드림힐스,하왕십리동,"20,000",성동구,12,0,14,27.51,,,890-181,11200,8
20,,2017,,,2017,동인드림힐스,하왕십리동,"18,000",성동구,12,0,16,19.24,,,890-181,11200,11
21,,2017,,,2017,동인드림힐스,하왕십리동,"5,000",성동구,12,50,18,19.24,,,890-181,11200,12
22,,2005,,,2017,동인 레반트 오피스텔,하왕십리동,"10,000",성동구,12,30,20,27.54,,,903-3,11200,12
23,,2016,,,2017,센트라스,하왕십리동,"23,100",성동구,12,0,22,32.53,,,1070,11200,17
24,,2016,,,2017,센트라스,하왕십리동,"15,000",성동구,12,32,23,31.01,,,1070,11200,10
25,,2016,,,2017,센트라스,하왕십리동,"4,000",성동구,12,0,23,31.01,,,1070,11200,7
26,,2016,,,2017,센트라스,하왕십리동,"1,000",성동구,12,84,25,32.53,,,1070,11200,11
27,,2016,,,2017,센트라스,하왕십리동,"22,000",성동구,12,0,26,31.01,,,1070,11200,7
28,,2016,,,2017,센트라스,하왕십리동,"23,000",성동구,12,0,26,31.01,,,1070,11200,7
29,,2011,,,2017,리오파크 오피스텔,하왕십리동,"13,000",성동구,12,0,29,22.82,,,898-2,11200,8
30,,2016,,,2017,센트라스,하왕십리동,"21,000",성동구,12,0,30,32.53,,,1070,11200,23
31,,2014,,,2017,J&J빌딩,도선동,"16,000",성동구,12,0,5,29.1,,,276,11200,7
32,,1998,,,2017,신한넥스텔,도선동,"14,000",성동구,12,0,18,39.26,,,14,11200,12
33,,2017,,,2017,한성아펠타워,도선동,"24,000",성동구,12,0,30,23.58,,,53,11200,8
34,,2004,,,2017,성동샤르망,행당동,500,성동구,12,70,1,26.22,,,192-29,11200,9
35,,2006,,,2017,왕십리역이스타빌,행당동,"1,000",성동구,12,80,4,29.43,,,287-15,11200,13
36,,2004,,,2017,성동샤르망,행당동,"3,600",성동구,12,40,6,24.84,,,192-29,11200,4
37,,2004,,,2017,성동샤르망,행당동,"5,000",성동구,12,30,15,24.84,,,192-29,11200,7
38,,2006,,,2017,왕십리역이스타빌,행당동,"2,000",성동구,12,70,30,29.43,,,287-15,11200,5
39,,2004,,,2017,성원상떼뷰,옥수동,"1,000",성동구,12,65,9,28,,,475,11200,11
40,,2004,,,2017,성원상떼뷰,옥수동,"5,000",성동구,12,30,18,25.6,,,475,11200,3
41,,2004,,,2017,성원상떼뷰,옥수동,"14,000",성동구,12,0,26,25.6,,,475,11200,5
42,,2013,,,2017,서울숲오피스텔,성수동1가,"15,000",성동구,12,0,4,46.08,,,656-392,11200,6
43,,2004,,,2017,Biz-Well 성수,성수동1가,"4,000",성동구,12,33,5,24.69,,,33-21,11200,6
44,,2004,,,2017,이에스에이리버하우스,성수동1가,"5,000",성동구,12,70,13,39.15,,,13-12,11200,11
45,,2004,,,2017,Biz-Well 성수,성수동1가,"2,000",성동구,12,40,15,20.69,,,33-21,11200,10
46,,2013,,,2017,서울숲오피스텔,성수동1가,"22,000",성동구,12,0,15,44.16,,,656-392,11200,2
47,,2015,,,2017,위더스 빌,성수동1가,"23,100",성동구,12,0,21,43.41,,,33-23,11200,3
48,,2013,,,2017,서울숲 다세대 오피스텔,성수동1가,"23,000",성동구,12,0,22,53.55,,,656-28,11200,5
49,,2004,,,2017,이에스에이리버하우스,성수동1가,"1,000",성동구,12,90,23,39.15,,,13-12,11200,2
50,,2003,,,2017,성수동 뉴타운오피스텔,성수동1가,"14,000",성동구,12,0,23,26.86,,,72-69,11200,10
51,,2004,,,2017,이에스에이리버하우스,성수동1가,"30,000",성동구,12,0,25,63.74,,,13-12,11200,8
52,,2013,,,2017,서울숲 다세대 오피스텔,성수동1가,"23,000",성동구,12,0,29,53.55,,,656-28,11200,4
53,,2017,,,2017,(299-134),성수동2가,"23,000",성동구,12,0,12,40.2,,,299-134,11200,2
54,,2017,,,2017,(299-134),성수동2가,"23,000",성동구,12,0,14,40.2,,,299-134,11200,2
55,,2003,,,2017,성원상떼뷰오피스텔,성수동2가,"12,500",성동구,12,0,15,28.08,,,277-37,11200,7
56,,2013,,,2017,성수동램킨중흥S클래스오피스텔,성수동2가,"2,000",성동구,12,50,15,18.33,,,277-101,11200,5
57,,2003,,,2017,성원상떼뷰오피스텔,성수동2가,500,성동구,12,60,17,24.84,,,277-37,11200,4
58,,2017,,,2017,(299-134),성수동2가,"23,000",성동구,12,0,18,39.78,,,299-134,11200,3
59,,2013,,,2017,성수동램킨중흥S클래스오피스텔,성수동2가,"3,000",성동구,12,45,23,18.33,,,277-101,11200,8
60,,2017,,,2017,(299-134),성수동2가,"23,000",성동구,12,0,29,39.78,,,299-134,11200,3
61,,2003,,,2017,송정동센스빌오피스텔,송정동,"12,000",성동구,12,0,6,30.92,,,81-16,11200,6
62,,2013,,,2017,어반 오피스텔,용답동,"2,000",성동구,12,56,2,20.46,,,229-10,11200,6
63,,2013,,,2017,어반 오피스텔,용답동,"1,000",성동구,12,45,4,16.21,,,229-10,11200,8
64,,2011,,,2017,오르세오피스텔,용답동,"17,000",성동구,12,0,5,46.25,,,238-2,11200,9
65,,2016,,,2017,서희스타힐스리버파크,용답동,"4,000",성동구,12,40,6,21.9,,,238-12,11200,6
66,,2011,,,2017,오르세오피스텔,용답동,"1,000",성동구,12,75,7,33.2,,,238-2,11200,5
67,,2013,,,2017,어반 오피스텔,용답동,"2,000",성동구,12,56,11,20.46,,,229-10,11200,4
68,,2011,,,2017,오르세오피스텔,용답동,"7,000",성동구,12,40,13,43.55,,,238-2,11200,4
69,,2013,,,2017,어반 오피스텔,용답동,"1,000",성동구,12,59,14,17.08,,,229-10,11200,5
70,,2013,,,2017,어반 오피스텔,용답동,"2,000",성동구,12,40,18,16.21,,,229-10,11200,10
71,,2016,,,2017,서희스타힐스리버파크,용답동,"1,000",성동구,12,57,18,21.9,,,238-12,11200,13
72,,2016,,,2017,서희스타힐스리버파크,용답동,500,성동구,12,55,19,21.9,,,238-12,11200,8
73,,2016,,,2017,서희스타힐스리버파크,용답동,"3,000",성동구,12,45,20,21.9,,,238-12,11200,8
74,,2013,,,2017,어반 오피스텔,용답동,"2,000",성동구,12,57,23,20.96,,,229-10,11200,4
75,,2016,,,2017,서희스타힐스리버파크,용답동,"13,000",성동구,12,0,28,21.95,,,238-12,11200,7
76,,2016,,,2017,서희스타힐스리버파크,용답동,"12,500",성동구,12,0,28,20.21,,,238-12,11200,8
77,,2016,,,2017,서희스타힐스리버파크,용답동,"12,500",성동구,12,0,30,20.21,,,238-12,11200,15
0,,2003,,,2018,노블리안,상왕십리동,"8,000",성동구,1,15,2,30.81,,,750,11200,9
1,,2003,,,2018,노블리안,상왕십리동,"1,000",성동구,1,60,10,25.74,,,750,11200,7
2,,2003,,,2018,노블리안,상왕십리동,"11,000",성동구,1,0,11,30.81,,,750,11200,3
3,,2003,,,2018,노블리안,상왕십리동,"1,000",성동구,1,70,15,30.81,,,750,11200,4
4,,2003,,,2018,노블리안,상왕십리동,"10,000",성동구,1,0,22,30.81,,,750,11200,7
5,,2003,,,2018,노블리안,상왕십리동,"7,000",성동구,1,20,24,30.81,,,750,11200,8
6,,2005,,,2018,동인 레반트 오피스텔,하왕십리동,"14,000",성동구,1,0,3,27.54,,,903-3,11200,6
7,,2016,,,2018,센트라스,하왕십리동,"12,000",성동구,1,50,5,32.53,,,1070,11200,25
8,,2011,,,2018,리오파크 오피스텔,하왕십리동,"4,000",성동구,1,40,6,23.42,,,898-2,11200,10
9,,2005,,,2018,동인 레반트 오피스텔,하왕십리동,"2,000",성동구,1,60,8,27.54,,,903-3,11200,9
10,,2016,,,2018,센트라스,하왕십리동,"1,000",성동구,1,87,8,31.01,,,1070,11200,9
11,,2016,,,2018,센트라스,하왕십리동,"23,000",성동구,1,0,13,31.01,,,1070,11200,17
12,,2016,,,2018,센트라스,하왕십리동,"25,000",성동구,1,0,13,31.01,,,1070,11200,11
13,,2017,,,2018,동인드림힐스,하왕십리동,"1,000",성동구,1,90,18,27.14,,,890-181,11200,7
14,,2005,,,2018,동인 레반트 오피스텔,하왕십리동,"1,000",성동구,1,65,18,27.54,,,903-3,11200,15
15,,2011,,,2018,리오파크 오피스텔,하왕십리동,"1,000",성동구,1,60,18,24.07,,,898-2,11200,4
16,,2016,,,2018,센트라스,하왕십리동,"25,000",성동구,1,0,20,29.16,,,1070,11200,8
17,,2011,,,2018,리오파크 오피스텔,하왕십리동,"1,000",성동구,1,60,27,23.88,,,898-2,11200,8
18,,2016,,,2018,센트라스,하왕십리동,"22,000",성동구,1,0,29,31.01,,,1070,11200,25
19,,1998,,,2018,신한넥스텔,도선동,"1,000",성동구,1,50,6,30.18,,,14,11200,13
20,,2017,,,2018,한성아펠타워,도선동,"25,000",성동구,1,0,9,23.58,,,53,11200,14
21,,2017,,,2018,한성아펠타워,도선동,"1,000",성동구,1,90,20,23.58,,,53,11200,15
22,,2017,,,2018,한성아펠타워,도선동,"5,000",성동구,1,60,25,23.58,,,53,11200,6
23,,1998,,,2018,신한넥스텔,도선동,500,성동구,1,45,25,19.63,,,14,11200,6
24,,1998,,,2018,신한넥스텔,도선동,"1,000",성동구,1,45,26,19.63,,,14,11200,9
25,,1998,,,2018,신한넥스텔,도선동,"1,000",성동구,1,40,26,19.63,,,14,11200,4
26,,2010,,,2018,고운타워,마장동,"9,000",성동구,1,0,8,23.8,,,474-5,11200,6
27,,1988,,,2018,(797-16),마장동,"8,500",성동구,1,0,13,24.6,,,797-16,11200,3
28,,1988,,,2018,(797-16),마장동,"3,000",성동구,1,30,28,24.6,,,797-16,11200,2
29,,2007,,,2018,마장동청계아르테미스,마장동,"13,000",성동구,1,0,30,39.36,,,778-5,11200,6
30,,2004,,,2018,성동샤르망,행당동,"4,000",성동구,1,40,2,24.84,,,192-29,11200,12
31,,2004,,,2018,성동샤르망,행당동,"3,000",성동구,1,50,2,26.22,,,192-29,11200,4
32,,2006,,,2018,왕십리역이스타빌,행당동,"10,000",성동구,1,30,11,26.01,,,287-15,11200,5
33,,2004,,,2018,성동샤르망,행당동,"4,000",성동구,1,40,13,27.6,,,192-29,11200,4
34,,2004,,,2018,성동샤르망,행당동,"2,000",성동구,1,55,13,24.84,,,192-29,11200,12
35,,2004,,,2018,성동샤르망,행당동,"1,000",성동구,1,60,16,24.84,,,192-29,11200,9
36,,2004,,,2018,성동샤르망,행당동,"1,000",성동구,1,60,22,24.84,,,192-29,11200,11
37,,2014,,,2018,서울숲 더샵,행당동,"1,000",성동구,1,140,24,48.9,,,377,11200,4
38,,2004,,,2018,성동샤르망,행당동,"2,000",성동구,1,50,25,24.84,,,192-29,11200,4
39,,2006,,,2018,왕십리역이스타빌,행당동,"1,000",성동구,1,65,27,21.91,,,287-15,11200,10
40,,2006,,,2018,왕십리역이스타빌,행당동,"1,000",성동구,1,65,30,21.91,,,287-15,11200,14
41,,2003,,,2018,재호예향빌,금호동4가,"8,000",성동구,1,0,13,22.56,,,1028,11200,4
42,,2003,,,2018,재호예향빌,금호동4가,"1,000",성동구,1,50,27,22.56,,,1028,11200,4
43,,2004,,,2018,성원상떼뷰,옥수동,"1,000",성동구,1,65,15,27.01,,,475,11200,8
44,,2004,,,2018,성원상떼뷰,옥수동,"14,000",성동구,1,0,19,25.6,,,475,11200,5
45,,2004,,,2018,성원상떼뷰,옥수동,"12,000",성동구,1,0,20,27.01,,,475,11200,3
46,,2004,,,2018,성원상떼뷰,옥수동,"1,000",성동구,1,65,26,27.01,,,475,11200,11
47,,2004,,,2018,이에스에이리버하우스,성수동1가,"6,000",성동구,1,60,4,39.15,,,13-12,11200,8
48,,2003,,,2018,(670-147),성수동1가,"5,000",성동구,1,21,4,21.36,,,670-147,11200,7
49,,2004,,,2018,Biz-Well 성수,성수동1가,"3,000",성동구,1,41,6,26.13,,,33-21,11200,7
50,,2003,,,2018,아트빌딩,성수동1가,"5,000",성동구,1,33,9,26.9,,,685-308,11200,4
51,,2004,,,2018,Biz-Well 성수,성수동1가,"3,000",성동구,1,39,9,24.69,,,33-21,11200,4
52,,2004,,,2018,이에스에이리버하우스,성수동1가,"20,000",성동구,1,0,13,39.15,,,13-12,11200,5
53,,2004,,,2018,이에스에이리버하우스,성수동1가,"2,000",성동구,1,140,14,63.74,,,13-12,11200,4
54,,2003,,,2018,아트빌딩,성수동1가,"12,000",성동구,1,0,15,27.02,,,685-308,11200,5
55,,2005,,,2018,뚝섬리버빌,성수동1가,"10,000",성동구,1,30,15,26.02,,,13-117,11200,3
56,,2003,,,2018,(670-147),성수동1가,"7,000",성동구,1,15,15,21.45,,,670-147,11200,9
57,,2003,,,2018,성수동 뉴타운오피스텔,성수동1가,"1,000",성동구,1,60,16,29.23,,,72-69,11200,8
58,,2004,,,2018,Biz-Well 성수,성수동1가,"3,000",성동구,1,39,17,24.65,,,33-21,11200,3
59,,2003,,,2018,아트빌딩,성수동1가,"12,000",성동구,1,0,17,24.64,,,685-308,11200,8
60,,2004,,,2018,이에스에이리버하우스,성수동1가,"7,000",성동구,1,55,19,39.15,,,13-12,11200,12
61,,2003,,,2018,성수동 뉴타운오피스텔,성수동1가,"16,000",성동구,1,0,20,32.76,,,72-69,11200,10
62,,2004,,,2018,이에스에이리버하우스,성수동1가,"8,500",성동구,1,45,22,39.15,,,13-12,11200,10
63,,2004,,,2018,이에스에이리버하우스,성수동1가,"5,000",성동구,1,70,22,39.15,,,13-12,11200,12
64,,2017,,,2018,뚝섬리치빌A동,성수동1가,"18,000",성동구,1,0,23,27.34,,,656-1041,11200,2
65,,2004,,,2018,Biz-Well 성수,성수동1가,"3,000",성동구,1,39,26,24.69,,,33-21,11200,4
66,,2004,,,2018,이에스에이리버하우스,성수동1가,"21,500",성동구,1,0,27,39.15,,,13-12,11200,2
67,,2003,,,2018,아트빌딩,성수동1가,"13,000",성동구,1,0,31,26.9,,,685-308,11200,7
68,,2013,,,2018,성수동램킨중흥S클래스오피스텔,성수동2가,"1,000",성동구,1,53,3,18.33,,,277-101,11200,3
69,,2003,,,2018,성원상떼뷰오피스텔,성수동2가,"13,000",성동구,1,0,3,28.08,,,277-37,11200,9
70,,2003,,,2018,성원상떼뷰오피스텔,성수동2가,"15,000",성동구,1,0,3,40.94,,,277-37,11200,4
71,,2003,,,2018,성원상떼뷰오피스텔,성수동2가,"13,000",성동구,1,0,4,28.08,,,277-37,11200,9
72,,2013,,,2018,성수동램킨중흥S클래스오피스텔,성수동2가,"1,000",성동구,1,53,5,18.33,,,277-101,11200,2
73,,2013,,,2018,성수동램킨중흥S클래스오피스텔,성수동2가,"2,000",성동구,1,50,6,18.33,,,277-101,11200,5
74,,2013,,,2018,성수동램킨중흥S클래스오피스텔,성수동2가,"1,000",성동구,1,58,6,18.33,,,277-101,11200,7
75,,2003,,,2018,성원상떼뷰오피스텔,성수동2가,"12,500",성동구,1,0,8,28.08,,,277-37,11200,5
76,,2003,,,2018,성원상떼뷰오피스텔,성수동2가,"12,000",성동구,1,0,8,24.84,,,277-37,11200,2
77,,2017,,,2018,(299-134),성수동2가,"23,000",성동구,1,0,10,39.78,,,299-134,11200,2
78,,2017,,,2018,(299-134),성수동2가,"23,000",성동구,1,0,11,39.78,,,299-134,11200,2
79,,2003,,,2018,성원상떼뷰오피스텔,성수동2가,"11,500",성동구,1,0,13,24.84,,,277-37,11200,4
80,,2017,,,2018,(299-134),성수동2가,"23,500",성동구,1,0,15,39.78,,,299-134,11200,4
81,,1998,,,2018,성수아카데미타워,성수동2가,"1,000",성동구,1,74,16,32.67,,,277-17,11200,17
82,,2013,,,2018,성수동램킨중흥S클래스오피스텔,성수동2가,"3,000",성동구,1,45,17,18.33,,,277-101,11200,8
83,,2003,,,2018,성원상떼뷰오피스텔,성수동2가,"10,000",성동구,1,0,20,24.84,,,277-37,11200,8
84,,2013,,,2018,성수동램킨중흥S클래스오피스텔,성수동2가,"1,000",성동구,1,55,25,18.33,,,277-101,11200,5
85,,2003,,,2018,성원상떼뷰오피스텔,성수동2가,"3,000",성동구,1,45,27,28.08,,,277-37,11200,4
86,,2013,,,2018,성수동램킨중흥S클래스오피스텔,성수동2가,"1,000",성동구,1,55,27,18.33,,,277-101,11200,8
87,,2013,,,2018,성수동램킨중흥S클래스오피스텔,성수동2가,"1,500",성동구,1,50,30,18.33,,,277-101,11200,3
88,,2013,,,2018,어반 오피스텔,용답동,"2,000",성동구,1,49,2,16.21,,,229-10,11200,5
89,,2013,,,2018,어반 오피스텔,용답동,"2,000",성동구,1,49,2,20.46,,,229-10,11200,9
90,,2013,,,2018,어반 오피스텔,용답동,"2,000",성동구,1,56,4,20.46,,,229-10,11200,3
91,,2013,,,2018,어반 오피스텔,용답동,"2,000",성동구,1,49,5,18.98,,,229-10,11200,7
92,,2013,,,2018,어반 오피스텔,용답동,"2,000",성동구,1,51,5,20.96,,,229-10,11200,7
93,,2016,,,2018,서희스타힐스리버파크,용답동,"3,000",성동구,1,45,5,21.9,,,238-12,11200,10
94,,2013,,,2018,어반 오피스텔,용답동,"2,000",성동구,1,49,7,18.98,,,229-10,11200,10
95,,2013,,,2018,어반 오피스텔,용답동,"3,000",성동구,1,42,9,20.46,,,229-10,11200,9
96,,2016,,,2018,서희스타힐스리버파크,용답동,"13,000",성동구,1,0,10,21.95,,,238-12,11200,11
97,,2016,,,2018,서희스타힐스리버파크,용답동,"13,000",성동구,1,0,10,21.9,,,238-12,11200,5
98,,2013,,,2018,어반 오피스텔,용답동,"2,000",성동구,1,49,11,16.21,,,229-10,11200,2
99,,2013,,,2018,어반 오피스텔,용답동,"2,000",성동구,1,51,15,17.08,,,229-10,11200,2
100,,2013,,,2018,어반 오피스텔,용답동,"2,000",성동구,1,56,19,20.46,,,229-10,11200,5
101,,2016,,,2018,서희스타힐스리버파크,용답동,"12,500",성동구,1,0,22,19.88,,,238-12,11200,14
102,,2011,,,2018,오르세오피스텔,용답동,"17,000",성동구,1,0,24,46.25,,,238-2,11200,6
103,,2016,,,2018,서희스타힐스리버파크,용답동,"1,000",성동구,1,50,27,21.9,,,238-12,11200,9
104,,2013,,,2018,어반 오피스텔,용답동,"2,000",성동구,1,43,30,16.21,,,229-10,11200,9
105,,2016,,,2018,서희스타힐스리버파크,용답동,"1,000",성동구,1,55,30,19.88,,,238-12,11200,15
106,,2006,,,2018,신창비바패밀리,용답동,"25,000",성동구,1,0,31,65.01,,,232-1,11200,10
0,,2003,,,2018,노블리안,상왕십리동,"12,000",성동구,2,0,3,30.81,,,750,11200,10
1,,2003,,,2018,노블리안,상왕십리동,"4,000",성동구,2,40,13,30.81,,,750,11200,8
2,,2003,,,2018,노블리안,상왕십리동,"5,500",성동구,2,30,15,30.81,,,750,11200,9
3,,2003,,,2018,노블리안,상왕십리동,"12,000",성동구,2,0,19,30.81,,,750,11200,8
4,,2003,,,2018,노블리안,상왕십리동,"13,000",성동구,2,0,21,30.81,,,750,11200,8
5,,2003,,,2018,노블리안,상왕십리동,"10,000",성동구,2,0,23,30.81,,,750,11200,4
6,,2016,,,2018,센트라스,하왕십리동,"10,000",성동구,2,60,3,31.01,,,1070,11200,15
7,,2005,,,2018,동인 레반트 오피스텔,하왕십리동,"16,000",성동구,2,0,7,30.32,,,903-3,11200,5
8,,2011,,,2018,리오파크 오피스텔,하왕십리동,"6,000",성동구,2,30,10,22.82,,,898-2,11200,10
9,,2016,,,2018,센트라스,하왕십리동,"25,000",성동구,2,0,10,31.01,,,1070,11200,13
10,,2011,,,2018,리오파크 오피스텔,하왕십리동,"3,000",성동구,2,40,10,22.97,,,898-2,11200,7
11,,2011,,,2018,리오파크 오피스텔,하왕십리동,"1,000",성동구,2,60,19,22.82,,,898-2,11200,6
12,,2016,,,2018,센트라스,하왕십리동,"1,000",성동구,2,89,20,32.53,,,1070,11200,17
13,,2016,,,2018,센트라스,하왕십리동,"1,000",성동구,2,84,20,32.53,,,1070,11200,17
14,,2005,,,2018,동인 레반트 오피스텔,하왕십리동,"3,000",성동구,2,50,22,27.54,,,903-3,11200,8
15,,2016,,,2018,센트라스,하왕십리동,"2,000",성동구,2,80,22,31.01,,,1070,11200,17
16,,2016,,,2018,센트라스,하왕십리동,"2,000",성동구,2,85,23,32.53,,,1070,11200,23
17,,2011,,,2018,리오파크 오피스텔,하왕십리동,"2,000",성동구,2,50,23,21.56,,,898-2,11200,3
18,,2016,,,2018,센트라스,하왕십리동,"2,000",성동구,2,85,24,32.53,,,1070,11200,25
19,,2016,,,2018,센트라스,하왕십리동,"1,000",성동구,2,80,26,29.16,,,1070,11200,24
20,,2017,,,2018,한성아펠타워,도선동,"25,000",성동구,2,0,5,23.58,,,53,11200,11
21,,2017,,,2018,한성아펠타워,도선동,"10,000",성동구,2,40,7,23.58,,,53,11200,12
22,,2017,,,2018,한성아펠타워,도선동,"1,000",성동구,2,80,10,23.58,,,53,11200,11
23,,2018,,,2018,트레저힐스,마장동,"17,000",성동구,2,0,2,26.36,,,775-2,11200,4
24,,2018,,,2018,트레저힐스,마장동,"17,500",성동구,2,0,12,24.65,,,775-4,11200,2
25,,2018,,,2018,트레저힐스,마장동,"17,500",성동구,2,0,14,26.97,,,775-2,11200,2
26,,2018,,,2018,트레저힐스,마장동,"2,000",성동구,2,75,19,27.61,,,775-2,11200,3
27,,2018,,,2018,트레저힐스,마장동,"18,000",성동구,2,0,24,26.36,,,775-2,11200,2
28,,2004,,,2018,성동샤르망,행당동,"1,000",성동구,2,60,3,24.84,,,192-29,11200,10
29,,2006,,,2018,왕십리역이스타빌,행당동,"3,000",성동구,2,55,13,23.89,,,287-15,11200,7
30,,2014,,,2018,서울숲 더샵,행당동,"43,000",성동구,2,0,20,60.07,,,377,11200,2
31,,2006,,,2018,왕십리역이스타빌,행당동,"1,000",성동구,2,70,23,26.22,,,287-15,11200,9
32,,2004,,,2018,성동샤르망,행당동,"1,000",성동구,2,60,23,24.84,,,192-29,11200,5
33,,2004,,,2018,성동샤르망,행당동,"1,000",성동구,2,65,24,27.6,,,192-29,11200,11
34,,2003,,,2018,아트빌딩,성수동1가,"4,000",성동구,2,40,5,27.02,,,685-308,11200,3
35,,2004,,,2018,이에스에이리버하우스,성수동1가,"1,000",성동구,2,95,9,39.15,,,13-12,11200,9
36,,2003,,,2018,(670-147),성수동1가,"7,000",성동구,2,15,12,18.96,,,670-147,11200,4
37,,2004,,,2018,이에스에이리버하우스,성수동1가,"21,500",성동구,2,0,19,39.15,,,13-12,11200,6
38,,2005,,,2018,뚝섬리버빌,성수동1가,"1,000",성동구,2,60,23,25.95,,,13-117,11200,5
39,,2004,,,2018,이에스에이리버하우스,성수동1가,"10,000",성동구,2,50,26,39.15,,,13-12,11200,6
40,,2004,,,2018,성수 그린빌,성수동1가,"15,000",성동구,2,0,26,34.59,,,685-54,11200,4
41,,2004,,,2018,Biz-Well 성수,성수동1가,"2,000",성동구,2,43,28,19.08,,,33-21,11200,9
42,,2004,,,2018,성수 그린빌,성수동1가,"15,000",성동구,2,0,28,34.59,,,685-54,11200,6
43,,2003,,,2018,성원상떼뷰오피스텔,성수동2가,"3,000",성동구,2,45,3,24.84,,,277-37,11200,6
44,,2013,,,2018,성수동램킨중흥S클래스오피스텔,성수동2가,"2,000",성동구,2,45,3,18.33,,,277-101,11200,2
45,,2013,,,2018,성수동램킨중흥S클래스오피스텔,성수동2가,"2,000",성동구,2,45,6,18.33,,,277-101,11200,6
46,,2013,,,2018,성수동램킨중흥S클래스오피스텔,성수동2가,"4,000",성동구,2,35,6,18.33,,,277-101,11200,8
47,,2003,,,2018,성원상떼뷰오피스텔,성수동2가,500,성동구,2,63,7,28.08,,,277-37,11200,8
48,,2003,,,2018,성원상떼뷰오피스텔,성수동2가,"2,000",성동구,2,50,7,24.84,,,277-37,11200,8
49,,2003,,,2018,성원상떼뷰오피스텔,성수동2가,"1,000",성동구,2,52,9,24.84,,,277-37,11200,3
50,,2013,,,2018,성수동램킨중흥S클래스오피스텔,성수동2가,"2,000",성동구,2,45,10,18.33,,,277-101,11200,8
51,,2017,,,2018,백송아트빌,성수동2가,"3,000",성동구,2,80,10,28.63,,,299-167,11200,2
52,,2003,,,2018,성원상떼뷰오피스텔,성수동2가,"5,000",성동구,2,30,12,24.84,,,277-37,11200,10
53,,2003,,,2018,성원상떼뷰오피스텔,성수동2가,"4,000",성동구,2,35,14,24.84,,,277-37,11200,2
54,,2003,,,2018,성원상떼뷰오피스텔,성수동2가,"1,000",성동구,2,53,14,24.84,,,277-37,11200,8
55,,2003,,,2018,성원상떼뷰오피스텔,성수동2가,"1,000",성동구,2,55,19,24.84,,,277-37,11200,4
56,,2013,,,2018,성수동램킨중흥S클래스오피스텔,성수동2가,"1,000",성동구,2,52,19,18.33,,,277-101,11200,2
57,,2013,,,2018,성수동램킨중흥S클래스오피스텔,성수동2가,"1,000",성동구,2,55,21,18.33,,,277-101,11200,6
58,,2003,,,2018,성원상떼뷰오피스텔,성수동2가,"8,000",성동구,2,55,26,24.84,,,277-37,11200,8
59,,2016,,,2018,서희스타힐스리버파크,용답동,"1,000",성동구,2,55,1,21.9,,,238-12,11200,13
60,,2011,,,2018,오르세오피스텔,용답동,"15,000",성동구,2,0,1,35,,,238-2,11200,7
61,,2013,,,2018,어반 오피스텔,용답동,"1,000",성동구,2,77,4,29.64,,,229-10,11200,10
62,,2011,,,2018,오르세오피스텔,용답동,"2,000",성동구,2,65,6,33.2,,,238-2,11200,11
63,,2013,,,2018,어반 오피스텔,용답동,"1,000",성동구,2,65,6,20.96,,,229-10,11200,2
64,,2016,,,2018,서희스타힐스리버파크,용답동,"13,500",성동구,2,0,8,21.9,,,238-12,11200,11
65,,2016,,,2018,서희스타힐스리버파크,용답동,"12,000",성동구,2,0,9,19.88,,,238-12,11200,4
66,,2016,,,2018,서희스타힐스리버파크,용답동,"2,000",성동구,2,48,10,21.9,,,238-12,11200,12
67,,2016,,,2018,서희스타힐스리버파크,용답동,"1,000",성동구,2,55,12,21.95,,,238-12,11200,12
68,,2006,,,2018,신창비바패밀리,용답동,"23,000",성동구,2,0,14,56,,,232-1,11200,6
69,,2016,,,2018,서희스타힐스리버파크,용답동,"13,000",성동구,2,0,19,21.9,,,238-12,11200,6
70,,2006,,,2018,신창비바패밀리,용답동,"22,000",성동구,2,0,19,51.5,,,232-1,11200,13
71,,2016,,,2018,서희스타힐스리버파크,용답동,"3,000",성동구,2,40,19,21.9,,,238-12,11200,7
72,,2016,,,2018,서희스타힐스리버파크,용답동,"3,000",성동구,2,40,19,21.95,,,238-12,11200,7
73,,2016,,,2018,서희스타힐스리버파크,용답동,"13,500",성동구,2,0,19,21.9,,,238-12,11200,6
74,,2016,,,2018,서희스타힐스리버파크,용답동,500,성동구,2,55,20,19.88,,,238-12,11200,10
75,,2016,,,2018,서희스타힐스리버파크,용답동,500,성동구,2,60,26,21.9,,,238-12,11200,14
76,,2006,,,2018,신창비바패밀리,용답동,"22,000",성동구,2,0,28,56.17,,,232-1,11200,11
0,,2003,,,2018,노블리안,상왕십리동,"2,500",성동구,3,47,3,25.74,,,750,11200,3
1,,2003,,,2018,노블리안,상왕십리동,"7,000",성동구,3,20,7,30.81,,,750,11200,4
2,,2003,,,2018,노블리안,상왕십리동,"14,000",성동구,3,0,10,30.81,,,750,11200,15
3,,2003,,,2018,노블리안,상왕십리동,"14,000",성동구,3,0,10,30.81,,,750,11200,15
4,,2003,,,2018,노블리안,상왕십리동,"1,000",성동구,3,65,17,30.81,,,750,11200,14
5,,2003,,,2018,노블리안,상왕십리동,"10,000",성동구,3,0,21,30.81,,,750,11200,13
6,,2011,,,2018,리오파크 오피스텔,하왕십리동,"8,000",성동구,3,0,5,22.82,,,898-2,11200,9
7,,2016,,,2018,센트라스,하왕십리동,"25,000",성동구,3,0,8,31.01,,,1070,11200,21
8,,2016,,,2018,센트라스,하왕십리동,"2,000",성동구,3,90,16,32.53,,,1070,11200,20
9,,2011,,,2018,리오파크 오피스텔,하왕십리동,"2,000",성동구,3,55,20,22.97,,,898-2,11200,14
10,,2016,,,2018,센트라스,하왕십리동,"25,000",성동구,3,0,24,32.53,,,1070,11200,11
11,,2005,,,2018,동인 레반트 오피스텔,하왕십리동,"3,000",성동구,3,50,28,30.32,,,903-3,11200,6
12,,2011,,,2018,리오파크 오피스텔,하왕십리동,"4,000",성동구,3,50,31,24.07,,,898-2,11200,12
13,,2017,,,2018,한성아펠타워,도선동,"22,470",성동구,3,0,8,23.61,,,53,11200,7
14,,2017,,,2018,한성아펠타워,도선동,"1,000",성동구,3,74,8,23.58,,,53,11200,11
15,,1998,,,2018,신한넥스텔,도선동,"8,500",성동구,3,0,10,19.63,,,14,11200,13
16,,2017,,,2018,한성아펠타워,도선동,"3,000",성동구,3,78,12,23.61,,,53,11200,5
17,,1998,,,2018,신한넥스텔,도선동,"1,000",성동구,3,70,13,47.68,,,14,11200,17
18,,2017,,,2018,한성아펠타워,도선동,"3,000",성동구,3,85,15,23.58,,,53,11200,12
19,,2018,,,2018,트레저힐스,마장동,"22,000",성동구,3,0,15,29.17,,,775-4,11200,3
20,,2018,,,2018,트레저힐스,마장동,"16,000",성동구,3,0,16,29.72,,,775-2,11200,2
21,,2018,,,2018,트레저힐스,마장동,"20,000",성동구,3,0,19,29.51,,,775-4,11200,2
22,,2018,,,2018,트레저힐스,마장동,"1,000",성동구,3,70,25,26.36,,,775-2,11200,3
23,,2007,,,2018,마장동청계아르테미스,마장동,"15,000",성동구,3,0,31,39.36,,,778-5,11200,7
24,,2004,,,2018,성동샤르망,행당동,"11,000",성동구,3,0,1,24.84,,,192-29,11200,11
25,,2014,,,2018,서울숲 더샵,행당동,"2,000",성동구,3,120,2,35.21,,,377,11200,3
26,,2004,,,2018,신세계오피스텔,금호동1가,"1,000",성동구,3,50,5,24.38,,,481-5,11200,5
27,,2003,,,2018,재호예향빌,금호동4가,"9,000",성동구,3,0,6,30.8,,,1028,11200,5
28,,2004,,,2018,성원상떼뷰,옥수동,"1,000",성동구,3,65,16,27.01,,,475,11200,9
29,,2004,,,2018,성원상떼뷰,옥수동,"1,000",성동구,3,70,16,27.01,,,475,11200,12
30,,2004,,,2018,성원상떼뷰,옥수동,"1,000",성동구,3,65,21,27.01,,,475,11200,12
31,,2005,,,2018,뚝섬리버빌,성수동1가,"3,000",성동구,3,40,2,22.34,,,13-117,11200,10
32,,2002,,,2018,백산오피스텔,성수동1가,"10,000",성동구,3,0,2,23.65,,,671-23,11200,3
33,,2003,,,2018,아트빌딩,성수동1가,"1,000",성동구,3,50,5,24.64,,,685-308,11200,5
34,,2004,,,2018,이에스에이리버하우스,성수동1가,"4,000",성동구,3,70,7,39.15,,,13-12,11200,5
35,,2004,,,2018,이에스에이리버하우스,성수동1가,"21,000",성동구,3,0,7,39.15,,,13-12,11200,4
36,,2003,,,2018,아트빌딩,성수동1가,"13,000",성동구,3,0,7,27.02,,,685-308,11200,7
37,,2004,,,2018,이에스에이리버하우스,성수동1가,"7,000",성동구,3,50,13,39.15,,,13-12,11200,2
38,,2004,,,2018,이에스에이리버하우스,성수동1가,"22,000",성동구,3,0,21,39.15,,,13-12,11200,3
39,,2003,,,2018,성수동 뉴타운오피스텔,성수동1가,"5,000",성동구,3,35,24,30.02,,,72-69,11200,3
40,,2003,,,2018,성수동 뉴타운오피스텔,성수동1가,"1,000",성동구,3,65,27,29.23,,,72-69,11200,7
41,,2004,,,2018,Biz-Well 성수,성수동1가,"3,000",성동구,3,41,31,24.69,,,33-21,11200,7
42,,2003,,,2018,성원상떼뷰오피스텔,성수동2가,"4,000",성동구,3,40,2,28.08,,,277-37,11200,8
43,,2017,,,2018,송보파인빌,성수동2가,"5,000",성동구,3,70,5,28.56,,,299-168,11200,2
44,,2013,,,2018,성수동램킨중흥S클래스오피스텔,성수동2가,500,성동구,3,58,7,18.33,,,277-101,11200,3
45,,2003,,,2018,성원상떼뷰오피스텔,성수동2가,"2,000",성동구,3,50,7,28.08,,,277-37,11200,5
46,,2017,,,2018,송보파인빌,성수동2가,"21,000",성동구,3,0,9,27.89,,,299-168,11200,2
47,,2003,,,2018,성원상떼뷰오피스텔,성수동2가,"1,000",성동구,3,55,12,24.84,,,277-37,11200,11
48,,2003,,,2018,성원상떼뷰오피스텔,성수동2가,"1,000",성동구,3,60,14,28.08,,,277-37,11200,9
49,,2013,,,2018,성수동램킨중흥S클래스오피스텔,성수동2가,500,성동구,3,58,14,18.33,,,277-101,11200,2
50,,2013,,,2018,성수동램킨중흥S클래스오피스텔,성수동2가,"1,000",성동구,3,50,21,18.33,,,277-101,11200,5
51,,2013,,,2018,성수동램킨중흥S클래스오피스텔,성수동2가,"1,000",성동구,3,55,22,18.33,,,277-101,11200,6
52,,2013,,,2018,성수동램킨중흥S클래스오피스텔,성수동2가,"5,000",성동구,3,35,24,18.33,,,277-101,11200,8
53,,2013,,,2018,성수동램킨중흥S클래스오피스텔,성수동2가,"4,500",성동구,3,35,25,18.33,,,277-101,11200,6
54,,2016,,,2018,서희스타힐스리버파크,용답동,"1,000",성동구,3,55,3,21.95,,,238-12,11200,14
55,,2011,,,2018,오르세오피스텔,용답동,"13,000",성동구,3,0,7,35,,,238-2,11200,10
56,,2016,,,2018,서희스타힐스리버파크,용답동,"13,000",성동구,3,0,8,21.95,,,238-12,11200,4
57,,2013,,,2018,어반 오피스텔,용답동,"1,000",성동구,3,57,8,16.21,,,229-10,11200,4
58,,2016,,,2018,서희스타힐스리버파크,용답동,"1,000",성동구,3,55,12,21.9,,,238-12,11200,12
59,,2006,,,2018,신창비바패밀리,용답동,"21,000",성동구,3,0,12,51.5,,,232-1,11200,3
60,,2013,,,2018,어반 오피스텔,용답동,"1,000",성동구,3,48,12,16.21,,,229-10,11200,9
61,,2016,,,2018,서희스타힐스리버파크,용답동,"4,000",성동구,3,37,14,20.21,,,238-12,11200,12
62,,2013,,,2018,어반 오피스텔,용답동,"1,000",성동구,3,45,15,16.21,,,229-10,11200,10
63,,2016,,,2018,서희스타힐스리버파크,용답동,"5,000",성동구,3,33,16,19.88,,,238-12,11200,12
64,,2006,,,2018,신창비바패밀리,용답동,"22,000",성동구,3,0,17,51.5,,,232-1,11200,14
65,,2011,,,2018,오르세오피스텔,용답동,"15,500",성동구,3,0,19,35,,,238-2,11200,8
66,,2013,,,2018,어반 오피스텔,용답동,"2,000",성동구,3,56,19,20.46,,,229-10,11200,4
67,,2006,,,2018,신창비바패밀리,용답동,"21,000",성동구,3,0,20,56.17,,,232-1,11200,15
68,,2016,,,2018,서희스타힐스리버파크,용답동,"12,500",성동구,3,0,20,20.21,,,238-12,11200,6
69,,2016,,,2018,서희스타힐스리버파크,용답동,"2,000",성동구,3,52,20,21.9,,,238-12,11200,9
70,,2011,,,2018,오르세오피스텔,용답동,"3,000",성동구,3,75,22,46.25,,,238-2,11200,4
71,,2013,,,2018,어반 오피스텔,용답동,"2,000",성동구,3,56,23,20.46,,,229-10,11200,4
72,,2011,,,2018,오르세오피스텔,용답동,"5,000",성동구,3,30,24,25.51,,,238-2,11200,3
73,,2011,,,2018,오르세오피스텔,용답동,"5,000",성동구,3,24,24,25.51,,,238-2,11200,3
74,,2016,,,2018,서희스타힐스리버파크,용답동,"13,000",성동구,3,0,27,20.21,,,238-12,11200,6
75,,2016,,,2018,서희스타힐스리버파크,용답동,"13,000",성동구,3,0,31,21.9,,,238-12,11200,11
0,,2003,,,2018,노블리안,상왕십리동,"6,000",성동구,4,30,3,30.81,,,750,11200,8
1,,2003,,,2018,노블리안,상왕십리동,"12,000",성동구,4,0,12,30.81,,,750,11200,9
2,,2003,,,2018,노블리안,상왕십리동,"2,000",성동구,4,60,21,30.81,,,750,11200,9
3,,2016,,,2018,센트라스,하왕십리동,"1,000",성동구,4,90,5,32.53,,,1070,11200,13
4,,2005,,,2018,동인 레반트 오피스텔,하왕십리동,"1,000",성동구,4,70,13,33.34,,,903-3,11200,5
5,,2011,,,2018,리오파크 오피스텔,하왕십리동,500,성동구,4,60,21,22.82,,,898-2,11200,8
6,,2016,,,2018,센트라스,하왕십리동,"6,000",성동구,4,75,23,32.53,,,1070,11200,21
7,,2011,,,2018,리오파크 오피스텔,하왕십리동,"1,000",성동구,4,55,26,23.88,,,898-2,11200,13
8,,2017,,,2018,한성아펠타워,도선동,"1,000",성동구,4,95,12,23.61,,,53,11200,11
9,,2018,,,2018,트레저힐스,마장동,"21,000",성동구,4,0,9,27.61,,,775-2,11200,3
10,,2018,,,2018,트레저힐스,마장동,"20,000",성동구,4,0,13,29.72,,,775-2,11200,4
11,,2007,,,2018,마장동청계아르테미스,마장동,"18,500",성동구,4,0,13,69.12,,,778-5,11200,5
12,,2018,,,2018,트레저힐스,마장동,"20,000",성동구,4,0,13,29.17,,,775-4,11200,4
13,,2018,,,2018,트레저힐스,마장동,"21,000",성동구,4,0,14,26.97,,,775-2,11200,2
14,,2018,,,2018,트레저힐스,마장동,"21,500",성동구,4,0,18,29.17,,,775-4,11200,2
15,,2018,,,2018,트레저힐스,마장동,"24,000",성동구,4,0,30,29.72,,,775-2,11200,4
16,,2004,,,2018,성동샤르망,행당동,"1,000",성동구,4,60,6,24.84,,,192-29,11200,5
17,,,,,2018,K TOWER 2,행당동,"1,000",성동구,4,70,9,21.4,,,293-8,11200,3
18,,,,,2018,K TOWER 2,행당동,"27,000",성동구,4,0,10,36.06,,,293-8,11200,6
19,,,,,2018,K TOWER 2,행당동,"29,000",성동구,4,0,12,37.7,,,293-8,11200,5
20,,2004,,,2018,성동샤르망,행당동,"2,000",성동구,4,55,14,24.84,,,192-29,11200,12
21,,2004,,,2018,성동샤르망,행당동,"1,000",성동구,4,65,23,27.6,,,192-29,11200,8
22,,2006,,,2018,왕십리역이스타빌,행당동,"1,000",성동구,4,60,27,26.01,,,287-15,11200,14
23,,2002,,,2018,금호힐오피스텔,금호동1가,500,성동구,4,40,5,27.35,,,1755,11200,5
24,,2002,,,2018,금호힐오피스텔,금호동1가,"8,000",성동구,4,40,17,42.6,,,1755,11200,4
25,,2003,,,2018,재호예향빌,금호동4가,"8,000",성동구,4,0,26,23.33,,,1028,11200,2
26,,2004,,,2018,성원상떼뷰,옥수동,"2,000",성동구,4,60,27,27.01,,,475,11200,5
27,,2004,,,2018,Biz-Well 성수,성수동1가,"3,000",성동구,4,35,2,19.08,,,33-21,11200,9
28,,2004,,,2018,Biz-Well 성수,성수동1가,"1,000",성동구,4,45,4,19.08,,,33-21,11200,10
29,,2003,,,2018,(670-147),성수동1가,"7,000",성동구,4,15,6,21.45,,,670-147,11200,8
30,,2004,,,2018,Biz-Well 성수,성수동1가,"3,000",성동구,4,38,6,25.52,,,33-21,11200,3
31,,2002,,,2018,백산오피스텔,성수동1가,"10,000",성동구,4,0,7,23.65,,,671-23,11200,5
32,,2003,,,2018,성수동 뉴타운오피스텔,성수동1가,"1,000",성동구,4,70,12,32.39,,,72-69,11200,8
33,,2002,,,2018,백산오피스텔,성수동1가,"12,000",성동구,4,0,12,23.65,,,671-23,11200,8
34,,2004,,,2018,Biz-Well 성수,성수동1가,"3,000",성동구,4,35,14,19.08,,,33-21,11200,9
35,,2015,,,2018,위더스 빌,성수동1가,"24,000",성동구,4,0,14,42.76,,,33-23,11200,6
36,,2003,,,2018,아트빌딩,성수동1가,"1,000",성동구,4,60,19,24.64,,,685-308,11200,7
37,,2004,,,2018,Biz-Well 성수,성수동1가,"1,000",성동구,4,50,21,19.08,,,33-21,11200,2
38,,2004,,,2018,Biz-Well 성수,성수동1가,"3,000",성동구,4,40,23,25.52,,,33-21,11200,5
39,,2004,,,2018,Biz-Well 성수,성수동1가,"3,000",성동구,4,41,23,24.69,,,33-21,11200,8
40,,2003,,,2018,성수동 뉴타운오피스텔,성수동1가,"15,000",성동구,4,0,27,31.6,,,72-69,11200,3
41,,2004,,,2018,Biz-Well 성수,성수동1가,"3,000",성동구,4,34,28,19.08,,,33-21,11200,10
42,,2004,,,2018,Biz-Well 성수,성수동1가,"1,000",성동구,4,51,28,24.69,,,33-21,11200,6
43,,2003,,,2018,성원상떼뷰오피스텔,성수동2가,"1,500",성동구,4,55,4,28.08,,,277-37,11200,11
44,,2013,,,2018,성수동램킨중흥S클래스오피스텔,성수동2가,"1,000",성동구,4,57,10,18.33,,,277-101,11200,6
45,,2003,,,2018,성원상떼뷰오피스텔,성수동2가,"1,500",성동구,4,55,17,28.08,,,277-37,11200,4
46,,,,,2018,(299-29),성수동2가,"16,000",성동구,4,0,21,29.7,,,299-29,11200,2
47,,2003,,,2018,성원상떼뷰오피스텔,성수동2가,"13,000",성동구,4,0,21,28.08,,,277-37,11200,11
48,,2013,,,2018,성수동램킨중흥S클래스오피스텔,성수동2가,"1,000",성동구,4,52,24,18.33,,,277-101,11200,2
49,,2003,,,2018,성원상떼뷰오피스텔,성수동2가,"12,500",성동구,4,0,30,28.08,,,277-37,11200,8
50,,2003,,,2018,송정동센스빌오피스텔,송정동,"12,000",성동구,4,0,11,30.92,,,81-16,11200,7
51,,2003,,,2018,송정동센스빌오피스텔,송정동,"5,000",성동구,4,45,11,30.92,,,81-16,11200,7
52,,2003,,,2018,송정동센스빌오피스텔,송정동,"12,000",성동구,4,0,23,31.19,,,81-16,11200,4
53,,2016,,,2018,서희스타힐스리버파크,용답동,"12,500",성동구,4,0,2,20.21,,,238-12,11200,6
54,,2013,,,2018,어반 오피스텔,용답동,"2,000",성동구,4,57,4,18.98,,,229-10,11200,2
55,,2016,,,2018,서희스타힐스리버파크,용답동,"13,000",성동구,4,0,4,21.9,,,238-12,11200,6
56,,2016,,,2018,서희스타힐스리버파크,용답동,"5,000",성동구,4,35,7,21.9,,,238-12,11200,14
57,,2016,,,2018,서희스타힐스리버파크,용답동,"12,500",성동구,4,0,9,20.21,,,238-12,11200,12
58,,2016,,,2018,서희스타힐스리버파크,용답동,"13,000",성동구,4,0,10,21.9,,,238-12,11200,6
59,,2011,,,2018,오르세오피스텔,용답동,"16,000",성동구,4,0,13,43.55,,,238-2,11200,5
60,,2006,,,2018,신창비바패밀리,용답동,"3,000",성동구,4,70,17,42.75,,,232-1,11200,15
61,,2013,,,2018,어반 오피스텔,용답동,"1,000",성동구,4,57,17,20.46,,,229-10,11200,9
62,,1991,,,2018,삼호오피스텔,용답동,"6,000",성동구,4,0,18,26.18,,,236-5,11200,2
63,,1991,,,2018,삼호오피스텔,용답동,500,성동구,4,35,20,26.95,,,236-5,11200,5
64,,2016,,,2018,서희스타힐스리버파크,용답동,"13,500",성동구,4,0,29,21.9,,,238-12,11200,10
0,,2003,,,2018,노블리안,상왕십리동,"12,000",성동구,5,0,2,30.81,,,750,11200,8
1,,2003,,,2018,노블리안,상왕십리동,"6,000",성동구,5,30,21,30.81,,,750,11200,7
2,,2003,,,2018,노블리안,상왕십리동,"10,000",성동구,5,0,28,30.81,,,750,11200,8
3,,2003,,,2018,노블리안,상왕십리동,"6,000",성동구,5,20,29,25.74,,,750,11200,14
4,,2011,,,2018,리오파크 오피스텔,하왕십리동,"1,000",성동구,5,55,1,24.07,,,898-2,11200,8
5,,2016,,,2018,센트라스,하왕십리동,"23,100",성동구,5,0,1,29.16,,,1070,11200,10
6,,2005,,,2018,동인 레반트 오피스텔,하왕십리동,"1,000",성동구,5,65,2,27.54,,,903-3,11200,11
7,,2005,,,2018,동인 레반트 오피스텔,하왕십리동,"15,000",성동구,5,0,7,27.54,,,903-3,11200,13
8,,2016,,,2018,센트라스,하왕십리동,"1,000",성동구,5,79,10,32.53,,,1070,11200,14
9,,2011,,,2018,리오파크 오피스텔,하왕십리동,"12,000",성동구,5,0,14,22.82,,,898-2,11200,6
10,,2016,,,2018,센트라스,하왕십리동,"2,000",성동구,5,80,14,29.16,,,1070,11200,6
11,,2017,,,2018,동인드림힐스,하왕십리동,"2,000",성동구,5,65,30,19.24,,,890-181,11200,7
12,,2018,,,2018,렉스오피스텔,도선동,"10,000",성동구,5,40,8,25.32,,,268,11200,8
13,,1998,,,2018,신한넥스텔,도선동,"1,000",성동구,5,60,8,39.26,,,14,11200,4
14,,2018,,,2018,렉스오피스텔,도선동,"15,000",성동구,5,0,12,20.35,,,268,11200,7
15,,2018,,,2018,렉스오피스텔,도선동,"15,500",성동구,5,0,14,20.35,,,268,11200,6
16,,2018,,,2018,렉스오피스텔,도선동,"15,500",성동구,5,0,18,20.35,,,268,11200,5
17,,2018,,,2018,렉스오피스텔,도선동,"16,000",성동구,5,0,19,21.37,,,268,11200,8
18,,2018,,,2018,렉스오피스텔,도선동,"14,500",성동구,5,0,19,18.7,,,268,11200,11
19,,2018,,,2018,렉스오피스텔,도선동,"17,000",성동구,5,0,19,25.32,,,268,11200,6
20,,2017,,,2018,한성아펠타워,도선동,"5,000",성동구,5,60,20,23.58,,,53,11200,9
21,,2018,,,2018,렉스오피스텔,도선동,"18,000",성동구,5,0,22,21.27,,,268,11200,11
22,,2009,,,2018,다남매타워,도선동,"19,000",성동구,5,0,22,43.05,,,22-1,11200,7
23,,2018,,,2018,렉스오피스텔,도선동,"6,000",성동구,5,50,22,25.32,,,268,11200,7
24,,1998,,,2018,신한넥스텔,도선동,"12,000",성동구,5,0,23,44.86,,,14,11200,15
25,,2017,,,2018,한성아펠타워,도선동,"24,000",성동구,5,0,24,23.61,,,53,11200,3
26,,2018,,,2018,렉스오피스텔,도선동,"15,000",성동구,5,0,24,18.7,,,268,11200,8
27,,2018,,,2018,렉스오피스텔,도선동,"18,000",성동구,5,0,25,25.32,,,268,11200,10
28,,2018,,,2018,렉스오피스텔,도선동,"15,000",성동구,5,0,25,21.37,,,268,11200,8
29,,2018,,,2018,렉스오피스텔,도선동,"16,000",성동구,5,0,28,21.49,,,268,11200,8
30,,2018,,,2018,렉스오피스텔,도선동,"16,500",성동구,5,0,28,21.27,,,268,11200,9
31,,2018,,,2018,렉스오피스텔,도선동,"5,000",성동구,5,50,28,21.37,,,268,11200,6
32,,2018,,,2018,렉스오피스텔,도선동,"5,000",성동구,5,50,28,20.35,,,268,11200,11
33,,2018,,,2018,렉스오피스텔,도선동,"18,000",성동구,5,0,29,20.35,,,268,11200,3
34,,1998,,,2018,신한넥스텔,도선동,"5,000",성동구,5,33,29,32.22,,,14,11200,15
35,,2018,,,2018,렉스오피스텔,도선동,"5,000",성동구,5,50,29,21.49,,,268,11200,7
36,,2007,,,2018,마장동청계아르테미스,마장동,"18,500",성동구,5,0,23,54.72,,,778-5,11200,5
37,,2004,,,2018,성동샤르망,행당동,"12,000",성동구,5,0,5,24.84,,,192-29,11200,5
38,,,,,2018,K TOWER 2,행당동,"28,500",성동구,5,0,16,37.7,,,293-8,11200,6
39,,2006,,,2018,왕십리역이스타빌,행당동,"6,000",성동구,5,55,18,29.43,,,287-15,11200,8
40,,2006,,,2018,왕십리역이스타빌,행당동,"5,000",성동구,5,55,24,29.43,,,287-15,11200,8
41,,2006,,,2018,왕십리역이스타빌,행당동,"5,000",성동구,5,40,24,21.91,,,287-15,11200,14
42,,,,,2018,K TOWER 2,행당동,"1,000",성동구,5,60,25,21.78,,,293-8,11200,3
43,,2004,,,2018,성동샤르망,행당동,"3,000",성동구,5,0,30,24.84,,,192-29,11200,4
44,,2003,,,2018,재호예향빌,금호동4가,"9,000",성동구,5,0,12,22.56,,,1028,11200,2
45,,2004,,,2018,성원상떼뷰,옥수동,"1,000",성동구,5,60,9,27.01,,,475,11200,6
46,,2004,,,2018,성원상떼뷰,옥수동,"5,000",성동구,5,40,22,27.01,,,475,11200,5
47,,2004,,,2018,이에스에이리버하우스,성수동1가,"4,000",성동구,5,75,1,39.15,,,13-12,11200,8
48,,1997,,,2018,청재오피스텔,성수동1가,"3,000",성동구,5,40,2,34.16,,,72-71,11200,3
49,,2004,,,2018,이에스에이리버하우스,성수동1가,"6,000",성동구,5,55,2,39.15,,,13-12,11200,2
50,,2004,,,2018,Biz-Well 성수,성수동1가,"3,000",성동구,5,40,5,24.69,,,33-21,11200,3
51,,2003,,,2018,성수동 뉴타운오피스텔,성수동1가,"8,000",성동구,5,20,5,30.02,,,72-69,11200,4
52,,2018,,,2018,서울숲 프라임 알파,성수동1가,"10,000",성동구,5,150,8,59.18,,,13-120,11200,10
53,,2004,,,2018,이에스에이리버하우스,성수동1가,"22,000",성동구,5,0,8,39.15,,,13-12,11200,6
54,,2004,,,2018,이에스에이리버하우스,성수동1가,"5,000",성동구,5,60,9,39.15,,,13-12,11200,4
55,,2013,,,2018,서울숲오피스텔,성수동1가,"24,000",성동구,5,0,10,49.16,,,656-392,11200,3
56,,2004,,,2018,Biz-Well 성수,성수동1가,"1,000",성동구,5,45,10,19.08,,,33-21,11200,10
57,,2004,,,2018,Biz-Well 성수,성수동1가,"3,000",성동구,5,34,11,19.08,,,33-21,11200,9
58,,2013,,,2018,서울숲오피스텔,성수동1가,"22,000",성동구,5,0,12,44.16,,,656-392,11200,5
59,,2004,,,2018,Biz-Well 성수,성수동1가,"3,000",성동구,5,38,16,24.65,,,33-21,11200,6
60,,2004,,,2018,Biz-Well 성수,성수동1가,"3,000",성동구,5,35,17,19.08,,,33-21,11200,9
61,,2018,,,2018,서울숲 프라임 베타,성수동1가,"39,000",성동구,5,0,18,59.18,,,13-493,11200,2
62,,2003,,,2018,성수동 뉴타운오피스텔,성수동1가,"8,000",성동구,5,30,19,32.39,,,72-69,11200,4
63,,2004,,,2018,이에스에이리버하우스,성수동1가,"4,000",성동구,5,80,21,39.15,,,13-12,11200,10
64,,,,,2018,성수리치빌,성수동1가,"16,000",성동구,5,0,25,28.85,,,656-572,11200,2
65,,2004,,,2018,이에스에이리버하우스,성수동1가,"21,000",성동구,5,0,28,39.15,,,13-12,11200,2
66,,2003,,,2018,성원상떼뷰오피스텔,성수동2가,"2,000",성동구,5,50,5,28.08,,,277-37,11200,2
67,,2013,,,2018,성수동램킨중흥S클래스오피스텔,성수동2가,"2,000",성동구,5,50,8,18.33,,,277-101,11200,2
68,,2013,,,2018,성수동램킨중흥S클래스오피스텔,성수동2가,"1,000",성동구,5,55,12,18.33,,,277-101,11200,7
69,,2003,,,2018,성원상떼뷰오피스텔,성수동2가,"14,000",성동구,5,0,19,34.32,,,277-37,11200,7
70,,2003,,,2018,성원상떼뷰오피스텔,성수동2가,"14,000",성동구,5,0,19,34.32,,,277-37,11200,7
71,,,,,2018,성수리치빌,성수동2가,"16,000",성동구,5,0,21,27.09,,,299-175,11200,2
72,,2013,,,2018,성수동램킨중흥S클래스오피스텔,성수동2가,"2,000",성동구,5,50,26,18.33,,,277-101,11200,8
73,,2013,,,2018,성수동램킨중흥S클래스오피스텔,성수동2가,"3,000",성동구,5,45,30,18.33,,,277-101,11200,6
74,,2003,,,2018,송정동센스빌오피스텔,송정동,"12,000",성동구,5,0,17,31.19,,,81-16,11200,3
75,,2003,,,2018,송정동센스빌오피스텔,송정동,"12,000",성동구,5,0,25,31.19,,,81-16,11200,3
76,,1991,,,2018,삼호오피스텔,용답동,"6,500",성동구,5,0,1,26.25,,,236-5,11200,8
77,,2013,,,2018,어반 오피스텔,용답동,"2,000",성동구,5,48,9,20.46,,,229-10,11200,8
78,,1991,,,2018,삼호오피스텔,용답동,"6,300",성동구,5,0,10,26.25,,,236-5,11200,3
79,,2016,,,2018,서희스타힐스리버파크,용답동,"3,000",성동구,5,40,15,21.9,,,238-12,11200,15
80,,2013,,,2018,어반 오피스텔,용답동,"1,000",성동구,5,63,23,20.46,,,229-10,11200,5
81,,2013,,,2018,어반 오피스텔,용답동,"2,000",성동구,5,57,23,18.98,,,229-10,11200,3
82,,2013,,,2018,어반 오피스텔,용답동,"2,000",성동구,5,59,23,20.46,,,229-10,11200,2
83,,2013,,,2018,어반 오피스텔,용답동,"1,000",성동구,5,57,25,20.46,,,229-10,11200,9
84,,2011,,,2018,오르세오피스텔,용답동,"14,000",성동구,5,0,25,35,,,238-2,11200,4
85,,2016,,,2018,서희스타힐스리버파크,용답동,"13,500",성동구,5,0,30,21.9,,,238-12,11200,14
0,,2003,,,2018,노블리안,상왕십리동,"2,500",성동구,6,47,6,25.74,,,750,11200,3
1,,2003,,,2018,노블리안,상왕십리동,"13,000",성동구,6,0,8,25.74,,,750,11200,9
2,,2003,,,2018,노블리안,상왕십리동,"6,000",성동구,6,30,13,30.81,,,750,11200,12
3,,2003,,,2018,노블리안,상왕십리동,"6,000",성동구,6,30,29,30.81,,,750,11200,13
4,,2005,,,2018,동인 레반트 오피스텔,하왕십리동,"4,000",성동구,6,50,2,27.54,,,903-3,11200,8
5,,2005,,,2018,동인 레반트 오피스텔,하왕십리동,"4,000",성동구,6,50,8,30.32,,,903-3,11200,10
6,,2017,,,2018,동인드림힐스,하왕십리동,"1,000",성동구,6,70,12,19.24,,,890-181,11200,6
7,,2017,,,2018,동인드림힐스,하왕십리동,"16,000",성동구,6,0,15,19.24,,,890-181,11200,10
8,,2017,,,2018,동인드림힐스,하왕십리동,"18,000",성동구,6,0,16,19.24,,,890-181,11200,13
9,,2016,,,2018,센트라스,하왕십리동,"23,100",성동구,6,0,20,32.53,,,1070,11200,17
10,,2016,,,2018,센트라스,하왕십리동,"25,000",성동구,6,0,25,29.16,,,1070,11200,8
11,,2011,,,2018,리오파크 오피스텔,하왕십리동,"13,000",성동구,6,0,28,22.82,,,898-2,11200,13
12,,2018,,,2018,렉스오피스텔,도선동,"16,000",성동구,6,0,1,20.35,,,268,11200,5
13,,2018,,,2018,렉스오피스텔,도선동,"16,000",성동구,6,0,2,20.35,,,268,11200,4
14,,2018,,,2018,렉스오피스텔,도선동,"17,000",성동구,6,0,4,20.35,,,268,11200,10
15,,2018,,,2018,렉스오피스텔,도선동,"3,000",성동구,6,60,4,20.35,,,268,11200,9
16,,2018,,,2018,렉스오피스텔,도선동,"10,000",성동구,6,0,6,20.35,,,268,11200,10
17,,2018,,,2018,렉스오피스텔,도선동,"15,000",성동구,6,0,6,21.37,,,268,11200,4
18,,2018,,,2018,렉스오피스텔,도선동,"1,000",성동구,6,70,6,21.27,,,268,11200,5
19,,2018,,,2018,렉스오피스텔,도선동,"6,000",성동구,6,45,7,21.37,,,268,11200,6
20,,1998,,,2018,신한넥스텔,도선동,500,성동구,6,45,8,19.63,,,14,11200,8
21,,2018,,,2018,렉스오피스텔,도선동,"17,000",성동구,6,0,9,21.37,,,268,11200,5
22,,2018,,,2018,렉스오피스텔,도선동,"4,000",성동구,6,50,9,20.35,,,268,11200,6
23,,2018,,,2018,렉스오피스텔,도선동,"1,000",성동구,6,70,9,21.37,,,268,11200,10
24,,2018,,,2018,렉스오피스텔,도선동,"8,000",성동구,6,30,9,18.7,,,268,11200,5
25,,2009,,,2018,다남매타워,도선동,"18,500",성동구,6,0,11,43.05,,,22-1,11200,7
26,,2018,,,2018,렉스오피스텔,도선동,"15,000",성동구,6,0,12,21.37,,,268,11200,5
27,,2018,,,2018,렉스오피스텔,도선동,"18,000",성동구,6,0,12,21.37,,,268,11200,11
28,,2018,,,2018,렉스오피스텔,도선동,"18,000",성동구,6,0,13,20.35,,,268,11200,3
29,,2018,,,2018,렉스오피스텔,도선동,"16,000",성동구,6,0,13,21.27,,,268,11200,6
30,,2018,,,2018,렉스오피스텔,도선동,"3,000",성동구,6,60,13,20.35,,,268,11200,3
31,,2018,,,2018,렉스오피스텔,도선동,"1,000",성동구,6,70,14,21.49,,,268,11200,10
32,,2017,,,2018,한성아펠타워,도선동,"1,000",성동구,6,89,15,23.58,,,53,11200,12
33,,2018,,,2018,렉스오피스텔,도선동,"16,500",성동구,6,0,15,20.35,,,268,11200,10
34,,2017,,,2018,한성아펠타워,도선동,"5,000",성동구,6,65,16,23.61,,,53,11200,14
35,,2018,,,2018,렉스오피스텔,도선동,"1,000",성동구,6,70,16,21.37,,,268,11200,12
36,,2018,,,2018,렉스오피스텔,도선동,"16,500",성동구,6,0,18,20.35,,,268,11200,6
37,,2018,,,2018,렉스오피스텔,도선동,"4,000",성동구,6,50,18,20.35,,,268,11200,11
38,,2018,,,2018,렉스오피스텔,도선동,"16,000",성동구,6,0,19,21.27,,,268,11200,12
39,,2018,,,2018,렉스오피스텔,도선동,"14,500",성동구,6,0,19,18.7,,,268,11200,7
40,,2018,,,2018,렉스오피스텔,도선동,"18,000",성동구,6,0,22,20.35,,,268,11200,3
41,,2018,,,2018,렉스오피스텔,도선동,"17,000",성동구,6,0,23,20.35,,,268,11200,4
42,,2018,,,2018,렉스오피스텔,도선동,"4,000",성동구,6,50,25,20.35,,,268,11200,11
43,,2009,,,2018,다남매타워,도선동,"18,000",성동구,6,0,25,37.52,,,22-1,11200,9
44,,2018,,,2018,렉스오피스텔,도선동,"16,200",성동구,6,0,29,20.35,,,268,11200,8
45,,2007,,,2018,마장동청계아르테미스,마장동,500,성동구,6,30,20,39.36,,,778-5,11200,5
46,,2018,,,2018,트레저힐스,마장동,"23,000",성동구,6,0,23,29.17,,,775-4,11200,4
47,,,,,2018,K TOWER 2,행당동,"26,000",성동구,6,0,1,37.7,,,293-8,11200,3
48,,,,,2018,K TOWER 2,행당동,"32,000",성동구,6,0,4,32,,,293-8,11200,6
49,,2004,,,2018,성동샤르망,행당동,"2,000",성동구,6,55,9,24.84,,,192-29,11200,8
50,,2002,,,2018,금호힐오피스텔,금호동1가,"1,000",성동구,6,60,5,29.97,,,1755,11200,4
51,,2004,,,2018,성원상떼뷰,옥수동,"12,500",성동구,6,0,14,27.01,,,475,11200,3
52,,2004,,,2018,성원상떼뷰,옥수동,"3,000",성동구,6,50,16,27.01,,,475,11200,12
53,,2004,,,2018,성원상떼뷰,옥수동,"1,000",성동구,6,65,19,27.01,,,475,11200,8
54,,2004,,,2018,성원상떼뷰,옥수동,"1,000",성동구,6,65,23,25.6,,,475,11200,13
55,,2005,,,2018,뚝섬리버빌,성수동1가,"5,000",성동구,6,40,1,24.61,,,13-117,11200,9
56,,2004,,,2018,이에스에이리버하우스,성수동1가,"1,000",성동구,6,90,4,39.15,,,13-12,11200,7
57,,2018,,,2018,서울숲 프라임 알파,성수동1가,"45,000",성동구,6,0,4,59.18,,,13-120,11200,11
58,,2005,,,2018,뚝섬리버빌,성수동1가,"2,000",성동구,6,55,8,29,,,13-117,11200,5
59,,2003,,,2018,성수동 뉴타운오피스텔,성수동1가,"1,000",성동구,6,60,9,31.6,,,72-69,11200,2
60,,2015,,,2018,위더스 빌,성수동1가,"24,500",성동구,6,0,10,42.76,,,33-23,11200,10
61,,2003,,,2018,성수동 뉴타운오피스텔,성수동1가,"14,000",성동구,6,0,14,31.6,,,72-69,11200,10
62,,2004,,,2018,Biz-Well 성수,성수동1가,"1,000",성동구,6,63,15,26.67,,,33-21,11200,8
63,,2018,,,2018,서울숲 프라임 알파,성수동1가,"38,000",성동구,6,0,16,59.18,,,13-120,11200,11
64,,2003,,,2018,성수동 뉴타운오피스텔,성수동1가,"14,500",성동구,6,0,16,29.23,,,72-69,11200,3
65,,2005,,,2018,뚝섬리버빌,성수동1가,"16,000",성동구,6,0,17,30.69,,,13-117,11200,6
66,,2002,,,2018,백산오피스텔,성수동1가,"10,000",성동구,6,0,18,23.65,,,671-23,11200,6
67,,2002,,,2018,백산오피스텔,성수동1가,"10,000",성동구,6,0,19,23.65,,,671-23,11200,3
68,,2004,,,2018,이에스에이리버하우스,성수동1가,"16,000",성동구,6,50,22,63.74,,,13-12,11200,5
69,,2003,,,2018,성수동 뉴타운오피스텔,성수동1가,"15,000",성동구,6,0,23,29.23,,,72-69,11200,8
70,,2003,,,2018,성수동 뉴타운오피스텔,성수동1가,"15,000",성동구,6,0,25,30.81,,,72-69,11200,4
71,,2018,,,2018,서울숲 프라임 알파,성수동1가,"3,000",성동구,6,150,28,59.18,,,13-120,11200,5
72,,2004,,,2018,이에스에이리버하우스,성수동1가,"3,000",성동구,6,80,29,39.15,,,13-12,11200,6
73,,2003,,,2018,성수동 뉴타운오피스텔,성수동1가,"6,000",성동구,6,40,29,31.6,,,72-69,11200,3
74,,2004,,,2018,Biz-Well 성수,성수동1가,"3,000",성동구,6,37,30,24.65,,,33-21,11200,7
75,,2018,,,2018,SS 성수쉐르빌,성수동2가,"33,000",성동구,6,0,1,59.9,,,269-105,11200,3
76,,2013,,,2018,성수동램킨중흥S클래스오피스텔,성수동2가,"1,000",성동구,6,58,5,18.33,,,277-101,11200,7
77,,2003,,,2018,성원상떼뷰오피스텔,성수동2가,"1,500",성동구,6,50,7,24.84,,,277-37,11200,9
78,,2003,,,2018,성원상떼뷰오피스텔,성수동2가,"6,500",성동구,6,27,10,24.84,,,277-37,11200,11
79,,2013,,,2018,성수동램킨중흥S클래스오피스텔,성수동2가,"1,500",성동구,6,50,11,18.33,,,277-101,11200,2
80,,2003,,,2018,성원상떼뷰오피스텔,성수동2가,"13,000",성동구,6,0,11,28.08,,,277-37,11200,7
81,,2003,,,2018,성원상떼뷰오피스텔,성수동2가,"1,000",성동구,6,60,13,28.47,,,277-37,11200,11
82,,2013,,,2018,성수동램킨중흥S클래스오피스텔,성수동2가,"3,000",성동구,6,45,15,18.33,,,277-101,11200,8
83,,2013,,,2018,성수동램킨중흥S클래스오피스텔,성수동2가,"1,000",성동구,6,55,15,18.33,,,277-101,11200,8
84,,,,,2018,주건축물제1동,성수동2가,"15,000",성동구,6,0,19,29.8,,,299-177,11200,2
85,,2013,,,2018,성수동램킨중흥S클래스오피스텔,성수동2가,"11,000",성동구,6,0,27,18.33,,,277-101,11200,3
86,,,,,2018,성수리치빌,성수동2가,"15,000",성동구,6,0,28,27.09,,,299-175,11200,2
87,,2003,,,2018,송정동센스빌오피스텔,송정동,"12,000",성동구,6,0,6,31.19,,,81-16,11200,7
88,,2016,,,2018,서희스타힐스리버파크,용답동,"13,500",성동구,6,0,1,21.9,,,238-12,11200,2
89,,2016,,,2018,서희스타힐스리버파크,용답동,"12,500",성동구,6,0,2,21.9,,,238-12,11200,10
90,,2013,,,2018,어반 오피스텔,용답동,"1,000",성동구,6,57,5,16.21,,,229-10,11200,3
91,,2016,,,2018,서희스타힐스리버파크,용답동,500,성동구,6,60,8,21.9,,,238-12,11200,14
92,,2016,,,2018,서희스타힐스리버파크,용답동,"13,500",성동구,6,0,8,21.9,,,238-12,11200,12
93,,2016,,,2018,서희스타힐스리버파크,용답동,"2,000",성동구,6,0,9,20.21,,,238-12,11200,8
94,,2016,,,2018,서희스타힐스리버파크,용답동,"13,500",성동구,6,0,9,21.95,,,238-12,11200,8
95,,2013,,,2018,어반 오피스텔,용답동,"2,000",성동구,6,52,11,20.46,,,229-10,11200,8
96,,2016,,,2018,서희스타힐스리버파크,용답동,"1,000",성동구,6,55,16,21.95,,,238-12,11200,15
97,,2016,,,2018,서희스타힐스리버파크,용답동,"3,000",성동구,6,45,16,21.9,,,238-12,11200,7
98,,2016,,,2018,서희스타힐스리버파크,용답동,"13,000",성동구,6,0,20,20.21,,,238-12,11200,14
99,,2016,,,2018,서희스타힐스리버파크,용답동,"13,500",성동구,6,0,20,21.9,,,238-12,11200,11
100,,2013,,,2018,어반 오피스텔,용답동,"1,000",성동구,6,59,22,17.08,,,229-10,11200,3
101,,2016,,,2018,서희스타힐스리버파크,용답동,"13,000",성동구,6,0,22,20.21,,,238-12,11200,14
102,,2016,,,2018,서희스타힐스리버파크,용답동,"13,500",성동구,6,0,22,21.9,,,238-12,11200,8
103,,2016,,,2018,서희스타힐스리버파크,용답동,"13,000",성동구,6,0,23,19.88,,,238-12,11200,5
104,,2016,,,2018,서희스타힐스리버파크,용답동,"13,000",성동구,6,0,25,21.9,,,238-12,11200,4
105,,2016,,,2018,서희스타힐스리버파크,용답동,"12,000",성동구,6,8,26,21.95,,,238-12,11200,8
106,,2016,,,2018,서희스타힐스리버파크,용답동,"13,000",성동구,6,0,26,20.21,,,238-12,11200,5
107,,2016,,,2018,서희스타힐스리버파크,용답동,"13,000",성동구,6,0,26,21.95,,,238-12,11200,7
108,,2016,,,2018,서희스타힐스리버파크,용답동,"12,000",성동구,6,0,28,20.21,,,238-12,11200,4
109,,2016,,,2018,서희스타힐스리버파크,용답동,"1,000",성동구,6,55,28,21.9,,,238-12,11200,10
110,,2016,,,2018,서희스타힐스리버파크,용답동,"1,000",성동구,6,55,28,21.95,,,238-12,11200,13
111,,2016,,,2018,서희스타힐스리버파크,용답동,"13,000",성동구,6,0,29,20.21,,,238-12,11200,8
112,,2016,,,2018,서희스타힐스리버파크,용답동,"10,000",성동구,6,10,29,21.9,,,238-12,11200,2
113,,2016,,,2018,서희스타힐스리버파크,용답동,"9,975",성동구,6,0,30,20.21,,,238-12,11200,4
0,,2003,,,2018,노블리안,상왕십리동,"5,000",성동구,7,30,1,25.74,,,750,11200,2
1,,2003,,,2018,노블리안,상왕십리동,"1,000",성동구,7,55,1,25.74,,,750,11200,4
2,,2003,,,2018,노블리안,상왕십리동,"13,000",성동구,7,0,3,30.81,,,750,11200,10
3,,2003,,,2018,노블리안,상왕십리동,"3,000",성동구,7,55,24,30.81,,,750,11200,15
4,,2017,,,2018,동인드림힐스,하왕십리동,"24,500",성동구,7,0,12,27.14,,,890-181,11200,10
5,,2017,,,2018,동인드림힐스,하왕십리동,"23,700",성동구,7,0,12,27.14,,,890-181,11200,10
6,,2005,,,2018,동인 레반트 오피스텔,하왕십리동,"2,000",성동구,7,60,20,27.54,,,903-3,11200,10
7,,2016,,,2018,센트라스,하왕십리동,"7,000",성동구,7,55,24,29.16,,,1070,11200,21
8,,2011,,,2018,리오파크 오피스텔,하왕십리동,"2,000",성동구,7,50,31,22.82,,,898-2,11200,7
9,,2018,,,2018,렉스오피스텔,도선동,"19,000",성동구,7,0,2,25.32,,,268,11200,9
10,,2018,,,2018,렉스오피스텔,도선동,"18,000",성동구,7,0,2,20.35,,,268,11200,2
11,,2018,,,2018,렉스오피스텔,도선동,"20,000",성동구,7,0,3,25.32,,,268,11200,4
12,,2018,,,2018,렉스오피스텔,도선동,"18,000",성동구,7,0,5,21.27,,,268,11200,8
13,,2018,,,2018,렉스오피스텔,도선동,"19,000",성동구,7,0,6,25.32,,,268,11200,9
14,,2018,,,2018,렉스오피스텔,도선동,"2,000",성동구,7,65,7,20.35,,,268,11200,12
15,,2018,,,2018,렉스오피스텔,도선동,"4,000",성동구,7,60,12,20.35,,,268,11200,9
16,,2018,,,2018,렉스오피스텔,도선동,"15,000",성동구,7,0,12,18.7,,,268,11200,7
17,,2018,,,2018,렉스오피스텔,도선동,"4,000",성동구,7,65,13,21.49,,,268,11200,2
18,,2018,,,2018,렉스오피스텔,도선동,"7,500",성동구,7,30,16,21.27,,,268,11200,4
19,,2018,,,2018,렉스오피스텔,도선동,"6,000",성동구,7,60,18,20.35,,,268,11200,2
20,,2014,,,2018,J&J빌딩,도선동,"17,000",성동구,7,0,24,29.1,,,276,11200,8
21,,2018,,,2018,렉스오피스텔,도선동,"1,000",성동구,7,70,28,20.35,,,268,11200,7
22,,2010,,,2018,고운타워,마장동,"8,000",성동구,7,0,3,23.92,,,474-5,11200,4
23,,2018,,,2018,트레저힐스,마장동,"19,000",성동구,7,0,11,24.65,,,775-4,11200,4
24,,2018,,,2018,트레저힐스,마장동,"21,000",성동구,7,0,28,26.97,,,775-2,11200,4
25,,2004,,,2018,성동샤르망,행당동,"1,000",성동구,7,60,4,24.84,,,192-29,11200,6
26,,2006,,,2018,왕십리역이스타빌,행당동,"18,000",성동구,7,0,20,29.43,,,287-15,11200,8
27,,2018,,,2018,서울숲 프라임 알파,성수동1가,"5,000",성동구,7,140,2,59.18,,,13-120,11200,4
28,,2003,,,2018,성수동 뉴타운오피스텔,성수동1가,"14,000",성동구,7,0,2,30.02,,,72-69,11200,2
29,,2013,,,2018,서울숲 다세대 오피스텔,성수동1가,"21,000",성동구,7,0,3,40.7,,,656-28,11200,6
30,,2015,,,2018,위더스 빌,성수동1가,"25,200",성동구,7,0,7,43.41,,,33-23,11200,2
31,,2003,,,2018,성수동 뉴타운오피스텔,성수동1가,"1,000",성동구,7,60,9,30.02,,,72-69,11200,4
32,,2003,,,2018,성수동 뉴타운오피스텔,성수동1가,"10,000",성동구,7,20,10,30.02,,,72-69,11200,7
33,,2003,,,2018,성수동 뉴타운오피스텔,성수동1가,"2,000",성동구,7,60,14,32.39,,,72-69,11200,7
34,,2005,,,2018,뚝섬리버빌,성수동1가,"14,000",성동구,7,0,15,30.36,,,13-117,11200,6
35,,2018,,,2018,서울숲 프라임 베타,성수동1가,"39,000",성동구,7,0,16,59.18,,,13-493,11200,11
36,,2004,,,2018,이에스에이리버하우스,성수동1가,"32,000",성동구,7,0,17,63.74,,,13-12,11200,5
37,,2004,,,2018,Biz-Well 성수,성수동1가,"3,000",성동구,7,39,17,24.69,,,33-21,11200,3
38,,1997,,,2018,청재오피스텔,성수동1가,"5,000",성동구,7,25,20,34.16,,,72-71,11200,4
39,,2018,,,2018,서울숲 프라임 베타,성수동1가,"39,000",성동구,7,0,23,59.18,,,13-493,11200,9
40,,2004,,,2018,Biz-Well 성수,성수동1가,"3,000",성동구,7,37,23,24.69,,,33-21,11200,7
41,,2004,,,2018,Biz-Well 성수,성수동1가,"3,000",성동구,7,41,23,26.67,,,33-21,11200,4
42,,2004,,,2018,Biz-Well 성수,성수동1가,"3,000",성동구,7,39,25,24.69,,,33-21,11200,5
43,,,,,2018,그루빌2차,성수동2가,"12,000",성동구,7,0,5,26.86,,,289-167,11200,2
44,,,,,2018,성수리치빌,성수동2가,"16,000",성동구,7,0,7,26.75,,,299-175,11200,2
45,,2003,,,2018,성원상떼뷰오피스텔,성수동2가,"3,000",성동구,7,42,13,24.84,,,277-37,11200,4
46,,,,,2018,그루빌2차,성수동2가,"2,000",성동구,7,65,14,29.91,,,289-167,11200,2
47,,2003,,,2018,성원상떼뷰오피스텔,성수동2가,"11,500",성동구,7,0,14,24.84,,,277-37,11200,4
48,,2013,,,2018,성수동램킨중흥S클래스오피스텔,성수동2가,"1,000",성동구,7,55,21,18.33,,,277-101,11200,3
49,,1998,,,2018,성수아카데미타워,성수동2가,"1,000",성동구,7,60,26,33.45,,,277-17,11200,13
50,,2003,,,2018,송정동센스빌오피스텔,송정동,"4,000",성동구,7,56,20,31.19,,,81-16,11200,8
51,,2016,,,2018,서희스타힐스리버파크,용답동,"13,000",성동구,7,0,1,21.9,,,238-12,11200,2
52,,2016,,,2018,서희스타힐스리버파크,용답동,"13,000",성동구,7,0,2,21.9,,,238-12,11200,10
53,,2016,,,2018,서희스타힐스리버파크,용답동,500,성동구,7,60,3,21.9,,,238-12,11200,12
54,,2016,,,2018,서희스타힐스리버파크,용답동,"13,500",성동구,7,0,4,21.9,,,238-12,11200,15
55,,2016,,,2018,서희스타힐스리버파크,용답동,"12,500",성동구,7,0,6,20.21,,,238-12,11200,9
56,,2016,,,2018,서희스타힐스리버파크,용답동,"12,000",성동구,7,0,8,20.21,,,238-12,11200,3
57,,2016,,,2018,서희스타힐스리버파크,용답동,"13,000",성동구,7,0,9,20.21,,,238-12,11200,14
58,,2016,,,2018,서희스타힐스리버파크,용답동,"10,000",성동구,7,0,9,20.21,,,238-12,11200,9
59,,2016,,,2018,서희스타힐스리버파크,용답동,"12,000",성동구,7,0,10,19.88,,,238-12,11200,7
60,,2016,,,2018,서희스타힐스리버파크,용답동,"4,000",성동구,7,30,11,20.21,,,238-12,11200,8
61,,2016,,,2018,서희스타힐스리버파크,용답동,"13,000",성동구,7,0,11,19.88,,,238-12,11200,8
62,,2016,,,2018,서희스타힐스리버파크,용답동,"13,000",성동구,7,0,12,19.88,,,238-12,11200,13
63,,2016,,,2018,서희스타힐스리버파크,용답동,"1,000",성동구,7,60,12,21.9,,,238-12,11200,14
64,,2016,,,2018,서희스타힐스리버파크,용답동,"13,000",성동구,7,0,13,21.9,,,238-12,11200,10
65,,2016,,,2018,서희스타힐스리버파크,용답동,"2,000",성동구,7,45,13,20.21,,,238-12,11200,7
66,,2016,,,2018,서희스타힐스리버파크,용답동,"13,500",성동구,7,0,14,21.9,,,238-12,11200,8
67,,2016,,,2018,서희스타힐스리버파크,용답동,"13,500",성동구,7,0,14,21.9,,,238-12,11200,11
68,,2016,,,2018,서희스타힐스리버파크,용답동,"12,000",성동구,7,0,14,20.21,,,238-12,11200,10
69,,2016,,,2018,서희스타힐스리버파크,용답동,"13,000",성동구,7,0,15,19.88,,,238-12,11200,8
70,,1991,,,2018,삼호오피스텔,용답동,"6,500",성동구,7,0,16,26.95,,,236-5,11200,8
71,,2016,,,2018,서희스타힐스리버파크,용답동,"13,500",성동구,7,0,18,21.9,,,238-12,11200,5
72,,2016,,,2018,서희스타힐스리버파크,용답동,"13,000",성동구,7,0,18,21.9,,,238-12,11200,2
73,,2016,,,2018,서희스타힐스리버파크,용답동,"12,000",성동구,7,0,18,20.21,,,238-12,11200,14
74,,2016,,,2018,서희스타힐스리버파크,용답동,"13,500",성동구,7,0,20,21.9,,,238-12,11200,14
75,,2016,,,2018,서희스타힐스리버파크,용답동,"12,500",성동구,7,0,21,21.9,,,238-12,11200,3
76,,2016,,,2018,서희스타힐스리버파크,용답동,"13,500",성동구,7,0,21,21.9,,,238-12,11200,10
77,,1991,,,2018,삼호오피스텔,용답동,"4,000",성동구,7,0,22,26.95,,,236-5,11200,3
78,,2016,,,2018,서희스타힐스리버파크,용답동,"12,500",성동구,7,0,24,20.21,,,238-12,11200,11
79,,2016,,,2018,서희스타힐스리버파크,용답동,"13,500",성동구,7,0,25,21.95,,,238-12,11200,9
80,,2013,,,2018,어반 오피스텔,용답동,"2,000",성동구,7,52,27,16.21,,,229-10,11200,4
81,,2016,,,2018,서희스타힐스리버파크,용답동,"3,500",성동구,7,40,27,19.88,,,238-12,11200,14
82,,2016,,,2018,서희스타힐스리버파크,용답동,"13,000",성동구,7,0,28,21.9,,,238-12,11200,3
83,,2016,,,2018,서희스타힐스리버파크,용답동,"4,000",성동구,7,35,30,20.21,,,238-12,11200,10
84,,2016,,,2018,서희스타힐스리버파크,용답동,"13,500",성동구,7,0,30,21.9,,,238-12,11200,4
85,,2016,,,2018,서희스타힐스리버파크,용답동,"13,000",성동구,7,0,31,20.21,,,238-12,11200,6
86,,2006,,,2018,신창비바패밀리,용답동,"4,000",성동구,7,100,31,65.01,,,232-1,11200,11
87,,2016,,,2018,서희스타힐스리버파크,용답동,"1,000",성동구,7,50,31,21.9,,,238-12,11200,5
0,,2003,,,2018,노블리안,상왕십리동,"12,000",성동구,8,0,6,30.81,,,750,11200,2
1,,2003,,,2018,노블리안,상왕십리동,"12,000",성동구,8,0,14,30.81,,,750,11200,13
2,,2003,,,2018,노블리안,상왕십리동,"11,000",성동구,8,0,17,30.81,,,750,11200,13
3,,2003,,,2018,노블리안,상왕십리동,"2,000",성동구,8,60,20,30.81,,,750,11200,5
4,,2003,,,2018,노블리안,상왕십리동,"1,000",성동구,8,65,24,30.81,,,750,11200,15
5,,2003,,,2018,노블리안,상왕십리동,"12,000",성동구,8,0,28,30.81,,,750,11200,2
6,,2016,,,2018,센트라스,하왕십리동,"1,000",성동구,8,80,10,29.16,,,1070,11200,25
7,,2011,,,2018,리오파크 오피스텔,하왕십리동,"3,000",성동구,8,45,11,22.82,,,898-2,11200,11
8,,2005,,,2018,동인 레반트 오피스텔,하왕십리동,"4,000",성동구,8,50,18,27.54,,,903-3,11200,3
9,,2017,,,2018,동인드림힐스,하왕십리동,"3,000",성동구,8,60,20,19.24,,,890-181,11200,9
10,,2011,,,2018,리오파크 오피스텔,하왕십리동,"2,000",성동구,8,55,21,24.07,,,898-2,11200,12
11,,2009,,,2018,왕십리 모노퍼스 주상복합,하왕십리동,"19,000",성동구,8,0,21,38.67,,,286-2,11200,17
12,,2011,,,2018,리오파크 오피스텔,하왕십리동,"13,000",성동구,8,0,22,24.07,,,898-2,11200,9
13,,2011,,,2018,리오파크 오피스텔,하왕십리동,"13,000",성동구,8,0,22,22.82,,,898-2,11200,9
14,,2016,,,2018,센트라스,하왕십리동,"2,000",성동구,8,84,30,32.53,,,1070,11200,25
15,,2018,,,2018,렉스오피스텔,도선동,"2,000",성동구,8,70,1,21.49,,,268,11200,9
16,,2018,,,2018,렉스오피스텔,도선동,"2,000",성동구,8,70,4,21.37,,,268,11200,9
17,,2018,,,2018,렉스오피스텔,도선동,"1,000",성동구,8,70,20,21.49,,,268,11200,4
18,,2018,,,2018,렉스오피스텔,도선동,"1,000",성동구,8,75,20,20.35,,,268,11200,10
19,,2017,,,2018,한성아펠타워,도선동,"5,000",성동구,8,65,24,23.61,,,53,11200,13
20,,2014,,,2018,J&J빌딩,도선동,"18,000",성동구,8,0,30,29.1,,,276,11200,9
21,,2007,,,2018,마장동청계아르테미스,마장동,"18,000",성동구,8,0,1,54.72,,,778-5,11200,3
22,,2012,,,2018,(777-3),마장동,"8,000",성동구,8,0,9,15.54,,,777-3,11200,4
23,,2012,,,2018,(777-3),마장동,"8,000",성동구,8,0,11,15.54,,,777-3,11200,3
24,,2012,,,2018,(777-3),마장동,"8,000",성동구,8,0,13,15.54,,,777-3,11200,4
25,,2018,,,2018,트레저힐스,마장동,"19,000",성동구,8,0,16,24.65,,,775-4,11200,2
26,,2012,,,2018,(777-3),마장동,"8,000",성동구,8,0,16,15.54,,,777-3,11200,3
27,,2012,,,2018,(777-3),마장동,"9,000",성동구,8,0,22,15.62,,,777-3,11200,5
28,,2012,,,2018,(777-3),마장동,"9,000",성동구,8,0,22,15.62,,,777-3,11200,5
29,,2012,,,2018,(777-3),마장동,"8,000",성동구,8,0,25,15.54,,,777-3,11200,2
30,,2012,,,2018,(777-3),마장동,"8,000",성동구,8,0,29,15.54,,,777-3,11200,2
31,,2012,,,2018,(777-3),마장동,"9,000",성동구,8,0,31,15.62,,,777-3,11200,6
32,,2012,,,2018,(777-3),마장동,"9,000",성동구,8,0,31,15.54,,,777-3,11200,6
33,,2006,,,2018,왕십리역이스타빌,행당동,"1,000",성동구,8,70,6,29.43,,,287-15,11200,10
34,,2006,,,2018,왕십리역이스타빌,행당동,"2,000",성동구,8,50,9,21.91,,,287-15,11200,12
35,,2006,,,2018,왕십리역이스타빌,행당동,"1,000",성동구,8,65,9,26.22,,,287-15,11200,7
36,,,,,2018,K TOWER 2,행당동,"1,000",성동구,8,65,16,21.78,,,293-8,11200,6
37,,2014,,,2018,서울숲 더샵,행당동,"5,000",성동구,8,145,17,60.75,,,377,11200,4
38,,2006,,,2018,왕십리역이스타빌,행당동,"3,000",성동구,8,65,25,29.43,,,287-15,11200,11
39,,2003,,,2018,재호예향빌,금호동4가,"7,000",성동구,8,0,15,24.48,,,1028,11200,2
40,,2005,,,2018,뚝섬리버빌,성수동1가,"2,000",성동구,8,48,1,29,,,13-117,11200,3
41,,2004,,,2018,Biz-Well 성수,성수동1가,"3,000",성동구,8,39,2,24.69,,,33-21,11200,5
42,,2003,,,2018,성수동 뉴타운오피스텔,성수동1가,"3,000",성동구,8,55,2,29.23,,,72-69,11200,8
43,,2003,,,2018,아트빌딩,성수동1가,"1,000",성동구,8,55,3,27.02,,,685-308,11200,8
44,,2018,,,2018,서울숲 프라임 알파,성수동1가,"38,700",성동구,8,0,4,59.18,,,13-120,11200,7
45,,2004,,,2018,Biz-Well 성수,성수동1가,"1,000",성동구,8,55,6,24.69,,,33-21,11200,3
46,,2004,,,2018,이에스에이리버하우스,성수동1가,"22,000",성동구,8,0,7,39.15,,,13-12,11200,6
47,,2003,,,2018,성수동 뉴타운오피스텔,성수동1가,"15,500",성동구,8,0,10,31.6,,,72-69,11200,10
48,,2004,,,2018,Biz-Well 성수,성수동1가,"3,000",성동구,8,39,16,26.67,,,33-21,11200,2
49,,2015,,,2018,위더스 빌,성수동1가,"3,000",성동구,8,80,18,44.05,,,33-23,11200,4
50,,2004,,,2018,Biz-Well 성수,성수동1가,"3,000",성동구,8,39,18,26.67,,,33-21,11200,4
51,,2015,,,2018,위더스 빌,성수동1가,"24,000",성동구,8,0,20,43.41,,,33-23,11200,5
52,,2004,,,2018,Biz-Well 성수,성수동1가,"18,000",성동구,8,0,23,39.75,,,33-21,11200,10
53,,2003,,,2018,성원상떼뷰오피스텔,성수동2가,"13,000",성동구,8,0,8,28.08,,,277-37,11200,11
54,,2013,,,2018,성수동램킨중흥S클래스오피스텔,성수동2가,"1,000",성동구,8,53,9,18.33,,,277-101,11200,2
55,,2013,,,2018,성수동램킨중흥S클래스오피스텔,성수동2가,"1,000",성동구,8,55,17,18.33,,,277-101,11200,7
56,,2013,,,2018,성수동램킨중흥S클래스오피스텔,성수동2가,"5,000",성동구,8,30,28,18.33,,,277-101,11200,3
57,,2013,,,2018,어반 오피스텔,용답동,"2,000",성동구,8,40,1,16.21,,,229-10,11200,8
58,,2016,,,2018,서희스타힐스리버파크,용답동,"13,000",성동구,8,0,2,21.9,,,238-12,11200,7
59,,2016,,,2018,서희스타힐스리버파크,용답동,"4,000",성동구,8,40,6,21.9,,,238-12,11200,4
60,,2016,,,2018,서희스타힐스리버파크,용답동,"14,000",성동구,8,0,7,21.9,,,238-12,11200,11
61,,2016,,,2018,서희스타힐스리버파크,용답동,"1,000",성동구,8,60,7,21.9,,,238-12,11200,15
62,,2016,,,2018,서희스타힐스리버파크,용답동,500,성동구,8,55,8,21.9,,,238-12,11200,5
63,,2016,,,2018,서희스타힐스리버파크,용답동,"13,000",성동구,8,0,8,21.9,,,238-12,11200,7
64,,2011,,,2018,오르세오피스텔,용답동,"13,500",성동구,8,0,9,35.1,,,238-2,11200,3
65,,2016,,,2018,서희스타힐스리버파크,용답동,"13,500",성동구,8,0,9,21.9,,,238-12,11200,15
66,,2016,,,2018,서희스타힐스리버파크,용답동,"1,000",성동구,8,57,10,21.9,,,238-12,11200,15
67,,2016,,,2018,서희스타힐스리버파크,용답동,"1,000",성동구,8,55,10,21.9,,,238-12,11200,11
68,,2016,,,2018,서희스타힐스리버파크,용답동,"13,000",성동구,8,0,11,21.9,,,238-12,11200,2
69,,2016,,,2018,서희스타힐스리버파크,용답동,"13,500",성동구,8,0,11,20.21,,,238-12,11200,13
70,,2016,,,2018,서희스타힐스리버파크,용답동,"2,000",성동구,8,50,13,21.9,,,238-12,11200,7
71,,2016,,,2018,서희스타힐스리버파크,용답동,"13,500",성동구,8,0,13,21.9,,,238-12,11200,15
72,,2011,,,2018,오르세오피스텔,용답동,"1,000",성동구,8,55,14,43.55,,,238-2,11200,7
73,,2011,,,2018,오르세오피스텔,용답동,"1,000",성동구,8,70,14,33.2,,,238-2,11200,6
74,,2016,,,2018,서희스타힐스리버파크,용답동,"12,500",성동구,8,0,16,21.9,,,238-12,11200,3
75,,2016,,,2018,서희스타힐스리버파크,용답동,"13,000",성동구,8,0,16,21.95,,,238-12,11200,13
76,,2006,,,2018,신창비바패밀리,용답동,"20,000",성동구,8,15,16,56.17,,,232-1,11200,7
77,,2016,,,2018,서희스타힐스리버파크,용답동,"13,500",성동구,8,0,17,21.9,,,238-12,11200,8
78,,2016,,,2018,서희스타힐스리버파크,용답동,"13,500",성동구,8,0,18,21.95,,,238-12,11200,6
79,,2011,,,2018,오르세오피스텔,용답동,"13,500",성동구,8,0,18,35.1,,,238-2,11200,2
80,,2013,,,2018,어반 오피스텔,용답동,"1,000",성동구,8,57,18,18.98,,,229-10,11200,10
81,,2016,,,2018,서희스타힐스리버파크,용답동,"13,000",성동구,8,0,18,21.9,,,238-12,11200,2
82,,2016,,,2018,서희스타힐스리버파크,용답동,"13,500",성동구,8,0,18,21.9,,,238-12,11200,2
83,,2016,,,2018,서희스타힐스리버파크,용답동,"3,000",성동구,8,45,20,21.9,,,238-12,11200,3
84,,2013,,,2018,어반 오피스텔,용답동,"1,000",성동구,8,45,22,16.21,,,229-10,11200,7
85,,2016,,,2018,서희스타힐스리버파크,용답동,"3,500",성동구,8,40,24,19.88,,,238-12,11200,12
86,,2016,,,2018,서희스타힐스리버파크,용답동,"13,500",성동구,8,0,25,21.9,,,238-12,11200,10
87,,2016,,,2018,서희스타힐스리버파크,용답동,"4,000",성동구,8,33,28,20.21,,,238-12,11200,13
88,,2016,,,2018,서희스타힐스리버파크,용답동,"12,500",성동구,8,0,28,21.9,,,238-12,11200,7
0,,2003,,,2018,노블리안,상왕십리동,"6,000",성동구,9,30,3,30.81,,,750,11200,11
1,,2003,,,2018,노블리안,상왕십리동,"6,000",성동구,9,30,6,30.81,,,750,11200,15
2,,2003,,,2018,노블리안,상왕십리동,"1,000",성동구,9,70,7,30.81,,,750,11200,11
3,,2003,,,2018,노블리안,상왕십리동,"13,000",성동구,9,0,8,25.74,,,750,11200,9
4,,2003,,,2018,노블리안,상왕십리동,"6,000",성동구,9,30,14,30.81,,,750,11200,13
5,,2003,,,2018,노블리안,상왕십리동,"15,000",성동구,9,0,27,25.74,,,750,11200,11
6,,2003,,,2018,노블리안,상왕십리동,"1,000",성동구,9,70,29,30.81,,,750,11200,11
7,,2005,,,2018,동인 레반트 오피스텔,하왕십리동,"1,000",성동구,9,65,3,27.54,,,903-3,11200,11
8,,2016,,,2018,센트라스,하왕십리동,"15,000",성동구,9,30,6,29.16,,,1070,11200,8
9,,2016,,,2018,센트라스,하왕십리동,"25,000",성동구,9,0,8,32.53,,,1070,11200,10
10,,2016,,,2018,센트라스,하왕십리동,"1,000",성동구,9,80,13,31.01,,,1070,11200,15
11,,2011,,,2018,리오파크 오피스텔,하왕십리동,"2,000",성동구,9,55,13,24.07,,,898-2,11200,7
12,,2011,,,2018,리오파크 오피스텔,하왕십리동,"2,000",성동구,9,50,15,21.56,,,898-2,11200,5
13,,2011,,,2018,리오파크 오피스텔,하왕십리동,"1,000",성동구,9,55,15,21.56,,,898-2,11200,4
14,,2016,,,2018,센트라스,하왕십리동,"1,000",성동구,9,90,15,31.01,,,1070,11200,15
15,,2016,,,2018,센트라스,하왕십리동,"21,200",성동구,9,0,19,32.53,,,1070,11200,15
16,,2016,,,2018,센트라스,하왕십리동,"25,000",성동구,9,0,20,32.53,,,1070,11200,14
17,,2016,,,2018,센트라스,하왕십리동,"23,000",성동구,9,0,27,31.01,,,1070,11200,21
18,,1998,,,2018,신한넥스텔,도선동,500,성동구,9,45,12,19.63,,,14,11200,4
19,,1998,,,2018,신한넥스텔,도선동,500,성동구,9,45,15,19.63,,,14,11200,6
20,,2014,,,2018,J&J빌딩,도선동,"16,000",성동구,9,0,15,29.8,,,276,11200,6
21,,1998,,,2018,신한넥스텔,도선동,"8,000",성동구,9,0,27,19.63,,,14,11200,13
22,,1998,,,2018,신한넥스텔,도선동,"8,000",성동구,9,0,27,19.63,,,14,11200,13
23,,2018,,,2018,W에비뉴타워,도선동,"20,000",성동구,9,0,29,23.32,,,46,11200,14
24,,2012,,,2018,(777-3),마장동,"8,500",성동구,9,0,1,15.62,,,777-3,11200,3
25,,2012,,,2018,(777-3),마장동,"8,000",성동구,9,0,7,15.62,,,777-3,11200,4
26,,2012,,,2018,(777-3),마장동,"9,000",성동구,9,0,15,15.62,,,777-3,11200,6
27,,2004,,,2018,성동샤르망,행당동,"1,000",성동구,9,60,14,26.22,,,192-29,11200,6
28,,2018,,,2018,왕십리 큐브스테이트,행당동,"1,000",성동구,9,65,20,16.37,,,286-25,11200,6
29,,2018,,,2018,왕십리 큐브스테이트,행당동,"6,000",성동구,9,40,28,15.98,,,286-25,11200,3
30,,2006,,,2018,왕십리역이스타빌,행당동,"1,000",성동구,9,75,29,29.43,,,287-15,11200,13
31,,2018,,,2018,왕십리 큐브스테이트,행당동,"5,000",성동구,9,47,29,16.33,,,286-25,11200,3
32,,2018,,,2018,왕십리 큐브스테이트,행당동,"2,000",성동구,9,60,30,16.37,,,286-25,11200,7
33,,2004,,,2018,성원상떼뷰,옥수동,"2,000",성동구,9,110,20,39.89,,,475,11200,12
34,,2004,,,2018,이에스에이리버하우스,성수동1가,"4,000",성동구,9,75,3,39.15,,,13-12,11200,12
35,,2004,,,2018,이에스에이리버하우스,성수동1가,"22,000",성동구,9,0,7,39.15,,,13-12,11200,3
36,,2018,,,2018,서울숲 프라임 베타,성수동1가,"38,000",성동구,9,0,8,59.18,,,13-493,11200,7
37,,2004,,,2018,이에스에이리버하우스,성수동1가,"32,000",성동구,9,0,10,63.74,,,13-12,11200,2
38,,2004,,,2018,이에스에이리버하우스,성수동1가,"20,000",성동구,9,10,11,39.15,,,13-12,11200,8
39,,2004,,,2018,Biz-Well 성수,성수동1가,"2,000",성동구,9,44,11,19.08,,,33-21,11200,10
40,,2004,,,2018,이에스에이리버하우스,성수동1가,"22,000",성동구,9,0,13,39.15,,,13-12,11200,5
41,,2018,,,2018,서울숲 프라임 알파,성수동1가,"39,000",성동구,9,0,14,59.18,,,13-120,11200,9
42,,2003,,,2018,성수동 뉴타운오피스텔,성수동1가,"14,000",성동구,9,0,14,31.6,,,72-69,11200,4
43,,2004,,,2018,이에스에이리버하우스,성수동1가,"6,000",성동구,9,110,15,63.74,,,13-12,11200,6
44,,2004,,,2018,Biz-Well 성수,성수동1가,"3,000",성동구,9,37,17,24.69,,,33-21,11200,4
45,,,,,2018,서울숲한양리버,성수동1가,"23,000",성동구,9,0,18,37.17,,,656-1170,11200,2
46,,2004,,,2018,이에스에이리버하우스,성수동1가,"2,000",성동구,9,90,21,39.15,,,13-12,11200,12
47,,2003,,,2018,아트빌딩,성수동1가,"13,000",성동구,9,0,21,27.02,,,685-308,11200,6
48,,2018,,,2018,서울숲 프라임 베타,성수동1가,"39,000",성동구,9,0,22,59.18,,,13-493,11200,10
49,,2018,,,2018,서울숲 프라임 베타,성수동1가,"37,000",성동구,9,0,28,59.18,,,13-493,11200,4
50,,2004,,,2018,Biz-Well 성수,성수동1가,"3,000",성동구,9,39,29,26.13,,,33-21,11200,3
51,,2003,,,2018,성원상떼뷰오피스텔,성수동2가,"2,000",성동구,9,45,1,24.84,,,277-37,11200,7
52,,2003,,,2018,성원상떼뷰오피스텔,성수동2가,"1,000",성동구,9,58,6,28.08,,,277-37,11200,6
53,,2003,,,2018,성원상떼뷰오피스텔,성수동2가,"1,000",성동구,9,77,10,40.94,,,277-37,11200,10
54,,2013,,,2018,성수동램킨중흥S클래스오피스텔,성수동2가,"1,000",성동구,9,55,12,18.33,,,277-101,11200,5
55,,2013,,,2018,성수동램킨중흥S클래스오피스텔,성수동2가,"2,000",성동구,9,50,15,18.33,,,277-101,11200,8
56,,2007,,,2018,성수동 아스테리아,성수동2가,"33,000",성동구,9,0,17,84.76,,,278-29,11200,8
57,,2016,,,2018,성수리치빌,성수동2가,"22,000",성동구,9,0,20,36.91,,,299-174,11200,2
58,,,,,2018,(299-29),성수동2가,"18,000",성동구,9,0,29,29.57,,,299-29,11200,2
59,,2003,,,2018,송정동센스빌오피스텔,송정동,"3,000",성동구,9,63,4,31.19,,,81-16,11200,5
60,,2003,,,2018,송정동센스빌오피스텔,송정동,"12,000",성동구,9,0,4,31.19,,,81-16,11200,5
61,,2003,,,2018,송정동센스빌오피스텔,송정동,"12,000",성동구,9,0,17,31.19,,,81-16,11200,7
62,,2016,,,2018,서희스타힐스리버파크,용답동,"4,000",성동구,9,35,1,20.21,,,238-12,11200,12
63,,2016,,,2018,서희스타힐스리버파크,용답동,"4,000",성동구,9,40,1,21.9,,,238-12,11200,8
64,,2016,,,2018,서희스타힐스리버파크,용답동,"11,500",성동구,9,0,3,21.9,,,238-12,11200,7
65,,2016,,,2018,서희스타힐스리버파크,용답동,"13,000",성동구,9,0,4,20.21,,,238-12,11200,6
66,,2016,,,2018,서희스타힐스리버파크,용답동,"13,000",성동구,9,0,6,21.9,,,238-12,11200,11
67,,2013,,,2018,어반 오피스텔,용답동,"1,000",성동구,9,64,6,20.46,,,229-10,11200,6
68,,2016,,,2018,서희스타힐스리버파크,용답동,"13,000",성동구,9,0,7,21.9,,,238-12,11200,6
69,,2016,,,2018,서희스타힐스리버파크,용답동,"13,000",성동구,9,0,8,21.95,,,238-12,11200,11
70,,2013,,,2018,어반 오피스텔,용답동,"1,000",성동구,9,57,11,16.21,,,229-10,11200,2
71,,2016,,,2018,서희스타힐스리버파크,용답동,"3,000",성동구,9,40,12,20.21,,,238-12,11200,11
72,,2016,,,2018,서희스타힐스리버파크,용답동,"13,000",성동구,9,0,12,21.9,,,238-12,11200,3
73,,2006,,,2018,신창비바패밀리,용답동,"26,000",성동구,9,0,22,70.12,,,232-1,11200,9
74,,2016,,,2018,서희스타힐스리버파크,용답동,"3,000",성동구,9,40,29,21.9,,,238-12,11200,3
0,,2003,,,2018,노블리안,상왕십리동,"15,000",성동구,10,0,3,30.81,,,750,11200,15
1,,2003,,,2018,노블리안,상왕십리동,"10,000",성동구,10,0,4,25.74,,,750,11200,13
2,,2003,,,2018,노블리안,상왕십리동,"7,000",성동구,10,20,4,30.81,,,750,11200,12
3,,2003,,,2018,노블리안,상왕십리동,"6,000",성동구,10,20,5,25.74,,,750,11200,8
4,,2003,,,2018,노블리안,상왕십리동,"7,000",성동구,10,25,6,30.81,,,750,11200,3
5,,2003,,,2018,노블리안,상왕십리동,"12,000",성동구,10,0,8,30.81,,,750,11200,7
6,,2003,,,2018,노블리안,상왕십리동,"3,000",성동구,10,50,10,30.81,,,750,11200,7
7,,2003,,,2018,노블리안,상왕십리동,"7,000",성동구,10,20,13,30.81,,,750,11200,7
8,,2003,,,2018,노블리안,상왕십리동,"4,000",성동구,10,40,13,30.81,,,750,11200,5
9,,2003,,,2018,노블리안,상왕십리동,"14,500",성동구,10,0,19,25.74,,,750,11200,11
10,,2003,,,2018,노블리안,상왕십리동,"3,000",성동구,10,50,27,30.81,,,750,11200,10
11,,2017,,,2018,동인드림힐스,하왕십리동,"2,000",성동구,10,65,1,19.24,,,890-181,11200,10
12,,2017,,,2018,동인드림힐스,하왕십리동,"2,000",성동구,10,85,1,27.51,,,890-181,11200,7
13,,2016,,,2018,센트라스,하왕십리동,"25,000",성동구,10,0,4,32.53,,,1070,11200,16
14,,2016,,,2018,센트라스,하왕십리동,"23,100",성동구,10,0,9,32.53,,,1070,11200,6
15,,2016,,,2018,센트라스,하왕십리동,"22,450",성동구,10,0,10,32.53,,,1070,11200,16
16,,2016,,,2018,센트라스,하왕십리동,"23,100",성동구,10,0,15,31.01,,,1070,11200,17
17,,2016,,,2018,센트라스,하왕십리동,"24,100",성동구,10,0,16,31.01,,,1070,11200,13
18,,2011,,,2018,리오파크 오피스텔,하왕십리동,"12,000",성동구,10,0,20,24.07,,,898-2,11200,10
19,,2016,,,2018,센트라스,하왕십리동,"22,000",성동구,10,0,27,31.01,,,1070,11200,6
20,,2018,,,2018,비앤리베스텔,홍익동,"14,000",성동구,10,0,3,16.74,,,146-1,11200,4
21,,2018,,,2018,비앤리베스텔,홍익동,"15,000",성동구,10,0,6,16.74,,,146-1,11200,11
22,,2018,,,2018,뉴센트빌,홍익동,"35,000",성동구,10,0,16,50.77,,,125-1,11200,3
23,,2018,,,2018,비앤리베스텔,홍익동,"16,000",성동구,10,0,24,18.39,,,146-1,11200,8
24,,2018,,,2018,렉스오피스텔,도선동,"18,000",성동구,10,0,3,21.27,,,268,11200,7
25,,2018,,,2018,W에비뉴타워,도선동,"20,000",성동구,10,0,11,23.32,,,46,11200,7
26,,2017,,,2018,한성아펠타워,도선동,"24,150",성동구,10,0,13,23.58,,,53,11200,12
27,,2018,,,2018,렉스오피스텔,도선동,"15,000",성동구,10,0,20,18.7,,,268,11200,7
28,,2017,,,2018,한성아펠타워,도선동,"3,000",성동구,10,78,24,23.61,,,53,11200,11
29,,2012,,,2018,(777-3),마장동,"2,500",성동구,10,40,3,15.62,,,777-3,11200,4
30,,2012,,,2018,(777-3),마장동,"9,000",성동구,10,0,4,15.54,,,777-3,11200,7
31,,2012,,,2018,(777-3),마장동,"9,000",성동구,10,0,5,15.54,,,777-3,11200,5
32,,2012,,,2018,(777-3),마장동,"5,000",성동구,10,30,5,15.54,,,777-3,11200,5
33,,2012,,,2018,(777-3),마장동,"9,000",성동구,10,0,6,15.54,,,777-3,11200,7
34,,2012,,,2018,(777-3),마장동,"10,000",성동구,10,0,9,20.14,,,777-3,11200,3
35,,2012,,,2018,(777-3),마장동,700,성동구,10,50,11,15.54,,,777-3,11200,8
36,,2012,,,2018,(777-3),마장동,"9,000",성동구,10,0,13,15.54,,,777-3,11200,6
37,,2012,,,2018,(777-3),마장동,"9,000",성동구,10,0,22,15.54,,,777-3,11200,6
38,,2004,,,2018,성동샤르망,행당동,"1,000",성동구,10,60,1,24.84,,,192-29,11200,11
39,,2018,,,2018,왕십리 큐브스테이트,행당동,"16,000",성동구,10,0,1,16.37,,,286-25,11200,7
40,,2004,,,2018,성동샤르망,행당동,"2,000",성동구,10,55,2,24.84,,,192-29,11200,8
41,,2018,,,2018,왕십리 큐브스테이트,행당동,"14,000",성동구,10,0,2,16.37,,,286-25,11200,3
42,,2006,,,2018,왕십리역이스타빌,행당동,"8,000",성동구,10,50,4,29.43,,,287-15,11200,10
43,,2018,,,2018,왕십리 큐브스테이트,행당동,"14,000",성동구,10,0,5,16.37,,,286-25,11200,3
44,,2018,,,2018,왕십리 큐브스테이트,행당동,"14,000",성동구,10,0,6,16.37,,,286-25,11200,2
45,,2018,,,2018,왕십리 큐브스테이트,행당동,"14,000",성동구,10,0,9,16.66,,,286-25,11200,2
46,,2018,,,2018,왕십리 큐브스테이트,행당동,"16,000",성동구,10,0,10,16.37,,,286-25,11200,5
47,,2018,,,2018,왕십리 큐브스테이트,행당동,"16,000",성동구,10,0,10,16.53,,,286-25,11200,2
48,,2018,,,2018,왕십리 큐브스테이트,행당동,"14,500",성동구,10,0,11,16.53,,,286-25,11200,4
49,,2018,,,2018,왕십리 큐브스테이트,행당동,"15,000",성동구,10,0,12,16.66,,,286-25,11200,3
50,,2018,,,2018,왕십리 큐브스테이트,행당동,"1,000",성동구,10,65,13,16.66,,,286-25,11200,5
51,,2018,,,2018,왕십리 큐브스테이트,행당동,"15,000",성동구,10,0,16,16.37,,,286-25,11200,5
52,,2018,,,2018,왕십리 큐브스테이트,행당동,"16,000",성동구,10,0,19,16.33,,,286-25,11200,7
53,,2018,,,2018,왕십리 큐브스테이트,행당동,"14,500",성동구,10,0,20,16.37,,,286-25,11200,6
54,,2018,,,2018,왕십리 큐브스테이트,행당동,"5,000",성동구,10,50,22,16.37,,,286-25,11200,2
55,,2018,,,2018,왕십리 큐브스테이트,행당동,"3,000",성동구,10,50,25,16.37,,,286-25,11200,7
56,,2018,,,2018,왕십리 큐브스테이트,행당동,"16,000",성동구,10,0,25,16.53,,,286-25,11200,7
57,,2018,,,2018,왕십리 큐브스테이트,행당동,"5,000",성동구,10,47,26,16.37,,,286-25,11200,2
58,,2002,,,2018,금호힐오피스텔,금호동1가,"14,500",성동구,10,0,1,27.35,,,1755,11200,4
59,,2004,,,2018,성원상떼뷰,옥수동,"5,500",성동구,10,35,31,25.6,,,475,11200,4
60,,2004,,,2018,이에스에이리버하우스,성수동1가,"2,000",성동구,10,90,1,39.15,,,13-12,11200,7
61,,2018,,,2018,서울숲 프라임 알파,성수동1가,"38,000",성동구,10,0,3,59.18,,,13-120,11200,6
62,,2005,,,2018,뚝섬리버빌,성수동1가,"1,000",성동구,10,65,5,28.55,,,13-117,11200,3
63,,2002,,,2018,백산오피스텔,성수동1가,"10,000",성동구,10,0,6,23.65,,,671-23,11200,8
64,,2004,,,2018,이에스에이리버하우스,성수동1가,"31,000",성동구,10,0,9,63.74,,,13-12,11200,2
65,,2004,,,2018,이에스에이리버하우스,성수동1가,"10,000",성동구,10,50,11,39.15,,,13-12,11200,8
66,,2018,,,2018,서울숲 프라임 베타,성수동1가,"39,000",성동구,10,0,12,59.18,,,13-493,11200,11
67,,2018,,,2018,서울숲 프라임 베타,성수동1가,"5,000",성동구,10,140,13,59.18,,,13-493,11200,6
68,,2004,,,2018,Biz-Well 성수,성수동1가,"3,000",성동구,10,39,13,26.67,,,33-21,11200,3
69,,2002,,,2018,백산오피스텔,성수동1가,"10,000",성동구,10,0,15,23.65,,,671-23,11200,3
70,,2004,,,2018,Biz-Well 성수,성수동1가,"19,000",성동구,10,0,15,45.1,,,33-21,11200,6
71,,2018,,,2018,서울숲 프라임 베타,성수동1가,"39,000",성동구,10,0,16,59.18,,,13-493,11200,9
72,,2002,,,2018,백산오피스텔,성수동1가,"10,000",성동구,10,0,16,23.65,,,671-23,11200,7
73,,2018,,,2018,서울숲 프라임 알파,성수동1가,"5,000",성동구,10,135,17,59.18,,,13-120,11200,3
74,,2003,,,2018,(670-147),성수동1가,"7,000",성동구,10,15,17,18.96,,,670-147,11200,7
75,,2018,,,2018,서울숲 프라임 알파,성수동1가,"36,000",성동구,10,0,18,59.18,,,13-120,11200,2
76,,2018,,,2018,서울숲 프라임 베타,성수동1가,"38,000",성동구,10,0,20,59.18,,,13-493,11200,6
77,,2018,,,2018,서울숲 프라임 알파,성수동1가,"36,000",성동구,10,0,20,59.18,,,13-120,11200,2
78,,2003,,,2018,성수동 뉴타운오피스텔,성수동1가,"10,000",성동구,10,20,26,31.6,,,72-69,11200,10
79,,2018,,,2018,서울숲 프라임 알파,성수동1가,"38,000",성동구,10,0,27,59.18,,,13-120,11200,6
80,,2003,,,2018,성수동 뉴타운오피스텔,성수동1가,"1,000",성동구,10,70,27,31.6,,,72-69,11200,7
81,,2002,,,2018,백산오피스텔,성수동1가,"11,000",성동구,10,0,30,23.65,,,671-23,11200,4
82,,2004,,,2018,Biz-Well 성수,성수동1가,"3,000",성동구,10,37,30,24.69,,,33-21,11200,5
83,,2013,,,2018,성수동램킨중흥S클래스오피스텔,성수동2가,"1,000",성동구,10,55,1,18.33,,,277-101,11200,2
84,,2013,,,2018,성수동램킨중흥S클래스오피스텔,성수동2가,"1,000",성동구,10,55,3,18.33,,,277-101,11200,5
85,,2016,,,2018,성수리치빌,성수동2가,"27,300",성동구,10,0,5,45.77,,,299-174,11200,2
86,,2003,,,2018,성원상떼뷰오피스텔,성수동2가,"12,000",성동구,10,0,8,24.84,,,277-37,11200,8
87,,2003,,,2018,성원상떼뷰오피스텔,성수동2가,"2,000",성동구,10,50,11,28.08,,,277-37,11200,2
88,,2003,,,2018,성원상떼뷰오피스텔,성수동2가,"11,500",성동구,10,0,11,24.84,,,277-37,11200,4
89,,,,,2018,주건축물제1동,성수동2가,"14,175",성동구,10,0,22,29.91,,,299-177,11200,2
90,,2013,,,2018,어반 오피스텔,용답동,"1,000",성동구,10,45,1,16.21,,,229-10,11200,10
91,,2016,,,2018,서희스타힐스리버파크,용답동,"13,500",성동구,10,0,1,21.9,,,238-12,11200,6
92,,2016,,,2018,서희스타힐스리버파크,용답동,"13,500",성동구,10,0,1,21.9,,,238-12,11200,8
93,,2016,,,2018,서희스타힐스리버파크,용답동,"4,000",성동구,10,35,2,20.21,,,238-12,11200,12
94,,2016,,,2018,서희스타힐스리버파크,용답동,"13,500",성동구,10,0,3,21.9,,,238-12,11200,4
95,,2016,,,2018,서희스타힐스리버파크,용답동,"1,000",성동구,10,57,4,21.9,,,238-12,11200,13
96,,2013,,,2018,어반 오피스텔,용답동,"1,000",성동구,10,45,4,16.21,,,229-10,11200,10
97,,2016,,,2018,서희스타힐스리버파크,용답동,"13,000",성동구,10,0,10,19.88,,,238-12,11200,5
98,,2016,,,2018,서희스타힐스리버파크,용답동,"13,500",성동구,10,0,10,21.9,,,238-12,11200,11
99,,2016,,,2018,서희스타힐스리버파크,용답동,700,성동구,10,52,10,19.88,,,238-12,11200,6
100,,2016,,,2018,서희스타힐스리버파크,용답동,"13,500",성동구,10,0,12,21.9,,,238-12,11200,15
101,,2013,,,2018,어반 오피스텔,용답동,"1,000",성동구,10,45,13,16.21,,,229-10,11200,9
102,,2016,,,2018,서희스타힐스리버파크,용답동,"11,500",성동구,10,0,17,21.9,,,238-12,11200,7
103,,2011,,,2018,오르세오피스텔,용답동,"1,000",성동구,10,70,18,43.55,,,238-2,11200,6
104,,2013,,,2018,어반 오피스텔,용답동,"3,000",성동구,10,44,19,20.46,,,229-10,11200,9
105,,2006,,,2018,신창비바패밀리,용답동,"2,000",성동구,10,160,19,106.91,,,232-1,11200,12
106,,2016,,,2018,서희스타힐스리버파크,용답동,"1,000",성동구,10,50,27,20.21,,,238-12,11200,13
107,,2013,,,2018,어반 오피스텔,용답동,"2,000",성동구,10,53,29,17.08,,,229-10,11200,3
108,,2013,,,2018,어반 오피스텔,용답동,"1,000",성동구,10,55,29,20.46,,,229-10,11200,7
0,,2003,,,2018,노블리안,상왕십리동,"4,000",성동구,11,35,1,25.74,,,750,11200,8
1,,2003,,,2018,노블리안,상왕십리동,"4,000",성동구,11,40,8,30.81,,,750,11200,7
2,,2003,,,2018,노블리안,상왕십리동,"6,000",성동구,11,20,17,25.74,,,750,11200,5
3,,2003,,,2018,노블리안,상왕십리동,"12,000",성동구,11,0,19,30.81,,,750,11200,11
4,,2003,,,2018,노블리안,상왕십리동,"10,000",성동구,11,0,19,25.74,,,750,11200,4
5,,2003,,,2018,노블리안,상왕십리동,"6,000",성동구,11,30,26,30.81,,,750,11200,5
6,,2003,,,2018,노블리안,상왕십리동,"10,000",성동구,11,10,27,30.81,,,750,11200,12
7,,2016,,,2018,센트라스,하왕십리동,"25,000",성동구,11,0,2,31.01,,,1070,11200,12
8,,2016,,,2018,센트라스,하왕십리동,"1,000",성동구,11,87,5,31.01,,,1070,11200,12
9,,2016,,,2018,센트라스,하왕십리동,"23,000",성동구,11,0,6,31.01,,,1070,11200,18
10,,2016,,,2018,센트라스,하왕십리동,"25,000",성동구,11,0,9,32.53,,,1070,11200,24
11,,2005,,,2018,동인 레반트 오피스텔,하왕십리동,"4,000",성동구,11,50,9,27.54,,,903-3,11200,6
12,,2016,,,2018,센트라스,하왕십리동,"2,000",성동구,11,85,10,32.53,,,1070,11200,12
13,,2016,,,2018,센트라스,하왕십리동,"22,000",성동구,11,0,10,31.01,,,1070,11200,15
14,,2016,,,2018,센트라스,하왕십리동,"21,000",성동구,11,0,14,31.01,,,1070,11200,14
15,,2005,,,2018,동인 레반트 오피스텔,하왕십리동,"15,000",성동구,11,0,14,27.54,,,903-3,11200,12
16,,2016,,,2018,센트라스,하왕십리동,"25,000",성동구,11,0,15,32.53,,,1070,11200,20
17,,2016,,,2018,센트라스,하왕십리동,"7,000",성동구,11,58,16,32.53,,,1070,11200,22
18,,2016,,,2018,센트라스,하왕십리동,"23,000",성동구,11,0,21,31.01,,,1070,11200,25
19,,2016,,,2018,센트라스,하왕십리동,"25,000",성동구,11,0,23,32.53,,,1070,11200,21
20,,2011,,,2018,리오파크 오피스텔,하왕십리동,500,성동구,11,62,23,23.42,,,898-2,11200,8
21,,2005,,,2018,동인 레반트 오피스텔,하왕십리동,"14,000",성동구,11,0,24,27.54,,,903-3,11200,10
22,,2016,,,2018,센트라스,하왕십리동,"23,100",성동구,11,0,26,32.53,,,1070,11200,12
23,,2016,,,2018,센트라스,하왕십리동,"25,000",성동구,11,0,28,32.53,,,1070,11200,16
24,,2016,,,2018,센트라스,하왕십리동,"23,000",성동구,11,0,30,29.16,,,1070,11200,9
25,,2018,,,2018,비앤리베스텔,홍익동,"16,000",성동구,11,0,5,18.39,,,146-1,11200,7
26,,2018,,,2018,비앤리베스텔,홍익동,"15,000",성동구,11,0,30,18.39,,,146-1,11200,5
27,,1998,,,2018,신한넥스텔,도선동,500,성동구,11,45,5,19.63,,,14,11200,17
28,,2018,,,2018,W에비뉴타워,도선동,"5,000",성동구,11,57,13,23.32,,,46,11200,12
29,,1998,,,2018,신한넥스텔,도선동,"15,000",성동구,11,0,16,44.86,,,14,11200,16
30,,2018,,,2018,W에비뉴타워,도선동,"19,000",성동구,11,0,17,23.32,,,46,11200,9
31,,2018,,,2018,W에비뉴타워,도선동,"19,000",성동구,11,0,20,23.32,,,46,11200,8
32,,1998,,,2018,신한넥스텔,도선동,500,성동구,11,42,24,19.63,,,14,11200,11
33,,2018,,,2018,W에비뉴타워,도선동,"1,000",성동구,11,78,26,23.32,,,46,11200,13
34,,2018,,,2018,W에비뉴타워,도선동,"10,000",성동구,11,50,27,29.62,,,46,11200,9
35,,2018,,,2018,W에비뉴타워,도선동,"39,000",성동구,11,0,27,48.31,,,46,11200,14
36,,2018,,,2018,W에비뉴타워,도선동,"19,000",성동구,11,0,28,23.32,,,46,11200,12
37,,2012,,,2018,(777-3),마장동,"10,000",성동구,11,0,5,20.14,,,777-3,11200,9
38,,1988,,,2018,(797-16),마장동,"9,500",성동구,11,0,9,24.6,,,797-16,11200,5
39,,2012,,,2018,(777-3),마장동,"12,000",성동구,11,0,10,20.14,,,777-3,11200,4
40,,2010,,,2018,고운타워,마장동,500,성동구,11,50,12,24.85,,,474-5,11200,5
41,,2004,,,2018,성동샤르망,행당동,"1,000",성동구,11,60,7,24.84,,,192-29,11200,10
42,,2018,,,2018,왕십리 큐브스테이트,행당동,"15,500",성동구,11,0,11,16.37,,,286-25,11200,7
43,,2018,,,2018,왕십리 큐브스테이트,행당동,"14,000",성동구,11,0,13,15.98,,,286-25,11200,6
44,,2018,,,2018,왕십리 큐브스테이트,행당동,"3,000",성동구,11,55,16,16.37,,,286-25,11200,4
45,,2018,,,2018,왕십리 큐브스테이트,행당동,"15,000",성동구,11,0,22,15.98,,,286-25,11200,7
46,,2018,,,2018,왕십리 큐브스테이트,행당동,"15,500",성동구,11,0,28,16.33,,,286-25,11200,6
47,,2002,,,2018,금호힐오피스텔,금호동1가,"15,500",성동구,11,0,1,29.97,,,1755,11200,3
48,,2002,,,2018,금호힐오피스텔,금호동1가,600,성동구,11,50,20,27.35,,,1755,11200,5
49,,2002,,,2018,금호힐오피스텔,금호동1가,"2,000",성동구,11,52,28,29.97,,,1755,11200,6
50,,2003,,,2018,성수동 뉴타운오피스텔,성수동1가,"15,000",성동구,11,0,2,30.02,,,72-69,11200,8
51,,2018,,,2018,서울숲 프라임 베타,성수동1가,"38,000",성동구,11,0,3,59.18,,,13-493,11200,7
52,,2004,,,2018,Biz-Well 성수,성수동1가,"1,000",성동구,11,50,5,19.08,,,33-21,11200,7
53,,2004,,,2018,이에스에이리버하우스,성수동1가,"22,500",성동구,11,0,5,39.15,,,13-12,11200,4
54,,1997,,,2018,청재오피스텔,성수동1가,"10,000",성동구,11,0,6,48.84,,,72-71,11200,5
55,,2003,,,2018,아트빌딩,성수동1가,"2,000",성동구,11,55,8,26.9,,,685-308,11200,8
56,,2004,,,2018,Biz-Well 성수,성수동1가,"3,000",성동구,11,35,9,20.69,,,33-21,11200,10
57,,2018,,,2018,서울숲 프라임 베타,성수동1가,"38,000",성동구,11,0,12,59.18,,,13-493,11200,8
58,,2004,,,2018,Biz-Well 성수,성수동1가,"10,000",성동구,11,0,14,25.52,,,33-21,11200,3
59,,2004,,,2018,Biz-Well 성수,성수동1가,"3,000",성동구,11,37,14,24.69,,,33-21,11200,4
60,,2005,,,2018,뚝섬리버빌,성수동1가,"1,000",성동구,11,57,15,21.73,,,13-117,11200,7
61,,2004,,,2018,Biz-Well 성수,성수동1가,"3,000",성동구,11,41,16,26.67,,,33-21,11200,4
62,,2003,,,2018,성수동 뉴타운오피스텔,성수동1가,"6,000",성동구,11,40,16,32.39,,,72-69,11200,7
63,,2018,,,2018,서울숲 프라임 베타,성수동1가,"37,500",성동구,11,0,17,59.18,,,13-493,11200,5
64,,2018,,,2018,서울숲 프라임 베타,성수동1가,"37,000",성동구,11,0,19,59.18,,,13-493,11200,4
65,,2002,,,2018,백산오피스텔,성수동1가,"10,000",성동구,11,0,20,23.65,,,671-23,11200,2
66,,2004,,,2018,Biz-Well 성수,성수동1가,"1,000",성동구,11,50,20,24.69,,,33-21,11200,6
67,,2018,,,2018,청호 서울숲 뜨레피움 오피스텔,성수동1가,"18,000",성동구,11,0,24,19.03,,,13-163,11200,3
68,,2004,,,2018,이에스에이리버하우스,성수동1가,"10,000",성동구,11,50,24,39.15,,,13-12,11200,8
69,,2018,,,2018,서울숲 프라임 베타,성수동1가,"37,000",성동구,11,0,29,59.18,,,13-493,11200,4
70,,2004,,,2018,이에스에이리버하우스,성수동1가,"18,000",성동구,11,0,30,39.15,,,13-12,11200,4
71,,2003,,,2018,성원상떼뷰오피스텔,성수동2가,"12,500",성동구,11,0,13,28.08,,,277-37,11200,9
72,,2017,,,2018,백송아트빌,성수동2가,"1,000",성동구,11,60,18,18.91,,,299-167,11200,2
73,,2003,,,2018,성원상떼뷰오피스텔,성수동2가,"2,000",성동구,11,50,19,24.84,,,277-37,11200,3
74,,2013,,,2018,성수동램킨중흥S클래스오피스텔,성수동2가,"1,000",성동구,11,55,22,18.33,,,277-101,11200,2
75,,2007,,,2018,성수동 아스테리아,성수동2가,"29,000",성동구,11,0,22,84.76,,,278-29,11200,2
76,,2016,,,2018,성수리치빌,성수동2가,"21,500",성동구,11,0,22,35.64,,,299-178,11200,2
77,,2003,,,2018,성원상떼뷰오피스텔,성수동2가,"1,000",성동구,11,55,30,24.84,,,277-37,11200,10
78,,2016,,,2018,서희스타힐스리버파크,용답동,"3,000",성동구,11,45,3,21.9,,,238-12,11200,11
79,,2016,,,2018,서희스타힐스리버파크,용답동,"1,000",성동구,11,50,8,20.21,,,238-12,11200,2
80,,2013,,,2018,어반 오피스텔,용답동,"1,000",성동구,11,55,10,16.21,,,229-10,11200,5
81,,2016,,,2018,서희스타힐스리버파크,용답동,"12,000",성동구,11,0,15,20.21,,,238-12,11200,4
82,,2011,,,2018,오르세오피스텔,용답동,"17,500",성동구,11,0,17,46.25,,,238-2,11200,6
83,,1985,,,2018,(233-8),용답동,"13,000",성동구,11,0,20,21.9,,,233-8,11200,7
84,,2016,,,2018,서희스타힐스리버파크,용답동,"13,000",성동구,11,0,24,20.21,,,238-12,11200,6
85,,2013,,,2018,어반 오피스텔,용답동,"2,000",성동구,11,59,26,20.46,,,229-10,11200,2
86,,1985,,,2018,(233-8),용답동,"13,000",성동구,11,0,28,21.9,,,233-8,11200,7
87,,1985,,,2018,(233-8),용답동,"7,000",성동구,11,30,29,21.9,,,233-8,11200,7
0,,2003,,,2018,노블리안,상왕십리동,"4,000",성동구,12,40,12,30.81,,,750,11200,3
1,,2003,,,2018,노블리안,상왕십리동,"1,000",성동구,12,65,20,30.81,,,750,11200,10
2,,2003,,,2018,노블리안,상왕십리동,"6,000",성동구,12,30,21,30.81,,,750,11200,9
3,,2003,,,2018,노블리안,상왕십리동,"6,000",성동구,12,30,24,30.81,,,750,11200,5
4,,2017,,,2018,동인드림힐스,하왕십리동,"26,000",성동구,12,0,1,27.51,,,890-181,11200,8
5,,2011,,,2018,리오파크 오피스텔,하왕십리동,500,성동구,12,64,3,22.11,,,898-2,11200,7
6,,2016,,,2018,센트라스,하왕십리동,"22,000",성동구,12,10,3,32.53,,,1070,11200,21
7,,2016,,,2018,센트라스,하왕십리동,"1,000",성동구,12,95,5,31.01,,,1070,11200,6
8,,2016,,,2018,센트라스,하왕십리동,"26,500",성동구,12,0,6,32.53,,,1070,11200,12
9,,2009,,,2018,왕십리 모노퍼스 주상복합,하왕십리동,"18,000",성동구,12,0,8,38.67,,,286-2,11200,16
10,,2017,,,2018,동인드림힐스,하왕십리동,"17,500",성동구,12,0,10,19.24,,,890-181,11200,14
11,,2016,,,2018,센트라스,하왕십리동,"5,000",성동구,12,75,13,31.01,,,1070,11200,18
12,,2016,,,2018,센트라스,하왕십리동,"24,000",성동구,12,0,14,32.53,,,1070,11200,14
13,,2016,,,2018,센트라스,하왕십리동,"2,000",성동구,12,84,18,31.01,,,1070,11200,13
14,,2005,,,2018,동인 레반트 오피스텔,하왕십리동,"10,000",성동구,12,30,21,27.54,,,903-3,11200,12
15,,2011,,,2018,리오파크 오피스텔,하왕십리동,"2,000",성동구,12,50,22,22.82,,,898-2,11200,8
16,,2005,,,2018,동인 레반트 오피스텔,하왕십리동,"12,000",성동구,12,0,22,27.54,,,903-3,11200,8
17,,2016,,,2018,센트라스,하왕십리동,"24,000",성동구,12,0,26,31.01,,,1070,11200,20
18,,2017,,,2018,동인드림힐스,하왕십리동,"5,000",성동구,12,50,26,19.24,,,890-181,11200,12
19,,2016,,,2018,센트라스,하왕십리동,"21,000",성동구,12,0,29,31.01,,,1070,11200,17
20,,2011,,,2018,리오파크 오피스텔,하왕십리동,"1,000",성동구,12,55,29,21.56,,,898-2,11200,9
21,,2018,,,2018,비앤리베스텔,홍익동,"1,000",성동구,12,54,1,15.98,,,146-1,11200,3
22,,2018,,,2018,비앤리베스텔,홍익동,"15,500",성동구,12,0,1,18.39,,,146-1,11200,6
23,,2018,,,2018,비앤리베스텔,홍익동,"15,000",성동구,12,0,1,16.74,,,146-1,11200,10
24,,2018,,,2018,비앤리베스텔,홍익동,"15,000",성동구,12,0,2,16.74,,,146-1,11200,11
25,,2018,,,2018,비앤리베스텔,홍익동,"15,000",성동구,12,0,2,16.74,,,146-1,11200,6
26,,2018,,,2018,비앤리베스텔,홍익동,"14,000",성동구,12,0,4,16.74,,,146-1,11200,3
27,,2018,,,2018,비앤리베스텔,홍익동,"15,000",성동구,12,0,4,16.74,,,146-1,11200,7
28,,2018,,,2018,비앤리베스텔,홍익동,"15,000",성동구,12,0,8,16.74,,,146-1,11200,9
29,,2018,,,2018,비앤리베스텔,홍익동,"16,000",성동구,12,0,8,18.39,,,146-1,11200,8
30,,2018,,,2018,비앤리베스텔,홍익동,"16,000",성동구,12,0,10,18.39,,,146-1,11200,9
31,,2018,,,2018,비앤리베스텔,홍익동,"14,000",성동구,12,0,11,15.92,,,146-1,11200,5
32,,2018,,,2018,비앤리베스텔,홍익동,"14,000",성동구,12,0,13,16.74,,,146-1,11200,3
33,,2018,,,2018,비앤리베스텔,홍익동,"15,000",성동구,12,0,15,16.74,,,146-1,11200,8
34,,2018,,,2018,비앤리베스텔,홍익동,"16,000",성동구,12,0,17,18.39,,,146-1,11200,9
35,,2018,,,2018,비앤리베스텔,홍익동,"15,000",성동구,12,0,17,18.39,,,146-1,11200,5
36,,2018,,,2018,비앤리베스텔,홍익동,"14,000",성동구,12,0,19,18.39,,,146-1,11200,3
37,,2018,,,2018,비앤리베스텔,홍익동,"14,000",성동구,12,0,20,16.74,,,146-1,11200,4
38,,2018,,,2018,비앤리베스텔,홍익동,"12,000",성동구,12,20,21,18.39,,,146-1,11200,11
39,,2018,,,2018,비앤리베스텔,홍익동,"15,500",성동구,12,0,22,18.39,,,146-1,11200,7
40,,2018,,,2018,비앤리베스텔,홍익동,"16,000",성동구,12,0,24,18.39,,,146-1,11200,11
41,,2018,,,2018,비앤리베스텔,홍익동,"15,500",성동구,12,0,24,18.39,,,146-1,11200,6
42,,2018,,,2018,비앤리베스텔,홍익동,"16,000",성동구,12,0,26,18.39,,,146-1,11200,8
43,,2018,,,2018,비앤리베스텔,홍익동,"15,000",성동구,12,0,27,16.74,,,146-1,11200,9
44,,2018,,,2018,비앤리베스텔,홍익동,"14,000",성동구,12,0,28,16.74,,,146-1,11200,4
45,,2018,,,2018,비앤리베스텔,홍익동,"15,000",성동구,12,0,28,18.39,,,146-1,11200,10
46,,2018,,,2018,비앤리베스텔,홍익동,"16,000",성동구,12,0,28,18.39,,,146-1,11200,8
47,,2018,,,2018,비앤리베스텔,홍익동,"15,000",성동구,12,0,28,16.74,,,146-1,11200,7
48,,2018,,,2018,비앤리베스텔,홍익동,"15,000",성동구,12,0,29,15.98,,,146-1,11200,7
49,,2018,,,2018,비앤리베스텔,홍익동,"5,000",성동구,12,50,29,15.92,,,146-1,11200,8
50,,2018,,,2018,비앤리베스텔,홍익동,"15,000",성동구,12,0,29,15.92,,,146-1,11200,7
51,,2018,,,2018,비앤리베스텔,홍익동,"16,000",성동구,12,0,29,18.39,,,146-1,11200,10
52,,2018,,,2018,비앤리베스텔,홍익동,"15,000",성동구,12,0,31,15.92,,,146-1,11200,6
53,,2018,,,2018,W에비뉴타워,도선동,"6,500",성동구,12,65,1,29.62,,,46,11200,13
54,,2018,,,2018,W에비뉴타워,도선동,"1,000",성동구,12,90,1,29.62,,,46,11200,6
55,,2018,,,2018,W에비뉴타워,도선동,"17,000",성동구,12,0,3,23.32,,,46,11200,11
56,,2018,,,2018,W에비뉴타워,도선동,"20,000",성동구,12,0,3,23.32,,,46,11200,11
57,,1998,,,2018,신한넥스텔,도선동,"14,000",성동구,12,0,5,39.26,,,14,11200,15
58,,2018,,,2018,W에비뉴타워,도선동,"19,000",성동구,12,0,5,23.32,,,46,11200,12
59,,2018,,,2018,W에비뉴타워,도선동,"5,000",성동구,12,80,7,29.62,,,46,11200,15
60,,2018,,,2018,W에비뉴타워,도선동,"2,000",성동구,12,80,7,23.32,,,46,11200,7
61,,2018,,,2018,W에비뉴타워,도선동,"10,000",성동구,12,50,8,29.62,,,46,11200,8
62,,2018,,,2018,W에비뉴타워,도선동,"18,000",성동구,12,0,8,23.32,,,46,11200,12
63,,2018,,,2018,W에비뉴타워,도선동,"19,000",성동구,12,0,9,23.32,,,46,11200,10
64,,2018,,,2018,W에비뉴타워,도선동,"20,000",성동구,12,0,10,23.32,,,46,11200,13
65,,2018,,,2018,W에비뉴타워,도선동,"1,000",성동구,12,75,10,23.32,,,46,11200,10
66,,2018,,,2018,W에비뉴타워,도선동,"20,000",성동구,12,0,10,23.32,,,46,11200,10
67,,2018,,,2018,W에비뉴타워,도선동,"18,500",성동구,12,0,11,23.32,,,46,11200,11
68,,2018,,,2018,W에비뉴타워,도선동,"18,500",성동구,12,0,12,23.32,,,46,11200,7
69,,1998,,,2018,신한넥스텔,도선동,"5,000",성동구,12,30,13,30.18,,,14,11200,13
70,,2017,,,2018,한성아펠타워,도선동,"26,000",성동구,12,0,15,23.61,,,53,11200,8
71,,2018,,,2018,W에비뉴타워,도선동,"22,000",성동구,12,0,15,23.32,,,46,11200,10
72,,2018,,,2018,W에비뉴타워,도선동,"7,000",성동구,12,50,15,23.32,,,46,11200,9
73,,2018,,,2018,W에비뉴타워,도선동,"18,000",성동구,12,0,17,23.32,,,46,11200,6
74,,2018,,,2018,W에비뉴타워,도선동,"35,000",성동구,12,0,18,48.31,,,46,11200,15
75,,2018,,,2018,W에비뉴타워,도선동,"20,000",성동구,12,0,18,23.32,,,46,11200,6
76,,2018,,,2018,W에비뉴타워,도선동,"10,000",성동구,12,60,18,29.62,,,46,11200,7
77,,2018,,,2018,W에비뉴타워,도선동,"3,500",성동구,12,65,20,23.32,,,46,11200,11
78,,2018,,,2018,W에비뉴타워,도선동,"36,000",성동구,12,0,20,48.3,,,46,11200,17
79,,2018,,,2018,W에비뉴타워,도선동,"18,500",성동구,12,0,20,23.32,,,46,11200,9
80,,2018,,,2018,W에비뉴타워,도선동,"36,500",성동구,12,0,20,48.41,,,46,11200,15
81,,2018,,,2018,W에비뉴타워,도선동,"22,000",성동구,12,0,21,23.32,,,46,11200,8
82,,2018,,,2018,W에비뉴타워,도선동,"3,000",성동구,12,70,22,23.32,,,46,11200,11
83,,2018,,,2018,W에비뉴타워,도선동,"20,000",성동구,12,70,26,48.41,,,46,11200,16
84,,2018,,,2018,W에비뉴타워,도선동,"1,000",성동구,12,75,27,23.32,,,46,11200,9
85,,2018,,,2018,W에비뉴타워,도선동,"21,000",성동구,12,0,27,23.32,,,46,11200,17
86,,2018,,,2018,W에비뉴타워,도선동,"19,000",성동구,12,0,29,23.32,,,46,11200,10
87,,2018,,,2018,W에비뉴타워,도선동,"2,000",성동구,12,75,29,23.32,,,46,11200,13
88,,2018,,,2018,W에비뉴타워,도선동,"19,000",성동구,12,0,29,23.32,,,46,11200,8
89,,2018,,,2018,W에비뉴타워,도선동,"22,000",성동구,12,0,31,23.32,,,46,11200,8
90,,2012,,,2018,(777-3),마장동,"4,000",성동구,12,45,10,20.14,,,777-3,11200,5
91,,2012,,,2018,(777-3),마장동,"9,000",성동구,12,0,10,15.62,,,777-3,11200,3
92,,2010,,,2018,고운타워,마장동,"12,000",성동구,12,0,22,29.4,,,474-5,11200,8
93,,2012,,,2018,(777-3),마장동,"1,000",성동구,12,50,27,20.14,,,777-3,11200,6
94,,2018,,,2018,왕십리 큐브스테이트,행당동,"1,000",성동구,12,65,6,16.37,,,286-25,11200,4
95,,2018,,,2018,왕십리 큐브스테이트,행당동,"15,000",성동구,12,0,7,16.66,,,286-25,11200,6
96,,2018,,,2018,왕십리 큐브스테이트,행당동,"15,000",성동구,12,0,8,16.53,,,286-25,11200,3
97,,2006,,,2018,왕십리역이스타빌,행당동,"1,000",성동구,12,60,13,21.91,,,287-15,11200,7
98,,2018,,,2018,왕십리 큐브스테이트,행당동,"16,000",성동구,12,0,13,16.37,,,286-25,11200,6
99,,2018,,,2018,왕십리 큐브스테이트,행당동,"15,000",성동구,12,0,15,16.66,,,286-25,11200,7
100,,2018,,,2018,왕십리 큐브스테이트,행당동,"16,000",성동구,12,0,22,16.53,,,286-25,11200,6
101,,2018,,,2018,왕십리 큐브스테이트,행당동,"16,000",성동구,12,0,22,15.98,,,286-25,11200,5
102,,2006,,,2018,왕십리역이스타빌,행당동,"10,000",성동구,12,25,23,23.89,,,287-15,11200,14
103,,2018,,,2018,왕십리 큐브스테이트,행당동,"14,500",성동구,12,0,24,15.98,,,286-25,11200,2
104,,2006,,,2018,왕십리역이스타빌,행당동,"16,000",성동구,12,0,24,26.01,,,287-15,11200,12
105,,2018,,,2018,왕십리 큐브스테이트,행당동,"3,000",성동구,12,50,26,16.53,,,286-25,11200,7
106,,2018,,,2018,왕십리 큐브스테이트,행당동,"16,000",성동구,12,0,27,16.53,,,286-25,11200,5
107,,2004,,,2018,성동샤르망,행당동,"1,000",성동구,12,65,27,24.84,,,192-29,11200,9
108,,2006,,,2018,왕십리역이스타빌,행당동,"1,000",성동구,12,60,27,21.91,,,287-15,11200,7
109,,2018,,,2018,왕십리 큐브스테이트,행당동,"16,000",성동구,12,0,31,16.37,,,286-25,11200,2
110,,2002,,,2018,금호힐오피스텔,금호동1가,"16,000",성동구,12,0,17,42.6,,,1755,11200,3
111,,2003,,,2018,재호예향빌,금호동4가,"8,000",성동구,12,0,17,28.67,,,1028,11200,3
112,,2003,,,2018,재호예향빌,금호동4가,"1,500",성동구,12,35,28,22.56,,,1028,11200,3
113,,2004,,,2018,성원상떼뷰,옥수동,"14,000",성동구,12,0,14,25.6,,,475,11200,9
114,,2005,,,2018,뚝섬리버빌,성수동1가,"2,000",성동구,12,60,3,29,,,13-117,11200,5
115,,2004,,,2018,Biz-Well 성수,성수동1가,"12,000",성동구,12,0,4,24.69,,,33-21,11200,6
116,,2004,,,2018,이에스에이리버하우스,성수동1가,"1,000",성동구,12,100,5,39.15,,,13-12,11200,12
117,,2018,,,2018,서울숲 프라임 베타,성수동1가,"36,000",성동구,12,0,6,59.18,,,13-493,11200,3
118,,2005,,,2018,뚝섬리버빌,성수동1가,"15,000",성동구,12,0,10,33.94,,,13-117,11200,7
119,,2002,,,2018,백산오피스텔,성수동1가,"10,000",성동구,12,0,14,23.65,,,671-23,11200,6
120,,2004,,,2018,이에스에이리버하우스,성수동1가,"10,000",성동구,12,90,17,63.74,,,13-12,11200,12
121,,2004,,,2018,Biz-Well 성수,성수동1가,"3,000",성동구,12,37,17,24.69,,,33-21,11200,8
122,,2003,,,2018,성수동 뉴타운오피스텔,성수동1가,"1,000",성동구,12,70,18,29.23,,,72-69,11200,9
123,,2003,,,2018,아트빌딩,성수동1가,"13,000",성동구,12,0,18,24.64,,,685-308,11200,5
124,,2003,,,2018,(670-147),성수동1가,"10,000",성동구,12,6,19,21.45,,,670-147,11200,10
125,,2004,,,2018,Biz-Well 성수,성수동1가,"3,000",성동구,12,37,26,24.69,,,33-21,11200,3
126,,2004,,,2018,Biz-Well 성수,성수동1가,"7,000",성동구,12,30,28,45.1,,,33-21,11200,4
127,,2003,,,2018,성수동 뉴타운오피스텔,성수동1가,"12,500",성동구,12,0,29,31.6,,,72-69,11200,8
128,,2003,,,2018,성원상떼뷰오피스텔,성수동2가,900,성동구,12,55,13,24.84,,,277-37,11200,10
129,,2003,,,2018,성원상떼뷰오피스텔,성수동2가,"13,500",성동구,12,0,17,28.08,,,277-37,11200,5
130,,2003,,,2018,성원상떼뷰오피스텔,성수동2가,"1,000",성동구,12,60,21,28.08,,,277-37,11200,8
131,,2016,,,2018,서희스타힐스리버파크,용답동,"12,500",성동구,12,0,1,21.9,,,238-12,11200,4
132,,2011,,,2018,오르세오피스텔,용답동,"1,000",성동구,12,70,3,33.2,,,238-2,11200,8
133,,2016,,,2018,서희스타힐스리버파크,용답동,"13,500",성동구,12,0,4,21.9,,,238-12,11200,13
134,,2016,,,2018,서희스타힐스리버파크,용답동,"12,500",성동구,12,0,4,20.21,,,238-12,11200,15
135,,2013,,,2018,어반 오피스텔,용답동,"1,000",성동구,12,64,5,20.96,,,229-10,11200,3
136,,1985,,,2018,(233-8),용답동,"9,000",성동구,12,20,5,21.9,,,233-8,11200,13
137,,2013,,,2018,어반 오피스텔,용답동,"2,000",성동구,12,54,7,17.08,,,229-10,11200,4
138,,2016,,,2018,서희스타힐스리버파크,용답동,"12,100",성동구,12,0,8,21.9,,,238-12,11200,8
139,,2016,,,2018,서희스타힐스리버파크,용답동,"13,000",성동구,12,0,13,21.9,,,238-12,11200,6
140,,2011,,,2018,오르세오피스텔,용답동,"18,000",성동구,12,0,14,46.25,,,238-2,11200,9
141,,1985,,,2018,(233-8),용답동,"15,000",성동구,12,0,15,21.9,,,233-8,11200,15
142,,1985,,,2018,(233-8),용답동,"1,000",성동구,12,60,15,21.9,,,233-8,11200,13
143,,2016,,,2018,서희스타힐스리버파크,용답동,"1,000",성동구,12,55,17,21.9,,,238-12,11200,10
144,,1985,,,2018,(233-8),용답동,"7,000",성동구,12,30,18,21.9,,,233-8,11200,6
145,,2016,,,2018,서희스타힐스리버파크,용답동,"12,500",성동구,12,0,19,21.9,,,238-12,11200,3
146,,2013,,,2018,어반 오피스텔,용답동,"1,000",성동구,12,45,19,16.21,,,229-10,11200,7
147,,2016,,,2018,서희스타힐스리버파크,용답동,"1,000",성동구,12,58,19,21.9,,,238-12,11200,10
148,,2016,,,2018,서희스타힐스리버파크,용답동,"5,000",성동구,12,35,19,21.9,,,238-12,11200,13
149,,2013,,,2018,어반 오피스텔,용답동,"1,000",성동구,12,57,20,17.08,,,229-10,11200,2
150,,2016,,,2018,서희스타힐스리버파크,용답동,"13,000",성동구,12,0,20,20.21,,,238-12,11200,14
151,,2016,,,2018,서희스타힐스리버파크,용답동,"2,000",성동구,12,47,20,21.9,,,238-12,11200,12
152,,2013,,,2018,어반 오피스텔,용답동,"1,000",성동구,12,45,22,16.21,,,229-10,11200,9
153,,1985,,,2018,(233-8),용답동,"1,000",성동구,12,60,26,21.9,,,233-8,11200,12
154,,2013,,,2018,어반 오피스텔,용답동,"1,000",성동구,12,57,29,16.21,,,229-10,11200,4
155,,2013,,,2018,어반 오피스텔,용답동,"1,000",성동구,12,45,29,16.21,,,229-10,11200,9
0,,2003,,,2019,노블리안,상왕십리동,"10,000",성동구,1,10,2,30.81,,,750,11200,10
1,,2003,,,2019,노블리안,상왕십리동,"7,000",성동구,1,20,15,30.81,,,750,11200,9
2,,2003,,,2019,노블리안,상왕십리동,"1,000",성동구,1,60,18,25.74,,,750,11200,12
3,,2003,,,2019,노블리안,상왕십리동,"7,000",성동구,1,25,25,30.81,,,750,11200,8
4,,2003,,,2019,노블리안,상왕십리동,"10,000",성동구,1,20,29,30.81,,,750,11200,7
5,,2003,,,2019,노블리안,상왕십리동,"12,000",성동구,1,0,31,30.81,,,750,11200,4
6,,2016,,,2019,센트라스,하왕십리동,"25,000",성동구,1,0,3,29.16,,,1070,11200,18
7,,2016,,,2019,센트라스,하왕십리동,"24,000",성동구,1,0,3,31.01,,,1070,11200,17
8,,2016,,,2019,센트라스,하왕십리동,"25,000",성동구,1,0,4,32.53,,,1070,11200,8
9,,2016,,,2019,센트라스,하왕십리동,"18,000",성동구,1,30,4,32.53,,,1070,11200,8
10,,2016,,,2019,센트라스,하왕십리동,"23,100",성동구,1,0,4,31.01,,,1070,11200,6
11,,2016,,,2019,센트라스,하왕십리동,"1,500",성동구,1,90,5,32.53,,,1070,11200,17
12,,2011,,,2019,리오파크 오피스텔,하왕십리동,"12,000",성동구,1,0,5,24.07,,,898-2,11200,10
13,,2016,,,2019,센트라스,하왕십리동,"23,000",성동구,1,0,6,31.01,,,1070,11200,25
14,,2016,,,2019,센트라스,하왕십리동,"26,000",성동구,1,0,7,31.01,,,1070,11200,19
15,,2016,,,2019,센트라스,하왕십리동,"25,000",성동구,1,0,9,32.53,,,1070,11200,21
16,,2016,,,2019,센트라스,하왕십리동,"23,100",성동구,1,0,9,32.53,,,1070,11200,7
17,,2009,,,2019,왕십리 모노퍼스 주상복합,하왕십리동,"19,000",성동구,1,0,9,38.67,,,286-2,11200,7
18,,2016,,,2019,센트라스,하왕십리동,"23,000",성동구,1,0,11,31.01,,,1070,11200,12
19,,2016,,,2019,센트라스,하왕십리동,"1,000",성동구,1,100,16,32.53,,,1070,11200,18
20,,2016,,,2019,센트라스,하왕십리동,"5,000",성동구,1,70,18,31.01,,,1070,11200,24
21,,2016,,,2019,센트라스,하왕십리동,"24,675",성동구,1,0,18,32.53,,,1070,11200,9
22,,2017,,,2019,동인드림힐스,하왕십리동,"19,000",성동구,1,0,19,27.51,,,890-181,11200,5
23,,2011,,,2019,리오파크 오피스텔,하왕십리동,"1,000",성동구,1,60,19,23.88,,,898-2,11200,10
24,,2016,,,2019,센트라스,하왕십리동,"23,500",성동구,1,0,21,32.53,,,1070,11200,19
25,,2017,,,2019,동인드림힐스,하왕십리동,"5,000",성동구,1,50,22,19.24,,,890-181,11200,13
26,,2016,,,2019,센트라스,하왕십리동,"25,200",성동구,1,0,25,32.53,,,1070,11200,16
27,,2016,,,2019,센트라스,하왕십리동,"10,000",성동구,1,56,26,31.01,,,1070,11200,10
28,,2005,,,2019,동인 레반트 오피스텔,하왕십리동,"3,000",성동구,1,60,26,27.54,,,903-3,11200,6
29,,2005,,,2019,동인 레반트 오피스텔,하왕십리동,"15,000",성동구,1,0,26,27.54,,,903-3,11200,4
30,,2016,,,2019,센트라스,하왕십리동,"10,000",성동구,1,40,28,29.16,,,1070,11200,20
31,,2016,,,2019,센트라스,하왕십리동,"14,000",성동구,1,40,29,32.53,,,1070,11200,11
32,,2018,,,2019,비앤리베스텔,홍익동,"15,000",성동구,1,0,2,15.92,,,146-1,11200,11
33,,2018,,,2019,비앤리베스텔,홍익동,"3,000",성동구,1,50,4,16.74,,,146-1,11200,5
34,,2018,,,2019,뉴센트빌,홍익동,"35,000",성동구,1,0,7,50.77,,,125-1,11200,5
35,,2018,,,2019,비앤리베스텔,홍익동,"15,000",성동구,1,0,18,15.98,,,146-1,11200,10
36,,2018,,,2019,비앤리베스텔,홍익동,"5,000",성동구,1,50,21,15.92,,,146-1,11200,9
37,,2018,,,2019,비앤리베스텔,홍익동,"5,000",성동구,1,50,23,15.98,,,146-1,11200,8
38,,2018,,,2019,W에비뉴타워,도선동,"7,000",성동구,1,50,1,23.32,,,46,11200,9
39,,2018,,,2019,W에비뉴타워,도선동,"21,000",성동구,1,0,3,23.32,,,46,11200,8
40,,2018,,,2019,렉스오피스텔,도선동,"1,000",성동구,1,70,3,20.35,,,268,11200,7
41,,2018,,,2019,W에비뉴타워,도선동,"20,000",성동구,1,0,5,23.32,,,46,11200,8
42,,2018,,,2019,W에비뉴타워,도선동,"1,000",성동구,1,75,5,23.32,,,46,11200,11
43,,2018,,,2019,W에비뉴타워,도선동,"5,000",성동구,1,60,6,23.32,,,46,11200,7
44,,2018,,,2019,W에비뉴타워,도선동,"27,000",성동구,1,0,7,29.62,,,46,11200,14
45,,2018,,,2019,W에비뉴타워,도선동,"4,000",성동구,1,65,7,23.32,,,46,11200,7
46,,2018,,,2019,W에비뉴타워,도선동,"30,000",성동구,1,30,8,48.31,,,46,11200,16
47,,2018,,,2019,W에비뉴타워,도선동,"3,000",성동구,1,70,9,23.32,,,46,11200,10
48,,2018,,,2019,W에비뉴타워,도선동,"5,000",성동구,1,60,12,23.32,,,46,11200,11
49,,2018,,,2019,W에비뉴타워,도선동,"3,000",성동구,1,70,12,23.32,,,46,11200,13
50,,1998,,,2019,신한넥스텔,도선동,"1,000",성동구,1,45,12,19.63,,,14,11200,8
51,,2018,,,2019,W에비뉴타워,도선동,"2,000",성동구,1,65,14,23.32,,,46,11200,17
52,,2018,,,2019,W에비뉴타워,도선동,"3,000",성동구,1,70,14,23.32,,,46,11200,11
53,,1998,,,2019,신한넥스텔,도선동,"8,000",성동구,1,0,15,19.63,,,14,11200,14
54,,2018,,,2019,W에비뉴타워,도선동,"5,000",성동구,1,60,16,23.32,,,46,11200,13
55,,1998,,,2019,신한넥스텔,도선동,500,성동구,1,45,17,19.63,,,14,11200,14
56,,2018,,,2019,W에비뉴타워,도선동,"10,000",성동구,1,120,18,48.3,,,46,11200,14
57,,2018,,,2019,W에비뉴타워,도선동,"4,000",성동구,1,60,19,23.32,,,46,11200,8
58,,2018,,,2019,W에비뉴타워,도선동,"3,000",성동구,1,75,19,23.32,,,46,11200,16
59,,2018,,,2019,W에비뉴타워,도선동,"2,000",성동구,1,0,19,23.32,,,46,11200,10
60,,2018,,,2019,W에비뉴타워,도선동,"36,000",성동구,1,0,21,48.31,,,46,11200,15
61,,2018,,,2019,W에비뉴타워,도선동,"1,000",성동구,1,75,21,23.32,,,46,11200,12
62,,2014,,,2019,J&J빌딩,도선동,"16,000",성동구,1,0,24,29.1,,,276,11200,8
63,,2017,,,2019,한성아펠타워,도선동,"14,000",성동구,1,21,26,23.58,,,53,11200,4
64,,2017,,,2019,한성아펠타워,도선동,"23,100",성동구,1,0,26,23.58,,,53,11200,4
65,,2017,,,2019,한성아펠타워,도선동,500,성동구,1,93,26,23.61,,,53,11200,6
66,,2017,,,2019,한성아펠타워,도선동,"24,000",성동구,1,0,26,23.58,,,53,11200,5
67,,2018,,,2019,렉스오피스텔,도선동,"15,000",성동구,1,0,26,18.7,,,268,11200,8
68,,2017,,,2019,한성아펠타워,도선동,"1,000",성동구,1,89,29,23.58,,,53,11200,7
69,,2017,,,2019,한성아펠타워,도선동,"25,000",성동구,1,0,30,23.58,,,53,11200,8
70,,2012,,,2019,(777-3),마장동,"3,000",성동구,1,40,3,15.62,,,777-3,11200,9
71,,1988,,,2019,(797-16),마장동,"3,000",성동구,1,30,5,24.6,,,797-16,11200,4
72,,2018,,,2019,트레저힐스,마장동,"22,000",성동구,1,0,11,29.51,,,775-4,11200,2
73,,2012,,,2019,(777-3),마장동,"1,000",성동구,1,50,21,15.62,,,777-3,11200,9
74,,2018,,,2019,트레저힐스,마장동,"22,000",성동구,1,0,24,27.92,,,775-4,11200,2
75,,2004,,,2019,성동샤르망,행당동,"1,000",성동구,1,60,2,24.84,,,192-29,11200,4
76,,2004,,,2019,성동샤르망,행당동,"2,000",성동구,1,55,5,24.84,,,192-29,11200,11
77,,2004,,,2019,성동샤르망,행당동,"3,000",성동구,1,50,5,24.84,,,192-29,11200,11
78,,2006,,,2019,왕십리역이스타빌,행당동,"1,000",성동구,1,60,5,21.91,,,287-15,11200,11
79,,2006,,,2019,왕십리역이스타빌,행당동,500,성동구,1,65,5,26.22,,,287-15,11200,8
80,,2006,,,2019,왕십리역이스타빌,행당동,"1,000",성동구,1,75,7,29.43,,,287-15,11200,13
81,,2018,,,2019,왕십리 큐브스테이트,행당동,"16,000",성동구,1,0,9,16.37,,,286-25,11200,4
82,,2006,,,2019,왕십리역이스타빌,행당동,"1,000",성동구,1,60,9,21.91,,,287-15,11200,5
83,,2004,,,2019,성동샤르망,행당동,"3,500",성동구,1,45,14,24.84,,,192-29,11200,11
84,,2006,,,2019,왕십리역이스타빌,행당동,"1,000",성동구,1,65,16,26.22,,,287-15,11200,6
85,,2004,,,2019,성동샤르망,행당동,"1,000",성동구,1,60,18,24.84,,,192-29,11200,12
86,,2006,,,2019,왕십리역이스타빌,행당동,"1,000",성동구,1,75,19,29.43,,,287-15,11200,6
87,,2006,,,2019,왕십리역이스타빌,행당동,"2,600",성동구,1,65,20,30.78,,,287-15,11200,6
88,,2006,,,2019,왕십리역이스타빌,행당동,"1,000",성동구,1,65,22,21.91,,,287-15,11200,10
89,,2014,,,2019,서울숲 더샵,행당동,"2,000",성동구,1,105,23,32.49,,,377,11200,4
90,,2014,,,2019,서울숲 더샵,행당동,"5,000",성동구,1,100,25,36.59,,,377,11200,4
91,,2018,,,2019,왕십리 큐브스테이트,행당동,"2,000",성동구,1,60,26,16.37,,,286-25,11200,7
92,,2006,,,2019,왕십리역이스타빌,행당동,"1,000",성동구,1,65,30,21.91,,,287-15,11200,13
93,,2006,,,2019,왕십리역이스타빌,행당동,"1,000",성동구,1,65,31,21.91,,,287-15,11200,6
94,,2004,,,2019,성원상떼뷰,옥수동,"13,500",성동구,1,0,4,29.54,,,475,11200,11
95,,2004,,,2019,성원상떼뷰,옥수동,"13,500",성동구,1,0,4,29.54,,,475,11200,11
96,,2004,,,2019,성원상떼뷰,옥수동,"5,000",성동구,1,40,21,28,,,475,11200,7
97,,2004,,,2019,성원상떼뷰,옥수동,"14,000",성동구,1,0,26,27.01,,,475,11200,4
98,,2004,,,2019,성원상떼뷰,옥수동,"3,000",성동구,1,57,30,27.01,,,475,11200,2
99,,2004,,,2019,Biz-Well 성수,성수동1가,"3,000",성동구,1,39,2,24.69,,,33-21,11200,6
100,,2003,,,2019,(670-147),성수동1가,"7,000",성동구,1,15,5,21.36,,,670-147,11200,5
101,,2004,,,2019,이에스에이리버하우스,성수동1가,"22,000",성동구,1,0,5,39.15,,,13-12,11200,2
102,,1997,,,2019,청재오피스텔,성수동1가,"5,000",성동구,1,30,7,35.38,,,72-71,11200,3
103,,2013,,,2019,서울숲오피스텔,성수동1가,"10,000",성동구,1,60,9,49.16,,,656-392,11200,5
104,,2004,,,2019,Biz-Well 성수,성수동1가,"3,000",성동구,1,42,9,26.67,,,33-21,11200,8
105,,2004,,,2019,이에스에이리버하우스,성수동1가,"1,000",성동구,1,100,10,39.15,,,13-12,11200,11
106,,2018,,,2019,서울숲 프라임 알파,성수동1가,"38,000",성동구,1,0,12,59.18,,,13-120,11200,3
107,,2018,,,2019,청호 서울숲 뜨레피움 오피스텔,성수동1가,"3,000",성동구,1,65,12,19.03,,,13-163,11200,2
108,,2018,,,2019,서울숲 프라임 알파,성수동1가,"36,500",성동구,1,0,12,59.18,,,13-120,11200,4
109,,2004,,,2019,이에스에이리버하우스,성수동1가,"1,000",성동구,1,95,12,39.15,,,13-12,11200,6
110,,2004,,,2019,Biz-Well 성수,성수동1가,"3,000",성동구,1,40,16,26.67,,,33-21,11200,7
111,,2004,,,2019,Biz-Well 성수,성수동1가,"3,000",성동구,1,36,18,24.65,,,33-21,11200,2
112,,2003,,,2019,(670-147),성수동1가,"7,000",성동구,1,15,19,18.96,,,670-147,11200,9
113,,2018,,,2019,청호 서울숲 뜨레피움 오피스텔,성수동1가,"17,000",성동구,1,0,25,19.03,,,13-163,11200,2
114,,2005,,,2019,뚝섬리버빌,성수동1가,"1,000",성동구,1,65,26,29.98,,,13-117,11200,7
115,,2004,,,2019,이에스에이리버하우스,성수동1가,"18,000",성동구,1,20,28,39.15,,,13-12,11200,9
116,,2005,,,2019,뚝섬리버빌,성수동1가,"12,000",성동구,1,0,28,20.64,,,13-117,11200,7
117,,2005,,,2019,뚝섬리버빌,성수동1가,"2,000",성동구,1,60,28,28.55,,,13-117,11200,5
118,,2018,,,2019,서울숲 프라임 베타,성수동1가,"38,000",성동구,1,0,30,59.18,,,13-493,11200,2
119,,2013,,,2019,성수동램킨중흥S클래스오피스텔,성수동2가,"12,500",성동구,1,0,3,18.33,,,277-101,11200,7
120,,2013,,,2019,성수동램킨중흥S클래스오피스텔,성수동2가,"3,000",성동구,1,45,4,18.33,,,277-101,11200,3
121,,2003,,,2019,성원상떼뷰오피스텔,성수동2가,900,성동구,1,60,14,28.08,,,277-37,11200,4
122,,2003,,,2019,성원상떼뷰오피스텔,성수동2가,800,성동구,1,55,15,24.84,,,277-37,11200,9
123,,2013,,,2019,성수동램킨중흥S클래스오피스텔,성수동2가,"5,000",성동구,1,35,18,18.33,,,277-101,11200,8
124,,2003,,,2019,성원상떼뷰오피스텔,성수동2가,"12,800",성동구,1,0,21,28.08,,,277-37,11200,9
125,,2003,,,2019,성원상떼뷰오피스텔,성수동2가,"5,000",성동구,1,40,22,28.08,,,277-37,11200,8
126,,2003,,,2019,성원상떼뷰오피스텔,성수동2가,"2,000",성동구,1,52,26,28.08,,,277-37,11200,11
127,,2003,,,2019,성원상떼뷰오피스텔,성수동2가,"12,000",성동구,1,0,28,24.84,,,277-37,11200,4
128,,2017,,,2019,송보파인빌,성수동2가,"21,000",성동구,1,0,30,27.89,,,299-168,11200,2
129,,2003,,,2019,성원상떼뷰오피스텔,성수동2가,"1,000",성동구,1,55,30,24.84,,,277-37,11200,8
130,,2011,,,2019,오르세오피스텔,용답동,"1,000",성동구,1,75,3,42.3,,,238-2,11200,2
131,,1985,,,2019,(233-8),용답동,"15,000",성동구,1,0,4,21.9,,,233-8,11200,15
132,,2016,,,2019,서희스타힐스리버파크,용답동,"13,000",성동구,1,0,5,20.21,,,238-12,11200,6
133,,1985,,,2019,(233-8),용답동,"5,000",성동구,1,40,5,21.9,,,233-8,11200,6
134,,1985,,,2019,(233-8),용답동,"3,000",성동구,1,50,6,21.9,,,233-8,11200,10
135,,1985,,,2019,(233-8),용답동,"6,000",성동구,1,30,6,21.69,,,233-8,11200,3
136,,2013,,,2019,어반 오피스텔,용답동,"1,000",성동구,1,55,8,16.21,,,229-10,11200,4
137,,2011,,,2019,오르세오피스텔,용답동,"14,000",성동구,1,0,8,35,,,238-2,11200,7
138,,2011,,,2019,오르세오피스텔,용답동,"14,500",성동구,1,0,8,35,,,238-2,11200,6
139,,2006,,,2019,신창비바패밀리,용답동,"3,000",성동구,1,70,9,42.75,,,232-1,11200,15
140,,2016,,,2019,서희스타힐스리버파크,용답동,"12,500",성동구,1,0,9,20.21,,,238-12,11200,2
141,,2011,,,2019,오르세오피스텔,용답동,"15,500",성동구,1,0,14,33.2,,,238-2,11200,11
142,,2016,,,2019,서희스타힐스리버파크,용답동,"3,000",성동구,1,45,16,19.88,,,238-12,11200,14
143,,1985,,,2019,(233-8),용답동,"3,000",성동구,1,50,18,21.9,,,233-8,11200,10
144,,2016,,,2019,서희스타힐스리버파크,용답동,"14,000",성동구,1,0,19,21.9,,,238-12,11200,9
145,,2013,,,2019,어반 오피스텔,용답동,"2,000",성동구,1,52,21,18.98,,,229-10,11200,7
146,,2013,,,2019,어반 오피스텔,용답동,"2,000",성동구,1,49,21,16.21,,,229-10,11200,2
147,,2013,,,2019,어반 오피스텔,용답동,"1,000",성동구,1,57,21,17.08,,,229-10,11200,3
148,,2006,,,2019,신창비바패밀리,용답동,"5,500",성동구,1,80,22,65.95,,,232-1,11200,8
149,,2013,,,2019,어반 오피스텔,용답동,"3,000",성동구,1,44,23,20.46,,,229-10,11200,9
150,,2016,,,2019,서희스타힐스리버파크,용답동,"1,000",성동구,1,55,23,21.9,,,238-12,11200,13
151,,2013,,,2019,어반 오피스텔,용답동,"1,000",성동구,1,63,24,20.46,,,229-10,11200,5
152,,2011,,,2019,오르세오피스텔,용답동,"11,000",성동구,1,20,25,48.5,,,238-2,11200,4
153,,2013,,,2019,어반 오피스텔,용답동,"2,000",성동구,1,51,26,16.21,,,229-10,11200,3
154,,2011,,,2019,오르세오피스텔,용답동,"14,500",성동구,1,0,26,33.2,,,238-2,11200,8
155,,1985,,,2019,(233-8),용답동,"15,000",성동구,1,0,29,21.9,,,233-8,11200,15
156,,2016,,,2019,서희스타힐스리버파크,용답동,"13,500",성동구,1,0,29,21.9,,,238-12,11200,14
157,,2011,,,2019,오르세오피스텔,용답동,"18,000",성동구,1,0,31,46.25,,,238-2,11200,6
0,,2003,,,2019,노블리안,상왕십리동,"1,000",성동구,2,70,1,30.81,,,750,11200,7
1,,2003,,,2019,노블리안,상왕십리동,"6,000",성동구,2,30,12,30.81,,,750,11200,9
2,,2003,,,2019,노블리안,상왕십리동,"1,000",성동구,2,60,15,25.74,,,750,11200,10
3,,2003,,,2019,노블리안,상왕십리동,"12,000",성동구,2,0,15,30.81,,,750,11200,11
4,,2003,,,2019,노블리안,상왕십리동,"1,000",성동구,2,70,21,30.81,,,750,11200,4
5,,2016,,,2019,센트라스,하왕십리동,"25,000",성동구,2,0,2,31.01,,,1070,11200,19
6,,2016,,,2019,센트라스,하왕십리동,"24,000",성동구,2,0,8,29.16,,,1070,11200,7
7,,2011,,,2019,리오파크 오피스텔,하왕십리동,"9,500",성동구,2,0,9,23.88,,,898-2,11200,8
8,,2016,,,2019,센트라스,하왕십리동,"13,000",성동구,2,44,11,31.01,,,1070,11200,20
9,,2011,,,2019,리오파크 오피스텔,하왕십리동,"4,000",성동구,2,67,11,31.14,,,898-2,11200,15
10,,2016,,,2019,센트라스,하왕십리동,"10,000",성동구,2,60,16,29.16,,,1070,11200,24
11,,2016,,,2019,센트라스,하왕십리동,"10,000",성동구,2,55,16,29.16,,,1070,11200,24
12,,2016,,,2019,센트라스,하왕십리동,"24,000",성동구,2,0,19,32.53,,,1070,11200,6
13,,2016,,,2019,센트라스,하왕십리동,"25,000",성동구,2,0,20,32.53,,,1070,11200,18
14,,2011,,,2019,리오파크 오피스텔,하왕십리동,"1,000",성동구,2,60,23,22.82,,,898-2,11200,10
15,,2016,,,2019,센트라스,하왕십리동,"20,000",성동구,2,0,26,31.01,,,1070,11200,25
16,,2017,,,2019,동인드림힐스,하왕십리동,"3,000",성동구,2,60,26,19.24,,,890-181,11200,10
17,,2017,,,2019,동인드림힐스,하왕십리동,"19,950",성동구,2,0,28,27.14,,,890-181,11200,8
18,,2011,,,2019,리오파크 오피스텔,하왕십리동,"1,000",성동구,2,60,28,23.88,,,898-2,11200,15
19,,2016,,,2019,센트라스,하왕십리동,"26,000",성동구,2,0,28,32.53,,,1070,11200,25
20,,2018,,,2019,비앤리베스텔,홍익동,"15,000",성동구,2,0,1,15.92,,,146-1,11200,9
21,,2018,,,2019,뉴센트빌,홍익동,"31,000",성동구,2,0,8,40.49,,,125-1,11200,4
22,,2018,,,2019,비앤리베스텔,홍익동,"14,000",성동구,2,0,16,15.92,,,146-1,11200,3
23,,2018,,,2019,비앤리베스텔,홍익동,"4,000",성동구,2,52,17,15.92,,,146-1,11200,10
24,,2017,,,2019,한성아펠타워,도선동,"3,000",성동구,2,75,9,23.58,,,53,11200,11
25,,2018,,,2019,W에비뉴타워,도선동,"10,000",성동구,2,45,9,23.32,,,46,11200,6
26,,1998,,,2019,신한넥스텔,도선동,500,성동구,2,45,12,19.63,,,14,11200,10
27,,2018,,,2019,렉스오피스텔,도선동,"2,000",성동구,2,65,14,20.35,,,268,11200,8
28,,2017,,,2019,한성아펠타워,도선동,"25,000",성동구,2,0,15,23.58,,,53,11200,15
29,,2017,,,2019,한성아펠타워,도선동,"24,000",성동구,2,0,18,23.58,,,53,11200,13
30,,2018,,,2019,W에비뉴타워,도선동,"39,000",성동구,2,0,18,48.31,,,46,11200,17
31,,2018,,,2019,W에비뉴타워,도선동,"1,000",성동구,2,80,19,23.32,,,46,11200,16
32,,2017,,,2019,한성아펠타워,도선동,"2,000",성동구,2,80,21,23.61,,,53,11200,13
33,,2018,,,2019,W에비뉴타워,도선동,"37,000",성동구,2,0,21,48.31,,,46,11200,14
34,,2017,,,2019,한성아펠타워,도선동,"21,000",성동구,2,0,22,23.58,,,53,11200,5
35,,2017,,,2019,한성아펠타워,도선동,"5,000",성동구,2,60,24,23.58,,,53,11200,5
36,,2018,,,2019,렉스오피스텔,도선동,"6,000",성동구,2,50,25,20.35,,,268,11200,11
37,,2010,,,2019,고운타워,마장동,"13,000",성동구,2,0,8,36.4,,,474-5,11200,8
38,,1988,,,2019,(797-16),마장동,"7,000",성동구,2,0,14,24.6,,,797-16,11200,4
39,,2012,,,2019,(777-3),마장동,"1,000",성동구,2,55,24,20.14,,,777-3,11200,2
40,,2004,,,2019,성동샤르망,행당동,"1,000",성동구,2,60,7,24.84,,,192-29,11200,6
41,,2006,,,2019,왕십리역이스타빌,행당동,"1,000",성동구,2,75,9,29.43,,,287-15,11200,7
42,,2004,,,2019,성동샤르망,행당동,"4,000",성동구,2,40,12,24.84,,,192-29,11200,12
43,,2006,,,2019,왕십리역이스타빌,행당동,"1,000",성동구,2,75,13,29.43,,,287-15,11200,11
44,,2006,,,2019,왕십리역이스타빌,행당동,"1,000",성동구,2,70,14,26.01,,,287-15,11200,7
45,,2018,,,2019,왕십리 큐브스테이트,행당동,"1,000",성동구,2,65,16,16.37,,,286-25,11200,5
46,,2006,,,2019,왕십리역이스타빌,행당동,"1,000",성동구,2,65,18,23.89,,,287-15,11200,11
47,,2006,,,2019,왕십리역이스타빌,행당동,"1,000",성동구,2,65,20,21.91,,,287-15,11200,10
48,,2006,,,2019,왕십리역이스타빌,행당동,"1,000",성동구,2,65,23,21.91,,,287-15,11200,6
49,,2006,,,2019,왕십리역이스타빌,행당동,"14,000",성동구,2,0,26,21.91,,,287-15,11200,14
50,,2004,,,2019,신세계오피스텔,금호동1가,500,성동구,2,55,14,24.38,,,481-5,11200,4
51,,2002,,,2019,금호힐오피스텔,금호동1가,"13,000",성동구,2,0,16,29.97,,,1755,11200,5
52,,2004,,,2019,성원상떼뷰,옥수동,"13,000",성동구,2,0,14,27.01,,,475,11200,12
53,,2004,,,2019,성원상떼뷰,옥수동,"1,000",성동구,2,75,19,29.54,,,475,11200,12
54,,2004,,,2019,성원상떼뷰,옥수동,"5,000",성동구,2,40,25,27.01,,,475,11200,3
55,,2004,,,2019,성원상떼뷰,옥수동,"1,000",성동구,2,70,26,27.01,,,475,11200,10
56,,2005,,,2019,뚝섬리버빌,성수동1가,"10,000",성동구,2,10,7,20.64,,,13-117,11200,7
57,,2018,,,2019,청호 서울숲 뜨레피움 오피스텔,성수동1가,"18,000",성동구,2,0,7,19.03,,,13-163,11200,3
58,,2004,,,2019,이에스에이리버하우스,성수동1가,"3,000",성동구,2,80,9,39.15,,,13-12,11200,9
59,,2018,,,2019,청호 서울숲 뜨레피움 오피스텔,성수동1가,"18,000",성동구,2,0,11,19.03,,,13-163,11200,3
60,,2015,,,2019,위더스 빌,성수동1가,"24,500",성동구,2,0,12,43.41,,,33-23,11200,10
61,,2003,,,2019,성수동 뉴타운오피스텔,성수동1가,"16,300",성동구,2,0,16,32.76,,,72-69,11200,10
62,,2003,,,2019,성수동 뉴타운오피스텔,성수동1가,"1,000",성동구,2,65,20,31.6,,,72-69,11200,5
63,,2003,,,2019,아트빌딩,성수동1가,"14,000",성동구,2,0,20,27.02,,,685-308,11200,4
64,,2004,,,2019,성수 그린빌,성수동1가,"17,000",성동구,2,0,21,34.59,,,685-54,11200,4
65,,2004,,,2019,이에스에이리버하우스,성수동1가,"1,000",성동구,2,100,22,41.98,,,13-12,11200,13
66,,2015,,,2019,위더스 빌,성수동1가,"10,000",성동구,2,60,22,42.76,,,33-23,11200,9
67,,2018,,,2019,청호 서울숲 뜨레피움 오피스텔,성수동1가,"18,000",성동구,2,0,23,22.08,,,13-163,11200,4
68,,1997,,,2019,청재오피스텔,성수동1가,"1,000",성동구,2,50,25,34.16,,,72-71,11200,4
69,,2004,,,2019,Biz-Well 성수,성수동1가,"1,000",성동구,2,57,28,26.67,,,33-21,11200,8
70,,1998,,,2019,성수아카데미타워,성수동2가,"3,000",성동구,2,50,1,33.45,,,277-17,11200,13
71,,2003,,,2019,성원상떼뷰오피스텔,성수동2가,"2,000",성동구,2,50,9,24.84,,,277-37,11200,9
72,,2017,,,2019,A동,성수동2가,"15,000",성동구,2,0,10,29.94,,,255-4,11200,2
73,,2016,,,2019,성수리치빌,성수동2가,"22,000",성동구,2,0,11,35.64,,,299-178,11200,2
74,,2013,,,2019,성수동램킨중흥S클래스오피스텔,성수동2가,"2,000",성동구,2,50,13,18.33,,,277-101,11200,3
75,,2003,,,2019,성원상떼뷰오피스텔,성수동2가,"1,000",성동구,2,55,16,24.84,,,277-37,11200,10
76,,2003,,,2019,성원상떼뷰오피스텔,성수동2가,"1,000",성동구,2,55,18,24.84,,,277-37,11200,5
77,,2013,,,2019,성수동램킨중흥S클래스오피스텔,성수동2가,500,성동구,2,58,22,18.33,,,277-101,11200,2
78,,2003,,,2019,성원상떼뷰오피스텔,성수동2가,"13,500",성동구,2,0,22,28.08,,,277-37,11200,11
79,,2003,,,2019,송정동센스빌오피스텔,송정동,"12,000",성동구,2,0,16,30.92,,,81-16,11200,3
80,,1985,,,2019,(233-8),용답동,"3,000",성동구,2,50,7,21.9,,,233-8,11200,10
81,,1985,,,2019,(233-8),용답동,"2,000",성동구,2,50,8,22.58,,,233-8,11200,4
82,,2016,,,2019,서희스타힐스리버파크,용답동,"13,500",성동구,2,0,8,21.9,,,238-12,11200,14
83,,2016,,,2019,서희스타힐스리버파크,용답동,"13,000",성동구,2,0,8,20.21,,,238-12,11200,9
84,,2016,,,2019,서희스타힐스리버파크,용답동,"12,000",성동구,2,10,8,21.9,,,238-12,11200,14
85,,2013,,,2019,어반 오피스텔,용답동,"1,000",성동구,2,60,8,18.98,,,229-10,11200,3
86,,2016,,,2019,서희스타힐스리버파크,용답동,"13,000",성동구,2,0,8,20.21,,,238-12,11200,10
87,,2013,,,2019,어반 오피스텔,용답동,"2,000",성동구,2,51,9,16.21,,,229-10,11200,5
88,,2016,,,2019,서희스타힐스리버파크,용답동,"12,600",성동구,2,0,9,19.88,,,238-12,11200,4
89,,2016,,,2019,서희스타힐스리버파크,용답동,"13,000",성동구,2,0,9,19.88,,,238-12,11200,13
90,,1991,,,2019,삼호오피스텔,용답동,500,성동구,2,40,11,26.25,,,236-5,11200,2
91,,1985,,,2019,(233-8),용답동,"2,000",성동구,2,55,12,21.9,,,233-8,11200,11
92,,2013,,,2019,어반 오피스텔,용답동,"2,000",성동구,2,58,12,20.46,,,229-10,11200,3
93,,2013,,,2019,어반 오피스텔,용답동,"1,000",성동구,2,64,13,20.46,,,229-10,11200,5
94,,1985,,,2019,(233-8),용답동,"3,000",성동구,2,50,14,21.9,,,233-8,11200,10
95,,2016,,,2019,서희스타힐스리버파크,용답동,"13,000",성동구,2,0,16,20.21,,,238-12,11200,12
96,,2013,,,2019,어반 오피스텔,용답동,"1,000",성동구,2,55,16,16.21,,,229-10,11200,2
97,,2013,,,2019,어반 오피스텔,용답동,"1,000",성동구,2,62,16,18.98,,,229-10,11200,5
98,,2013,,,2019,어반 오피스텔,용답동,"2,000",성동구,2,51,19,18.98,,,229-10,11200,10
99,,2016,,,2019,서희스타힐스리버파크,용답동,"1,000",성동구,2,55,20,19.88,,,238-12,11200,14
100,,2016,,,2019,서희스타힐스리버파크,용답동,"11,000",성동구,2,0,20,20.21,,,238-12,11200,10
101,,2016,,,2019,서희스타힐스리버파크,용답동,"13,100",성동구,2,0,21,21.9,,,238-12,11200,2
102,,2016,,,2019,서희스타힐스리버파크,용답동,"13,000",성동구,2,0,21,19.88,,,238-12,11200,14
103,,2011,,,2019,오르세오피스텔,용답동,"15,700",성동구,2,0,23,42.3,,,238-2,11200,2
104,,2013,,,2019,어반 오피스텔,용답동,"1,000",성동구,2,63,25,20.46,,,229-10,11200,3
105,,2006,,,2019,신창비바패밀리,용답동,"24,000",성동구,2,0,26,60.59,,,232-1,11200,6
106,,1985,,,2019,(233-8),용답동,"3,000",성동구,2,45,27,22.07,,,233-8,11200,5
107,,1985,,,2019,(233-8),용답동,"1,000",성동구,2,55,28,22.45,,,233-8,11200,5
0,,2003,,,2019,노블리안,상왕십리동,"8,000",성동구,3,20,9,30.81,,,750,11200,8
1,,2003,,,2019,노블리안,상왕십리동,"4,000",성동구,3,40,13,30.81,,,750,11200,8
2,,2003,,,2019,노블리안,상왕십리동,"12,000",성동구,3,0,13,30.81,,,750,11200,9
3,,2003,,,2019,노블리안,상왕십리동,"5,000",성동구,3,30,16,25.74,,,750,11200,2
4,,2003,,,2019,노블리안,상왕십리동,"4,000",성동구,3,40,25,30.81,,,750,11200,13
5,,2019,,,2019,센트럴큐브,상왕십리동,"5,000",성동구,3,90,30,35.22,,,12-47,11200,3
6,,2003,,,2019,노블리안,상왕십리동,"5,000",성동구,3,30,30,25.74,,,750,11200,9
7,,2009,,,2019,왕십리 모노퍼스 주상복합,하왕십리동,"20,000",성동구,3,0,5,38.67,,,286-2,11200,13
8,,2005,,,2019,동인 레반트 오피스텔,하왕십리동,"1,000",성동구,3,65,7,27.54,,,903-3,11200,11
9,,2011,,,2019,리오파크 오피스텔,하왕십리동,"6,000",성동구,3,30,8,22.82,,,898-2,11200,10
10,,2016,,,2019,센트라스,하왕십리동,"7,000",성동구,3,55,11,29.16,,,1070,11200,21
11,,2009,,,2019,왕십리 모노퍼스 주상복합,하왕십리동,"19,500",성동구,3,0,11,38.67,,,286-2,11200,5
12,,2011,,,2019,리오파크 오피스텔,하왕십리동,"2,000",성동구,3,55,16,22.97,,,898-2,11200,14
13,,2011,,,2019,리오파크 오피스텔,하왕십리동,"1,000",성동구,3,60,16,23.88,,,898-2,11200,7
14,,2011,,,2019,리오파크 오피스텔,하왕십리동,"1,000",성동구,3,60,16,23.88,,,898-2,11200,11
15,,2016,,,2019,센트라스,하왕십리동,"2,000",성동구,3,80,16,32.53,,,1070,11200,21
16,,2005,,,2019,동인 레반트 오피스텔,하왕십리동,"2,000",성동구,3,55,16,27.54,,,903-3,11200,11
17,,2016,,,2019,센트라스,하왕십리동,"25,200",성동구,3,0,20,31.01,,,1070,11200,11
18,,2016,,,2019,센트라스,하왕십리동,"26,000",성동구,3,0,22,32.53,,,1070,11200,16
19,,2016,,,2019,센트라스,하왕십리동,"1,000",성동구,3,82,30,29.16,,,1070,11200,24
20,,2009,,,2019,다남매타워,도선동,"1,000",성동구,3,90,4,40.42,,,22-1,11200,11
21,,2018,,,2019,렉스오피스텔,도선동,"8,000",성동구,3,30,11,21.37,,,268,11200,8
22,,2017,,,2019,한성아펠타워,도선동,"22,000",성동구,3,0,16,23.58,,,53,11200,4
23,,2017,,,2019,한성아펠타워,도선동,"3,000",성동구,3,82,19,23.61,,,53,11200,5
24,,2017,,,2019,한성아펠타워,도선동,"1,000",성동구,3,77,20,23.58,,,53,11200,11
25,,2017,,,2019,한성아펠타워,도선동,"18,500",성동구,3,0,22,23.58,,,53,11200,3
26,,2018,,,2019,렉스오피스텔,도선동,"18,000",성동구,3,0,22,21.37,,,268,11200,11
27,,2017,,,2019,한성아펠타워,도선동,"1,000",성동구,3,76,24,23.58,,,53,11200,7
28,,1998,,,2019,신한넥스텔,도선동,"1,000",성동구,3,65,27,41.96,,,14,11200,16
29,,2018,,,2019,렉스오피스텔,도선동,"1,000",성동구,3,70,28,21.27,,,268,11200,10
30,,2017,,,2019,한성아펠타워,도선동,"20,000",성동구,3,30,29,23.58,,,53,11200,15
31,,2010,,,2019,고운타워,마장동,"1,000",성동구,3,45,18,23.1,,,474-5,11200,8
32,,2004,,,2019,성동샤르망,행당동,"3,000",성동구,3,40,9,24.84,,,192-29,11200,8
33,,2006,,,2019,왕십리역이스타빌,행당동,"2,000",성동구,3,60,12,26.22,,,287-15,11200,8
34,,,,,2019,K TOWER 2,행당동,"26,000",성동구,3,0,12,36.06,,,293-8,11200,3
35,,2014,,,2019,서울숲 더샵,행당동,"1,600",성동구,3,50,25,45.81,,,377,11200,3
36,,2006,,,2019,왕십리역이스타빌,행당동,"1,000",성동구,3,65,28,26.01,,,287-15,11200,13
37,,2003,,,2019,재호예향빌,금호동4가,"12,000",성동구,3,0,6,33.75,,,1028,11200,5
38,,2003,,,2019,재호예향빌,금호동4가,"1,000",성동구,3,50,18,24.48,,,1028,11200,3
39,,2004,,,2019,성원상떼뷰,옥수동,"2,000",성동구,3,60,20,27.01,,,475,11200,12
40,,2004,,,2019,성원상떼뷰,옥수동,"2,000",성동구,3,60,21,27.01,,,475,11200,5
41,,2004,,,2019,성원상떼뷰,옥수동,"12,000",성동구,3,0,27,25.6,,,475,11200,3
42,,2004,,,2019,성수 그린빌,성수동1가,"17,000",성동구,3,0,2,34.59,,,685-54,11200,5
43,,2004,,,2019,성수 그린빌,성수동1가,"17,000",성동구,3,0,4,34.59,,,685-54,11200,8
44,,2004,,,2019,이에스에이리버하우스,성수동1가,"6,000",성동구,3,60,7,39.15,,,13-12,11200,8
45,,2004,,,2019,Biz-Well 성수,성수동1가,"3,000",성동구,3,37,8,24.69,,,33-21,11200,3
46,,2004,,,2019,Biz-Well 성수,성수동1가,"3,000",성동구,3,37,8,24.69,,,33-21,11200,7
47,,2004,,,2019,이에스에이리버하우스,성수동1가,"1,000",성동구,3,90,10,39.15,,,13-12,11200,3
48,,2003,,,2019,(670-147),성수동1가,"6,000",성동구,3,20,12,18.96,,,670-147,11200,5
49,,2003,,,2019,성수동 뉴타운오피스텔,성수동1가,"4,000",성동구,3,45,15,30.02,,,72-69,11200,3
50,,2003,,,2019,성수동 뉴타운오피스텔,성수동1가,"3,000",성동구,3,62,21,32.76,,,72-69,11200,9
51,,2003,,,2019,성수동 뉴타운오피스텔,성수동1가,"15,000",성동구,3,0,23,31.6,,,72-69,11200,2
52,,2005,,,2019,뚝섬리버빌,성수동1가,"2,000",성동구,3,60,24,29,,,13-117,11200,5
53,,2003,,,2019,성수동 뉴타운오피스텔,성수동1가,"16,000",성동구,3,0,26,30.02,,,72-69,11200,5
54,,2018,,,2019,청호 서울숲 뜨레피움 오피스텔,성수동1가,"17,000",성동구,3,0,26,19.03,,,13-163,11200,3
55,,2003,,,2019,성수동 뉴타운오피스텔,성수동1가,"16,000",성동구,3,0,26,30.81,,,72-69,11200,6
56,,2005,,,2019,뚝섬리버빌,성수동1가,"15,000",성동구,3,0,27,34.78,,,13-117,11200,2
57,,2017,,,2019,뚝섬리치빌,성수동1가,"1,000",성동구,3,62,29,18.72,,,656-1040,11200,2
58,,2013,,,2019,성수동램킨중흥S클래스오피스텔,성수동2가,"1,000",성동구,3,54,1,18.33,,,277-101,11200,2
59,,2013,,,2019,성수동램킨중흥S클래스오피스텔,성수동2가,"12,000",성동구,3,0,1,18.33,,,277-101,11200,2
60,,2003,,,2019,성원상떼뷰오피스텔,성수동2가,"1,500",성동구,3,50,1,24.84,,,277-37,11200,6
61,,2013,,,2019,성수동램킨중흥S클래스오피스텔,성수동2가,"1,000",성동구,3,55,1,18.33,,,277-101,11200,4
62,,2003,,,2019,성원상떼뷰오피스텔,성수동2가,"5,000",성동구,3,52,7,40.94,,,277-37,11200,3
63,,2003,,,2019,성원상떼뷰오피스텔,성수동2가,"12,000",성동구,3,0,11,24.84,,,277-37,11200,4
64,,2013,,,2019,성수동램킨중흥S클래스오피스텔,성수동2가,500,성동구,3,60,16,18.33,,,277-101,11200,4
65,,2003,,,2019,성원상떼뷰오피스텔,성수동2가,"1,000",성동구,3,55,21,24.84,,,277-37,11200,6
66,,2013,,,2019,성수동램킨중흥S클래스오피스텔,성수동2가,"1,000",성동구,3,55,24,18.33,,,277-101,11200,5
67,,2013,,,2019,성수동램킨중흥S클래스오피스텔,성수동2가,"12,000",성동구,3,0,28,18.33,,,277-101,11200,6
68,,2013,,,2019,성수동램킨중흥S클래스오피스텔,성수동2가,"1,000",성동구,3,55,28,18.33,,,277-101,11200,6
69,,2003,,,2019,성원상떼뷰오피스텔,성수동2가,"5,000",성동구,3,38,29,28.08,,,277-37,11200,8
70,,2013,,,2019,어반 오피스텔,용답동,"1,000",성동구,3,62,4,18.98,,,229-10,11200,6
71,,2016,,,2019,서희스타힐스리버파크,용답동,"5,000",성동구,3,33,4,19.88,,,238-12,11200,12
72,,2013,,,2019,어반 오피스텔,용답동,"1,000",성동구,3,63,6,20.46,,,229-10,11200,4
73,,2013,,,2019,어반 오피스텔,용답동,"1,000",성동구,3,60,6,18.98,,,229-10,11200,2
74,,2013,,,2019,어반 오피스텔,용답동,"2,000",성동구,3,51,14,20.46,,,229-10,11200,7
75,,2006,,,2019,신창비바패밀리,용답동,"22,500",성동구,3,0,15,106.91,,,232-1,11200,14
76,,2011,,,2019,오르세오피스텔,용답동,"5,000",성동구,3,40,18,42.3,,,238-2,11200,3
77,,2016,,,2019,서희스타힐스리버파크,용답동,"1,000",성동구,3,55,21,21.9,,,238-12,11200,12
78,,2006,,,2019,신창비바패밀리,용답동,"23,500",성동구,3,0,23,56.17,,,232-1,11200,14
79,,2011,,,2019,오르세오피스텔,용답동,"15,000",성동구,3,0,23,33.2,,,238-2,11200,4
80,,2013,,,2019,어반 오피스텔,용답동,"1,000",성동구,3,59,25,17.08,,,229-10,11200,3
81,,2016,,,2019,서희스타힐스리버파크,용답동,700,성동구,3,52,25,21.9,,,238-12,11200,12
82,,2011,,,2019,오르세오피스텔,용답동,"15,000",성동구,3,0,27,33.2,,,238-2,11200,8
0,,2019,,,2019,센트럴큐브,상왕십리동,"1,000",성동구,4,82,6,32.14,,,12-47,11200,5
1,,2003,,,2019,노블리안,상왕십리동,"8,000",성동구,4,20,12,30.81,,,750,11200,4
2,,2003,,,2019,노블리안,상왕십리동,"2,000",성동구,4,55,15,30.81,,,750,11200,9
3,,2003,,,2019,노블리안,상왕십리동,"7,000",성동구,4,25,30,30.81,,,750,11200,9
4,,2016,,,2019,센트라스,하왕십리동,"26,000",성동구,4,0,19,31.01,,,1070,11200,23
5,,2018,,,2019,뉴센트빌,홍익동,"31,000",성동구,4,0,2,40.49,,,125-1,11200,3
6,,2018,,,2019,뉴센트빌,홍익동,"31,000",성동구,4,0,13,40.49,,,125-1,11200,3
7,,2017,,,2019,한성아펠타워,도선동,"23,100",성동구,4,0,1,23.58,,,53,11200,7
8,,2018,,,2019,W에비뉴타워,도선동,"19,285",성동구,4,0,3,23.32,,,46,11200,13
9,,2018,,,2019,W에비뉴타워,도선동,"22,000",성동구,4,0,3,23.32,,,46,11200,13
10,,2017,,,2019,한성아펠타워,도선동,"22,575",성동구,4,0,12,23.58,,,53,11200,3
11,,2018,,,2019,렉스오피스텔,도선동,"1,000",성동구,4,70,25,18.7,,,268,11200,6
12,,2017,,,2019,한성아펠타워,도선동,"3,000",성동구,4,70,25,23.58,,,53,11200,9
13,,2010,,,2019,고운타워,마장동,"8,000",성동구,4,0,3,23.92,,,474-5,11200,4
14,,1988,,,2019,(797-16),마장동,"2,000",성동구,4,40,27,24.6,,,797-16,11200,2
15,,2006,,,2019,왕십리역이스타빌,행당동,"2,000",성동구,4,70,1,30.78,,,287-15,11200,11
16,,2018,,,2019,왕십리 큐브스테이트,행당동,"5,000",성동구,4,50,29,16.37,,,286-25,11200,2
17,,2004,,,2019,성원상떼뷰,옥수동,"5,000",성동구,4,40,13,27.01,,,475,11200,12
18,,2004,,,2019,성원상떼뷰,옥수동,"2,000",성동구,4,60,27,27.01,,,475,11200,13
19,,2017,,,2019,뚝섬리치빌,성수동1가,"17,800",성동구,4,0,6,24.77,,,656-1040,11200,2
20,,2018,,,2019,청호 서울숲 뜨레피움 오피스텔,성수동1가,"17,000",성동구,4,0,8,19.03,,,13-163,11200,2
21,,2018,,,2019,청호 서울숲 뜨레피움 오피스텔,성수동1가,"17,000",성동구,4,0,8,19.03,,,13-163,11200,2
22,,,,,2019,뚝섬리치빌,성수동1가,"15,200",성동구,4,0,10,24.15,,,656-314,11200,2
23,,2018,,,2019,청호 서울숲 뜨레피움 오피스텔,성수동1가,"17,000",성동구,4,0,12,19.03,,,13-163,11200,2
24,,2004,,,2019,Biz-Well 성수,성수동1가,"3,000",성동구,4,39,13,26.67,,,33-21,11200,6
25,,2004,,,2019,이에스에이리버하우스,성수동1가,"5,000",성동구,4,70,13,39.15,,,13-12,11200,8
26,,2003,,,2019,성수동 뉴타운오피스텔,성수동1가,"1,000",성동구,4,65,15,30.81,,,72-69,11200,10
27,,2004,,,2019,이에스에이리버하우스,성수동1가,"32,000",성동구,4,0,15,63.74,,,13-12,11200,12
28,,2013,,,2019,서울숲오피스텔,성수동1가,"25,000",성동구,4,0,18,44.16,,,656-392,11200,3
29,,2004,,,2019,Biz-Well 성수,성수동1가,"3,000",성동구,4,37,20,24.69,,,33-21,11200,4
30,,2018,,,2019,청호 서울숲 뜨레피움 오피스텔,성수동1가,"18,000",성동구,4,0,20,19.03,,,13-163,11200,3
31,,2003,,,2019,성수동 뉴타운오피스텔,성수동1가,"1,000",성동구,4,65,20,30.02,,,72-69,11200,6
32,,2005,,,2019,뚝섬리버빌,성수동1가,"2,000",성동구,4,60,20,29,,,13-117,11200,6
33,,2004,,,2019,이에스에이리버하우스,성수동1가,"23,000",성동구,4,0,22,39.15,,,13-12,11200,7
34,,2004,,,2019,이에스에이리버하우스,성수동1가,"2,000",성동구,4,90,23,39.15,,,13-12,11200,12
35,,2013,,,2019,서울숲오피스텔,성수동1가,"25,000",성동구,4,0,24,44.16,,,656-392,11200,3
36,,2003,,,2019,성수동 뉴타운오피스텔,성수동1가,"4,000",성동구,4,50,25,32.39,,,72-69,11200,6
37,,2018,,,2019,청호 서울숲 뜨레피움 오피스텔,성수동1가,"18,000",성동구,4,0,30,19.03,,,13-163,11200,3
38,,2013,,,2019,서울숲오피스텔,성수동1가,"13,000",성동구,4,45,30,49.16,,,656-392,11200,2
39,,2013,,,2019,성수동램킨중흥S클래스오피스텔,성수동2가,"1,000",성동구,4,55,1,18.33,,,277-101,11200,8
40,,2003,,,2019,성원상떼뷰오피스텔,성수동2가,"1,000",성동구,4,55,10,28.08,,,277-37,11200,2
41,,2003,,,2019,성원상떼뷰오피스텔,성수동2가,"12,000",성동구,4,0,11,24.84,,,277-37,11200,5
42,,2013,,,2019,성수동램킨중흥S클래스오피스텔,성수동2가,500,성동구,4,58,13,18.33,,,277-101,11200,2
43,,2013,,,2019,성수동램킨중흥S클래스오피스텔,성수동2가,"1,000",성동구,4,55,17,18.33,,,277-101,11200,5
44,,2003,,,2019,성원상떼뷰오피스텔,성수동2가,"1,000",성동구,4,60,20,28.08,,,277-37,11200,5
45,,2013,,,2019,성수동램킨중흥S클래스오피스텔,성수동2가,"10,000",성동구,4,0,25,18.33,,,277-101,11200,5
46,,1991,,,2019,삼호오피스텔,용답동,"4,000",성동구,4,0,5,26.25,,,236-5,11200,5
47,,1991,,,2019,삼호오피스텔,용답동,"6,500",성동구,4,0,6,26.25,,,236-5,11200,4
48,,2013,,,2019,어반 오피스텔,용답동,"1,000",성동구,4,57,6,20.46,,,229-10,11200,9
49,,2011,,,2019,오르세오피스텔,용답동,"15,500",성동구,4,0,8,42.3,,,238-2,11200,3
50,,1991,,,2019,삼호오피스텔,용답동,"6,500",성동구,4,0,8,26.25,,,236-5,11200,4
51,,2016,,,2019,서희스타힐스리버파크,용답동,"13,400",성동구,4,0,8,21.9,,,238-12,11200,6
52,,2011,,,2019,오르세오피스텔,용답동,"14,500",성동구,4,0,9,35,,,238-2,11200,5
53,,2016,,,2019,서희스타힐스리버파크,용답동,"4,000",성동구,4,40,9,21.9,,,238-12,11200,8
54,,2011,,,2019,오르세오피스텔,용답동,"1,000",성동구,4,73,9,35,,,238-2,11200,12
55,,2016,,,2019,서희스타힐스리버파크,용답동,"2,000",성동구,4,50,9,21.9,,,238-12,11200,5
56,,2016,,,2019,서희스타힐스리버파크,용답동,"13,500",성동구,4,0,13,21.9,,,238-12,11200,4
57,,2006,,,2019,신창비바패밀리,용답동,"25,000",성동구,4,0,15,65.01,,,232-1,11200,10
58,,2011,,,2019,오르세오피스텔,용답동,"3,000",성동구,4,80,15,46.25,,,238-2,11200,11
59,,2013,,,2019,어반 오피스텔,용답동,"2,000",성동구,4,52,16,20.46,,,229-10,11200,8
60,,2006,,,2019,신창비바패밀리,용답동,"23,000",성동구,4,0,22,65.95,,,232-1,11200,6
61,,2013,,,2019,어반 오피스텔,용답동,"1,000",성동구,4,47,29,17.08,,,229-10,11200,7
62,,2016,,,2019,서희스타힐스리버파크,용답동,"4,000",성동구,4,35,29,20.21,,,238-12,11200,12
0,,2003,,,2019,노블리안,상왕십리동,"8,000",성동구,5,20,2,30.81,,,750,11200,11
1,,2003,,,2019,노블리안,상왕십리동,"12,000",성동구,5,0,22,30.81,,,750,11200,7
2,,2003,,,2019,노블리안,상왕십리동,"6,000",성동구,5,30,25,30.81,,,750,11200,7
3,,2011,,,2019,리오파크 오피스텔,하왕십리동,"3,000",성동구,5,41,2,21.56,,,898-2,11200,12
4,,2011,,,2019,리오파크 오피스텔,하왕십리동,"13,000",성동구,5,0,4,23.42,,,898-2,11200,14
5,,2017,,,2019,동인드림힐스,하왕십리동,"21,000",성동구,5,0,9,27.51,,,890-181,11200,8
6,,2016,,,2019,센트라스,하왕십리동,"21,400",성동구,5,0,11,32.53,,,1070,11200,19
7,,2016,,,2019,센트라스,하왕십리동,"3,500",성동구,5,65,20,29.16,,,1070,11200,7
8,,2016,,,2019,센트라스,하왕십리동,"23,500",성동구,5,0,23,29.16,,,1070,11200,14
9,,2016,,,2019,센트라스,하왕십리동,"24,250",성동구,5,0,23,32.53,,,1070,11200,12
10,,2005,,,2019,동인 레반트 오피스텔,하왕십리동,"15,000",성동구,5,0,31,27.54,,,903-3,11200,6
11,,2018,,,2019,비앤리베스텔,홍익동,"15,000",성동구,5,5,11,16.74,,,146-1,11200,11
12,,2018,,,2019,W에비뉴타워,도선동,"21,000",성동구,5,0,6,23.32,,,46,11200,13
13,,2017,,,2019,한성아펠타워,도선동,"1,000",성동구,5,85,9,23.58,,,53,11200,8
14,,2017,,,2019,한성아펠타워,도선동,"2,000",성동구,5,85,11,23.61,,,53,11200,5
15,,2018,,,2019,렉스오피스텔,도선동,"19,000",성동구,5,0,14,21.37,,,268,11200,11
16,,2017,,,2019,한성아펠타워,도선동,"1,000",성동구,5,86,20,23.58,,,53,11200,10
17,,2018,,,2019,렉스오피스텔,도선동,"2,000",성동구,5,70,20,21.37,,,268,11200,9
18,,2017,,,2019,한성아펠타워,도선동,"21,914",성동구,5,0,25,23.58,,,53,11200,8
19,,2018,,,2019,트레저힐스,마장동,"19,000",성동구,5,0,7,27.61,,,775-2,11200,4
20,,2018,,,2019,트레저힐스,마장동,"20,000",성동구,5,0,22,24.65,,,775-4,11200,4
21,,1988,,,2019,(797-16),마장동,"8,000",성동구,5,0,27,24.6,,,797-16,11200,5
22,,1988,,,2019,(797-16),마장동,"8,000",성동구,5,0,31,24.6,,,797-16,11200,5
23,,2006,,,2019,왕십리역이스타빌,행당동,"2,000",성동구,5,50,10,21.91,,,287-15,11200,12
24,,2006,,,2019,왕십리역이스타빌,행당동,"1,000",성동구,5,80,11,31.63,,,287-15,11200,13
25,,2004,,,2019,신세계오피스텔,금호동1가,"10,000",성동구,5,20,28,29.25,,,481-5,11200,5
26,,2003,,,2019,재호예향빌,금호동4가,"8,500",성동구,5,0,24,22.56,,,1028,11200,3
27,,2003,,,2019,성수동 뉴타운오피스텔,성수동1가,"5,000",성동구,5,45,7,29.23,,,72-69,11200,6
28,,2003,,,2019,성수동 뉴타운오피스텔,성수동1가,"15,000",성동구,5,0,8,30.02,,,72-69,11200,2
29,,2003,,,2019,(670-147),성수동1가,"8,000",성동구,5,15,9,21.36,,,670-147,11200,3
30,,2004,,,2019,Biz-Well 성수,성수동1가,"3,000",성동구,5,41,11,24.69,,,33-21,11200,4
31,,2004,,,2019,Biz-Well 성수,성수동1가,"3,000",성동구,5,39,17,26.67,,,33-21,11200,5
32,,2003,,,2019,성수동 뉴타운오피스텔,성수동1가,"3,000",성동구,5,50,18,32.39,,,72-69,11200,3
33,,2004,,,2019,Biz-Well 성수,성수동1가,"3,000",성동구,5,37,20,24.69,,,33-21,11200,3
34,,2004,,,2019,Biz-Well 성수,성수동1가,"3,000",성동구,5,35,21,19.08,,,33-21,11200,9
35,,2005,,,2019,뚝섬리버빌,성수동1가,"1,000",성동구,5,65,24,33.94,,,13-117,11200,2
36,,2018,,,2019,청호 서울숲 뜨레피움 오피스텔,성수동1가,"17,000",성동구,5,0,28,19.03,,,13-163,11200,2
37,,1998,,,2019,성수아카데미타워,성수동2가,500,성동구,5,65,8,33.45,,,277-17,11200,10
38,,2003,,,2019,성원상떼뷰오피스텔,성수동2가,"13,400",성동구,5,0,10,28.08,,,277-37,11200,7
39,,,,,2019,성수베네스트,성수동2가,"31,500",성동구,5,0,13,71.12,,,289-146,11200,2
40,,2013,,,2019,성수동램킨중흥S클래스오피스텔,성수동2가,"2,000",성동구,5,50,14,18.33,,,277-101,11200,2
41,,2003,,,2019,성원상떼뷰오피스텔,성수동2가,"1,000",성동구,5,55,21,24.84,,,277-37,11200,11
42,,2017,,,2019,(299-134),성수동2가,"24,000",성동구,5,0,24,40.2,,,299-134,11200,3
43,,2017,,,2019,(299-134),성수동2가,"24,500",성동구,5,0,24,39.78,,,299-134,11200,5
44,,2013,,,2019,성수동램킨중흥S클래스오피스텔,성수동2가,"3,000",성동구,5,0,29,18.33,,,277-101,11200,8
45,,2003,,,2019,송정동센스빌오피스텔,송정동,"12,000",성동구,5,0,28,31.19,,,81-16,11200,4
46,,2016,,,2019,서희스타힐스리버파크,용답동,"13,000",성동구,5,0,1,19.88,,,238-12,11200,7
47,,2013,,,2019,어반 오피스텔,용답동,"1,000",성동구,5,45,3,16.21,,,229-10,11200,10
48,,2011,,,2019,오르세오피스텔,용답동,"15,000",성동구,5,0,9,33.2,,,238-2,11200,10
49,,2016,,,2019,서희스타힐스리버파크,용답동,"14,000",성동구,5,0,9,21.9,,,238-12,11200,14
50,,2011,,,2019,오르세오피스텔,용답동,"15,000",성동구,5,0,9,33.2,,,238-2,11200,10
51,,2016,,,2019,서희스타힐스리버파크,용답동,"1,000",성동구,5,48,13,19.88,,,238-12,11200,8
52,,2013,,,2019,어반 오피스텔,용답동,"1,000",성동구,5,45,13,16.21,,,229-10,11200,7
53,,2016,,,2019,서희스타힐스리버파크,용답동,"13,000",성동구,5,0,14,21.9,,,238-12,11200,4
54,,1991,,,2019,삼호오피스텔,용답동,"6,500",성동구,5,0,14,26.25,,,236-5,11200,8
55,,2016,,,2019,서희스타힐스리버파크,용답동,"10,000",성동구,5,10,15,20.21,,,238-12,11200,4
56,,2016,,,2019,서희스타힐스리버파크,용답동,"14,000",성동구,5,0,16,21.9,,,238-12,11200,10
57,,2016,,,2019,서희스타힐스리버파크,용답동,"1,000",성동구,5,50,21,20.21,,,238-12,11200,4
58,,2016,,,2019,서희스타힐스리버파크,용답동,"12,500",성동구,5,0,22,20.21,,,238-12,11200,15
59,,2016,,,2019,서희스타힐스리버파크,용답동,"12,500",성동구,5,0,24,21.9,,,238-12,11200,5
60,,2016,,,2019,서희스타힐스리버파크,용답동,"14,000",성동구,5,0,31,21.9,,,238-12,11200,12
61,,2013,,,2019,어반 오피스텔,용답동,"1,000",성동구,5,62,31,18.98,,,229-10,11200,2
62,,1985,,,2019,(233-8),용답동,"12,000",성동구,5,15,31,21.9,,,233-8,11200,17
0,,2003,,,2019,노블리안,상왕십리동,"4,000",성동구,6,40,10,30.81,,,750,11200,10
1,,2003,,,2019,노블리안,상왕십리동,"6,000",성동구,6,20,15,25.74,,,750,11200,8
2,,2003,,,2019,노블리안,상왕십리동,"4,000",성동구,6,40,17,30.81,,,750,11200,15
3,,2003,,,2019,노블리안,상왕십리동,"2,000",성동구,6,50,24,25.74,,,750,11200,9
4,,2003,,,2019,노블리안,상왕십리동,"1,000",성동구,6,50,29,25.74,,,750,11200,7
5,,2017,,,2019,동인드림힐스,하왕십리동,"21,975",성동구,6,0,1,27.51,,,890-181,11200,6
6,,2017,,,2019,동인드림힐스,하왕십리동,"24,150",성동구,6,0,1,27.51,,,890-181,11200,14
7,,2017,,,2019,동인드림힐스,하왕십리동,"1,000",성동구,6,30,5,19.24,,,890-181,11200,4
8,,2017,,19.06~21.06,2019,동인드림힐스,하왕십리동,"10,000",성동구,6,30,5,19.24,,,890-181,11200,4
9,,2011,,,2019,리오파크 오피스텔,하왕십리동,"5,000",성동구,6,40,5,22.82,,,898-2,11200,14
10,,2017,,,2019,동인드림힐스,하왕십리동,"17,500",성동구,6,0,8,19.24,,,890-181,11200,14
11,,2016,,,2019,센트라스,하왕십리동,"22,100",성동구,6,0,9,29.16,,,1070,11200,19
12,,2005,,,2019,동인 레반트 오피스텔,하왕십리동,"3,000",성동구,6,55,10,30.32,,,903-3,11200,6
13,,2017,,,2019,동인드림힐스,하왕십리동,"23,900",성동구,6,0,12,27.51,,,890-181,11200,6
14,,2016,,,2019,센트라스,하왕십리동,"25,000",성동구,6,0,12,29.16,,,1070,11200,15
15,,2017,,,2019,동인드림힐스,하왕십리동,"17,850",성동구,6,0,19,19.24,,,890-181,11200,14
16,,2011,,,2019,리오파크 오피스텔,하왕십리동,"1,000",성동구,6,55,20,22.82,,,898-2,11200,15
17,,2011,,,2019,리오파크 오피스텔,하왕십리동,"1,000",성동구,6,60,22,22.97,,,898-2,11200,6
18,,2011,,,2019,리오파크 오피스텔,하왕십리동,"1,000",성동구,6,60,22,22.82,,,898-2,11200,12
19,,2016,,,2019,센트라스,하왕십리동,"23,100",성동구,6,0,22,32.53,,,1070,11200,12
20,,2016,,,2019,센트라스,하왕십리동,"1,000",성동구,6,83,24,32.53,,,1070,11200,14
21,,2017,,,2019,동인드림힐스,하왕십리동,"2,000",성동구,6,60,24,19.24,,,890-181,11200,8
22,,2017,,,2019,동인드림힐스,하왕십리동,"3,000",성동구,6,60,26,19.24,,,890-181,11200,9
23,,2011,,,2019,리오파크 오피스텔,하왕십리동,"1,000",성동구,6,60,27,24.07,,,898-2,11200,15
24,,2017,,,2019,동인드림힐스,하왕십리동,"16,800",성동구,6,0,28,19.24,,,890-181,11200,3
25,,2017,,,2019,동인드림힐스,하왕십리동,"15,500",성동구,6,0,29,19.24,,,890-181,11200,6
26,,2005,,,2019,동인 레반트 오피스텔,하왕십리동,"4,000",성동구,6,50,29,27.54,,,903-3,11200,3
27,,2018,,,2019,뉴센트빌,홍익동,"30,000",성동구,6,0,4,46.7,,,125-1,11200,3
28,,2018,,,2019,W에비뉴타워,도선동,"20,000",성동구,6,0,1,23.32,,,46,11200,6
29,,2017,,,2019,한성아펠타워,도선동,"1,000",성동구,6,71,7,23.58,,,53,11200,8
30,,2018,,,2019,렉스오피스텔,도선동,"18,500",성동구,6,0,9,20.35,,,268,11200,2
31,,2017,,,2019,한성아펠타워,도선동,"23,500",성동구,6,0,20,23.61,,,53,11200,7
32,,1998,,,2019,신한넥스텔,도선동,500,성동구,6,45,20,19.63,,,14,11200,7
33,,2018,,,2019,렉스오피스텔,도선동,"19,000",성동구,6,0,21,20.35,,,268,11200,8
34,,1998,,,2019,신한넥스텔,도선동,500,성동구,6,45,21,19.63,,,14,11200,5
35,,2017,,,2019,한성아펠타워,도선동,"3,000",성동구,6,82,26,23.61,,,53,11200,5
36,,2018,,,2019,렉스오피스텔,도선동,"19,000",성동구,6,0,29,25.32,,,268,11200,9
37,,2012,,,2019,(777-3),마장동,"9,000",성동구,6,0,1,15.62,,,777-3,11200,3
38,,2012,,,2019,(777-3),마장동,"1,000",성동구,6,50,7,15.62,,,777-3,11200,8
39,,2010,,,2019,고운타워,마장동,"10,000",성동구,6,0,12,24.85,,,474-5,11200,5
40,,2012,,,2019,(777-3),마장동,"1,000",성동구,6,50,22,15.62,,,777-3,11200,7
41,,2018,,,2019,트레저힐스,마장동,"11,000",성동구,6,30,28,26.97,,,775-2,11200,4
42,,2006,,,2019,왕십리역이스타빌,행당동,"20,000",성동구,6,0,1,29.43,,,287-15,11200,8
43,,2006,,,2019,왕십리역이스타빌,행당동,"20,000",성동구,6,0,1,29.43,,,287-15,11200,8
44,,2004,,,2019,성동샤르망,행당동,"1,000",성동구,6,60,7,24.84,,,192-29,11200,11
45,,2018,,,2019,왕십리 큐브스테이트,행당동,"2,000",성동구,6,60,10,16.37,,,286-25,11200,7
46,,,,,2019,K TOWER 2,행당동,"29,000",성동구,6,0,14,37.7,,,293-8,11200,5
47,,,,,2019,K TOWER 2,행당동,"26,500",성동구,6,0,14,37.7,,,293-8,11200,3
48,,2004,,,2019,성동샤르망,행당동,"1,000",성동구,6,60,15,26.22,,,192-29,11200,6
49,,2006,,,2019,왕십리역이스타빌,행당동,"1,000",성동구,6,60,21,21.91,,,287-15,11200,8
50,,2004,,,2019,성원상떼뷰,옥수동,"1,000",성동구,6,65,10,28,,,475,11200,4
51,,2004,,,2019,이에스에이리버하우스,성수동1가,"29,000",성동구,6,0,1,63.74,,,13-12,11200,8
52,,2004,,,2019,성수 그린빌,성수동1가,"16,000",성동구,6,0,1,34.59,,,685-54,11200,7
53,,2004,,,2019,이에스에이리버하우스,성수동1가,"22,000",성동구,6,0,2,39.15,,,13-12,11200,7
54,,2005,,,2019,뚝섬리버빌,성수동1가,"16,500",성동구,6,0,4,29,,,13-117,11200,6
55,,2004,,,2019,이에스에이리버하우스,성수동1가,"10,000",성동구,6,45,8,39.15,,,13-12,11200,6
56,,2005,,,2019,뚝섬리버빌,성수동1가,"20,000",성동구,6,0,10,39.96,,,13-117,11200,10
57,,2013,,,2019,서울숲오피스텔,성수동1가,"1,000",성동구,6,100,11,49.16,,,656-392,11200,4
58,,2004,,,2019,이에스에이리버하우스,성수동1가,"5,000",성동구,6,70,13,39.15,,,13-12,11200,4
59,,2004,,,2019,이에스에이리버하우스,성수동1가,"5,000",성동구,6,65,15,39.15,,,13-12,11200,6
60,,2003,,,2019,성수동 뉴타운오피스텔,성수동1가,"15,000",성동구,6,0,17,29.23,,,72-69,11200,8
61,,2004,,,2019,Biz-Well 성수,성수동1가,"1,000",성동구,6,55,20,24.69,,,33-21,11200,7
62,,2004,,,2019,Biz-Well 성수,성수동1가,"3,000",성동구,6,0,22,19.08,,,33-21,11200,9
63,,2005,,,2019,뚝섬리버빌,성수동1가,"19,000",성동구,6,0,25,39.62,,,13-117,11200,8
64,,1997,,,2019,청재오피스텔,성수동1가,"5,000",성동구,6,30,26,34.16,,,72-71,11200,5
65,,2004,,,2019,이에스에이리버하우스,성수동1가,"23,000",성동구,6,0,27,39.15,,,13-12,11200,5
66,,2005,,,2019,뚝섬리버빌,성수동1가,"19,000",성동구,6,0,27,39.62,,,13-117,11200,8
67,,2013,,,2019,성수동램킨중흥S클래스오피스텔,성수동2가,"1,000",성동구,6,55,3,18.33,,,277-101,11200,2
68,,2003,,,2019,성원상떼뷰오피스텔,성수동2가,"1,000",성동구,6,55,3,24.84,,,277-37,11200,9
69,,,,,2019,(299-29),성수동2가,"18,000",성동구,6,0,10,29.87,,,299-29,11200,2
70,,2003,,,2019,성원상떼뷰오피스텔,성수동2가,"5,000",성동구,6,38,10,28.08,,,277-37,11200,3
71,,2003,,,2019,성원상떼뷰오피스텔,성수동2가,"1,000",성동구,6,75,11,40.94,,,277-37,11200,3
72,,2003,,,2019,성원상떼뷰오피스텔,성수동2가,"13,500",성동구,6,0,14,28.08,,,277-37,11200,9
73,,2003,,,2019,성원상떼뷰오피스텔,성수동2가,"4,000",성동구,6,40,14,28.08,,,277-37,11200,2
74,,2017,,,2019,(299-150),성수동2가,"1,000",성동구,6,55,15,41.26,,,299-150,11200,2
75,,2013,,,2019,성수동램킨중흥S클래스오피스텔,성수동2가,500,성동구,6,60,15,18.33,,,277-101,11200,4
76,,2003,,,2019,성원상떼뷰오피스텔,성수동2가,500,성동구,6,60,17,24.84,,,277-37,11200,5
77,,2003,,,2019,성원상떼뷰오피스텔,성수동2가,"13,500",성동구,6,0,25,28.08,,,277-37,11200,4
78,,2003,,,2019,송정동센스빌오피스텔,송정동,"12,000",성동구,6,0,10,30.92,,,81-16,11200,6
79,,2013,,,2019,어반 오피스텔,용답동,"1,000",성동구,6,64,2,20.46,,,229-10,11200,5
80,,2016,,,2019,서희스타힐스리버파크,용답동,"14,000",성동구,6,0,4,21.9,,,238-12,11200,9
81,,2013,,,2019,어반 오피스텔,용답동,"2,000",성동구,6,50,5,20.46,,,229-10,11200,8
82,,2013,,,2019,어반 오피스텔,용답동,"1,000",성동구,6,64,10,20.46,,,229-10,11200,3
83,,2006,,,2019,신창비바패밀리,용답동,"24,000",성동구,6,0,12,60.59,,,232-1,11200,12
84,,2006,,,2019,신창비바패밀리,용답동,"19,000",성동구,6,25,12,58.28,,,232-1,11200,4
85,,2011,,,2019,오르세오피스텔,용답동,"14,000",성동구,6,0,14,35,,,238-2,11200,7
86,,2016,,,2019,서희스타힐스리버파크,용답동,"4,000",성동구,6,37,14,20.21,,,238-12,11200,13
87,,2013,,,2019,어반 오피스텔,용답동,"1,000",성동구,6,62,15,18.98,,,229-10,11200,2
88,,2016,,,2019,서희스타힐스리버파크,용답동,"13,000",성동구,6,0,15,21.9,,,238-12,11200,7
89,,2011,,,2019,오르세오피스텔,용답동,"2,000",성동구,6,65,15,35,,,238-2,11200,10
90,,2011,,,2019,오르세오피스텔,용답동,"2,000",성동구,6,65,15,35,,,238-2,11200,10
91,,2016,,,2019,서희스타힐스리버파크,용답동,"2,000",성동구,6,50,17,20.21,,,238-12,11200,14
92,,2016,,,2019,서희스타힐스리버파크,용답동,"13,500",성동구,6,0,20,21.9,,,238-12,11200,2
93,,1985,,,2019,(233-8),용답동,"13,000",성동구,6,0,21,23.41,,,233-8,11200,4
94,,2013,,,2019,어반 오피스텔,용답동,"1,000",성동구,6,57,21,16.21,,,229-10,11200,2
95,,2013,,,2019,어반 오피스텔,용답동,"2,000",성동구,6,51,26,20.46,,,229-10,11200,9
96,,1985,,,2019,(233-8),용답동,"13,000",성동구,6,0,28,22.07,,,233-8,11200,4
97,,2011,,,2019,오르세오피스텔,용답동,"17,500",성동구,6,0,28,46.25,,,238-2,11200,4
98,,2013,,,2019,어반 오피스텔,용답동,"2,000",성동구,6,52,28,20.46,,,229-10,11200,8
99,,2016,,,2019,서희스타힐스리버파크,용답동,"13,000",성동구,6,0,29,20.21,,,238-12,11200,14
0,,2003,,,2019,노블리안,상왕십리동,"10,000",성동구,7,15,4,30.81,,,750,11200,7
1,,2003,,,2019,노블리안,상왕십리동,"4,000",성동구,7,40,8,30.81,,,750,11200,7
2,,2003,,,2019,노블리안,상왕십리동,"4,000",성동구,7,40,9,30.81,,,750,11200,4
3,,2003,,,2019,노블리안,상왕십리동,"10,000",성동구,7,0,13,25.74,,,750,11200,13
4,,2003,,,2019,노블리안,상왕십리동,"5,000",성동구,7,35,23,30.81,,,750,11200,3
5,,2003,,,2019,노블리안,상왕십리동,"1,000",성동구,7,65,26,30.81,,,750,11200,5
6,,2011,,,2019,리오파크 오피스텔,하왕십리동,"1,000",성동구,7,52,10,22.11,,,898-2,11200,4
7,,2017,,,2019,동인드림힐스,하왕십리동,"3,000",성동구,7,0,12,27.14,,,890-181,11200,9
8,,2017,,,2019,동인드림힐스,하왕십리동,"3,000",성동구,7,80,13,27.51,,,890-181,11200,12
9,,2005,,,2019,동인 레반트 오피스텔,하왕십리동,"1,000",성동구,7,70,15,33.34,,,903-3,11200,5
10,,2016,,,2019,센트라스,하왕십리동,"3,000",성동구,7,80,16,32.53,,,1070,11200,12
11,,2011,,,2019,리오파크 오피스텔,하왕십리동,"1,000",성동구,7,60,19,23.42,,,898-2,11200,4
12,,2016,,,2019,센트라스,하왕십리동,"10,000",성동구,7,55,20,29.16,,,1070,11200,24
13,,2016,,,2019,센트라스,하왕십리동,"1,000",성동구,7,90,23,29.16,,,1070,11200,19
14,,2011,,,2019,리오파크 오피스텔,하왕십리동,"1,000",성동구,7,60,23,22.82,,,898-2,11200,11
15,,2016,,,2019,센트라스,하왕십리동,"25,000",성동구,7,0,27,31.01,,,1070,11200,21
16,,2016,,,2019,센트라스,하왕십리동,"24,788",성동구,7,0,27,32.53,,,1070,11200,18
17,,1998,,,2019,신한넥스텔,도선동,500,성동구,7,45,2,19.63,,,14,11200,14
18,,2018,,,2019,W에비뉴타워,도선동,"2,000",성동구,7,75,2,23.32,,,46,11200,10
19,,2018,,,2019,렉스오피스텔,도선동,"2,500",성동구,7,70,6,20.35,,,268,11200,11
20,,1998,,,2019,신한넥스텔,도선동,500,성동구,7,45,11,19.63,,,14,11200,15
21,,2018,,,2019,렉스오피스텔,도선동,"18,500",성동구,7,0,20,20.35,,,268,11200,2
22,,2017,,,2019,한성아펠타워,도선동,"1,000",성동구,7,88,20,23.58,,,53,11200,4
23,,2017,,,2019,한성아펠타워,도선동,"1,000",성동구,7,95,22,23.61,,,53,11200,11
24,,2017,,,2019,한성아펠타워,도선동,"1,000",성동구,7,90,27,23.58,,,53,11200,15
25,,1988,,,2019,(797-16),마장동,"8,000",성동구,7,0,17,24.6,,,797-16,11200,5
26,,2018,,,2019,트레저힐스,마장동,"21,000",성동구,7,0,20,26.97,,,775-2,11200,2
27,,2007,,,2019,마장동청계아르테미스,마장동,"25,000",성동구,7,0,31,69.12,,,778-5,11200,7
28,,2006,,,2019,왕십리역이스타빌,행당동,"1,000",성동구,7,60,4,21.91,,,287-15,11200,7
29,,2004,,,2019,성동샤르망,행당동,"2,000",성동구,7,50,14,24.84,,,192-29,11200,10
30,,2006,,,2019,왕십리역이스타빌,행당동,"1,000",성동구,7,75,20,30.78,,,287-15,11200,10
31,,2004,,,2019,성동샤르망,행당동,"1,000",성동구,7,60,22,24.84,,,192-29,11200,8
32,,2006,,,2019,왕십리역이스타빌,행당동,"1,000",성동구,7,70,23,29.43,,,287-15,11200,10
33,,2014,,,2019,서울숲 더샵,행당동,"38,000",성동구,7,0,26,57.27,,,377,11200,2
34,,2004,,,2019,성동샤르망,행당동,"6,000",성동구,7,40,27,27.6,,,192-29,11200,9
35,,2006,,,2019,왕십리역이스타빌,행당동,"1,000",성동구,7,75,29,29.43,,,287-15,11200,11
36,,2006,,,2019,왕십리역이스타빌,행당동,"14,000",성동구,7,0,31,29.43,,,287-15,11200,6
37,,2002,,,2019,금호힐오피스텔,금호동1가,"10,000",성동구,7,0,5,29.97,,,1755,11200,4
38,,2003,,,2019,아트빌딩,성수동1가,"2,000",성동구,7,55,1,26.78,,,685-308,11200,6
39,,2004,,,2019,이에스에이리버하우스,성수동1가,"19,500",성동구,7,0,1,39.15,,,13-12,11200,2
40,,2004,,,2019,성수 그린빌,성수동1가,"17,000",성동구,7,0,1,34.59,,,685-54,11200,4
41,,2004,,,2019,이에스에이리버하우스,성수동1가,"3,000",성동구,7,70,3,39.15,,,13-12,11200,6
42,,2003,,,2019,성수동 뉴타운오피스텔,성수동1가,"14,700",성동구,7,0,4,31.6,,,72-69,11200,7
43,,2004,,,2019,이에스에이리버하우스,성수동1가,"23,000",성동구,7,0,9,39.15,,,13-12,11200,7
44,,2004,,,2019,이에스에이리버하우스,성수동1가,"3,000",성동구,7,70,9,39.15,,,13-12,11200,3
45,,2003,,,2019,성수동 뉴타운오피스텔,성수동1가,"14,000",성동구,7,0,10,30.02,,,72-69,11200,2
46,,2004,,,2019,이에스에이리버하우스,성수동1가,"5,000",성동구,7,60,12,39.15,,,13-12,11200,4
47,,2004,,,2019,Biz-Well 성수,성수동1가,"3,000",성동구,7,40,15,24.69,,,33-21,11200,3
48,,2004,,,2019,Biz-Well 성수,성수동1가,"3,000",성동구,7,39,16,26.67,,,33-21,11200,2
49,,2004,,,2019,Biz-Well 성수,성수동1가,"20,000",성동구,7,0,17,45.1,,,33-21,11200,7
50,,2015,,,2019,위더스 빌,성수동1가,"24,500",성동구,7,0,17,43.41,,,33-23,11200,9
51,,2004,,,2019,이에스에이리버하우스,성수동1가,"20,000",성동구,7,0,21,39.15,,,13-12,11200,2
52,,2015,,,2019,위더스 빌,성수동1가,"25,000",성동구,7,0,22,42.76,,,33-23,11200,8
53,,2003,,,2019,(670-147),성수동1가,"10,000",성동구,7,70,23,21.36,,,670-147,11200,7
54,,2004,,,2019,이에스에이리버하우스,성수동1가,"22,500",성동구,7,0,24,39.15,,,13-12,11200,9
55,,2004,,,2019,이에스에이리버하우스,성수동1가,"1,000",성동구,7,95,24,39.15,,,13-12,11200,12
56,,2005,,,2019,뚝섬리버빌,성수동1가,"15,000",성동구,7,0,25,29,,,13-117,11200,3
57,,2018,,,2019,청호 서울숲 뜨레피움 오피스텔,성수동1가,"19,000",성동구,7,0,25,19.03,,,13-163,11200,4
58,,2004,,,2019,이에스에이리버하우스,성수동1가,"23,000",성동구,7,0,27,39.15,,,13-12,11200,12
59,,2004,,,2019,이에스에이리버하우스,성수동1가,"4,000",성동구,7,75,27,39.15,,,13-12,11200,7
60,,2003,,,2019,성수동 뉴타운오피스텔,성수동1가,"16,000",성동구,7,0,29,31.6,,,72-69,11200,8
61,,2004,,,2019,이에스에이리버하우스,성수동1가,"4,000",성동구,7,75,30,39.15,,,13-12,11200,7
62,,2003,,,2019,성수동 뉴타운오피스텔,성수동1가,"3,000",성동구,7,55,30,32.39,,,72-69,11200,8
63,,2003,,,2019,성원상떼뷰오피스텔,성수동2가,"1,000",성동구,7,55,8,24.84,,,277-37,11200,7
64,,2019,,,2019,장한빌라,성수동2가,"10,000",성동구,7,40,13,29.96,,,299-227,11200,2
65,,2013,,,2019,성수동램킨중흥S클래스오피스텔,성수동2가,"1,000",성동구,7,55,13,18.33,,,277-101,11200,3
66,,2003,,,2019,성원상떼뷰오피스텔,성수동2가,"2,000",성동구,7,52,18,28.08,,,277-37,11200,10
67,,2003,,,2019,성원상떼뷰오피스텔,성수동2가,"10,000",성동구,7,17,18,28.08,,,277-37,11200,7
68,,2003,,,2019,성원상떼뷰오피스텔,성수동2가,"12,500",성동구,7,0,19,28.08,,,277-37,11200,9
69,,2003,,,2019,성원상떼뷰오피스텔,성수동2가,"12,000",성동구,7,0,23,24.84,,,277-37,11200,5
70,,2013,,,2019,성수동램킨중흥S클래스오피스텔,성수동2가,"1,000",성동구,7,55,27,18.33,,,277-101,11200,5
71,,2016,,,2019,서희스타힐스리버파크,용답동,500,성동구,7,60,1,21.9,,,238-12,11200,8
72,,2013,,,2019,어반 오피스텔,용답동,"1,000",성동구,7,63,1,20.46,,,229-10,11200,3
73,,2016,,,2019,서희스타힐스리버파크,용답동,"3,000",성동구,7,40,2,20.21,,,238-12,11200,11
74,,2016,,,2019,서희스타힐스리버파크,용답동,"13,500",성동구,7,0,4,20.21,,,238-12,11200,12
75,,2016,,,2019,서희스타힐스리버파크,용답동,"13,000",성동구,7,0,4,20.21,,,238-12,11200,3
76,,2016,,,2019,서희스타힐스리버파크,용답동,"13,000",성동구,7,0,4,19.88,,,238-12,11200,3
77,,2016,,,2019,서희스타힐스리버파크,용답동,"4,000",성동구,7,37,6,21.9,,,238-12,11200,7
78,,2016,,,2019,서희스타힐스리버파크,용답동,"14,000",성동구,7,0,6,21.95,,,238-12,11200,8
79,,2016,,,2019,서희스타힐스리버파크,용답동,500,성동구,7,55,6,19.88,,,238-12,11200,11
80,,2016,,,2019,서희스타힐스리버파크,용답동,"13,500",성동구,7,0,8,21.9,,,238-12,11200,4
81,,2013,,,2019,어반 오피스텔,용답동,"2,000",성동구,7,52,11,16.21,,,229-10,11200,4
82,,2016,,,2019,서희스타힐스리버파크,용답동,200,성동구,7,60,11,21.9,,,238-12,11200,4
83,,2016,,,2019,서희스타힐스리버파크,용답동,"14,000",성동구,7,0,12,21.9,,,238-12,11200,5
84,,2016,,,2019,서희스타힐스리버파크,용답동,"13,100",성동구,7,0,12,20.21,,,238-12,11200,11
85,,2016,,,2019,서희스타힐스리버파크,용답동,"10,500",성동구,7,0,13,20.21,,,238-12,11200,9
86,,2016,,,2019,서희스타힐스리버파크,용답동,"2,000",성동구,7,42,13,20.21,,,238-12,11200,9
87,,2016,,,2019,서희스타힐스리버파크,용답동,"1,000",성동구,7,45,13,21.95,,,238-12,11200,10
88,,2016,,,2019,서희스타힐스리버파크,용답동,"13,500",성동구,7,0,13,21.9,,,238-12,11200,4
89,,2016,,,2019,서희스타힐스리버파크,용답동,"4,000",성동구,7,40,17,21.9,,,238-12,11200,6
90,,2013,,,2019,어반 오피스텔,용답동,"3,000",성동구,7,44,18,20.46,,,229-10,11200,9
91,,2013,,,2019,어반 오피스텔,용답동,"2,000",성동구,7,52,18,16.21,,,229-10,11200,6
92,,2013,,,2019,어반 오피스텔,용답동,"2,000",성동구,7,60,18,20.96,,,229-10,11200,2
93,,2016,,,2019,서희스타힐스리버파크,용답동,"13,500",성동구,7,0,19,19.88,,,238-12,11200,5
94,,2013,,,2019,어반 오피스텔,용답동,"2,000",성동구,7,52,19,16.21,,,229-10,11200,3
95,,2016,,,2019,서희스타힐스리버파크,용답동,"1,000",성동구,7,55,19,21.9,,,238-12,11200,10
96,,2016,,,2019,서희스타힐스리버파크,용답동,"14,000",성동구,7,0,19,21.9,,,238-12,11200,8
97,,2016,,,2019,서희스타힐스리버파크,용답동,"14,000",성동구,7,0,19,21.9,,,238-12,11200,8
98,,2013,,,2019,어반 오피스텔,용답동,"2,000",성동구,7,59,20,20.46,,,229-10,11200,3
99,,2016,,,2019,서희스타힐스리버파크,용답동,"14,000",성동구,7,0,22,21.9,,,238-12,11200,13
100,,2016,,,2019,서희스타힐스리버파크,용답동,"13,500",성동구,7,0,25,20.21,,,238-12,11200,5
101,,2016,,,2019,서희스타힐스리버파크,용답동,"3,000",성동구,7,42,27,21.9,,,238-12,11200,3
102,,2016,,,2019,서희스타힐스리버파크,용답동,"1,000",성동구,7,50,27,21.9,,,238-12,11200,9
103,,2016,,,2019,서희스타힐스리버파크,용답동,"3,000",성동구,7,50,27,21.9,,,238-12,11200,12
104,,2016,,,2019,서희스타힐스리버파크,용답동,"10,470",성동구,7,0,28,20.21,,,238-12,11200,4
105,,2016,,,2019,서희스타힐스리버파크,용답동,"13,500",성동구,7,0,29,21.9,,,238-12,11200,7
106,,2016,,,2019,서희스타힐스리버파크,용답동,"1,000",성동구,7,60,29,21.9,,,238-12,11200,8
107,,2016,,,2019,서희스타힐스리버파크,용답동,"13,500",성동구,7,2,30,21.9,,,238-12,11200,14
108,,2011,,,2019,오르세오피스텔,용답동,"15,000",성동구,7,0,30,42.51,,,238-2,11200,3
109,,2016,,,2019,서희스타힐스리버파크,용답동,"13,800",성동구,7,0,31,20.21,,,238-12,11200,13
110,,2016,,,2019,서희스타힐스리버파크,용답동,500,성동구,7,60,31,21.9,,,238-12,11200,7
0,,2003,,,2019,노블리안,상왕십리동,"12,000",성동구,8,0,5,30.81,,,750,11200,2
1,,2003,,,2019,노블리안,상왕십리동,"10,000",성동구,8,10,6,30.81,,,750,11200,8
2,,2003,,,2019,노블리안,상왕십리동,"5,000",성동구,8,30,10,25.74,,,750,11200,8
3,,2003,,,2019,노블리안,상왕십리동,"13,650",성동구,8,0,21,25.74,,,750,11200,9
4,,2003,,,2019,노블리안,상왕십리동,"10,000",성동구,8,0,21,25.74,,,750,11200,2
5,,2003,,,2019,노블리안,상왕십리동,"12,000",성동구,8,0,21,25.74,,,750,11200,5
6,,2003,,,2019,노블리안,상왕십리동,"6,000",성동구,8,30,26,30.81,,,750,11200,11
7,,2003,,,2019,노블리안,상왕십리동,"14,000",성동구,8,0,28,30.81,,,750,11200,5
8,,2003,,,2019,노블리안,상왕십리동,"15,000",성동구,8,0,31,30.81,,,750,11200,15
9,,2011,,,2019,리오파크 오피스텔,하왕십리동,"2,000",성동구,8,50,1,22.82,,,898-2,11200,7
10,,2016,,,2019,센트라스,하왕십리동,"5,000",성동구,8,70,2,31.01,,,1070,11200,23
11,,2005,,,2019,동인 레반트 오피스텔,하왕십리동,"1,000",성동구,8,75,12,33.34,,,903-3,11200,10
12,,2016,,,2019,센트라스,하왕십리동,"1,000",성동구,8,99,14,31.01,,,1070,11200,22
13,,2011,,,2019,리오파크 오피스텔,하왕십리동,"1,000",성동구,8,40,17,24.07,,,898-2,11200,11
14,,2017,,,2019,동인드림힐스,하왕십리동,"1,000",성동구,8,68,23,19.24,,,890-181,11200,8
15,,2016,,,2019,센트라스,하왕십리동,"1,000",성동구,8,87,24,29.16,,,1070,11200,23
16,,2016,,,2019,센트라스,하왕십리동,"1,000",성동구,8,79,24,29.16,,,1070,11200,23
17,,2011,,,2019,리오파크 오피스텔,하왕십리동,"13,000",성동구,8,0,29,22.82,,,898-2,11200,13
18,,2011,,,2019,리오파크 오피스텔,하왕십리동,"1,000",성동구,8,55,30,21.56,,,898-2,11200,4
19,,2018,,,2019,비앤리베스텔,홍익동,"16,000",성동구,8,5,9,18.39,,,146-1,11200,8
20,,1998,,,2019,신한넥스텔,도선동,"5,000",성동구,8,30,2,30.18,,,14,11200,13
21,,2018,,,2019,렉스오피스텔,도선동,"1,000",성동구,8,70,3,21.49,,,268,11200,10
22,,2018,,,2019,렉스오피스텔,도선동,"1,000",성동구,8,70,5,20.35,,,268,11200,9
23,,2014,,,2019,J&J빌딩,도선동,"16,100",성동구,8,0,8,29.1,,,276,11200,7
24,,1998,,,2019,신한넥스텔,도선동,500,성동구,8,45,8,19.63,,,14,11200,9
25,,2017,,,2019,한성아펠타워,도선동,"2,000",성동구,8,80,10,23.61,,,53,11200,13
26,,2017,,,2019,한성아펠타워,도선동,"1,000",성동구,8,95,10,23.61,,,53,11200,3
27,,1998,,,2019,신한넥스텔,도선동,500,성동구,8,45,17,19.63,,,14,11200,9
28,,2018,,,2019,렉스오피스텔,도선동,"2,000",성동구,8,70,29,21.37,,,268,11200,9
29,,2018,,,2019,W에비뉴타워,도선동,"36,000",성동구,8,0,31,48.31,,,46,11200,15
30,,2007,,,2019,마장동청계아르테미스,마장동,"18,500",성동구,8,0,19,69.12,,,778-5,11200,5
31,,2006,,,2019,왕십리역이스타빌,행당동,"1,000",성동구,8,65,6,21.91,,,287-15,11200,8
32,,,,,2019,K TOWER 2,행당동,"1,000",성동구,8,65,14,21.78,,,293-8,11200,6
33,,2018,,,2019,왕십리 큐브스테이트,행당동,"5,000",성동구,8,47,15,16.33,,,286-25,11200,3
34,,2004,,,2019,성동샤르망,행당동,"1,000",성동구,8,60,15,24.84,,,192-29,11200,10
35,,2004,,,2019,성동샤르망,행당동,"8,000",성동구,8,20,26,24.84,,,192-29,11200,5
36,,2006,,,2019,왕십리역이스타빌,행당동,"1,000",성동구,8,70,27,29.43,,,287-15,11200,11
37,,2004,,,2019,성동샤르망,행당동,"1,000",성동구,8,60,29,26.22,,,192-29,11200,12
38,,2006,,,2019,왕십리역이스타빌,행당동,"1,000",성동구,8,70,31,29.43,,,287-15,11200,5
39,,2002,,,2019,금호힐오피스텔,금호동1가,"1,000",성동구,8,58,14,29.97,,,1755,11200,5
40,,2003,,,2019,재호예향빌,금호동4가,"8,000",성동구,8,0,2,28.67,,,1028,11200,4
41,,2004,,,2019,성원상떼뷰,옥수동,"13,000",성동구,8,0,15,27.01,,,475,11200,7
42,,2004,,,2019,성원상떼뷰,옥수동,"14,000",성동구,8,0,16,27.01,,,475,11200,11
43,,2004,,,2019,성원상떼뷰,옥수동,"1,000",성동구,8,75,19,27.01,,,475,11200,13
44,,2004,,,2019,성원상떼뷰,옥수동,"2,000",성동구,8,65,24,27.01,,,475,11200,5
45,,2004,,,2019,이에스에이리버하우스,성수동1가,"1,000",성동구,8,90,5,39.15,,,13-12,11200,6
46,,2003,,,2019,성수동 뉴타운오피스텔,성수동1가,"17,000",성동구,8,0,5,30.02,,,72-69,11200,7
47,,2003,,,2019,성수동 뉴타운오피스텔,성수동1가,"4,000",성동구,8,45,6,30.02,,,72-69,11200,5
48,,2004,,,2019,이에스에이리버하우스,성수동1가,"21,500",성동구,8,0,8,39.15,,,13-12,11200,4
49,,2004,,,2019,이에스에이리버하우스,성수동1가,"4,000",성동구,8,70,9,39.15,,,13-12,11200,11
50,,2004,,,2019,이에스에이리버하우스,성수동1가,"23,000",성동구,8,0,10,39.15,,,13-12,11200,6
51,,2015,,,2019,위더스 빌,성수동1가,"3,000",성동구,8,80,10,44.05,,,33-23,11200,4
52,,2004,,,2019,Biz-Well 성수,성수동1가,"1,000",성동구,8,60,16,26.13,,,33-21,11200,8
53,,2004,,,2019,Biz-Well 성수,성수동1가,"3,000",성동구,8,40,16,26.67,,,33-21,11200,2
54,,2004,,,2019,Biz-Well 성수,성수동1가,"3,000",성동구,8,37,19,24.69,,,33-21,11200,8
55,,2003,,,2019,성수동 뉴타운오피스텔,성수동1가,"3,000",성동구,8,50,27,32.39,,,72-69,11200,5
56,,2004,,,2019,Biz-Well 성수,성수동1가,"3,000",성동구,8,37,31,24.69,,,33-21,11200,8
57,,2015,,,2019,위더스 빌,성수동1가,"26,000",성동구,8,0,31,44.05,,,33-23,11200,8
58,,2004,,,2019,이에스에이리버하우스,성수동1가,"22,000",성동구,8,0,31,39.15,,,13-12,11200,6
59,,2004,,,2019,Biz-Well 성수,성수동1가,"3,000",성동구,8,37,31,24.69,,,33-21,11200,3
60,,2017,,,2019,(299-134),성수동2가,"24,100",성동구,8,0,2,39.78,,,299-134,11200,7
61,,2003,,,2019,성원상떼뷰오피스텔,성수동2가,"1,000",성동구,8,52,6,24.84,,,277-37,11200,3
62,,2013,,,2019,성수동램킨중흥S클래스오피스텔,성수동2가,"1,000",성동구,8,55,10,18.33,,,277-101,11200,7
63,,2016,,,2019,그루빌1차,성수동2가,"19,950",성동구,8,0,18,37.1,,,289-198,11200,2
64,,2003,,,2019,성원상떼뷰오피스텔,성수동2가,"2,000",성동구,8,52,19,28.08,,,277-37,11200,9
65,,2003,,,2019,성원상떼뷰오피스텔,성수동2가,"2,000",성동구,8,55,21,28.08,,,277-37,11200,11
66,,2017,,,2019,(299-134),성수동2가,"24,000",성동구,8,0,24,40.2,,,299-134,11200,5
67,,2003,,,2019,성원상떼뷰오피스텔,성수동2가,"5,000",성동구,8,34,24,24.84,,,277-37,11200,11
68,,2003,,,2019,성원상떼뷰오피스텔,성수동2가,"4,000",성동구,8,40,29,24.84,,,277-37,11200,3
69,,2016,,,2019,서희스타힐스리버파크,용답동,"13,000",성동구,8,0,1,21.9,,,238-12,11200,3
70,,1991,,,2019,삼호오피스텔,용답동,500,성동구,8,35,5,26.95,,,236-5,11200,6
71,,2016,,,2019,서희스타힐스리버파크,용답동,"13,000",성동구,8,0,5,19.88,,,238-12,11200,5
72,,2016,,,2019,서희스타힐스리버파크,용답동,"13,500",성동구,8,0,6,21.9,,,238-12,11200,3
73,,2013,,,2019,어반 오피스텔,용답동,"1,000",성동구,8,45,7,16.21,,,229-10,11200,8
74,,2016,,,2019,서희스타힐스리버파크,용답동,"1,000",성동구,8,55,9,21.9,,,238-12,11200,15
75,,2016,,,2019,서희스타힐스리버파크,용답동,"14,000",성동구,8,0,10,21.9,,,238-12,11200,8
76,,2013,,,2019,어반 오피스텔,용답동,"2,000",성동구,8,58,12,20.46,,,229-10,11200,5
77,,2016,,,2019,서희스타힐스리버파크,용답동,"13,500",성동구,8,0,13,19.88,,,238-12,11200,5
78,,2016,,,2019,서희스타힐스리버파크,용답동,"13,500",성동구,8,0,13,20.21,,,238-12,11200,8
79,,2006,,,2019,신창비바패밀리,용답동,"25,000",성동구,8,0,15,56.17,,,232-1,11200,9
80,,2016,,,2019,서희스타힐스리버파크,용답동,"1,000",성동구,8,55,15,21.9,,,238-12,11200,6
81,,2006,,,2019,신창비바패밀리,용답동,"25,000",성동구,8,0,15,56.17,,,232-1,11200,9
82,,2016,,,2019,서희스타힐스리버파크,용답동,"7,000",성동구,8,30,17,19.88,,,238-12,11200,12
83,,2016,,,2019,서희스타힐스리버파크,용답동,"12,000",성동구,8,0,17,21.95,,,238-12,11200,6
84,,2013,,,2019,어반 오피스텔,용답동,"1,000",성동구,8,55,17,18.98,,,229-10,11200,7
85,,2011,,,2019,오르세오피스텔,용답동,"15,500",성동구,8,0,17,42.3,,,238-2,11200,2
86,,2016,,,2019,서희스타힐스리버파크,용답동,"13,000",성동구,8,0,19,20.21,,,238-12,11200,5
87,,2016,,,2019,서희스타힐스리버파크,용답동,"13,500",성동구,8,0,20,21.95,,,238-12,11200,6
88,,2016,,,2019,서희스타힐스리버파크,용답동,"14,000",성동구,8,0,20,21.9,,,238-12,11200,8
89,,2016,,,2019,서희스타힐스리버파크,용답동,"13,500",성동구,8,0,21,21.95,,,238-12,11200,9
90,,2016,,,2019,서희스타힐스리버파크,용답동,"14,000",성동구,8,0,22,21.9,,,238-12,11200,7
91,,2016,,,2019,서희스타힐스리버파크,용답동,"13,000",성동구,8,0,23,20.21,,,238-12,11200,12
92,,2016,,,2019,서희스타힐스리버파크,용답동,"13,300",성동구,8,0,23,19.88,,,238-12,11200,8
93,,2016,,,2019,서희스타힐스리버파크,용답동,500,성동구,8,60,24,21.9,,,238-12,11200,13
94,,2013,,,2019,어반 오피스텔,용답동,"2,000",성동구,8,51,24,18.98,,,229-10,11200,10
95,,2016,,,2019,서희스타힐스리버파크,용답동,"14,000",성동구,8,0,26,21.9,,,238-12,11200,14
96,,2016,,,2019,서희스타힐스리버파크,용답동,"14,000",성동구,8,0,26,21.9,,,238-12,11200,15
97,,2016,,,2019,서희스타힐스리버파크,용답동,"13,000",성동구,8,0,26,21.9,,,238-12,11200,6
98,,2016,,,2019,서희스타힐스리버파크,용답동,"14,000",성동구,8,0,26,21.9,,,238-12,11200,15
99,,2013,,,2019,어반 오피스텔,용답동,"2,000",성동구,8,52,27,16.21,,,229-10,11200,3
100,,2016,,,2019,서희스타힐스리버파크,용답동,"11,500",성동구,8,0,28,21.9,,,238-12,11200,7
101,,2011,,,2019,오르세오피스텔,용답동,"15,500",성동구,8,0,28,42.3,,,238-2,11200,3
102,,2016,,,2019,서희스타힐스리버파크,용답동,"14,000",성동구,8,0,28,21.9,,,238-12,11200,7
103,,2016,,,2019,서희스타힐스리버파크,용답동,"11,500",성동구,8,0,29,19.88,,,238-12,11200,6
104,,2016,,,2019,서희스타힐스리버파크,용답동,500,성동구,8,65,31,21.9,,,238-12,11200,11
105,,2016,,,2019,서희스타힐스리버파크,용답동,"14,000",성동구,8,0,31,21.95,,,238-12,11200,6
0,,2003,,,2019,노블리안,상왕십리동,"12,000",성동구,9,0,7,30.81,,,750,11200,13
1,,2003,,,2019,노블리안,상왕십리동,"1,000",성동구,9,60,7,25.74,,,750,11200,4
2,,2003,,,2019,노블리안,상왕십리동,"15,000",성동구,9,0,21,30.81,,,750,11200,7
3,,2003,,,2019,노블리안,상왕십리동,"15,000",성동구,9,0,28,30.81,,,750,11200,9
4,,2003,,,2019,노블리안,상왕십리동,"15,000",성동구,9,0,28,30.81,,,750,11200,7
5,,2011,,,2019,리오파크 오피스텔,하왕십리동,"1,000",성동구,9,60,3,22.97,,,898-2,11200,12
6,,2005,,,2019,동인 레반트 오피스텔,하왕십리동,"12,000",성동구,9,20,6,27.54,,,903-3,11200,15
7,,2011,,,2019,리오파크 오피스텔,하왕십리동,"3,000",성동구,9,53,9,24.07,,,898-2,11200,12
8,,2005,,,2019,동인 레반트 오피스텔,하왕십리동,"15,000",성동구,9,0,16,27.54,,,903-3,11200,7
9,,2017,,,2019,동인드림힐스,하왕십리동,"17,850",성동구,9,0,20,19.24,,,890-181,11200,13
10,,2011,,,2019,리오파크 오피스텔,하왕십리동,"1,000",성동구,9,60,21,22.82,,,898-2,11200,14
11,,2017,,,2019,동인드림힐스,하왕십리동,"1,000",성동구,9,90,23,27.51,,,890-181,11200,11
12,,2016,,,2019,센트라스,하왕십리동,"1,000",성동구,9,90,25,31.01,,,1070,11200,16
13,,2011,,,2019,리오파크 오피스텔,하왕십리동,"13,000",성동구,9,0,25,22.11,,,898-2,11200,9
14,,2016,,,2019,센트라스,하왕십리동,"3,000",성동구,9,80,26,31.01,,,1070,11200,17
15,,2016,,,2019,센트라스,하왕십리동,"24,200",성동구,9,0,27,31.01,,,1070,11200,17
16,,2009,,,2019,왕십리 모노퍼스 주상복합,하왕십리동,"19,000",성동구,9,0,27,38.67,,,286-2,11200,11
17,,2018,,,2019,뉴센트빌,홍익동,"33,000",성동구,9,0,2,45.28,,,125-1,11200,2
18,,2018,,,2019,W에비뉴타워,도선동,"22,000",성동구,9,0,4,23.32,,,46,11200,8
19,,2018,,,2019,렉스오피스텔,도선동,"2,000",성동구,9,65,9,21.49,,,268,11200,4
20,,2018,,19.09~21.09,2019,렉스오피스텔,도선동,"1,000",성동구,9,75,9,20.35,,,268,11200,10
21,,2018,,,2019,렉스오피스텔,도선동,"1,000",성동구,9,70,16,21.37,,,268,11200,12
22,,2018,,,2019,렉스오피스텔,도선동,"1,000",성동구,9,73,18,20.35,,,268,11200,5
23,,2014,,,2019,J&J빌딩,도선동,"17,000",성동구,9,0,30,29.1,,,276,11200,6
24,,2018,,,2019,렉스오피스텔,도선동,"3,000",성동구,9,60,30,21.49,,,268,11200,4
25,,2007,,,2019,마장동청계아르테미스,마장동,"5,000",성동구,9,50,21,54.72,,,778-5,11200,5
26,,2014,,,2019,서울숲 더샵,행당동,"1,000",성동구,9,121,16,35.21,,,377,11200,4
27,,2004,,,2019,성동샤르망,행당동,"1,000",성동구,9,60,19,24.84,,,192-29,11200,11
28,,2013,,,2019,서울숲오피스텔,성수동1가,"26,000",성동구,9,0,2,49.16,,,656-392,11200,5
29,,2003,,,2019,아트빌딩,성수동1가,"13,000",성동구,9,0,5,26.9,,,685-308,11200,5
30,,2015,,,2019,위더스 빌,성수동1가,"26,000",성동구,9,0,7,42.76,,,33-23,11200,5
31,,2004,,,2019,Biz-Well 성수,성수동1가,"3,000",성동구,9,39,7,26.67,,,33-21,11200,6
32,,2004,,,2019,이에스에이리버하우스,성수동1가,"36,500",성동구,9,0,9,63.74,,,13-12,11200,2
33,,2004,,,2019,이에스에이리버하우스,성수동1가,"5,000",성동구,9,70,9,39.15,,,13-12,11200,10
34,,2004,,,2019,이에스에이리버하우스,성수동1가,"37,500",성동구,9,0,9,63.74,,,13-12,11200,2
35,,2004,,,2019,이에스에이리버하우스,성수동1가,"23,500",성동구,9,0,9,39.15,,,13-12,11200,12
36,,2003,,,2019,아트빌딩,성수동1가,"14,000",성동구,9,0,10,24.64,,,685-308,11200,6
37,,2005,,,2019,뚝섬리버빌,성수동1가,"1,000",성동구,9,50,16,25.1,,,13-117,11200,8
38,,2013,,,2019,서울숲오피스텔,성수동1가,"23,000",성동구,9,0,18,44.16,,,656-392,11200,5
39,,2004,,,2019,Biz-Well 성수,성수동1가,"1,000",성동구,9,55,19,24.69,,,33-21,11200,3
40,,2005,,,2019,뚝섬리버빌,성수동1가,"1,500",성동구,9,58,23,26.02,,,13-117,11200,8
41,,2003,,,2019,아트빌딩,성수동1가,"14,000",성동구,9,0,25,27.02,,,685-308,11200,4
42,,2004,,,2019,이에스에이리버하우스,성수동1가,"22,500",성동구,9,0,26,39.15,,,13-12,11200,3
43,,2015,,,2019,위더스 빌,성수동1가,"25,500",성동구,9,0,28,44.05,,,33-23,11200,5
44,,2004,,,2019,이에스에이리버하우스,성수동1가,"33,000",성동구,9,0,28,63.74,,,13-12,11200,11
45,,2004,,,2019,Biz-Well 성수,성수동1가,"3,000",성동구,9,39,30,26.13,,,33-21,11200,3
46,,2004,,,2019,Biz-Well 성수,성수동1가,"3,000",성동구,9,36,30,19.08,,,33-21,11200,9
47,,2013,,,2019,성수동램킨중흥S클래스오피스텔,성수동2가,"3,000",성동구,9,45,3,18.33,,,277-101,11200,7
48,,1998,,,2019,성수아카데미타워,성수동2가,"1,000",성동구,9,60,9,33.45,,,277-17,11200,13
49,,2017,,,2019,(299-134),성수동2가,"24,000",성동구,9,0,17,39.78,,,299-134,11200,7
50,,2017,,,2019,(299-134),성수동2가,"24,000",성동구,9,0,19,39.78,,,299-134,11200,5
51,,2013,,,2019,성수동램킨중흥S클래스오피스텔,성수동2가,"3,000",성동구,9,45,19,18.33,,,277-101,11200,6
52,,2013,,,2019,성수동램킨중흥S클래스오피스텔,성수동2가,"2,000",성동구,9,50,21,18.33,,,277-101,11200,8
53,,2013,,,2019,성수동램킨중흥S클래스오피스텔,성수동2가,"5,000",성동구,9,35,23,18.33,,,277-101,11200,3
54,,2017,,,2019,(299-134),성수동2가,"24,000",성동구,9,0,24,40.2,,,299-134,11200,5
55,,2003,,,2019,성원상떼뷰오피스텔,성수동2가,"2,000",성동구,9,53,27,28.08,,,277-37,11200,4
56,,2017,,,2019,(299-134),성수동2가,"24,000",성동구,9,0,28,40.2,,,299-134,11200,7
57,,2003,,,2019,송정동센스빌오피스텔,송정동,"12,000",성동구,9,0,26,30.92,,,81-16,11200,7
58,,2006,,,2019,신창비바패밀리,용답동,"1,000",성동구,9,115,2,60.45,,,232-1,11200,14
59,,2016,,,2019,서희스타힐스리버파크,용답동,"3,000",성동구,9,45,2,21.9,,,238-12,11200,3
60,,2013,,,2019,어반 오피스텔,용답동,"1,000",성동구,9,45,2,16.21,,,229-10,11200,8
61,,2016,,,2019,서희스타힐스리버파크,용답동,"13,500",성동구,9,0,3,20.21,,,238-12,11200,6
62,,2011,,,2019,오르세오피스텔,용답동,"17,500",성동구,9,0,3,48.5,,,238-2,11200,12
63,,2016,,,2019,서희스타힐스리버파크,용답동,"12,500",성동구,9,0,4,20.21,,,238-12,11200,13
64,,2011,,,2019,오르세오피스텔,용답동,"10,000",성동구,9,30,6,43.55,,,238-2,11200,5
65,,2016,,,2019,서희스타힐스리버파크,용답동,"4,000",성동구,9,40,6,21.9,,,238-12,11200,7
66,,2016,,,2019,서희스타힐스리버파크,용답동,"1,000",성동구,9,55,6,20.21,,,238-12,11200,15
67,,2013,,,2019,어반 오피스텔,용답동,"2,000",성동구,9,59,7,20.46,,,229-10,11200,6
68,,2016,,,2019,서희스타힐스리버파크,용답동,"1,000",성동구,9,55,16,21.95,,,238-12,11200,9
69,,2013,,,2019,어반 오피스텔,용답동,"2,000",성동구,9,58,16,20.46,,,229-10,11200,2
70,,2011,,,2019,오르세오피스텔,용답동,"15,500",성동구,9,0,17,42.3,,,238-2,11200,2
71,,2016,,,2019,서희스타힐스리버파크,용답동,"14,000",성동구,9,0,18,21.9,,,238-12,11200,4
72,,2016,,,2019,서희스타힐스리버파크,용답동,500,성동구,9,60,18,21.9,,,238-12,11200,10
73,,2016,,,2019,서희스타힐스리버파크,용답동,"11,500",성동구,9,10,20,20.21,,,238-12,11200,7
74,,2013,,,2019,어반 오피스텔,용답동,"1,000",성동구,9,64,21,20.46,,,229-10,11200,6
75,,2013,,,2019,어반 오피스텔,용답동,"1,000",성동구,9,62,21,18.98,,,229-10,11200,4
76,,1991,,,2019,삼호오피스텔,용답동,"6,500",성동구,9,0,21,26.95,,,236-5,11200,9
77,,2006,,,2019,신창비바패밀리,용답동,"23,500",성동구,9,0,21,56.17,,,232-1,11200,10
78,,2013,,,2019,어반 오피스텔,용답동,"2,000",성동구,9,52,22,16.21,,,229-10,11200,6
79,,2016,,,2019,서희스타힐스리버파크,용답동,"13,000",성동구,9,0,23,21.95,,,238-12,11200,5
80,,2011,,,2019,오르세오피스텔,용답동,"15,500",성동구,9,0,27,33.2,,,238-2,11200,7
81,,1991,,,2019,삼호오피스텔,용답동,"6,500",성동구,9,0,27,26.18,,,236-5,11200,2
82,,2016,,,2019,서희스타힐스리버파크,용답동,"14,000",성동구,9,0,28,21.95,,,238-12,11200,12
83,,2016,,,2019,서희스타힐스리버파크,용답동,"13,500",성동구,9,0,28,21.9,,,238-12,11200,7
84,,2016,,,2019,서희스타힐스리버파크,용답동,"1,000",성동구,9,52,29,20.21,,,238-12,11200,4
85,,2016,,,2019,서희스타힐스리버파크,용답동,"12,000",성동구,9,0,30,21.9,,,238-12,11200,15
0,,2003,,,2019,노블리안,상왕십리동,"15,000",성동구,10,0,7,30.81,,,750,11200,10
1,,2003,,,2019,노블리안,상왕십리동,"13,000",성동구,10,0,14,25.74,,,750,11200,13
2,,2003,,,2019,노블리안,상왕십리동,"4,000",성동구,10,40,18,25.74,,,750,11200,8
3,,2003,,,2019,노블리안,상왕십리동,"13,000",성동구,10,0,18,30.81,,,750,11200,2
4,,2003,,,2019,노블리안,상왕십리동,"13,000",성동구,10,0,18,25.74,,,750,11200,2
5,,2003,,,2019,노블리안,상왕십리동,"15,000",성동구,10,0,21,30.81,,,750,11200,3
6,,2003,,,2019,노블리안,상왕십리동,"3,000",성동구,10,47,22,25.74,,,750,11200,3
7,,2005,,,2019,동인 레반트 오피스텔,하왕십리동,"2,000",성동구,10,55,3,27.54,,,903-3,11200,14
8,,2005,,,2019,동인 레반트 오피스텔,하왕십리동,"1,000",성동구,10,65,5,27.54,,,903-3,11200,13
9,,2009,,,2019,왕십리 모노퍼스 주상복합,하왕십리동,"1,000",성동구,10,80,5,38.67,,,286-2,11200,5
10,,2016,,,2019,센트라스,하왕십리동,"25,200",성동구,10,0,14,31.01,,,1070,11200,19
11,,2011,,,2019,리오파크 오피스텔,하왕십리동,"13,000",성동구,10,0,17,22.82,,,898-2,11200,3
12,,2009,,,2019,왕십리 모노퍼스 주상복합,하왕십리동,"18,000",성동구,10,0,23,38.67,,,286-2,11200,16
13,,2016,,,2019,센트라스,하왕십리동,"3,500",성동구,10,65,26,29.16,,,1070,11200,7
14,,2016,,,2019,센트라스,하왕십리동,"24,000",성동구,10,0,28,32.53,,,1070,11200,16
15,,2016,,,2019,센트라스,하왕십리동,"25,200",성동구,10,0,30,31.01,,,1070,11200,10
16,,2018,,,2019,렉스오피스텔,도선동,"3,000",성동구,10,65,16,21.49,,,268,11200,3
17,,1998,,,2019,신한넥스텔,도선동,"8,000",성동구,10,0,30,19.63,,,14,11200,13
18,,2017,,,2019,한성아펠타워,도선동,"25,900",성동구,10,0,30,23.58,,,53,11200,14
19,,2012,,,2019,(777-3),마장동,"8,500",성동구,10,0,8,15.54,,,777-3,11200,2
20,,2018,,,2019,왕십리 큐브스테이트,행당동,"3,000",성동구,10,50,5,16.37,,,286-25,11200,3
21,,2006,,,2019,왕십리역이스타빌,행당동,"1,000",성동구,10,75,10,29.43,,,287-15,11200,7
22,,2018,,,2019,왕십리 큐브스테이트,행당동,"5,000",성동구,10,50,18,16.37,,,286-25,11200,2
23,,2018,,,2019,왕십리 큐브스테이트,행당동,"17,000",성동구,10,0,25,16.53,,,286-25,11200,2
24,,2006,,,2019,왕십리역이스타빌,행당동,"1,000",성동구,10,75,25,29.43,,,287-15,11200,6
25,,2006,,,2019,왕십리역이스타빌,행당동,"1,000",성동구,10,70,28,26.22,,,287-15,11200,11
26,,2002,,,2019,금호힐오피스텔,금호동1가,"5,000",성동구,10,55,1,42.6,,,1755,11200,4
27,,2002,,,2019,금호힐오피스텔,금호동1가,"19,000",성동구,10,0,22,42.6,,,1755,11200,5
28,,2002,,,2019,금호힐오피스텔,금호동1가,"19,000",성동구,10,0,22,42.6,,,1755,11200,5
29,,2004,,,2019,Biz-Well 성수,성수동1가,500,성동구,10,55,1,19.08,,,33-21,11200,9
30,,2005,,,2019,뚝섬리버빌,성수동1가,"1,000",성동구,10,60,1,29,,,13-117,11200,5
31,,2004,,,2019,성수 그린빌,성수동1가,"17,000",성동구,10,0,2,34.59,,,685-54,11200,7
32,,1997,,,2019,청재오피스텔,성수동1가,"5,000",성동구,10,35,4,39.68,,,72-71,11200,6
33,,2003,,,2019,성수동 뉴타운오피스텔,성수동1가,"16,500",성동구,10,0,5,30.81,,,72-69,11200,3
34,,2004,,,2019,Biz-Well 성수,성수동1가,"3,000",성동구,10,37,7,24.69,,,33-21,11200,5
35,,,,,2019,성수리치빌,성수동1가,"18,000",성동구,10,0,8,27.55,,,656-572,11200,2
36,,2004,,,2019,Biz-Well 성수,성수동1가,"3,000",성동구,10,37,9,24.69,,,33-21,11200,5
37,,,,,2019,뚝섬리치빌,성수동1가,"15,200",성동구,10,0,12,24.15,,,656-314,11200,2
38,,2015,,,2019,위더스 빌,성수동1가,"24,000",성동구,10,0,12,44.05,,,33-23,11200,2
39,,2004,,,2019,Biz-Well 성수,성수동1가,"1,000",성동구,10,51,14,24.69,,,33-21,11200,6
40,,2004,,,2019,Biz-Well 성수,성수동1가,"3,000",성동구,10,35,14,19.08,,,33-21,11200,9
41,,2004,,,2019,Biz-Well 성수,성수동1가,"1,000",성동구,10,50,19,24.69,,,33-21,11200,2
42,,2004,,,2019,Biz-Well 성수,성수동1가,"3,000",성동구,10,37,19,24.69,,,33-21,11200,4
43,,2005,,,2019,뚝섬리버빌,성수동1가,"16,500",성동구,10,0,20,30.69,,,13-117,11200,6
44,,2004,,,2019,이에스에이리버하우스,성수동1가,"4,000",성동구,10,70,22,39.15,,,13-12,11200,10
45,,2015,,,2019,위더스 빌,성수동1가,"24,500",성동구,10,0,22,44.05,,,33-23,11200,6
46,,2002,,,2019,백산오피스텔,성수동1가,"10,000",성동구,10,0,26,23.65,,,671-23,11200,6
47,,2003,,,2019,성수동 뉴타운오피스텔,성수동1가,"1,000",성동구,10,60,26,30.02,,,72-69,11200,4
48,,2004,,,2019,이에스에이리버하우스,성수동1가,"5,000",성동구,10,70,26,39.15,,,13-12,11200,11
49,,2004,,,2019,Biz-Well 성수,성수동1가,"3,000",성동구,10,37,28,24.69,,,33-21,11200,4
50,,1997,,,2019,청재오피스텔,성수동1가,"10,000",성동구,10,0,29,48.84,,,72-71,11200,4
51,,2004,,,2019,Biz-Well 성수,성수동1가,"3,000",성동구,10,37,30,24.69,,,33-21,11200,8
52,,2003,,,2019,성원상떼뷰오피스텔,성수동2가,"2,000",성동구,10,55,1,28.08,,,277-37,11200,4
53,,2013,,,2019,성수동램킨중흥S클래스오피스텔,성수동2가,"2,000",성동구,10,50,1,18.33,,,277-101,11200,2
54,,2003,,,2019,성원상떼뷰오피스텔,성수동2가,"1,000",성동구,10,55,10,28.08,,,277-37,11200,2
55,,2003,,,2019,성원상떼뷰오피스텔,성수동2가,"2,000",성동구,10,50,14,24.84,,,277-37,11200,8
56,,2013,,,2019,성수동램킨중흥S클래스오피스텔,성수동2가,"1,000",성동구,10,55,15,18.33,,,277-101,11200,6
57,,2017,,,2019,(299-134),성수동2가,"24,000",성동구,10,0,16,40.2,,,299-134,11200,4
58,,2003,,,2019,성원상떼뷰오피스텔,성수동2가,"13,500",성동구,10,0,17,28.08,,,277-37,11200,3
59,,2013,,,2019,성수동램킨중흥S클래스오피스텔,성수동2가,"1,000",성동구,10,55,19,18.33,,,277-101,11200,3
60,,2017,,,2019,(299-134),성수동2가,"26,000",성동구,10,0,21,40.2,,,299-134,11200,4
61,,2017,,,2019,(299-134),성수동2가,"24,500",성동구,10,0,22,40.2,,,299-134,11200,7
62,,2017,,,2019,(299-134),성수동2가,"24,500",성동구,10,0,24,39.78,,,299-134,11200,6
63,,2003,,,2019,성원상떼뷰오피스텔,성수동2가,"1,500",성동구,10,55,31,28.08,,,277-37,11200,7
64,,1991,,,2019,삼호오피스텔,용답동,"6,500",성동구,10,0,1,26.25,,,236-5,11200,5
65,,2016,,,2019,서희스타힐스리버파크,용답동,"14,500",성동구,10,0,2,21.9,,,238-12,11200,7
66,,2016,,,2019,서희스타힐스리버파크,용답동,"14,000",성동구,10,0,2,21.9,,,238-12,11200,2
67,,2013,,,2019,어반 오피스텔,용답동,"1,000",성동구,10,45,2,16.21,,,229-10,11200,10
68,,2016,,,2019,서희스타힐스리버파크,용답동,300,성동구,10,60,7,21.9,,,238-12,11200,2
69,,2011,,,2019,오르세오피스텔,용답동,"10,000",성동구,10,30,9,43.55,,,238-2,11200,5
70,,2016,,,2019,서희스타힐스리버파크,용답동,"1,000",성동구,10,50,12,19.88,,,238-12,11200,6
71,,2013,,,2019,어반 오피스텔,용답동,"1,000",성동구,10,47,14,17.08,,,229-10,11200,7
72,,2016,,,2019,서희스타힐스리버파크,용답동,"14,000",성동구,10,0,15,21.9,,,238-12,11200,8
73,,2006,,,2019,신창비바패밀리,용답동,"10,000",성동구,10,70,17,65.01,,,232-1,11200,11
74,,2013,,,2019,어반 오피스텔,용답동,"1,000",성동구,10,45,17,16.21,,,229-10,11200,7
75,,2016,,,2019,서희스타힐스리버파크,용답동,"3,000",성동구,10,45,20,19.88,,,238-12,11200,10
76,,2013,,,2019,어반 오피스텔,용답동,"3,000",성동구,10,44,23,20.46,,,229-10,11200,9
77,,2016,,,2019,서희스타힐스리버파크,용답동,"1,000",성동구,10,45,25,19.88,,,238-12,11200,9
78,,2013,,,2019,어반 오피스텔,용답동,"1,000",성동구,10,59,25,17.08,,,229-10,11200,3
79,,2016,,,2019,서희스타힐스리버파크,용답동,"3,000",성동구,10,45,26,21.9,,,238-12,11200,15
80,,2016,,,2019,서희스타힐스리버파크,용답동,"14,500",성동구,10,0,28,21.9,,,238-12,11200,11
81,,2016,,,2019,서희스타힐스리버파크,용답동,"12,600",성동구,10,0,30,20.21,,,238-12,11200,10
82,,2013,,,2019,어반 오피스텔,용답동,"1,000",성동구,10,45,31,16.21,,,229-10,11200,8
83,,2016,,,2019,서희스타힐스리버파크,용답동,"13,000",성동구,10,0,31,20.21,,,238-12,11200,15
84,,1991,,,2019,삼호오피스텔,용답동,"6,500",성동구,10,0,31,26.18,,,236-5,11200,2
0,,2003,,,2019,노블리안,상왕십리동,"15,000",성동구,11,0,2,30.81,,,750,11200,5
1,,2003,,,2019,노블리안,상왕십리동,"14,000",성동구,11,0,2,30.81,,,750,11200,14
2,,2003,,,2019,노블리안,상왕십리동,"15,000",성동구,11,0,2,30.81,,,750,11200,3
3,,2003,,,2019,노블리안,상왕십리동,"9,000",성동구,11,25,2,30.81,,,750,11200,15
4,,2003,,,2019,노블리안,상왕십리동,"5,000",성동구,11,40,5,30.81,,,750,11200,10
5,,2003,,,2019,노블리안,상왕십리동,"10,000",성동구,11,18,13,30.81,,,750,11200,12
6,,2003,,,2019,노블리안,상왕십리동,"6,000",성동구,11,20,20,25.74,,,750,11200,8
7,,2003,,,2019,노블리안,상왕십리동,"15,000",성동구,11,0,21,30.81,,,750,11200,8
8,,2003,,,2019,노블리안,상왕십리동,"15,000",성동구,11,0,23,30.81,,,750,11200,9
9,,2016,,,2019,센트라스,하왕십리동,"26,000",성동구,11,0,2,29.16,,,1070,11200,20
10,,2017,,,2019,동인드림힐스,하왕십리동,"23,000",성동구,11,0,4,27.14,,,890-181,11200,6
11,,2017,,,2019,동인드림힐스,하왕십리동,"2,000",성동구,11,85,5,27.51,,,890-181,11200,7
12,,2005,,,2019,동인 레반트 오피스텔,하왕십리동,"1,000",성동구,11,65,8,27.54,,,903-3,11200,11
13,,2017,,,2019,동인드림힐스,하왕십리동,"18,000",성동구,11,0,16,19.24,,,890-181,11200,12
14,,2016,,,2019,센트라스,하왕십리동,"23,590",성동구,11,0,23,31.01,,,1070,11200,18
15,,2016,,,2019,센트라스,하왕십리동,"22,050",성동구,11,0,26,31.01,,,1070,11200,25
16,,2016,,,2019,센트라스,하왕십리동,"25,500",성동구,11,0,28,32.53,,,1070,11200,22
17,,2018,,,2019,비앤리베스텔,홍익동,"16,000",성동구,11,0,12,18.39,,,146-1,11200,10
18,,2018,,,2019,비앤리베스텔,홍익동,"9,000",성동구,11,33,16,15.92,,,146-1,11200,8
19,,2018,,,2019,비앤리베스텔,홍익동,"16,000",성동구,11,0,16,18.39,,,146-1,11200,6
20,,1998,,19.11~21.10,2019,신한넥스텔,도선동,500,성동구,11,45,1,19.63,,,14,11200,15
21,,2018,,,2019,W에비뉴타워,도선동,"6,700",성동구,11,50,2,23.32,,,46,11200,11
22,,2017,,,2019,한성아펠타워,도선동,"1,000",성동구,11,85,11,23.58,,,53,11200,4
23,,2018,,,2019,W에비뉴타워,도선동,"5,000",성동구,11,60,13,23.32,,,46,11200,12
24,,2018,,,2019,W에비뉴타워,도선동,"5,000",성동구,11,80,15,29.62,,,46,11200,15
25,,2018,,,2019,W에비뉴타워,도선동,"37,000",성동구,11,0,23,48.3,,,46,11200,17
26,,2018,,,2019,W에비뉴타워,도선동,"1,000",성동구,11,75,28,23.32,,,46,11200,10
27,,1998,,,2019,신한넥스텔,도선동,"14,000",성동구,11,0,29,39.26,,,14,11200,12
28,,2018,,,2019,트레저힐스,마장동,"21,000",성동구,11,0,23,29.72,,,775-2,11200,3
29,,2018,,,2019,왕십리 큐브스테이트,행당동,"3,000",성동구,11,55,3,16.37,,,286-25,11200,4
30,,2004,,,2019,성동샤르망,행당동,"2,000",성동구,11,55,14,26.22,,,192-29,11200,4
31,,2014,,,2019,서울숲 더샵,행당동,"2,000",성동구,11,130,20,36.52,,,377,11200,4
32,,2014,,,2019,서울숲 더샵,행당동,"2,000",성동구,11,110,21,32.49,,,377,11200,2
33,,2004,,,2019,성동샤르망,행당동,"6,000",성동구,11,25,22,24.84,,,192-29,11200,4
34,,2006,,,2019,왕십리역이스타빌,행당동,"1,000",성동구,11,65,25,21.91,,,287-15,11200,14
35,,2004,,,2019,성원상떼뷰,옥수동,"2,000",성동구,11,100,5,39.89,,,475,11200,3
36,,2005,,,2019,뚝섬리버빌,성수동1가,"13,000",성동구,11,0,1,23.17,,,13-117,11200,3
37,,2015,,,2019,위더스 빌,성수동1가,"23,000",성동구,11,0,1,42.76,,,33-23,11200,4
38,,2015,,,2019,위더스 빌,성수동1가,"24,200",성동구,11,0,5,43.41,,,33-23,11200,3
39,,2004,,,2019,이에스에이리버하우스,성수동1가,"21,000",성동구,11,0,5,39.15,,,13-12,11200,5
40,,2003,,,2019,성수동 뉴타운오피스텔,성수동1가,"13,125",성동구,11,0,8,31.6,,,72-69,11200,8
41,,2015,,,2019,위더스 빌,성수동1가,"24,100",성동구,11,0,9,44.05,,,33-23,11200,3
42,,2004,,,2019,이에스에이리버하우스,성수동1가,"23,000",성동구,11,0,9,39.15,,,13-12,11200,3
43,,,,,2019,서울숲한양리버,성수동1가,"17,500",성동구,11,0,10,27.43,,,656-1170,11200,2
44,,2004,,,2019,Biz-Well 성수,성수동1가,"3,000",성동구,11,39,11,26.67,,,33-21,11200,5
45,,2004,,,2019,이에스에이리버하우스,성수동1가,"25,000",성동구,11,0,13,41.98,,,13-12,11200,13
46,,1997,,,2019,청재오피스텔,성수동1가,"8,500",성동구,11,10,15,35.38,,,72-71,11200,4
47,,2015,,,2019,위더스 빌,성수동1가,"26,000",성동구,11,0,18,44.05,,,33-23,11200,7
48,,2015,,,2019,위더스 빌,성수동1가,"24,000",성동구,11,0,18,43.41,,,33-23,11200,7
49,,2005,,,2019,뚝섬리버빌,성수동1가,"10,000",성동구,11,0,19,20.19,,,13-117,11200,7
50,,2004,,,2019,이에스에이리버하우스,성수동1가,"1,000",성동구,11,95,19,39.15,,,13-12,11200,11
51,,2004,,,2019,Biz-Well 성수,성수동1가,"3,000",성동구,11,42,20,26.67,,,33-21,11200,4
52,,2018,,,2019,청호 서울숲 뜨레피움 오피스텔,성수동1가,"18,000",성동구,11,0,25,19.03,,,13-163,11200,4
53,,2004,,,2019,이에스에이리버하우스,성수동1가,"7,000",성동구,11,55,27,39.15,,,13-12,11200,2
54,,2004,,,2019,이에스에이리버하우스,성수동1가,"6,000",성동구,11,60,28,39.15,,,13-12,11200,5
55,,2005,,,2019,뚝섬리버빌,성수동1가,"16,000",성동구,11,0,28,29,,,13-117,11200,4
56,,2015,,,2019,위더스 빌,성수동1가,"25,800",성동구,11,0,29,43.41,,,33-23,11200,8
57,,2004,,,2019,Biz-Well 성수,성수동1가,"3,000",성동구,11,35,29,20.69,,,33-21,11200,10
58,,2013,,,2019,성수동램킨중흥S클래스오피스텔,성수동2가,"1,000",성동구,11,55,12,18.33,,,277-101,11200,8
59,,2017,,,2019,(299-134),성수동2가,"24,000",성동구,11,0,16,39.78,,,299-134,11200,4
60,,2017,,,2019,(299-134),성수동2가,"24,670",성동구,11,0,19,39.78,,,299-134,11200,4
61,,2003,,,2019,성원상떼뷰오피스텔,성수동2가,"13,500",성동구,11,0,21,28.08,,,277-37,11200,4
62,,2003,,,2019,성원상떼뷰오피스텔,성수동2가,"4,000",성동구,11,40,25,24.84,,,277-37,11200,9
63,,2003,,,2019,성원상떼뷰오피스텔,성수동2가,"13,000",성동구,11,0,25,28.08,,,277-37,11200,5
64,,2013,,,2019,성수동램킨중흥S클래스오피스텔,성수동2가,"1,000",성동구,11,55,26,18.33,,,277-101,11200,5
65,,2003,,,2019,송정동센스빌오피스텔,송정동,"3,000",성동구,11,63,8,30.92,,,81-16,11200,7
66,,2003,,,2019,송정동센스빌오피스텔,송정동,"3,000",성동구,11,63,15,31.19,,,81-16,11200,5
67,,1991,,,2019,삼호오피스텔,용답동,"6,500",성동구,11,0,1,26.95,,,236-5,11200,9
68,,2013,,,2019,어반 오피스텔,용답동,"1,000",성동구,11,47,1,17.08,,,229-10,11200,7
69,,2016,,,2019,서희스타힐스리버파크,용답동,500,성동구,11,60,5,21.9,,,238-12,11200,8
70,,2016,,,2019,서희스타힐스리버파크,용답동,"2,000",성동구,11,50,8,21.9,,,238-12,11200,13
71,,2016,,,2019,서희스타힐스리버파크,용답동,"13,500",성동구,11,0,11,20.21,,,238-12,11200,6
72,,2013,,,2019,어반 오피스텔,용답동,"2,000",성동구,11,52,13,20.46,,,229-10,11200,7
73,,2013,,,2019,어반 오피스텔,용답동,"1,000",성동구,11,45,13,16.21,,,229-10,11200,10
74,,2016,,,2019,서희스타힐스리버파크,용답동,"4,000",성동구,11,35,15,20.21,,,238-12,11200,5
75,,2016,,,2019,서희스타힐스리버파크,용답동,"13,500",성동구,11,0,18,21.9,,,238-12,11200,9
76,,2016,,,2019,서희스타힐스리버파크,용답동,"13,500",성동구,11,0,20,20.21,,,238-12,11200,10
77,,2011,,,2019,오르세오피스텔,용답동,"15,700",성동구,11,0,25,42.3,,,238-2,11200,2
78,,2016,,,2019,서희스타힐스리버파크,용답동,"4,000",성동구,11,37,27,21.9,,,238-12,11200,7
79,,2016,,,2019,서희스타힐스리버파크,용답동,"2,000",성동구,11,50,27,21.9,,,238-12,11200,9
80,,2013,,,2019,어반 오피스텔,용답동,"2,000",성동구,11,54,29,20.96,,,229-10,11200,9
81,,2016,,,2019,서희스타힐스리버파크,용답동,"13,500",성동구,11,0,30,21.9,,,238-12,11200,3
0,,2003,,,2019,노블리안,상왕십리동,"2,000",성동구,12,60,4,30.81,,,750,11200,9
1,,2003,,,2019,노블리안,상왕십리동,"15,000",성동구,12,0,13,30.81,,,750,11200,3
2,,2003,,,2019,노블리안,상왕십리동,"16,000",성동구,12,0,14,30.81,,,750,11200,15
3,,2003,,,2019,노블리안,상왕십리동,"2,000",성동구,12,50,14,25.74,,,750,11200,7
4,,2003,,,2019,노블리안,상왕십리동,"11,000",성동구,12,15,15,30.81,,,750,11200,4
5,,2003,,,2019,노블리안,상왕십리동,"15,000",성동구,12,0,21,30.81,,,750,11200,14
6,,2003,,,2019,노블리안,상왕십리동,"2,000",성동구,12,60,28,30.81,,,750,11200,11
7,,2003,,,2019,노블리안,상왕십리동,"16,000",성동구,12,0,28,30.81,,,750,11200,14
8,,2005,,,2019,동인 레반트 오피스텔,하왕십리동,"1,000",성동구,12,65,3,27.54,,,903-3,11200,8
9,,2016,,,2019,센트라스,하왕십리동,"1,000",성동구,12,82,9,31.01,,,1070,11200,14
10,,2016,,,2019,센트라스,하왕십리동,"24,900",성동구,12,0,9,31.01,,,1070,11200,12
11,,2011,,,2019,리오파크 오피스텔,하왕십리동,"1,000",성동구,12,50,10,24.07,,,898-2,11200,11
12,,2016,,,2019,센트라스,하왕십리동,"23,300",성동구,12,0,16,31.01,,,1070,11200,17
13,,2016,,,2019,센트라스,하왕십리동,"26,000",성동구,12,0,18,32.53,,,1070,11200,15
14,,2016,,,2019,센트라스,하왕십리동,"24,000",성동구,12,0,18,29.16,,,1070,11200,7
15,,2016,,,2019,센트라스,하왕십리동,"25,000",성동구,12,0,20,32.53,,,1070,11200,23
16,,2011,,,2019,리오파크 오피스텔,하왕십리동,"1,000",성동구,12,60,20,22.82,,,898-2,11200,8
17,,2016,,,2019,센트라스,하왕십리동,"1,000",성동구,12,92,23,31.01,,,1070,11200,6
18,,2016,,,2019,센트라스,하왕십리동,"1,000",성동구,12,95,23,31.01,,,1070,11200,24
19,,2016,,,2019,센트라스,하왕십리동,"1,000",성동구,12,93,30,32.53,,,1070,11200,10
20,,2005,,,2019,동인 레반트 오피스텔,하왕십리동,"1,000",성동구,12,60,30,27.54,,,903-3,11200,14
21,,2018,,,2019,비앤리베스텔,홍익동,"16,000",성동구,12,5,7,18.39,,,146-1,11200,8
22,,2018,,,2019,비앤리베스텔,홍익동,"16,000",성동구,12,5,30,18.39,,,146-1,11200,8
23,,2014,,,2019,J&J빌딩,도선동,"17,000",성동구,12,0,3,29.8,,,276,11200,7
24,,1998,,,2019,신한넥스텔,도선동,"15,000",성동구,12,0,4,39.26,,,14,11200,16
25,,2017,,,2019,한성아펠타워,도선동,"10,000",성동구,12,44,12,23.58,,,53,11200,12
26,,2017,,,2019,한성아펠타워,도선동,"1,000",성동구,12,90,14,23.58,,,53,11200,15
27,,2018,,,2019,렉스오피스텔,도선동,"1,000",성동구,12,70,17,20.35,,,268,11200,7
28,,2018,,,2019,W에비뉴타워,도선동,"3,000",성동구,12,70,19,23.32,,,46,11200,10
29,,2017,,,2019,한성아펠타워,도선동,"25,000",성동구,12,0,21,23.61,,,53,11200,13
30,,2017,,,2019,한성아펠타워,도선동,"25,000",성동구,12,0,21,23.61,,,53,11200,4
31,,2018,,,2019,W에비뉴타워,도선동,"10,000",성동구,12,51,23,23.32,,,46,11200,6
32,,2020,,,2019,비엠빌딩,도선동,"4,000",성동구,12,45,26,21.28,,,292,11200,8
33,,2018,,,2019,W에비뉴타워,도선동,"2,000",성동구,12,70,26,23.32,,,46,11200,17
34,,2018,,,2019,렉스오피스텔,도선동,"3,000",성동구,12,60,26,21.49,,,268,11200,4
35,,2018,,,2019,W에비뉴타워,도선동,"3,000",성동구,12,73,28,23.32,,,46,11200,7
36,,2018,,,2019,W에비뉴타워,도선동,"7,000",성동구,12,53,28,23.32,,,46,11200,9
37,,2018,,,2019,W에비뉴타워,도선동,"2,000",성동구,12,75,28,23.32,,,46,11200,7
38,,2018,,,2019,렉스오피스텔,도선동,"1,000",성동구,12,70,29,21.49,,,268,11200,12
39,,2007,,,2019,마장동청계아르테미스,마장동,"1,500",성동구,12,85,10,54.72,,,778-5,11200,2
40,,2018,,,2019,트레저힐스,마장동,"18,300",성동구,12,0,14,24.65,,,775-4,11200,2
41,,1988,,,2019,(797-16),마장동,"3,000",성동구,12,30,18,24.6,,,797-16,11200,4
42,,1988,,,2019,(797-16),마장동,"15,000",성동구,12,0,21,29.52,,,797-16,11200,2
43,,2014,,,2019,서울숲 더샵,행당동,"5,000",성동구,12,100,14,36.59,,,377,11200,3
44,,2004,,,2019,성동샤르망,행당동,"1,000",성동구,12,60,14,24.84,,,192-29,11200,4
45,,2006,,,2019,왕십리역이스타빌,행당동,"1,000",성동구,12,60,23,21.91,,,287-15,11200,14
46,,2006,,,2019,왕십리역이스타빌,행당동,"1,000",성동구,12,65,26,21.91,,,287-15,11200,8
47,,2018,,,2019,왕십리 큐브스테이트,행당동,"1,000",성동구,12,65,28,16.37,,,286-25,11200,4
48,,2002,,,2019,금호힐오피스텔,금호동1가,"4,000",성동구,12,50,7,29.97,,,1755,11200,6
49,,2004,,,2019,신세계오피스텔,금호동1가,"1,000",성동구,12,60,24,24.38,,,481-5,11200,5
50,,2003,,,2019,재호예향빌,금호동4가,"8,000",성동구,12,0,28,22.56,,,1028,11200,4
51,,2004,,,2019,성원상떼뷰,옥수동,"1,000",성동구,12,60,1,27.01,,,475,11200,6
52,,2004,,,2019,성원상떼뷰,옥수동,"1,000",성동구,12,70,16,27.01,,,475,11200,5
53,,2004,,,2019,성원상떼뷰,옥수동,"1,000",성동구,12,75,30,29.54,,,475,11200,2
54,,2005,,,2019,뚝섬리버빌,성수동1가,"15,000",성동구,12,0,2,26.02,,,13-117,11200,3
55,,2003,,,2019,성수동 뉴타운오피스텔,성수동1가,"13,000",성동구,12,10,2,29.23,,,72-69,11200,8
56,,2004,,,2019,이에스에이리버하우스,성수동1가,"23,000",성동구,12,0,8,39.15,,,13-12,11200,5
57,,2018,,,2019,청호 서울숲 뜨레피움 오피스텔,성수동1가,"19,000",성동구,12,0,8,19.03,,,13-163,11200,4
58,,1997,,,2019,청재오피스텔,성수동1가,"2,000",성동구,12,50,9,34.16,,,72-71,11200,6
59,,2013,,,2019,서울숲 다세대 오피스텔,성수동1가,"24,000",성동구,12,0,10,53.55,,,656-28,11200,5
60,,2005,,,2019,뚝섬리버빌,성수동1가,"5,000",성동구,12,40,12,23.17,,,13-117,11200,8
61,,2004,,,2019,성수 그린빌,성수동1가,"17,000",성동구,12,0,12,34.59,,,685-54,11200,7
62,,2004,,,2019,Biz-Well 성수,성수동1가,"3,000",성동구,12,37,14,24.69,,,33-21,11200,5
63,,2004,,,2019,성수 그린빌,성수동1가,"17,000",성동구,12,0,18,34.59,,,685-54,11200,8
64,,2005,,,2019,뚝섬리버빌,성수동1가,"2,000",성동구,12,60,19,29.98,,,13-117,11200,7
65,,2004,,,2019,이에스에이리버하우스,성수동1가,"22,000",성동구,12,0,23,39.15,,,13-12,11200,4
66,,2003,,,2019,아트빌딩,성수동1가,"13,000",성동구,12,0,23,24.64,,,685-308,11200,8
67,,2004,,,2019,성수 그린빌,성수동1가,"16,000",성동구,12,0,24,34.59,,,685-54,11200,6
68,,2004,,,2019,Biz-Well 성수,성수동1가,500,성동구,12,60,27,26.67,,,33-21,11200,6
69,,2003,,,2019,아트빌딩,성수동1가,"11,550",성동구,12,0,28,26.9,,,685-308,11200,3
70,,2017,,,2019,(299-134),성수동2가,"24,000",성동구,12,0,1,40.2,,,299-134,11200,6
71,,2017,,,2019,(299-134),성수동2가,"24,000",성동구,12,0,3,40.2,,,299-134,11200,2
72,,2017,,,2019,(299-134),성수동2가,"24,100",성동구,12,0,5,39.78,,,299-134,11200,2
73,,2003,,,2019,성원상떼뷰오피스텔,성수동2가,"1,000",성동구,12,55,6,24.84,,,277-37,11200,6
74,,2013,,,2019,성수동램킨중흥S클래스오피스텔,성수동2가,"1,000",성동구,12,53,7,18.33,,,277-101,11200,3
75,,2003,,,2019,성원상떼뷰오피스텔,성수동2가,"1,000",성동구,12,55,10,24.84,,,277-37,11200,11
76,,2013,,,2019,성수동램킨중흥S클래스오피스텔,성수동2가,"1,000",성동구,12,57,12,18.33,,,277-101,11200,2
77,,2003,,,2019,성원상떼뷰오피스텔,성수동2가,500,성동구,12,60,13,24.84,,,277-37,11200,6
78,,2003,,,2019,성원상떼뷰오피스텔,성수동2가,"5,000",성동구,12,35,23,24.84,,,277-37,11200,10
79,,2003,,,2019,성원상떼뷰오피스텔,성수동2가,"1,000",성동구,12,60,28,28.08,,,277-37,11200,11
80,,2016,,,2019,성수리치빌,성수동2가,"23,500",성동구,12,0,28,36.91,,,299-174,11200,2
81,,2013,,,2019,성수동램킨중흥S클래스오피스텔,성수동2가,"12,500",성동구,12,0,30,18.33,,,277-101,11200,7
82,,2003,,,2019,송정동센스빌오피스텔,송정동,"18,000",성동구,12,0,2,62.74,,,81-16,11200,10
83,,2016,,,2019,서희스타힐스리버파크,용답동,"1,000",성동구,12,55,7,21.9,,,238-12,11200,3
84,,2013,,,2019,어반 오피스텔,용답동,"1,000",성동구,12,59,12,17.08,,,229-10,11200,4
85,,2016,,,2019,서희스타힐스리버파크,용답동,"1,000",성동구,12,55,12,21.9,,,238-12,11200,10
86,,2013,,,2019,어반 오피스텔,용답동,"2,000",성동구,12,52,14,20.46,,,229-10,11200,7
87,,2016,,,2019,서희스타힐스리버파크,용답동,"13,300",성동구,12,0,14,20.21,,,238-12,11200,8
88,,2016,,,2019,서희스타힐스리버파크,용답동,"13,000",성동구,12,0,14,19.88,,,238-12,11200,5
89,,2016,,,2019,서희스타힐스리버파크,용답동,"12,700",성동구,12,0,17,21.9,,,238-12,11200,8
90,,2016,,,2019,서희스타힐스리버파크,용답동,"13,100",성동구,12,0,18,21.9,,,238-12,11200,4
91,,2011,,,2019,오르세오피스텔,용답동,"15,500",성동구,12,0,19,35,,,238-2,11200,7
92,,2013,,,2019,어반 오피스텔,용답동,"2,000",성동구,12,57,20,18.98,,,229-10,11200,3
93,,2016,,,2019,서희스타힐스리버파크,용답동,"11,500",성동구,12,0,21,21.9,,,238-12,11200,9
94,,2011,,,2019,오르세오피스텔,용답동,"14,500",성동구,12,0,28,36.9,,,238-2,11200,2
95,,2016,,,2019,서희스타힐스리버파크,용답동,"13,000",성동구,12,0,28,20.21,,,238-12,11200,13
0,,2003,,,2020,노블리안,상왕십리동,"15,000",성동구,1,0,6,30.81,,,750,11200,10
1,,2003,,,2020,노블리안,상왕십리동,"15,000",성동구,1,0,7,30.81,,,750,11200,9
2,,2003,,,2020,노블리안,상왕십리동,"1,000",성동구,1,60,8,25.74,,,750,11200,7
3,,2003,,,2020,노블리안,상왕십리동,"10,000",성동구,1,20,14,30.81,,,750,11200,12
4,,2003,,,2020,노블리안,상왕십리동,"13,000",성동구,1,0,14,25.74,,,750,11200,14
5,,2003,,,2020,노블리안,상왕십리동,"15,000",성동구,1,0,16,30.81,,,750,11200,14
6,,2003,,,2020,노블리안,상왕십리동,"1,000",성동구,1,60,18,25.74,,,750,11200,10
7,,2003,,,2020,노블리안,상왕십리동,"15,000",성동구,1,0,18,30.81,,,750,11200,10
8,,2003,,,2020,노블리안,상왕십리동,"10,000",성동구,1,20,21,30.81,,,750,11200,7
9,,2003,,,2020,노블리안,상왕십리동,"10,000",성동구,1,20,21,30.81,,,750,11200,8
10,,2003,,,2020,노블리안,상왕십리동,"7,100",성동구,1,35,22,30.81,,,750,11200,3
11,,2003,,,2020,노블리안,상왕십리동,"15,000",성동구,1,0,23,30.81,,,750,11200,10
12,,2003,,,2020,노블리안,상왕십리동,"10,000",성동구,1,20,29,30.81,,,750,11200,7
13,,2016,,,2020,센트라스,하왕십리동,"24,000",성동구,1,0,3,32.53,,,1070,11200,14
14,,2011,,,2020,리오파크 오피스텔,하왕십리동,"2,000",성동구,1,50,4,22.82,,,898-2,11200,7
15,,2011,,,2020,리오파크 오피스텔,하왕십리동,"3,000",성동구,1,45,4,22.97,,,898-2,11200,8
16,,2011,,,2020,리오파크 오피스텔,하왕십리동,"1,000",성동구,1,60,6,22.82,,,898-2,11200,10
17,,2017,,,2020,동인드림힐스,하왕십리동,"18,000",성동구,1,0,6,19.24,,,890-181,11200,12
18,,2016,,,2020,센트라스,하왕십리동,"1,000",성동구,1,84,7,31.01,,,1070,11200,8
19,,2005,,,2020,동인 레반트 오피스텔,하왕십리동,"1,000",성동구,1,65,8,27.54,,,903-3,11200,11
20,,2016,,,2020,센트라스,하왕십리동,"21,100",성동구,1,0,9,29.16,,,1070,11200,20
21,,2016,,,2020,센트라스,하왕십리동,"28,000",성동구,1,0,10,32.53,,,1070,11200,10
22,,2011,,,2020,리오파크 오피스텔,하왕십리동,"1,000",성동구,1,60,11,22.11,,,898-2,11200,6
23,,2016,,,2020,센트라스,하왕십리동,"22,000",성동구,1,0,11,31.01,,,1070,11200,17
24,,2009,,,2020,왕십리 모노퍼스 주상복합,하왕십리동,"20,000",성동구,1,0,11,38.67,,,286-2,11200,17
25,,2016,,,2020,센트라스,하왕십리동,"7,000",성동구,1,66,14,31.01,,,1070,11200,16
26,,2005,,,2020,동인 레반트 오피스텔,하왕십리동,"14,000",성동구,1,0,14,27.54,,,903-3,11200,10
27,,2016,,,2020,센트라스,하왕십리동,"1,500",성동구,1,90,16,32.53,,,1070,11200,17
28,,2011,,,2020,리오파크 오피스텔,하왕십리동,"3,000",성동구,1,43,18,22.97,,,898-2,11200,7
29,,2016,,,2020,센트라스,하왕십리동,"25,000",성동구,1,0,18,32.53,,,1070,11200,11
30,,2016,,,2020,센트라스,하왕십리동,"1,000",성동구,1,100,18,32.53,,,1070,11200,10
31,,2005,,,2020,동인 레반트 오피스텔,하왕십리동,"1,000",성동구,1,75,21,33.34,,,903-3,11200,3
32,,2016,,,2020,센트라스,하왕십리동,"1,000",성동구,1,93,22,31.01,,,1070,11200,9
33,,2016,,,2020,센트라스,하왕십리동,"1,000",성동구,1,87,28,31.01,,,1070,11200,13
34,,2017,,,2020,동인드림힐스,하왕십리동,"5,000",성동구,1,50,30,19.24,,,890-181,11200,13
35,,2018,,,2020,뉴센트빌,홍익동,"31,000",성동구,1,0,7,40.49,,,125-1,11200,5
36,,2018,,,2020,비앤리베스텔,홍익동,"15,750",성동구,1,0,31,16.74,,,146-1,11200,10
37,,1998,,,2020,신한넥스텔,도선동,500,성동구,1,40,2,19.63,,,14,11200,12
38,,2017,,,2020,한성아펠타워,도선동,"25,200",성동구,1,0,11,23.58,,,53,11200,7
39,,2018,,,2020,W에비뉴타워,도선동,"10,000",성동구,1,49,11,23.32,,,46,11200,6
40,,2018,,,2020,렉스오피스텔,도선동,"2,000",성동구,1,70,16,21.37,,,268,11200,9
41,,2017,,,2020,한성아펠타워,도선동,"3,000",성동구,1,79,18,23.61,,,53,11200,7
42,,2017,,,2020,한성아펠타워,도선동,"3,000",성동구,1,80,18,23.61,,,53,11200,7
43,,2018,,,2020,렉스오피스텔,도선동,"2,000",성동구,1,70,23,21.49,,,268,11200,9
44,,2018,,,2020,트레저힐스,마장동,"18,300",성동구,1,0,20,26.97,,,775-2,11200,2
45,,2018,,,2020,트레저힐스,마장동,"22,000",성동구,1,0,21,27.92,,,775-4,11200,4
46,,2018,,,2020,트레저힐스,마장동,"20,000",성동구,1,0,30,24.65,,,775-4,11200,3
47,,2004,,,2020,성동샤르망,행당동,"2,000",성동구,1,55,4,24.84,,,192-29,11200,12
48,,2014,,,2020,서울숲 더샵,행당동,"2,000",성동구,1,120,4,35.21,,,377,11200,2
49,,2018,,,2020,왕십리 큐브스테이트,행당동,"15,000",성동구,1,0,5,16.37,,,286-25,11200,3
50,,2004,,,2020,성동샤르망,행당동,"1,000",성동구,1,60,6,24.84,,,192-29,11200,11
51,,2004,,,2020,성동샤르망,행당동,"1,000",성동구,1,60,6,24.84,,,192-29,11200,12
52,,2006,,,2020,왕십리역이스타빌,행당동,"1,000",성동구,1,60,7,21.91,,,287-15,11200,7
53,,2004,,,2020,성동샤르망,행당동,"3,000",성동구,1,50,14,24.84,,,192-29,11200,7
54,,2006,,,2020,왕십리역이스타빌,행당동,"15,000",성동구,1,0,14,21.91,,,287-15,11200,6
55,,2004,,,2020,성동샤르망,행당동,"2,000",성동구,1,60,17,27.6,,,192-29,11200,10
56,,2006,,,2020,왕십리역이스타빌,행당동,"1,000",성동구,1,75,18,29.43,,,287-15,11200,14
57,,2018,,,2020,왕십리 큐브스테이트,행당동,"1,000",성동구,1,65,27,16.33,,,286-25,11200,2
58,,2014,,,2020,서울숲 더샵,행당동,"25,000",성동구,1,34,28,32.49,,,377,11200,3
59,,2006,,,2020,왕십리역이스타빌,행당동,"1,000",성동구,1,65,29,21.91,,,287-15,11200,10
60,,2020,,,2020,(286-24),행당동,"6,000",성동구,1,70,31,27.92,,,286-24,11200,5
61,,2002,,,2020,금호힐오피스텔,금호동1가,"11,000",성동구,1,25,17,29.97,,,1755,11200,5
62,,2002,,,2020,금호힐오피스텔,금호동1가,"1,000",성동구,1,50,20,27.35,,,1755,11200,3
63,,2004,,,2020,성원상떼뷰,옥수동,"17,000",성동구,1,0,6,30.75,,,475,11200,4
64,,2004,,,2020,성원상떼뷰,옥수동,"16,500",성동구,1,0,6,30.75,,,475,11200,4
65,,2013,,,2020,서울숲 다세대 오피스텔,성수동1가,"25,000",성동구,1,0,2,53.55,,,656-28,11200,4
66,,2004,,,2020,이에스에이리버하우스,성수동1가,"1,000",성동구,1,90,2,39.15,,,13-12,11200,3
67,,2004,,,2020,Biz-Well 성수,성수동1가,"12,000",성동구,1,0,2,26.67,,,33-21,11200,8
68,,2004,,,2020,이에스에이리버하우스,성수동1가,"3,000",성동구,1,75,2,39.15,,,13-12,11200,8
69,,2004,,,2020,이에스에이리버하우스,성수동1가,"36,300",성동구,1,0,6,63.74,,,13-12,11200,12
70,,2004,,,2020,성수 그린빌,성수동1가,"17,000",성동구,1,0,7,34.59,,,685-54,11200,8
71,,2003,,,2020,성수동 뉴타운오피스텔,성수동1가,"16,000",성동구,1,0,9,30.02,,,72-69,11200,2
72,,2005,,20.01~22.01,2020,뚝섬리버빌,성수동1가,"1,000",성동구,1,60,9,26.02,,,13-117,11200,3
73,,2004,,,2020,Biz-Well 성수,성수동1가,"1,000",성동구,1,50,11,19.08,,,33-21,11200,2
74,,2004,,,2020,성수 그린빌,성수동1가,"16,000",성동구,1,0,11,66,,,685-54,11200,6
75,,2005,,,2020,뚝섬리버빌,성수동1가,"18,500",성동구,1,0,11,34.78,,,13-117,11200,7
76,,2004,,,2020,이에스에이리버하우스,성수동1가,"23,000",성동구,1,0,14,39.15,,,13-12,11200,10
77,,2004,,,2020,Biz-Well 성수,성수동1가,"1,000",성동구,1,60,16,26.67,,,33-21,11200,7
78,,2004,,,2020,성수 그린빌,성수동1가,"17,500",성동구,1,0,16,36,,,685-54,11200,8
79,,2004,,,2020,Biz-Well 성수,성수동1가,"1,000",성동구,1,55,23,24.69,,,33-21,11200,7
80,,2005,,,2020,뚝섬리버빌,성수동1가,"1,000",성동구,1,75,30,34.78,,,13-117,11200,5
81,,2003,,,2020,성원상떼뷰오피스텔,성수동2가,"4,000",성동구,1,40,4,28.08,,,277-37,11200,5
82,,2017,,,2020,B동,성수동2가,"13,650",성동구,1,0,9,29.53,,,255-7,11200,2
83,,2017,,,2020,B동,성수동2가,"14,330",성동구,1,0,9,29.53,,,255-7,11200,2
84,,2003,,,2020,성원상떼뷰오피스텔,성수동2가,"12,500",성동구,1,0,16,28.08,,,277-37,11200,10
85,,1998,,,2020,성수아카데미타워,성수동2가,"1,000",성동구,1,60,16,32.67,,,277-17,11200,18
86,,2017,,,2020,(299-134),성수동2가,"23,000",성동구,1,5,17,39.78,,,299-134,11200,3
87,,2003,,,2020,성원상떼뷰오피스텔,성수동2가,"13,500",성동구,1,0,17,28.08,,,277-37,11200,5
88,,2013,,,2020,성수동램킨중흥S클래스오피스텔,성수동2가,"1,000",성동구,1,57,18,18.33,,,277-101,11200,8
89,,2013,,,2020,성수동램킨중흥S클래스오피스텔,성수동2가,"1,000",성동구,1,57,20,18.33,,,277-101,11200,3
90,,2017,,,2020,(299-134),성수동2가,"5,000",성동구,1,80,20,40.2,,,299-134,11200,3
91,,2003,,,2020,성원상떼뷰오피스텔,성수동2가,"1,000",성동구,1,60,21,28.08,,,277-37,11200,4
92,,2007,,,2020,성수동 아스테리아,성수동2가,"33,000",성동구,1,0,28,84.76,,,278-29,11200,2
93,,2003,,,2020,성원상떼뷰오피스텔,성수동2가,"12,500",성동구,1,0,28,24.84,,,277-37,11200,2
94,,2003,,,2020,성원상떼뷰오피스텔,성수동2가,"3,000",성동구,1,50,29,28.08,,,277-37,11200,3
95,,2003,,,2020,송정동센스빌오피스텔,송정동,"12,000",성동구,1,7,22,30.92,,,81-16,11200,3
96,,2016,,,2020,서희스타힐스리버파크,용답동,"13,500",성동구,1,0,1,21.9,,,238-12,11200,6
97,,2016,,,2020,서희스타힐스리버파크,용답동,"2,000",성동구,1,48,2,20.21,,,238-12,11200,10
98,,2013,,,2020,어반 오피스텔,용답동,"2,000",성동구,1,52,3,16.21,,,229-10,11200,5
99,,2016,,,2020,서희스타힐스리버파크,용답동,500,성동구,1,60,4,21.9,,,238-12,11200,13
100,,2006,,,2020,신창비바패밀리,용답동,"5,000",성동구,1,80,4,65.01,,,232-1,11200,7
101,,2016,,,2020,서희스타힐스리버파크,용답동,"14,300",성동구,1,0,6,21.9,,,238-12,11200,13
102,,2016,,,2020,서희스타힐스리버파크,용답동,"13,000",성동구,1,0,10,20.21,,,238-12,11200,9
103,,2016,,,2020,서희스타힐스리버파크,용답동,"13,500",성동구,1,0,11,19.88,,,238-12,11200,5
104,,2016,,,2020,서희스타힐스리버파크,용답동,"13,000",성동구,1,0,11,20.21,,,238-12,11200,11
105,,2013,,,2020,어반 오피스텔,용답동,"1,000",성동구,1,45,13,16.21,,,229-10,11200,10
106,,2011,,,2020,오르세오피스텔,용답동,"2,000",성동구,1,60,13,33.2,,,238-2,11200,7
107,,2016,,,2020,서희스타힐스리버파크,용답동,"14,500",성동구,1,0,18,21.9,,,238-12,11200,11
108,,2016,,,2020,서희스타힐스리버파크,용답동,"1,000",성동구,1,50,20,21.9,,,238-12,11200,4
109,,2006,,,2020,신창비바패밀리,용답동,"24,000",성동구,1,0,21,60.59,,,232-1,11200,6
110,,2011,,,2020,오르세오피스텔,용답동,"12,000",성동구,1,20,21,43.55,,,238-2,11200,5
111,,2006,,,2020,신창비바패밀리,용답동,"3,000",성동구,1,100,22,65.95,,,232-1,11200,3
112,,2016,,,2020,서희스타힐스리버파크,용답동,"1,000",성동구,1,55,29,21.9,,,238-12,11200,4
113,,2016,,,2020,서희스타힐스리버파크,용답동,500,성동구,1,55,29,21.9,,,238-12,11200,2
114,,2016,,,2020,서희스타힐스리버파크,용답동,"14,000",성동구,1,0,30,21.9,,,238-12,11200,2
115,,2016,,,2020,서희스타힐스리버파크,용답동,"14,100",성동구,1,0,30,21.9,,,238-12,11200,14
116,,2006,,,2020,신창비바패밀리,용답동,"23,000",성동구,1,0,30,56,,,232-1,11200,6
117,,2013,,,2020,어반 오피스텔,용답동,"1,000",성동구,1,45,31,16.21,,,229-10,11200,8
0,,2003,,,2020,노블리안,상왕십리동,"15,000",성동구,2,0,4,30.81,,,750,11200,2
1,,2003,,,2020,노블리안,상왕십리동,"5,000",성동구,2,40,5,30.81,,,750,11200,13
2,,2003,,,2020,노블리안,상왕십리동,"7,000",성동구,2,35,6,30.81,,,750,11200,8
3,,2003,,,2020,노블리안,상왕십리동,"15,000",성동구,2,0,21,30.81,,,750,11200,4
4,,2003,,,2020,노블리안,상왕십리동,"10,000",성동구,2,0,27,30.81,,,750,11200,8
5,,2003,,,2020,노블리안,상왕십리동,"13,500",성동구,2,0,27,30.81,,,750,11200,4
6,,2003,,,2020,노블리안,상왕십리동,"10,000",성동구,2,15,27,30.81,,,750,11200,8
7,,2016,,,2020,센트라스,하왕십리동,"24,000",성동구,2,0,1,29.16,,,1070,11200,21
8,,2016,,,2020,센트라스,하왕십리동,"24,000",성동구,2,0,1,31.01,,,1070,11200,25
9,,2005,,,2020,동인 레반트 오피스텔,하왕십리동,"16,000",성동구,2,0,3,27.54,,,903-3,11200,11
10,,2016,,,2020,센트라스,하왕십리동,"1,000",성동구,2,93,4,32.53,,,1070,11200,6
11,,2011,,,2020,리오파크 오피스텔,하왕십리동,"2,000",성동구,2,53,4,22.82,,,898-2,11200,6
12,,2005,,,2020,동인 레반트 오피스텔,하왕십리동,"17,000",성동구,2,0,4,30.32,,,903-3,11200,5
13,,2005,,,2020,동인 레반트 오피스텔,하왕십리동,"2,000",성동구,2,55,4,27.54,,,903-3,11200,12
14,,2016,,,2020,센트라스,하왕십리동,"2,000",성동구,2,85,4,31.01,,,1070,11200,22
15,,2016,,,2020,센트라스,하왕십리동,"1,000",성동구,2,84,6,29.16,,,1070,11200,25
16,,2016,,,2020,센트라스,하왕십리동,"1,000",성동구,2,85,8,31.01,,,1070,11200,7
17,,2011,,,2020,리오파크 오피스텔,하왕십리동,"3,000",성동구,2,47,8,22.82,,,898-2,11200,9
18,,2016,,,2020,센트라스,하왕십리동,"1,000",성동구,2,80,13,32.53,,,1070,11200,23
19,,2011,,,2020,리오파크 오피스텔,하왕십리동,"10,000",성동구,2,15,15,21.56,,,898-2,11200,3
20,,2016,,,2020,센트라스,하왕십리동,"24,000",성동구,2,0,20,31.01,,,1070,11200,25
21,,2016,,,2020,센트라스,하왕십리동,"25,000",성동구,2,0,24,31.01,,,1070,11200,13
22,,2016,,,2020,센트라스,하왕십리동,"25,000",성동구,2,0,24,31.01,,,1070,11200,13
23,,2011,,,2020,리오파크 오피스텔,하왕십리동,"1,000",성동구,2,60,24,21.56,,,898-2,11200,11
24,,2017,,,2020,동인드림힐스,하왕십리동,"3,900",성동구,2,60,25,19.24,,,890-181,11200,10
25,,2016,,,2020,센트라스,하왕십리동,"1,000",성동구,2,98,25,32.53,,,1070,11200,20
26,,2005,,,2020,동인 레반트 오피스텔,하왕십리동,"3,000",성동구,2,55,26,27.54,,,903-3,11200,15
27,,2016,,,2020,센트라스,하왕십리동,"25,000",성동구,2,0,26,31.01,,,1070,11200,17
28,,2005,,,2020,동인 레반트 오피스텔,하왕십리동,"15,000",성동구,2,0,26,27.54,,,903-3,11200,12
29,,2018,,,2020,비앤리베스텔,홍익동,"4,000",성동구,2,55,10,15.92,,,146-1,11200,10
30,,2020,,,2020,비엠빌딩,도선동,"6,000",성동구,2,50,1,19.95,,,292,11200,9
31,,2020,,,2020,비엠빌딩,도선동,"6,000",성동구,2,70,1,35.98,,,292,11200,8
32,,2018,,,2020,렉스오피스텔,도선동,"16,800",성동구,2,0,4,20.35,,,268,11200,5
33,,2018,,,2020,W에비뉴타워,도선동,"20,400",성동구,2,0,4,23.32,,,46,11200,12
34,,2017,,,2020,한성아펠타워,도선동,"3,000",성동구,2,75,4,23.58,,,53,11200,11
35,,2018,,,2020,렉스오피스텔,도선동,"18,000",성동구,2,0,4,20.35,,,268,11200,5
36,,2018,,,2020,렉스오피스텔,도선동,"19,000",성동구,2,0,9,21.49,,,268,11200,11
37,,2017,,,2020,한성아펠타워,도선동,"2,000",성동구,2,80,12,23.61,,,53,11200,13
38,,2018,,,2020,W에비뉴타워,도선동,"39,000",성동구,2,0,14,48.31,,,46,11200,17
39,,2017,,,2020,한성아펠타워,도선동,"1,500",성동구,2,91,15,23.61,,,53,11200,9
40,,2017,,,2020,한성아펠타워,도선동,"23,000",성동구,2,0,17,23.58,,,53,11200,10
41,,2014,,,2020,J&J빌딩,도선동,"17,800",성동구,2,0,18,29.8,,,276,11200,8
42,,2018,,,2020,렉스오피스텔,도선동,"18,900",성동구,2,0,18,21.27,,,268,11200,11
43,,2014,,,2020,J&J빌딩,도선동,"17,800",성동구,2,0,18,29.8,,,276,11200,8
44,,2017,,,2020,한성아펠타워,도선동,"22,575",성동구,2,0,20,23.58,,,53,11200,3
45,,2017,,,2020,한성아펠타워,도선동,"2,000",성동구,2,78,22,23.58,,,53,11200,9
46,,2017,,,2020,한성아펠타워,도선동,"24,255",성동구,2,0,24,23.58,,,53,11200,4
47,,2018,,,2020,W에비뉴타워,도선동,"5,000",성동구,2,60,24,23.32,,,46,11200,13
48,,2017,,,2020,한성아펠타워,도선동,"24,200",성동구,2,0,28,23.58,,,53,11200,7
49,,2018,,,2020,트레저힐스,마장동,"10,000",성동구,2,31,1,24.65,,,775-4,11200,3
50,,2018,,,2020,트레저힐스,마장동,"3,000",성동구,2,70,10,27.61,,,775-2,11200,2
51,,2018,,,2020,트레저힐스,마장동,"22,000",성동구,2,0,15,29.51,,,775-4,11200,3
52,,2018,,,2020,트레저힐스,마장동,"22,000",성동구,2,0,15,27.92,,,775-4,11200,3
53,,2010,,,2020,고운타워,마장동,"13,000",성동구,2,0,15,36.4,,,474-5,11200,4
54,,2012,,,2020,(777-3),마장동,"8,400",성동구,2,4,15,15.54,,,777-3,11200,9
55,,2018,,,2020,트레저힐스,마장동,"22,000",성동구,2,0,15,29.17,,,775-4,11200,2
56,,2010,,,2020,고운타워,마장동,"9,500",성동구,2,0,20,23.8,,,474-5,11200,7
57,,2010,,,2020,고운타워,마장동,"1,000",성동구,2,50,22,24.85,,,474-5,11200,8
58,,2004,,,2020,성동샤르망,행당동,"1,000",성동구,2,60,1,24.84,,,192-29,11200,9
59,,2019,,,2020,퍼스트에비뉴,행당동,"30,000",성동구,2,0,3,36.38,,,286-38,11200,2
60,,2004,,,2020,성동샤르망,행당동,"1,000",성동구,2,60,3,24.84,,,192-29,11200,9
61,,2014,,,2020,서울숲 더샵,행당동,"1,000",성동구,2,130,5,32.49,,,377,11200,4
62,,2004,,,2020,성동샤르망,행당동,"1,000",성동구,2,60,6,24.84,,,192-29,11200,6
63,,2018,,,2020,왕십리 큐브스테이트,행당동,"1,000",성동구,2,68,7,16.53,,,286-25,11200,5
64,,2020,,,2020,(286-24),행당동,"5,000",성동구,2,75,11,27.92,,,286-24,11200,5
65,,2019,,,2020,퍼스트에비뉴,행당동,"32,000",성동구,2,0,12,42.76,,,286-38,11200,4
66,,2006,,,2020,왕십리역이스타빌,행당동,500,성동구,2,75,12,26.01,,,287-15,11200,7
67,,,,,2020,K TOWER 2,행당동,"28,000",성동구,2,0,13,36.06,,,293-8,11200,5
68,,2020,,,2020,(286-24),행당동,"2,000",성동구,2,90,14,27.92,,,286-24,11200,4
69,,2006,,,2020,왕십리역이스타빌,행당동,"1,000",성동구,2,65,15,21.91,,,287-15,11200,10
70,,2004,,,2020,성동샤르망,행당동,"1,000",성동구,2,60,15,24.84,,,192-29,11200,5
71,,2004,,,2020,성동샤르망,행당동,"1,000",성동구,2,60,20,24.84,,,192-29,11200,7
72,,2006,,,2020,왕십리역이스타빌,행당동,"18,000",성동구,2,0,22,29.43,,,287-15,11200,14
73,,2004,,,2020,성동샤르망,행당동,"13,000",성동구,2,0,25,24.84,,,192-29,11200,12
74,,2004,,,2020,성동샤르망,행당동,"1,000",성동구,2,60,25,24.84,,,192-29,11200,11
75,,2019,,,2020,퍼스트에비뉴,행당동,"32,000",성동구,2,0,26,42.76,,,286-38,11200,3
76,,2018,,,2020,왕십리 큐브스테이트,행당동,"2,000",성동구,2,53,28,16.37,,,286-25,11200,7
77,,2002,,,2020,금호힐오피스텔,금호동1가,"1,000",성동구,2,60,6,29.97,,,1755,11200,4
78,,2004,,,2020,성원상떼뷰,옥수동,"4,000",성동구,2,45,6,27.01,,,475,11200,3
79,,2004,,,2020,성원상떼뷰,옥수동,"2,000",성동구,2,60,18,27.01,,,475,11200,6
80,,2004,,,2020,성원상떼뷰,옥수동,"2,000",성동구,2,60,20,27.01,,,475,11200,13
81,,2004,,,2020,성원상떼뷰,옥수동,"1,000",성동구,2,65,22,27.01,,,475,11200,2
82,,2004,,,2020,성원상떼뷰,옥수동,"3,000",성동구,2,50,25,25.6,,,475,11200,12
83,,2004,,,2020,성원상떼뷰,옥수동,"3,000",성동구,2,50,25,25.6,,,475,11200,12
84,,2004,,,2020,성원상떼뷰,옥수동,"1,000",성동구,2,75,26,29.54,,,475,11200,7
85,,2005,,,2020,뚝섬리버빌,성수동1가,"1,000",성동구,2,57,1,23.17,,,13-117,11200,8
86,,2005,,,2020,뚝섬리버빌,성수동1가,"22,000",성동구,2,0,3,42.94,,,13-117,11200,6
87,,2003,,,2020,아트빌딩,성수동1가,"5,000",성동구,2,35,4,27.02,,,685-308,11200,8
88,,2004,,,2020,이에스에이리버하우스,성수동1가,"10,000",성동구,2,50,5,39.15,,,13-12,11200,8
89,,2004,,,2020,성수 그린빌,성수동1가,"3,000",성동구,2,100,6,34.59,,,685-54,11200,6
90,,2005,,,2020,뚝섬리버빌,성수동1가,"14,000",성동구,2,0,7,23.67,,,13-117,11200,8
91,,2005,,,2020,뚝섬리버빌,성수동1가,"1,000",성동구,2,52,7,20.64,,,13-117,11200,7
92,,2004,,,2020,Biz-Well 성수,성수동1가,"3,000",성동구,2,39,8,26.67,,,33-21,11200,8
93,,2004,,,2020,Biz-Well 성수,성수동1가,"3,000",성동구,2,39,10,26.67,,,33-21,11200,8
94,,2003,,,2020,성수동 뉴타운오피스텔,성수동1가,"2,000",성동구,2,60,10,32.39,,,72-69,11200,4
95,,2004,,,2020,성수 그린빌,성수동1가,"18,000",성동구,2,0,11,34.59,,,685-54,11200,4
96,,2013,,,2020,서울숲오피스텔,성수동1가,"25,000",성동구,2,0,12,44.16,,,656-392,11200,5
97,,2004,,,2020,성수 그린빌,성수동1가,"18,000",성동구,2,0,15,60.8,,,685-54,11200,4
98,,2004,,,2020,Biz-Well 성수,성수동1가,"3,000",성동구,2,37,17,24.69,,,33-21,11200,7
99,,2004,,,2020,Biz-Well 성수,성수동1가,"3,000",성동구,2,37,17,24.69,,,33-21,11200,2
100,,2004,,,2020,이에스에이리버하우스,성수동1가,"22,000",성동구,2,0,17,39.15,,,13-12,11200,2
101,,2005,,,2020,뚝섬리버빌,성수동1가,"5,000",성동구,2,50,17,30.36,,,13-117,11200,6
102,,2004,,,2020,성수 그린빌,성수동1가,"18,000",성동구,2,0,23,34.59,,,685-54,11200,4
103,,2003,,,2020,성수동 뉴타운오피스텔,성수동1가,"1,500",성동구,2,65,24,29.23,,,72-69,11200,4
104,,2015,,,2020,위더스 빌,성수동1가,"24,000",성동구,2,0,25,43.41,,,33-23,11200,7
105,,2004,,,2020,Biz-Well 성수,성수동1가,"3,000",성동구,2,40,29,24.69,,,33-21,11200,5
106,,2013,,,2020,성수동램킨중흥S클래스오피스텔,성수동2가,"12,500",성동구,2,0,1,18.33,,,277-101,11200,8
107,,2013,,,2020,성수동램킨중흥S클래스오피스텔,성수동2가,"2,000",성동구,2,53,6,18.33,,,277-101,11200,8
108,,2013,,,2020,성수동램킨중흥S클래스오피스텔,성수동2가,"1,000",성동구,2,57,8,18.33,,,277-101,11200,7
109,,2003,,,2020,성원상떼뷰오피스텔,성수동2가,"12,000",성동구,2,0,8,24.84,,,277-37,11200,5
110,,2003,,,2020,성원상떼뷰오피스텔,성수동2가,"12,000",성동구,2,0,10,24.84,,,277-37,11200,9
111,,2003,,,2020,성원상떼뷰오피스텔,성수동2가,"1,000",성동구,2,55,10,24.84,,,277-37,11200,5
112,,2003,,,2020,성원상떼뷰오피스텔,성수동2가,"3,000",성동구,2,45,10,24.84,,,277-37,11200,11
113,,2017,,,2020,송보파인빌,성수동2가,"23,000",성동구,2,0,11,28.56,,,299-168,11200,2
114,,2003,,,2020,성원상떼뷰오피스텔,성수동2가,"2,000",성동구,2,50,15,24.84,,,277-37,11200,3
115,,2019,,,2020,장한빌라,성수동2가,"1,000",성동구,2,75,20,28.49,,,299-227,11200,2
116,,2003,,,2020,성원상떼뷰오피스텔,성수동2가,"1,000",성동구,2,55,22,24.84,,,277-37,11200,9
117,,2013,,,2020,성수동램킨중흥S클래스오피스텔,성수동2가,500,성동구,2,62,24,18.33,,,277-101,11200,5
118,,2020,,,2020,The Mark,용답동,"24,600",성동구,2,0,1,32.77,,,228-8,11200,5
119,,2013,,,2020,어반 오피스텔,용답동,"2,000",성동구,2,52,4,20.46,,,229-10,11200,8
120,,2016,,,2020,서희스타힐스리버파크,용답동,"14,000",성동구,2,0,5,21.95,,,238-12,11200,11
121,,2011,,,2020,오르세오피스텔,용답동,"17,500",성동구,2,0,8,46.25,,,238-2,11200,4
122,,2016,,,2020,서희스타힐스리버파크,용답동,"13,500",성동구,2,0,8,19.88,,,238-12,11200,12
123,,2016,,,2020,서희스타힐스리버파크,용답동,"13,300",성동구,2,0,10,20.21,,,238-12,11200,12
124,,1985,,,2020,(233-8),용답동,"2,000",성동구,2,60,10,21.9,,,233-8,11200,17
125,,2016,,,2020,서희스타힐스리버파크,용답동,500,성동구,2,58,10,21.9,,,238-12,11200,4
126,,2016,,,2020,서희스타힐스리버파크,용답동,"13,500",성동구,2,0,10,21.9,,,238-12,11200,3
127,,2013,,,2020,어반 오피스텔,용답동,"1,000",성동구,2,45,13,16.21,,,229-10,11200,7
128,,2016,,,2020,서희스타힐스리버파크,용답동,"13,000",성동구,2,0,15,20.21,,,238-12,11200,12
129,,2016,,,2020,서희스타힐스리버파크,용답동,"13,000",성동구,2,0,15,21.9,,,238-12,11200,11
130,,2011,,,2020,오르세오피스텔,용답동,"1,000",성동구,2,60,15,35,,,238-2,11200,8
131,,2016,,,2020,서희스타힐스리버파크,용답동,"3,000",성동구,2,45,19,19.88,,,238-12,11200,14
132,,2016,,,2020,서희스타힐스리버파크,용답동,"2,000",성동구,2,50,28,19.88,,,238-12,11200,15
133,,1991,,,2020,삼호오피스텔,용답동,"6,500",성동구,2,0,29,26.18,,,236-5,11200,3
134,,2013,,,2020,어반 오피스텔,용답동,"1,000",성동구,2,45,29,16.21,,,229-10,11200,9
0,,2003,,,2020,노블리안,상왕십리동,"13,000",성동구,3,0,2,25.74,,,750,11200,9
1,,2003,,,2020,노블리안,상왕십리동,"15,000",성동구,3,0,5,30.81,,,750,11200,7
2,,2003,,,2020,노블리안,상왕십리동,"15,000",성동구,3,0,10,30.81,,,750,11200,13
3,,2003,,,2020,노블리안,상왕십리동,"2,000",성동구,3,60,28,30.81,,,750,11200,5
4,,2003,,,2020,노블리안,상왕십리동,"15,000",성동구,3,0,30,30.81,,,750,11200,4
5,,2011,,,2020,리오파크 오피스텔,하왕십리동,"1,000",성동구,3,60,1,22.11,,,898-2,11200,10
6,,2016,,,2020,센트라스,하왕십리동,"24,255",성동구,3,0,2,32.53,,,1070,11200,17
7,,2011,,,2020,리오파크 오피스텔,하왕십리동,"6,000",성동구,3,30,6,22.82,,,898-2,11200,10
8,,2011,,,2020,리오파크 오피스텔,하왕십리동,"10,000",성동구,3,0,7,22.82,,,898-2,11200,9
9,,2016,,,2020,센트라스,하왕십리동,"20,000",성동구,3,20,13,31.01,,,1070,11200,15
10,,2011,,,2020,리오파크 오피스텔,하왕십리동,"13,500",성동구,3,0,14,23.42,,,898-2,11200,7
11,,2005,,,2020,동인 레반트 오피스텔,하왕십리동,"12,000",성동구,3,20,23,30.32,,,903-3,11200,9
12,,2016,,,2020,센트라스,하왕십리동,"8,000",성동구,3,60,30,31.01,,,1070,11200,9
13,,2018,,,2020,비앤리베스텔,홍익동,"15,700",성동구,3,0,26,15.98,,,146-1,11200,7
14,,2017,,,2020,한성아펠타워,도선동,"5,000",성동구,3,61,1,23.58,,,53,11200,14
15,,2018,,,2020,W에비뉴타워,도선동,"37,000",성동구,3,0,2,48.41,,,46,11200,14
16,,2017,,,2020,한성아펠타워,도선동,"24,000",성동구,3,0,2,23.58,,,53,11200,13
17,,2017,,,2020,한성아펠타워,도선동,"24,150",성동구,3,0,7,23.58,,,53,11200,11
18,,2018,,,2020,렉스오피스텔,도선동,"1,000",성동구,3,75,14,20.35,,,268,11200,5
19,,2018,,,2020,렉스오피스텔,도선동,"17,700",성동구,3,0,19,21.37,,,268,11200,5
20,,2018,,,2020,W에비뉴타워,도선동,"40,000",성동구,3,0,26,48.31,,,46,11200,17
21,,2018,,,2020,렉스오피스텔,도선동,"17,300",성동구,3,0,27,20.35,,,268,11200,10
22,,2018,,,2020,렉스오피스텔,도선동,"5,000",성동구,3,48,27,18.7,,,268,11200,12
23,,2018,,,2020,렉스오피스텔,도선동,"19,000",성동구,3,0,28,25.32,,,268,11200,10
24,,2018,,,2020,렉스오피스텔,도선동,"16,800",성동구,3,0,28,21.37,,,268,11200,8
25,,2018,,,2020,렉스오피스텔,도선동,"16,800",성동구,3,0,28,21.27,,,268,11200,12
26,,2012,,,2020,(777-3),마장동,"3,500",성동구,3,45,1,20.14,,,777-3,11200,5
27,,2018,,,2020,트레저힐스,마장동,"17,850",성동구,3,0,9,26.36,,,775-2,11200,4
28,,2018,,,2020,트레저힐스,마장동,"21,000",성동구,3,0,17,29.72,,,775-2,11200,4
29,,2018,,,2020,트레저힐스,마장동,"23,000",성동구,3,0,22,29.17,,,775-4,11200,3
30,,2018,,,2020,트레저힐스,마장동,"2,000",성동구,3,80,27,27.61,,,775-2,11200,4
31,,,,,2020,K TOWER 2,행당동,"33,600",성동구,3,0,5,32,,,293-8,11200,6
32,,2004,,,2020,성동샤르망,행당동,"1,000",성동구,3,65,14,26.22,,,192-29,11200,11
33,,2019,,,2020,퍼스트에비뉴,행당동,"32,000",성동구,3,0,14,42.76,,,286-38,11200,3
34,,2019,,,2020,퍼스트에비뉴,행당동,"32,000",성동구,3,0,14,42.76,,,286-38,11200,4
35,,2006,,,2020,왕십리역이스타빌,행당동,"1,000",성동구,3,65,16,26.01,,,287-15,11200,13
36,,2004,,,2020,성원상떼뷰,옥수동,"5,000",성동구,3,50,17,30.75,,,475,11200,11
37,,2004,,,2020,성원상떼뷰,옥수동,"1,000",성동구,3,70,19,27.01,,,475,11200,12
38,,2004,,,2020,Biz-Well 성수,성수동1가,"1,000",성동구,3,57,1,26.67,,,33-21,11200,8
39,,2004,,,2020,Biz-Well 성수,성수동1가,"3,000",성동구,3,37,4,24.65,,,33-21,11200,3
40,,2004,,,2020,이에스에이리버하우스,성수동1가,"37,000",성동구,3,0,4,63.74,,,13-12,11200,10
41,,2004,,,2020,이에스에이리버하우스,성수동1가,"23,000",성동구,3,0,5,39.15,,,13-12,11200,8
42,,2004,,,2020,이에스에이리버하우스,성수동1가,"21,500",성동구,3,0,7,39.15,,,13-12,11200,4
43,,2013,,,2020,서울숲오피스텔,성수동1가,"29,000",성동구,3,0,11,49.16,,,656-392,11200,6
44,,2004,,,2020,성수 그린빌,성수동1가,"18,000",성동구,3,0,11,34.59,,,685-54,11200,5
45,,2005,,,2020,뚝섬리버빌,성수동1가,"3,000",성동구,3,55,12,30.36,,,13-117,11200,2
46,,2003,,,2020,성수동 뉴타운오피스텔,성수동1가,"15,000",성동구,3,0,13,31.6,,,72-69,11200,4
47,,2004,,,2020,Biz-Well 성수,성수동1가,"3,000",성동구,3,35,16,19.08,,,33-21,11200,9
48,,2005,,,2020,뚝섬리버빌,성수동1가,"1,000",성동구,3,65,18,29.98,,,13-117,11200,7
49,,2004,,,2020,이에스에이리버하우스,성수동1가,"1,000",성동구,3,100,20,39.15,,,13-12,11200,9
50,,2004,,,2020,성수 그린빌,성수동1가,"17,000",성동구,3,0,22,34.59,,,685-54,11200,6
51,,2004,,,2020,성수 그린빌,성수동1가,"18,000",성동구,3,0,23,34.59,,,685-54,11200,7
52,,2004,,,2020,이에스에이리버하우스,성수동1가,"4,000",성동구,3,130,23,63.74,,,13-12,11200,8
53,,2004,,,2020,Biz-Well 성수,성수동1가,"3,000",성동구,3,39,23,26.67,,,33-21,11200,7
54,,2018,,,2020,서울숲 프라임 베타,성수동1가,"40,900",성동구,3,0,23,59.18,,,13-493,11200,2
55,,2004,,,2020,이에스에이리버하우스,성수동1가,"15,000",성동구,3,50,24,39.15,,,13-12,11200,8
56,,2004,,,2020,이에스에이리버하우스,성수동1가,"3,000",성동구,3,145,25,63.74,,,13-12,11200,13
57,,2019,,,2020,한스포레,성수동1가,"1,000",성동구,3,105,31,23.49,,,72-114,11200,7
58,,2004,,,2020,성수 그린빌,성수동1가,"16,000",성동구,3,0,31,34.59,,,685-54,11200,6
59,,1998,,,2020,성수아카데미타워,성수동2가,"1,000",성동구,3,60,4,33.45,,,277-17,11200,19
60,,2019,,,2020,테라타워,성수동2가,"20,000",성동구,3,0,14,18.98,,,299-242,11200,2
61,,2017,,,2020,송보파인빌,성수동2가,"1,000",성동구,3,65,18,21.31,,,299-168,11200,2
62,,2013,,,2020,성수동램킨중흥S클래스오피스텔,성수동2가,500,성동구,3,60,26,18.33,,,277-101,11200,2
63,,2013,,,2020,어반 오피스텔,용답동,"2,000",성동구,3,52,2,18.98,,,229-10,11200,10
64,,2006,,,2020,신창비바패밀리,용답동,"21,000",성동구,3,0,2,51.5,,,232-1,11200,3
65,,2013,,,2020,어반 오피스텔,용답동,"1,000",성동구,3,57,5,16.21,,,229-10,11200,2
66,,2016,,,2020,서희스타힐스리버파크,용답동,"13,500",성동구,3,0,5,21.9,,,238-12,11200,2
67,,2006,,,2020,신창비바패밀리,용답동,"18,000",성동구,3,0,9,42.75,,,232-1,11200,3
68,,2016,,,2020,서희스타힐스리버파크,용답동,"14,000",성동구,3,0,9,21.9,,,238-12,11200,8
69,,2016,,,2020,서희스타힐스리버파크,용답동,"14,000",성동구,3,0,11,21.9,,,238-12,11200,14
70,,2016,,,2020,서희스타힐스리버파크,용답동,"11,550",성동구,3,0,12,20.21,,,238-12,11200,10
71,,2016,,,2020,서희스타힐스리버파크,용답동,"13,500",성동구,3,0,12,20.21,,,238-12,11200,12
72,,2006,,,2020,신창비바패밀리,용답동,"24,500",성동구,3,0,13,65.01,,,232-1,11200,10
73,,2016,,,2020,서희스타힐스리버파크,용답동,"1,000",성동구,3,55,13,21.9,,,238-12,11200,12
74,,2016,,,2020,서희스타힐스리버파크,용답동,"14,000",성동구,3,0,14,21.9,,,238-12,11200,6
75,,2016,,,2020,서희스타힐스리버파크,용답동,"13,500",성동구,3,0,16,21.9,,,238-12,11200,2
76,,1991,,,2020,삼호오피스텔,용답동,500,성동구,3,25,16,23.41,,,236-5,11200,5
77,,2016,,,2020,서희스타힐스리버파크,용답동,"13,500",성동구,3,0,19,21.9,,,238-12,11200,6
78,,2016,,,2020,서희스타힐스리버파크,용답동,"13,000",성동구,3,0,20,19.88,,,238-12,11200,4
79,,2016,,,2020,서희스타힐스리버파크,용답동,"13,500",성동구,3,0,24,21.9,,,238-12,11200,6
80,,1991,,,2020,삼호오피스텔,용답동,500,성동구,3,36,25,26.25,,,236-5,11200,3
81,,2016,,,2020,서희스타힐스리버파크,용답동,"1,000",성동구,3,55,27,21.9,,,238-12,11200,3
82,,2011,,,2020,오르세오피스텔,용답동,"1,000",성동구,3,73,28,35,,,238-2,11200,12
83,,2013,,,2020,어반 오피스텔,용답동,"2,000",성동구,3,52,30,20.46,,,229-10,11200,7
0,,2003,,,2020,노블리안,상왕십리동,"2,000",성동구,4,60,11,30.81,,,750,11200,4
1,,2003,,,2020,노블리안,상왕십리동,"15,000",성동구,4,0,14,30.81,,,750,11200,13
2,,2003,,,2020,노블리안,상왕십리동,"15,000",성동구,4,0,20,30.81,,,750,11200,9
3,,2003,,,2020,노블리안,상왕십리동,"1,000",성동구,4,70,22,30.81,,,750,11200,14
4,,2011,,,2020,리오파크 오피스텔,하왕십리동,"2,000",성동구,4,50,7,22.82,,,898-2,11200,6
5,,2017,,,2020,동인드림힐스,하왕십리동,"24,150",성동구,4,0,10,27.51,,,890-181,11200,14
6,,2016,,,2020,센트라스,하왕십리동,"5,000",성동구,4,75,11,32.53,,,1070,11200,9
7,,2016,,,2020,센트라스,하왕십리동,"27,500",성동구,4,0,18,29.16,,,1070,11200,23
8,,2011,,,2020,리오파크 오피스텔,하왕십리동,"3,000",성동구,4,45,18,22.82,,,898-2,11200,4
9,,2005,,,2020,동인 레반트 오피스텔,하왕십리동,"15,500",성동구,4,0,23,27.54,,,903-3,11200,13
10,,2018,,,2020,비앤리베스텔,홍익동,"14,700",성동구,4,0,1,16.74,,,146-1,11200,4
11,,2018,,,2020,비앤리베스텔,홍익동,"15,700",성동구,4,0,25,16.74,,,146-1,11200,9
12,,1998,,,2020,신한넥스텔,도선동,500,성동구,4,45,8,19.63,,,14,11200,5
13,,2018,,,2020,렉스오피스텔,도선동,"5,000",성동구,4,38,8,20.35,,,268,11200,7
14,,2018,,,2020,렉스오피스텔,도선동,"5,000",성동구,4,38,10,21.37,,,268,11200,4
15,,2018,,,2020,렉스오피스텔,도선동,"17,200",성동구,4,0,11,21.27,,,268,11200,9
16,,2018,,,2020,렉스오피스텔,도선동,"5,000",성동구,4,50,14,20.35,,,268,11200,5
17,,2018,,,2020,렉스오피스텔,도선동,"20,850",성동구,4,0,14,25.32,,,268,11200,4
18,,2018,,,2020,렉스오피스텔,도선동,"16,800",성동구,4,0,15,21.49,,,268,11200,8
19,,2018,,,2020,렉스오피스텔,도선동,"19,000",성동구,4,0,16,25.32,,,268,11200,8
20,,2018,,,2020,렉스오피스텔,도선동,"5,500",성동구,4,50,18,21.37,,,268,11200,6
21,,2018,,,2020,렉스오피스텔,도선동,"18,000",성동구,4,0,21,20.35,,,268,11200,5
22,,2018,,,2020,렉스오피스텔,도선동,"8,800",성동구,4,30,21,18.7,,,268,11200,5
23,,2018,,,2020,렉스오피스텔,도선동,"17,000",성동구,4,0,23,20.35,,,268,11200,8
24,,2017,,,2020,한성아펠타워,도선동,"2,000",성동구,4,80,25,23.61,,,53,11200,13
25,,2007,,,2020,마장동청계아르테미스,마장동,"27,000",성동구,4,0,13,69.12,,,778-5,11200,4
26,,2006,,,2020,왕십리역이스타빌,행당동,"19,000",성동구,4,0,4,29.43,,,287-15,11200,8
27,,2006,,,2020,왕십리역이스타빌,행당동,"1,000",성동구,4,75,13,29.43,,,287-15,11200,12
28,,2018,,,2020,왕십리 큐브스테이트,행당동,"10,000",성동구,4,20,22,15.98,,,286-25,11200,3
29,,2004,,,2020,성수 그린빌,성수동1가,"18,000",성동구,4,0,2,34.59,,,685-54,11200,6
30,,2005,,,2020,뚝섬리버빌,성수동1가,"1,000",성동구,4,65,7,30.69,,,13-117,11200,3
31,,2004,,,2020,성수 그린빌,성수동1가,"18,000",성동구,4,0,13,36,,,685-54,11200,7
32,,2013,,,2020,서울숲오피스텔,성수동1가,"5,000",성동구,4,85,15,44.16,,,656-392,11200,4
33,,2004,,,2020,Biz-Well 성수,성수동1가,"3,000",성동구,4,37,15,24.69,,,33-21,11200,6
34,,2004,,,2020,성수 그린빌,성수동1가,"19,000",성동구,4,0,17,34.59,,,685-54,11200,8
35,,2003,,,2020,성수동 뉴타운오피스텔,성수동1가,"12,000",성동구,4,25,18,29.23,,,72-69,11200,5
36,,2004,,,2020,이에스에이리버하우스,성수동1가,"22,000",성동구,4,0,22,39.15,,,13-12,11200,2
37,,2004,,,2020,Biz-Well 성수,성수동1가,"3,000",성동구,4,37,23,24.65,,,33-21,11200,8
38,,2018,,,2020,서울숲 프라임 알파,성수동1가,"44,500",성동구,4,0,23,59.18,,,13-120,11200,11
39,,2004,,,2020,Biz-Well 성수,성수동1가,"3,000",성동구,4,37,30,24.69,,,33-21,11200,8
40,,2017,,,2020,(299-134),성수동2가,"24,000",성동구,4,0,4,39.78,,,299-134,11200,2
41,,2003,,,2020,성원상떼뷰오피스텔,성수동2가,"5,500",성동구,4,35,6,24.84,,,277-37,11200,2
42,,2003,,,2020,성원상떼뷰오피스텔,성수동2가,"2,000",성동구,4,55,10,28.08,,,277-37,11200,7
43,,2013,,,2020,성수동램킨중흥S클래스오피스텔,성수동2가,"1,000",성동구,4,55,11,18.33,,,277-101,11200,2
44,,2013,,,2020,성수동램킨중흥S클래스오피스텔,성수동2가,"12,700",성동구,4,0,15,18.33,,,277-101,11200,7
45,,2013,,,2020,성수동램킨중흥S클래스오피스텔,성수동2가,500,성동구,4,60,18,18.33,,,277-101,11200,8
46,,2003,,,2020,성원상떼뷰오피스텔,성수동2가,"1,000",성동구,4,60,20,28.08,,,277-37,11200,10
47,,2013,,,2020,성수동램킨중흥S클래스오피스텔,성수동2가,"1,000",성동구,4,55,20,18.33,,,277-101,11200,5
48,,2003,,,2020,성원상떼뷰오피스텔,성수동2가,"13,000",성동구,4,0,20,28.08,,,277-37,11200,8
49,,2019,,,2020,테라타워,성수동2가,"24,500",성동구,4,0,20,20.28,,,299-242,11200,4
50,,,,,2020,그루빌2차,성수동2가,"20,940",성동구,4,0,21,36.36,,,289-167,11200,2
51,,2013,,,2020,성수동램킨중흥S클래스오피스텔,성수동2가,"1,000",성동구,4,55,25,18.33,,,277-101,11200,6
52,,2003,,,2020,송정동센스빌오피스텔,송정동,"12,000",성동구,4,15,17,31.19,,,81-16,11200,8
53,,2016,,,2020,서희스타힐스리버파크,용답동,"14,300",성동구,4,0,1,21.9,,,238-12,11200,13
54,,2013,,,2020,어반 오피스텔,용답동,"1,000",성동구,4,45,2,16.21,,,229-10,11200,7
55,,2016,,,2020,서희스타힐스리버파크,용답동,"13,600",성동구,4,0,3,21.9,,,238-12,11200,6
56,,2006,,,2020,신창비바패밀리,용답동,"25,500",성동구,4,0,4,65.82,,,232-1,11200,13
57,,1991,,,2020,삼호오피스텔,용답동,"1,500",성동구,4,30,6,26.25,,,236-5,11200,8
58,,2011,,,2020,오르세오피스텔,용답동,"16,000",성동구,4,0,7,35,,,238-2,11200,12
59,,2016,,,2020,서희스타힐스리버파크,용답동,"1,000",성동구,4,55,7,21.9,,,238-12,11200,5
60,,2013,,,2020,어반 오피스텔,용답동,"2,000",성동구,4,52,8,16.21,,,229-10,11200,2
61,,2016,,,2020,서희스타힐스리버파크,용답동,"13,500",성동구,4,0,11,21.9,,,238-12,11200,10
62,,1991,,,2020,삼호오피스텔,용답동,"6,000",성동구,4,0,14,26.25,,,236-5,11200,8
63,,2013,,,2020,어반 오피스텔,용답동,"1,000",성동구,4,59,14,17.08,,,229-10,11200,4
64,,1991,,,2020,삼호오피스텔,용답동,"7,000",성동구,4,0,14,26.25,,,236-5,11200,8
65,,2011,,,2020,오르세오피스텔,용답동,"15,000",성동구,4,0,18,33.2,,,238-2,11200,6
66,,2006,,,2020,신창비바패밀리,용답동,"26,000",성동구,4,0,27,70.12,,,232-1,11200,9
0,,2003,,,2020,노블리안,상왕십리동,"12,000",성동구,5,10,4,30.81,,,750,11200,8
1,,2003,,,2020,노블리안,상왕십리동,"15,000",성동구,5,0,6,30.81,,,750,11200,13
2,,2003,,,2020,노블리안,상왕십리동,"15,000",성동구,5,0,6,30.81,,,750,11200,8
3,,2003,,,2020,노블리안,상왕십리동,"8,000",성동구,5,30,11,30.81,,,750,11200,7
4,,2003,,,2020,노블리안,상왕십리동,"15,000",성동구,5,0,13,30.81,,,750,11200,3
5,,2003,,,2020,노블리안,상왕십리동,"15,000",성동구,5,0,14,30.81,,,750,11200,8
6,,2003,,,2020,노블리안,상왕십리동,"15,000",성동구,5,0,15,30.81,,,750,11200,13
7,,2003,,,2020,노블리안,상왕십리동,"15,000",성동구,5,0,16,30.81,,,750,11200,12
8,,2003,,,2020,노블리안,상왕십리동,"13,000",성동구,5,0,22,25.74,,,750,11200,2
9,,2003,,,2020,노블리안,상왕십리동,"15,000",성동구,5,0,22,30.81,,,750,11200,5
10,,2011,,,2020,리오파크 오피스텔,하왕십리동,"1,000",성동구,5,60,2,22.82,,,898-2,11200,14
11,,2017,,,2020,동인드림힐스,하왕십리동,"3,000",성동구,5,80,5,27.51,,,890-181,11200,9
12,,2011,,,2020,리오파크 오피스텔,하왕십리동,"13,000",성동구,5,0,9,22.82,,,898-2,11200,14
13,,2011,,,2020,리오파크 오피스텔,하왕십리동,"3,000",성동구,5,50,10,22.82,,,898-2,11200,12
14,,2005,,,2020,동인 레반트 오피스텔,하왕십리동,"16,000",성동구,5,0,14,30.32,,,903-3,11200,8
15,,2017,,,2020,동인드림힐스,하왕십리동,"22,000",성동구,5,0,15,27.51,,,890-181,11200,8
16,,2016,,,2020,센트라스,하왕십리동,"9,000",성동구,5,54,19,32.53,,,1070,11200,8
17,,2017,,,2020,동인드림힐스,하왕십리동,"16,800",성동구,5,0,20,19.24,,,890-181,11200,10
18,,2016,,,2020,센트라스,하왕십리동,"26,000",성동구,5,0,20,31.01,,,1070,11200,21
19,,2005,,,2020,동인 레반트 오피스텔,하왕십리동,"3,000",성동구,5,55,23,27.54,,,903-3,11200,10
20,,2011,,,2020,리오파크 오피스텔,하왕십리동,"1,000",성동구,5,60,29,21.56,,,898-2,11200,9
21,,2011,,,2020,리오파크 오피스텔,하왕십리동,"1,000",성동구,5,60,30,22.97,,,898-2,11200,13
22,,2018,,,2020,비앤리베스텔,홍익동,"15,700",성동구,5,0,1,15.98,,,146-1,11200,3
23,,2018,,,2020,렉스오피스텔,도선동,"17,850",성동구,5,0,5,20.35,,,268,11200,10
24,,2018,,,2020,렉스오피스텔,도선동,"16,270",성동구,5,0,7,20.35,,,268,11200,6
25,,1998,,,2020,신한넥스텔,도선동,500,성동구,5,45,7,19.63,,,14,11200,13
26,,2020,,,2020,왕십리렉스프리미엄오피스텔,도선동,"35,000",성동구,5,0,9,37.34,,,257,11200,16
27,,2018,,,2020,렉스오피스텔,도선동,"18,500",성동구,5,0,9,20.35,,,268,11200,2
28,,2020,,,2020,왕십리렉스프리미엄오피스텔,도선동,"1,000",성동구,5,80,9,18.63,,,257,11200,14
29,,2018,,,2020,렉스오피스텔,도선동,"1,000",성동구,5,70,11,21.27,,,268,11200,5
30,,2020,,,2020,왕십리렉스프리미엄오피스텔,도선동,"12,000",성동구,5,40,13,18.63,,,257,11200,17
31,,2020,,,2020,왕십리렉스프리미엄오피스텔,도선동,"22,000",성동구,5,0,16,18.63,,,257,11200,6
32,,2020,,,2020,왕십리렉스프리미엄오피스텔,도선동,"7,000",성동구,5,50,20,18.63,,,257,11200,13
33,,2020,,,2020,왕십리렉스프리미엄오피스텔,도선동,"20,000",성동구,5,0,20,18.63,,,257,11200,10
34,,2009,,,2020,다남매타워,도선동,"22,000",성동구,5,0,23,43.05,,,22-1,11200,7
35,,2020,,,2020,왕십리렉스프리미엄오피스텔,도선동,"20,000",성동구,5,0,23,18.63,,,257,11200,11
36,,1998,,,2020,신한넥스텔,도선동,"12,000",성동구,5,0,23,32.22,,,14,11200,4
37,,2020,,,2020,왕십리렉스프리미엄오피스텔,도선동,"7,000",성동구,5,45,27,18.63,,,257,11200,12
38,,2020,,,2020,왕십리렉스프리미엄오피스텔,도선동,"20,000",성동구,5,0,27,18.63,,,257,11200,11
39,,1998,,,2020,신한넥스텔,도선동,500,성동구,5,45,28,19.63,,,14,11200,9
40,,2020,,,2020,왕십리렉스프리미엄오피스텔,도선동,"18,000",성동구,5,0,29,18.63,,,257,11200,9
41,,1998,,,2020,신한넥스텔,도선동,"1,000",성동구,5,38,29,19.63,,,14,11200,17
42,,2020,,,2020,왕십리렉스프리미엄오피스텔,도선동,"18,000",성동구,5,0,29,18.63,,,257,11200,9
43,,2018,,,2020,W에비뉴타워,도선동,"1,000",성동구,5,78,29,23.32,,,46,11200,6
44,,2020,,,2020,왕십리렉스프리미엄오피스텔,도선동,"1,000",성동구,5,77,29,18.63,,,257,11200,8
45,,2004,,,2020,1동(766-25),마장동,"32,000",성동구,5,0,6,104.28,,,766-25,11200,4
46,,2018,,,2020,트레저힐스,마장동,"20,000",성동구,5,0,12,26.36,,,775-2,11200,4
47,,,,,2020,K TOWER 2,행당동,"17,500",성동구,5,0,5,21.4,,,293-8,11200,6
48,,2018,,,2020,왕십리 큐브스테이트,행당동,"5,000",성동구,5,50,11,16.37,,,286-25,11200,2
49,,2014,,,2020,서울숲 더샵,행당동,"27,300",성동구,5,0,12,57.27,,,377,11200,3
50,,2004,,,2020,성동샤르망,행당동,"1,000",성동구,5,65,29,27.6,,,192-29,11200,10
51,,2004,,,2020,성원상떼뷰,옥수동,"5,000",성동구,5,45,29,27.01,,,475,11200,5
52,,2004,,,2020,성수 그린빌,성수동1가,"18,000",성동구,5,0,1,34.59,,,685-54,11200,8
53,,2004,,,2020,Biz-Well 성수,성수동1가,"3,000",성동구,5,37,4,24.69,,,33-21,11200,3
54,,2003,,,2020,성수동 뉴타운오피스텔,성수동1가,"4,000",성동구,5,45,6,30.02,,,72-69,11200,3
55,,2004,,,2020,Biz-Well 성수,성수동1가,"3,000",성동구,5,35,9,19.08,,,33-21,11200,9
56,,2003,,,2020,성수동 뉴타운오피스텔,성수동1가,"15,500",성동구,5,0,9,31.6,,,72-69,11200,2
57,,2015,,,2020,위더스 빌,성수동1가,"26,460",성동구,5,0,9,43.41,,,33-23,11200,2
58,,2003,,,2020,성수동 뉴타운오피스텔,성수동1가,"2,000",성동구,5,60,9,31.6,,,72-69,11200,7
59,,2004,,,2020,이에스에이리버하우스,성수동1가,"4,000",성동구,5,70,11,39.15,,,13-12,11200,5
60,,2005,,,2020,뚝섬리버빌,성수동1가,"5,000",성동구,5,40,11,28.55,,,13-117,11200,3
61,,2005,,,2020,뚝섬리버빌,성수동1가,"2,000",성동구,5,60,12,29,,,13-117,11200,2
62,,2004,,,2020,이에스에이리버하우스,성수동1가,"15,000",성동구,5,30,16,39.15,,,13-12,11200,4
63,,2004,,,2020,Biz-Well 성수,성수동1가,"13,000",성동구,5,0,16,26.67,,,33-21,11200,3
64,,2018,,,2020,서울숲 프라임 알파,성수동1가,"40,000",성동구,5,7,16,59.18,,,13-120,11200,11
65,,2004,,,2020,Biz-Well 성수,성수동1가,"3,000",성동구,5,37,16,24.69,,,33-21,11200,7
66,,2018,,,2020,서울숲 프라임 알파,성수동1가,"2,000",성동구,5,150,19,59.18,,,13-120,11200,5
67,,2004,,,2020,성수 그린빌,성수동1가,"18,000",성동구,5,0,21,36,,,685-54,11200,8
68,,2004,,,2020,Biz-Well 성수,성수동1가,"3,000",성동구,5,37,22,24.69,,,33-21,11200,4
69,,2005,,,2020,뚝섬리버빌,성수동1가,"3,000",성동구,5,54,23,29,,,13-117,11200,3
70,,2004,,,2020,이에스에이리버하우스,성수동1가,"2,000",성동구,5,90,23,39.15,,,13-12,11200,3
71,,2018,,,2020,청호 서울숲 뜨레피움 오피스텔,성수동1가,"2,000",성동구,5,70,23,19.03,,,13-163,11200,4
72,,2004,,,2020,Biz-Well 성수,성수동1가,"3,000",성동구,5,37,23,24.69,,,33-21,11200,4
73,,2003,,,2020,성수동 뉴타운오피스텔,성수동1가,"5,000",성동구,5,40,25,30.81,,,72-69,11200,2
74,,2005,,,2020,뚝섬리버빌,성수동1가,"1,000",성동구,5,65,30,29,,,13-117,11200,4
75,,2003,,,2020,성수동 뉴타운오피스텔,성수동1가,"15,000",성동구,5,0,30,31.6,,,72-69,11200,3
76,,,,,2020,그루빌2차,성수동2가,"12,600",성동구,5,0,7,26.86,,,289-167,11200,2
77,,2017,,,2020,(299-134),성수동2가,"25,000",성동구,5,0,7,39.78,,,299-134,11200,6
78,,2003,,,2020,성원상떼뷰오피스텔,성수동2가,"1,000",성동구,5,60,11,28.08,,,277-37,11200,10
79,,2003,,,2020,성원상떼뷰오피스텔,성수동2가,"2,000",성동구,5,55,13,28.08,,,277-37,11200,10
80,,2003,,,2020,성원상떼뷰오피스텔,성수동2가,"2,000",성동구,5,53,18,28.08,,,277-37,11200,4
81,,,,,2020,성수리치빌,성수동2가,"15,500",성동구,5,0,23,27.09,,,299-175,11200,2
82,,2019,,,2020,테라타워,성수동2가,"24,000",성동구,5,0,23,20.28,,,299-242,11200,3
83,,2013,,,2020,성수동램킨중흥S클래스오피스텔,성수동2가,"1,000",성동구,5,55,25,18.33,,,277-101,11200,7
84,,2003,,,2020,성원상떼뷰오피스텔,성수동2가,"1,000",성동구,5,55,26,24.84,,,277-37,11200,8
85,,2003,,,2020,성원상떼뷰오피스텔,성수동2가,"2,000",성동구,5,50,27,28.08,,,277-37,11200,2
86,,2013,,,2020,성수동램킨중흥S클래스오피스텔,성수동2가,"3,000",성동구,5,45,28,18.33,,,277-101,11200,3
87,,2020,,,2020,The Mark,용답동,"25,000",성동구,5,0,6,32.77,,,228-8,11200,6
88,,2016,,,2020,서희스타힐스리버파크,용답동,"13,500",성동구,5,0,9,21.9,,,238-12,11200,9
89,,2020,,,2020,The Mark,용답동,"26,000",성동구,5,0,9,32.77,,,228-8,11200,8
90,,2016,,,2020,서희스타힐스리버파크,용답동,"1,000",성동구,5,53,9,21.95,,,238-12,11200,10
91,,2020,,,2020,The Mark,용답동,"26,000",성동구,5,0,12,32.77,,,228-8,11200,9
92,,2016,,,2020,서희스타힐스리버파크,용답동,"13,500",성동구,5,0,13,21.9,,,238-12,11200,4
93,,2016,,,2020,서희스타힐스리버파크,용답동,"13,000",성동구,5,0,16,19.88,,,238-12,11200,7
94,,2011,,,2020,오르세오피스텔,용답동,"1,000",성동구,5,60,19,33.2,,,238-2,11200,6
95,,2006,,,2020,신창비바패밀리,용답동,"5,500",성동구,5,80,20,65.95,,,232-1,11200,8
96,,2016,,,2020,서희스타힐스리버파크,용답동,"4,600",성동구,5,30,22,19.88,,,238-12,11200,12
97,,2016,,,2020,서희스타힐스리버파크,용답동,"11,000",성동구,5,0,25,20.21,,,238-12,11200,11
98,,2016,,,2020,서희스타힐스리버파크,용답동,"13,400",성동구,5,0,26,21.95,,,238-12,11200,11
99,,2016,,,2020,서희스타힐스리버파크,용답동,"14,000",성동구,5,0,29,21.95,,,238-12,11200,8
100,,2016,,,2020,서희스타힐스리버파크,용답동,"12,600",성동구,5,0,29,21.95,,,238-12,11200,10
101,,2016,,,2020,서희스타힐스리버파크,용답동,"13,500",성동구,5,0,30,20.21,,,238-12,11200,14
0,,2003,,,2020,노블리안,상왕십리동,"10,000",성동구,6,10,2,25.74,,,750,11200,13
1,,2003,,,2020,노블리안,상왕십리동,"15,000",성동구,6,0,4,30.81,,,750,11200,3
2,,2003,,,2020,노블리안,상왕십리동,"15,000",성동구,6,0,4,30.81,,,750,11200,8
3,,2003,,,2020,노블리안,상왕십리동,"15,000",성동구,6,0,5,30.81,,,750,11200,14
4,,2003,,,2020,노블리안,상왕십리동,"5,000",성동구,6,40,9,30.81,,,750,11200,15
5,,2003,,,2020,노블리안,상왕십리동,"4,000",성동구,6,40,12,30.81,,,750,11200,7
6,,2003,,,2020,노블리안,상왕십리동,"15,000",성동구,6,0,26,30.81,,,750,11200,7
7,,2003,,,2020,노블리안,상왕십리동,"10,000",성동구,6,0,30,25.74,,,750,11200,13
8,,2016,,,2020,센트라스,하왕십리동,"5,000",성동구,6,74,6,31.01,,,1070,11200,23
9,,2016,,,2020,센트라스,하왕십리동,"2,000",성동구,6,90,13,32.53,,,1070,11200,14
10,,2016,,,2020,센트라스,하왕십리동,"26,000",성동구,6,0,27,31.01,,,1070,11200,12
11,,2017,,,2020,한성아펠타워,도선동,"1,000",성동구,6,86,3,23.58,,,53,11200,10
12,,2020,,,2020,왕십리렉스프리미엄오피스텔,도선동,"1,000",성동구,6,75,4,18.63,,,257,11200,16
13,,2020,,,2020,왕십리렉스프리미엄오피스텔,도선동,"1,000",성동구,6,75,5,18.63,,,257,11200,18
14,,2020,,,2020,왕십리렉스프리미엄오피스텔,도선동,"20,000",성동구,6,0,7,18.63,,,257,11200,9
15,,2018,,,2020,W에비뉴타워,도선동,"1,000",성동구,6,80,8,23.32,,,46,11200,10
16,,2018,,,2020,렉스오피스텔,도선동,"14,500",성동구,6,0,9,25.32,,,268,11200,3
17,,2020,,,2020,왕십리렉스프리미엄오피스텔,도선동,"19,500",성동구,6,0,10,18.63,,,257,11200,9
18,,2020,,,2020,왕십리렉스프리미엄오피스텔,도선동,"20,000",성동구,6,0,11,18.63,,,257,11200,13
19,,2018,,,2020,렉스오피스텔,도선동,"18,000",성동구,6,0,11,20.35,,,268,11200,4
20,,2020,,,2020,왕십리렉스프리미엄오피스텔,도선동,"20,000",성동구,6,0,13,18.63,,,257,11200,14
21,,2020,,,2020,왕십리렉스프리미엄오피스텔,도선동,"20,000",성동구,6,0,13,18.63,,,257,11200,9
22,,2020,,,2020,왕십리렉스프리미엄오피스텔,도선동,"20,000",성동구,6,0,14,18.63,,,257,11200,7
23,,2014,,,2020,J&J빌딩,도선동,"18,500",성동구,6,0,14,29.1,,,276,11200,9
24,,2020,,,2020,왕십리렉스프리미엄오피스텔,도선동,"20,000",성동구,6,0,14,18.63,,,257,11200,18
25,,2020,,,2020,왕십리렉스프리미엄오피스텔,도선동,"20,000",성동구,6,0,15,18.63,,,257,11200,7
26,,2020,,,2020,왕십리렉스프리미엄오피스텔,도선동,"7,000",성동구,6,45,15,18.63,,,257,11200,11
27,,2018,,,2020,렉스오피스텔,도선동,"17,000",성동구,6,0,16,18.7,,,268,11200,11
28,,2017,,,2020,한성아펠타워,도선동,"1,000",성동구,6,90,17,23.58,,,53,11200,13
29,,2018,,,2020,렉스오피스텔,도선동,"17,800",성동구,6,0,19,20.35,,,268,11200,4
30,,2020,,,2020,왕십리렉스프리미엄오피스텔,도선동,"5,000",성동구,6,60,20,18.63,,,257,11200,14
31,,2020,,,2020,왕십리렉스프리미엄오피스텔,도선동,"19,000",성동구,6,0,20,18.63,,,257,11200,4
32,,2020,,,2020,왕십리렉스프리미엄오피스텔,도선동,"1,000",성동구,6,70,20,18.63,,,257,11200,9
33,,2020,,,2020,왕십리렉스프리미엄오피스텔,도선동,"21,000",성동구,6,0,20,18.63,,,257,11200,10
34,,2017,,,2020,한성아펠타워,도선동,"23,000",성동구,6,0,21,23.58,,,53,11200,4
35,,2020,,,2020,왕십리렉스프리미엄오피스텔,도선동,"18,500",성동구,6,0,22,18.63,,,257,11200,9
36,,2020,,,2020,왕십리렉스프리미엄오피스텔,도선동,"20,000",성동구,6,0,22,18.63,,,257,11200,5
37,,2020,,,2020,왕십리렉스프리미엄오피스텔,도선동,"20,000",성동구,6,0,22,18.63,,,257,11200,16
38,,2020,,,2020,왕십리렉스프리미엄오피스텔,도선동,"19,000",성동구,6,0,22,18.63,,,257,11200,6
39,,2020,,,2020,왕십리렉스프리미엄오피스텔,도선동,"5,000",성동구,6,50,24,18.63,,,257,11200,17
40,,2020,,,2020,왕십리렉스프리미엄오피스텔,도선동,"20,000",성동구,6,0,24,18.63,,,257,11200,4
41,,2020,,,2020,왕십리렉스프리미엄오피스텔,도선동,"20,000",성동구,6,0,25,18.63,,,257,11200,9
42,,2018,,,2020,렉스오피스텔,도선동,"3,000",성동구,6,59,25,20.35,,,268,11200,11
43,,2020,,,2020,왕십리렉스프리미엄오피스텔,도선동,"2,000",성동구,6,65,27,18.63,,,257,11200,10
44,,2018,,,2020,렉스오피스텔,도선동,"18,600",성동구,6,0,27,18.7,,,268,11200,2
45,,2020,,,2020,왕십리렉스프리미엄오피스텔,도선동,"10,000",성동구,6,35,27,18.63,,,257,11200,12
46,,2020,,,2020,왕십리렉스프리미엄오피스텔,도선동,"22,000",성동구,6,0,27,18.63,,,257,11200,7
47,,2018,,,2020,렉스오피스텔,도선동,"7,000",성동구,6,45,28,21.49,,,268,11200,2
48,,2020,,,2020,왕십리렉스프리미엄오피스텔,도선동,"3,000",성동구,6,65,29,18.63,,,257,11200,10
49,,2018,,,2020,렉스오피스텔,도선동,"19,000",성동구,6,0,29,20.35,,,268,11200,3
50,,2020,,,2020,왕십리렉스프리미엄오피스텔,도선동,"21,000",성동구,6,0,29,18.63,,,257,11200,18
51,,2020,,,2020,왕십리렉스프리미엄오피스텔,도선동,"10,000",성동구,6,35,29,18.63,,,257,11200,13
52,,2020,,,2020,왕십리렉스프리미엄오피스텔,도선동,"21,000",성동구,6,0,29,18.63,,,257,11200,8
53,,2018,,,2020,트레저힐스,마장동,"22,000",성동구,6,0,12,27.92,,,775-4,11200,2
54,,2018,,,2020,트레저힐스,마장동,"22,000",성동구,6,0,14,26.97,,,775-2,11200,4
55,,2012,,,2020,(777-3),마장동,"9,000",성동구,6,0,25,15.62,,,777-3,11200,6
56,,2006,,,2020,왕십리역이스타빌,행당동,"1,000",성동구,6,70,1,29.43,,,287-15,11200,10
57,,2014,,,2020,서울숲 더샵,행당동,"1,000",성동구,6,147,10,48.9,,,377,11200,4
58,,2006,,,2020,왕십리역이스타빌,행당동,"1,000",성동구,6,60,22,21.91,,,287-15,11200,10
59,,2006,,,2020,왕십리역이스타빌,행당동,"1,000",성동구,6,60,30,21.91,,,287-15,11200,8
60,,2002,,,2020,금호힐오피스텔,금호동1가,500,성동구,6,55,30,29.97,,,1755,11200,3
61,,2004,,,2020,성원상떼뷰,옥수동,"1,000",성동구,6,60,2,25.6,,,475,11200,2
62,,2004,,,2020,성원상떼뷰,옥수동,"12,500",성동구,6,0,10,27.01,,,475,11200,3
63,,2004,,,2020,성원상떼뷰,옥수동,"15,000",성동구,6,0,13,27.01,,,475,11200,10
64,,2004,,,2020,성원상떼뷰,옥수동,"1,000",성동구,6,60,29,25.6,,,475,11200,6
65,,2005,,,2020,뚝섬리버빌,성수동1가,"1,000",성동구,6,65,3,28.55,,,13-117,11200,4
66,,2003,,,2020,성수동 뉴타운오피스텔,성수동1가,"17,000",성동구,6,0,5,30.81,,,72-69,11200,4
67,,2004,,,2020,Biz-Well 성수,성수동1가,"3,000",성동구,6,35,5,24.69,,,33-21,11200,7
68,,2004,,,2020,Biz-Well 성수,성수동1가,"3,000",성동구,6,39,8,26.67,,,33-21,11200,5
69,,2003,,,2020,성수동 뉴타운오피스텔,성수동1가,"15,000",성동구,6,5,10,29.23,,,72-69,11200,8
70,,2015,,,2020,위더스 빌,성수동1가,"25,500",성동구,6,0,11,42.76,,,33-23,11200,10
71,,2004,,,2020,Biz-Well 성수,성수동1가,"3,000",성동구,6,39,11,26.67,,,33-21,11200,2
72,,2003,,,2020,성수동 뉴타운오피스텔,성수동1가,"16,000",성동구,6,0,13,29.23,,,72-69,11200,3
73,,2018,,,2020,서울숲 프라임 알파,성수동1가,"4,000",성동구,6,150,15,59.18,,,13-120,11200,5
74,,2004,,,2020,이에스에이리버하우스,성수동1가,"27,000",성동구,6,0,17,39.15,,,13-12,11200,5
75,,2004,,,2020,Biz-Well 성수,성수동1가,"3,000",성동구,6,35,20,24.69,,,33-21,11200,5
76,,2018,,,2020,서울숲 프라임 알파,성수동1가,"3,000",성동구,6,155,20,59.18,,,13-120,11200,9
77,,2005,,,2020,뚝섬리버빌,성수동1가,"1,000",성동구,6,55,22,20.64,,,13-117,11200,7
78,,2004,,,2020,Biz-Well 성수,성수동1가,"3,000",성동구,6,37,22,24.69,,,33-21,11200,4
79,,2003,,,2020,성수동 뉴타운오피스텔,성수동1가,"16,000",성동구,6,0,24,31.6,,,72-69,11200,10
80,,2013,,,2020,서울숲 다세대 오피스텔,성수동1가,"22,000",성동구,6,0,24,40.7,,,656-28,11200,6
81,,2019,,,2020,한스포레,성수동1가,"1,000",성동구,6,79,25,19.75,,,72-114,11200,3
82,,2004,,,2020,이에스에이리버하우스,성수동1가,"5,000",성동구,6,65,26,39.15,,,13-12,11200,6
83,,2003,,,2020,아트빌딩,성수동1가,"2,000",성동구,6,60,27,26.78,,,685-308,11200,6
84,,2004,,,2020,Biz-Well 성수,성수동1가,"3,000",성동구,6,35,27,19.08,,,33-21,11200,9
85,,2004,,,2020,Biz-Well 성수,성수동1가,"12,000",성동구,6,0,29,26.67,,,33-21,11200,8
86,,2003,,,2020,성수동 뉴타운오피스텔,성수동1가,"4,000",성동구,6,45,29,30.02,,,72-69,11200,5
87,,2003,,,2020,성원상떼뷰오피스텔,성수동2가,"3,000",성동구,6,45,11,24.84,,,277-37,11200,4
88,,2003,,,2020,성원상떼뷰오피스텔,성수동2가,"2,000",성동구,6,55,11,28.08,,,277-37,11200,11
89,,2003,,,2020,성원상떼뷰오피스텔,성수동2가,"1,000",성동구,6,60,15,28.08,,,277-37,11200,11
90,,2003,,,2020,성원상떼뷰오피스텔,성수동2가,"13,500",성동구,6,0,17,28.08,,,277-37,11200,7
91,,1998,,,2020,성수아카데미타워,성수동2가,"3,000",성동구,6,55,22,33.45,,,277-17,11200,12
92,,2017,,,2020,송보파인빌,성수동2가,"1,000",성동구,6,65,30,21.31,,,299-168,11200,2
93,,2020,,,2020,The Mark,용답동,"25,000",성동구,6,0,1,32.67,,,228-8,11200,7
94,,2016,,,2020,서희스타힐스리버파크,용답동,"13,000",성동구,6,0,2,20.21,,,238-12,11200,4
95,,2016,,,2020,서희스타힐스리버파크,용답동,"14,000",성동구,6,0,2,21.9,,,238-12,11200,2
96,,2016,,,2020,서희스타힐스리버파크,용답동,"6,000",성동구,6,24,4,21.9,,,238-12,11200,10
97,,2016,,,2020,서희스타힐스리버파크,용답동,"1,000",성동구,6,50,6,21.9,,,238-12,11200,9
98,,2016,,,2020,서희스타힐스리버파크,용답동,"4,000",성동구,6,35,10,21.9,,,238-12,11200,9
99,,2016,,,2020,서희스타힐스리버파크,용답동,"12,500",성동구,6,0,13,20.21,,,238-12,11200,15
100,,2016,,,2020,서희스타힐스리버파크,용답동,"11,500",성동구,6,0,13,20.21,,,238-12,11200,7
101,,2016,,,2020,서희스타힐스리버파크,용답동,"4,000",성동구,6,42,15,21.9,,,238-12,11200,9
102,,1985,,,2020,(233-8),용답동,"1,000",성동구,6,60,15,21.9,,,233-8,11200,9
103,,2016,,,2020,서희스타힐스리버파크,용답동,"14,500",성동구,6,0,16,21.9,,,238-12,11200,7
104,,2016,,,2020,서희스타힐스리버파크,용답동,"14,500",성동구,6,0,16,21.9,,,238-12,11200,9
105,,2016,,,2020,서희스타힐스리버파크,용답동,"3,000",성동구,6,45,17,21.9,,,238-12,11200,12
106,,2016,,,2020,서희스타힐스리버파크,용답동,"14,500",성동구,6,0,17,21.9,,,238-12,11200,12
107,,2013,,,2020,어반 오피스텔,용답동,"2,000",성동구,6,57,18,18.98,,,229-10,11200,4
108,,2016,,,2020,서희스타힐스리버파크,용답동,"1,000",성동구,6,44,18,20.21,,,238-12,11200,2
109,,2020,,,2020,The Mark,용답동,"25,000",성동구,6,0,19,32.67,,,228-8,11200,7
110,,2013,,,2020,어반 오피스텔,용답동,"2,000",성동구,6,59,22,20.46,,,229-10,11200,3
111,,2016,,,2020,서희스타힐스리버파크,용답동,"13,500",성동구,6,0,27,21.9,,,238-12,11200,13
112,,2016,,,2020,서희스타힐스리버파크,용답동,"11,500",성동구,6,10,27,21.9,,,238-12,11200,3
113,,2016,,,2020,서희스타힐스리버파크,용답동,"11,500",성동구,6,0,27,19.88,,,238-12,11200,6
114,,2016,,,2020,서희스타힐스리버파크,용답동,"12,000",성동구,6,0,28,20.21,,,238-12,11200,8
115,,2016,,,2020,서희스타힐스리버파크,용답동,"3,000",성동구,6,40,29,19.88,,,238-12,11200,10
0,,2003,,,2020,노블리안,상왕십리동,"15,000",성동구,7,0,8,30.81,,,750,11200,5
1,,2003,,,2020,노블리안,상왕십리동,"15,000",성동구,7,0,22,30.81,,,750,11200,10
2,,2003,,,2020,노블리안,상왕십리동,"15,000",성동구,7,0,23,30.81,,,750,11200,3
3,,2003,,,2020,노블리안,상왕십리동,"15,000",성동구,7,0,24,30.81,,,750,11200,12
4,,2017,,,2020,동인드림힐스,하왕십리동,"24,000",성동구,7,5,1,27.51,,,890-181,11200,14
5,,2016,,,2020,센트라스,하왕십리동,"24,000",성동구,7,0,2,31.01,,,1070,11200,21
6,,2017,,,2020,동인드림힐스,하왕십리동,"24,880",성동구,7,0,14,27.14,,,890-181,11200,10
7,,2016,,,2020,센트라스,하왕십리동,"27,000",성동구,7,0,14,31.01,,,1070,11200,23
8,,2016,,,2020,센트라스,하왕십리동,"1,000",성동구,7,95,29,32.53,,,1070,11200,12
9,,2009,,,2020,왕십리 모노퍼스 주상복합,하왕십리동,"20,000",성동구,7,0,30,38.67,,,286-2,11200,11
10,,2018,,,2020,비앤리베스텔,홍익동,"15,700",성동구,7,0,20,16.74,,,146-1,11200,6
11,,2020,,,2020,왕십리렉스프리미엄오피스텔,도선동,"12,000",성동구,7,40,1,18.63,,,257,11200,15
12,,2020,,,2020,왕십리렉스프리미엄오피스텔,도선동,"22,000",성동구,7,0,1,18.63,,,257,11200,14
13,,2020,,,2020,왕십리렉스프리미엄오피스텔,도선동,"23,000",성동구,7,0,1,18.63,,,257,11200,12
14,,2020,,,2020,왕십리렉스프리미엄오피스텔,도선동,"38,500",성동구,7,0,7,37.34,,,257,11200,17
15,,1998,,,2020,신한넥스텔,도선동,500,성동구,7,45,8,19.63,,,14,11200,13
16,,2018,,,2020,렉스오피스텔,도선동,"1,000",성동구,7,70,8,21.49,,,268,11200,10
17,,2020,,,2020,왕십리렉스프리미엄오피스텔,도선동,"34,000",성동구,7,0,8,37.34,,,257,11200,18
18,,2020,,,2020,왕십리렉스프리미엄오피스텔,도선동,"1,000",성동구,7,75,8,18.63,,,257,11200,9
19,,2020,,,2020,왕십리렉스프리미엄오피스텔,도선동,"22,000",성동구,7,0,8,18.63,,,257,11200,13
20,,2018,,,2020,W에비뉴타워,도선동,"22,000",성동구,7,0,11,23.32,,,46,11200,8
21,,2018,,,2020,렉스오피스텔,도선동,"8,000",성동구,7,36,11,21.27,,,268,11200,8
22,,2020,,,2020,왕십리렉스프리미엄오피스텔,도선동,"1,000",성동구,7,80,14,18.63,,,257,11200,16
23,,2020,,,2020,왕십리렉스프리미엄오피스텔,도선동,"3,000",성동구,7,70,15,18.63,,,257,11200,16
24,,2020,,,2020,왕십리렉스프리미엄오피스텔,도선동,"22,000",성동구,7,0,18,18.63,,,257,11200,6
25,,2020,,,2020,왕십리렉스프리미엄오피스텔,도선동,"21,000",성동구,7,0,18,18.63,,,257,11200,11
26,,2020,,,2020,왕십리렉스프리미엄오피스텔,도선동,"1,000",성동구,7,70,21,18.63,,,257,11200,12
27,,2020,,,2020,왕십리렉스프리미엄오피스텔,도선동,"15,000",성동구,7,0,21,18.63,,,257,11200,5
28,,2020,,,2020,왕십리렉스프리미엄오피스텔,도선동,"2,000",성동구,7,70,22,18.63,,,257,11200,13
29,,2020,,,2020,왕십리렉스프리미엄오피스텔,도선동,"10,000",성동구,7,35,23,18.63,,,257,11200,4
30,,2020,,,2020,왕십리렉스프리미엄오피스텔,도선동,"5,000",성동구,7,55,23,18.63,,,257,11200,9
31,,2020,,,2020,왕십리렉스프리미엄오피스텔,도선동,"10,000",성동구,7,35,23,18.63,,,257,11200,4
32,,2018,,,2020,렉스오피스텔,도선동,"20,000",성동구,7,0,23,20.35,,,268,11200,6
33,,2020,,,2020,왕십리렉스프리미엄오피스텔,도선동,"22,000",성동구,7,0,26,18.63,,,257,11200,11
34,,2018,,,2020,렉스오피스텔,도선동,"20,000",성동구,7,0,29,21.27,,,268,11200,4
35,,2020,,,2020,왕십리렉스프리미엄오피스텔,도선동,"22,000",성동구,7,0,30,18.63,,,257,11200,7
36,,2018,,,2020,트레저힐스,마장동,"20,000",성동구,7,0,6,24.65,,,775-4,11200,4
37,,2012,,,2020,(777-3),마장동,"8,400",성동구,7,0,22,15.54,,,777-3,11200,4
38,,2004,,,2020,성동샤르망,행당동,"13,000",성동구,7,0,7,24.84,,,192-29,11200,8
39,,2004,,,2020,성동샤르망,행당동,"3,800",성동구,7,40,11,24.84,,,192-29,11200,4
40,,2004,,,2020,성동샤르망,행당동,"1,000",성동구,7,60,23,24.84,,,192-29,11200,10
41,,2003,,,2020,재호예향빌,금호동4가,"8,500",성동구,7,0,22,23.33,,,1028,11200,2
42,,2004,,,2020,성원상떼뷰,옥수동,"14,000",성동구,7,0,14,27.01,,,475,11200,6
43,,2004,,,2020,성원상떼뷰,옥수동,"1,000",성동구,7,75,29,27.01,,,475,11200,12
44,,2004,,,2020,성원상떼뷰,옥수동,"5,000",성동구,7,50,31,28,,,475,11200,13
45,,2004,,,2020,이에스에이리버하우스,성수동1가,"16,000",성동구,7,50,3,63.74,,,13-12,11200,5
46,,2019,,,2020,한스포레,성수동1가,"1,000",성동구,7,92,3,24.13,,,72-114,11200,6
47,,2004,,,2020,Biz-Well 성수,성수동1가,"3,000",성동구,7,39,4,26.67,,,33-21,11200,3
48,,2019,,,2020,한스포레,성수동1가,"3,000",성동구,7,82,4,23.49,,,72-114,11200,6
49,,2018,,,2020,서울숲 프라임 알파,성수동1가,"40,950",성동구,7,0,4,59.18,,,13-120,11200,7
50,,,,,2020,성수리치빌,성수동1가,"16,800",성동구,7,0,4,28.85,,,656-572,11200,2
51,,2019,,,2020,EPISODE Seong Su 121,성수동1가,"1,000",성동구,7,94,4,17.17,,,26-3,11200,8
52,,2004,,,2020,이에스에이리버하우스,성수동1가,"36,000",성동구,7,0,6,63.74,,,13-12,11200,5
53,,2004,,,2020,성수 그린빌,성수동1가,"18,000",성동구,7,0,8,34.59,,,685-54,11200,5
54,,2003,,,2020,성수동 뉴타운오피스텔,성수동1가,"15,430",성동구,7,0,8,31.6,,,72-69,11200,7
55,,2018,,,2020,서울숲 프라임 알파,성수동1가,"39,900",성동구,7,0,11,59.18,,,13-120,11200,7
56,,2018,,,2020,서울숲 프라임 알파,성수동1가,"40,900",성동구,7,0,12,59.18,,,13-120,11200,9
57,,2003,,,2020,아트빌딩,성수동1가,"1,000",성동구,7,60,16,26.9,,,685-308,11200,8
58,,2019,,,2020,한스포레,성수동1가,"1,000",성동구,7,81,21,19.75,,,72-114,11200,6
59,,2004,,,2020,Biz-Well 성수,성수동1가,"1,000",성동구,7,60,24,26.67,,,33-21,11200,7
60,,2018,,,2020,서울숲 프라임 베타,성수동1가,"29,999",성동구,7,38,25,59.18,,,13-493,11200,11
61,,2019,,,2020,EPISODE Seong Su 121,성수동1가,"3,000",성동구,7,87,27,17.17,,,26-3,11200,8
62,,2019,,,2020,한스포레,성수동1가,"1,000",성동구,7,89,29,23.49,,,72-114,11200,3
63,,2018,,,2020,청호 서울숲 뜨레피움 오피스텔,성수동1가,"19,000",성동구,7,0,31,19.03,,,13-163,11200,3
64,,,,,2020,주건축물제1동,성수동2가,"15,750",성동구,7,0,2,29.8,,,299-177,11200,2
65,,2003,,,2020,성원상떼뷰오피스텔,성수동2가,"2,000",성동구,7,52,6,28.08,,,277-37,11200,11
66,,1998,,,2020,성수아카데미타워,성수동2가,"14,000",성동구,7,0,9,33.45,,,277-17,11200,14
67,,2003,,,2020,성원상떼뷰오피스텔,성수동2가,"2,000",성동구,7,55,9,28.08,,,277-37,11200,10
68,,2013,,,2020,성수동램킨중흥S클래스오피스텔,성수동2가,"1,000",성동구,7,57,11,18.33,,,277-101,11200,8
69,,2013,,,2020,성수동램킨중흥S클래스오피스텔,성수동2가,"1,000",성동구,7,55,14,18.33,,,277-101,11200,2
70,,2017,,,2020,(299-134),성수동2가,"25,000",성동구,7,0,14,40.2,,,299-134,11200,3
71,,2003,,,2020,성원상떼뷰오피스텔,성수동2가,"12,000",성동구,7,0,25,24.84,,,277-37,11200,4
72,,2003,,,2020,성원상떼뷰오피스텔,성수동2가,"2,000",성동구,7,50,31,24.84,,,277-37,11200,11
73,,2003,,,2020,송정동센스빌오피스텔,송정동,"12,000",성동구,7,15,12,30.92,,,81-16,11200,4
74,,2016,,,2020,서희스타힐스리버파크,용답동,"10,990",성동구,7,0,4,20.21,,,238-12,11200,4
75,,2016,,,2020,서희스타힐스리버파크,용답동,"13,500",성동구,7,0,4,20.21,,,238-12,11200,7
76,,2016,,,2020,서희스타힐스리버파크,용답동,"13,500",성동구,7,0,5,21.9,,,238-12,11200,10
77,,2011,,,2020,오르세오피스텔,용답동,"16,000",성동구,7,0,8,42.3,,,238-2,11200,2
78,,2016,,,2020,서희스타힐스리버파크,용답동,"14,000",성동구,7,0,8,21.9,,,238-12,11200,8
79,,2020,,,2020,The Mark,용답동,"25,000",성동구,7,0,11,33.25,,,228-8,11200,7
80,,2016,,,2020,서희스타힐스리버파크,용답동,"2,000",성동구,7,45,11,20.21,,,238-12,11200,13
81,,2013,,,2020,어반 오피스텔,용답동,"2,000",성동구,7,59,11,20.46,,,229-10,11200,3
82,,2016,,,2020,서희스타힐스리버파크,용답동,"1,000",성동구,7,52,11,21.9,,,238-12,11200,13
83,,2016,,,2020,서희스타힐스리버파크,용답동,"11,000",성동구,7,0,14,21.9,,,238-12,11200,3
84,,2016,,,2020,서희스타힐스리버파크,용답동,"12,800",성동구,7,0,17,21.9,,,238-12,11200,2
85,,2016,,,2020,서희스타힐스리버파크,용답동,"13,500",성동구,7,0,17,19.88,,,238-12,11200,5
86,,2016,,,2020,서희스타힐스리버파크,용답동,"1,000",성동구,7,55,20,21.95,,,238-12,11200,13
87,,2013,,,2020,어반 오피스텔,용답동,"2,000",성동구,7,57,24,18.98,,,229-10,11200,2
88,,2016,,,2020,서희스타힐스리버파크,용답동,"13,300",성동구,7,0,25,20.21,,,238-12,11200,11
89,,2016,,,2020,서희스타힐스리버파크,용답동,"14,500",성동구,7,0,25,21.9,,,238-12,11200,8
90,,2016,,,2020,서희스타힐스리버파크,용답동,500,성동구,7,55,25,20.21,,,238-12,11200,12
91,,2016,,,2020,서희스타힐스리버파크,용답동,"11,100",성동구,7,0,27,19.88,,,238-12,11200,9
92,,2016,,,2020,서희스타힐스리버파크,용답동,"11,000",성동구,7,0,27,20.21,,,238-12,11200,9
93,,2016,,,2020,서희스타힐스리버파크,용답동,500,성동구,7,55,29,20.21,,,238-12,11200,5
94,,2016,,,2020,서희스타힐스리버파크,용답동,"14,000",성동구,7,0,29,21.9,,,238-12,11200,15
95,,2016,,,2020,서희스타힐스리버파크,용답동,"14,000",성동구,7,0,29,21.9,,,238-12,11200,7
96,,2016,,,2020,서희스타힐스리버파크,용답동,"14,000",성동구,7,0,29,21.9,,,238-12,11200,11
97,,2016,,,2020,서희스타힐스리버파크,용답동,"12,000",성동구,7,0,31,21.9,,,238-12,11200,7
0,,2003,,,2020,노블리안,상왕십리동,"15,000",성동구,8,0,3,30.81,,,750,11200,7
1,,2003,,,2020,노블리안,상왕십리동,"15,000",성동구,8,0,4,30.81,,,750,11200,11
2,,2003,,,2020,노블리안,상왕십리동,"15,000",성동구,8,0,8,30.81,,,750,11200,9
3,,2003,,,2020,노블리안,상왕십리동,"12,600",성동구,8,0,14,30.81,,,750,11200,2
4,,2003,,,2020,노블리안,상왕십리동,"15,000",성동구,8,0,14,30.81,,,750,11200,3
5,,2003,,,2020,노블리안,상왕십리동,"15,000",성동구,8,0,14,30.81,,,750,11200,2
6,,2003,,,2020,노블리안,상왕십리동,"16,000",성동구,8,0,31,30.81,,,750,11200,15
7,,2016,,,2020,센트라스,하왕십리동,"28,000",성동구,8,0,1,32.53,,,1070,11200,20
8,,2016,,,2020,센트라스,하왕십리동,"21,000",성동구,8,0,3,29.16,,,1070,11200,21
9,,2005,,,2020,동인 레반트 오피스텔,하왕십리동,"4,000",성동구,8,50,3,27.54,,,903-3,11200,3
10,,2016,,,2020,센트라스,하왕십리동,"28,000",성동구,8,0,7,31.01,,,1070,11200,23
11,,2016,,,2020,센트라스,하왕십리동,"25,800",성동구,8,0,8,32.53,,,1070,11200,9
12,,2011,,,2020,리오파크 오피스텔,하왕십리동,"13,000",성동구,8,0,8,22.82,,,898-2,11200,9
13,,2017,,,2020,동인드림힐스,하왕십리동,"10,000",성동구,8,60,8,27.14,,,890-181,11200,7
14,,2005,,,2020,동인 레반트 오피스텔,하왕십리동,"16,000",성동구,8,0,12,30.32,,,903-3,11200,3
15,,2005,,,2020,동인 레반트 오피스텔,하왕십리동,"1,000",성동구,8,65,12,27.54,,,903-3,11200,9
16,,2011,,,2020,리오파크 오피스텔,하왕십리동,"7,000",성동구,8,30,18,24.07,,,898-2,11200,9
17,,2016,,,2020,센트라스,하왕십리동,"23,200",성동구,8,0,20,29.16,,,1070,11200,19
18,,2017,,,2020,동인드림힐스,하왕십리동,"15,700",성동구,8,0,21,19.24,,,890-181,11200,7
19,,2017,,,2020,동인드림힐스,하왕십리동,"15,750",성동구,8,0,21,19.24,,,890-181,11200,7
20,,2016,,,2020,센트라스,하왕십리동,"24,100",성동구,8,0,22,32.53,,,1070,11200,19
21,,2017,,,2020,동인드림힐스,하왕십리동,"25,000",성동구,8,0,23,27.51,,,890-181,11200,12
22,,2005,,,2020,동인 레반트 오피스텔,하왕십리동,"1,000",성동구,8,65,25,27.54,,,903-3,11200,8
23,,2016,,,2020,센트라스,하왕십리동,"23,570",성동구,8,0,29,32.53,,,1070,11200,16
24,,2020,,,2020,왕십리렉스프리미엄오피스텔,도선동,"10,000",성동구,8,45,1,18.63,,,257,11200,17
25,,2020,,,2020,왕십리렉스프리미엄오피스텔,도선동,"22,500",성동구,8,0,3,18.63,,,257,11200,18
26,,2020,,,2020,왕십리렉스프리미엄오피스텔,도선동,"10,000",성동구,8,42,4,18.63,,,257,11200,5
27,,2018,,,2020,W에비뉴타워,도선동,"18,900",성동구,8,0,6,23.32,,,46,11200,12
28,,2020,,,2020,왕십리렉스프리미엄오피스텔,도선동,"5,000",성동구,8,100,7,37.34,,,257,11200,12
29,,2020,,,2020,왕십리렉스프리미엄오피스텔,도선동,"5,000",성동구,8,55,7,18.63,,,257,11200,4
30,,2018,,,2020,렉스오피스텔,도선동,"1,000",성동구,8,70,8,20.35,,,268,11200,7
31,,2020,,,2020,왕십리렉스프리미엄오피스텔,도선동,"5,000",성동구,8,55,12,18.63,,,257,11200,8
32,,2020,,,2020,왕십리렉스프리미엄오피스텔,도선동,"1,000",성동구,8,80,12,18.63,,,257,11200,15
33,,2017,,,2020,한성아펠타워,도선동,"1,000",성동구,8,90,12,23.61,,,53,11200,10
34,,2020,,,2020,왕십리렉스프리미엄오피스텔,도선동,"22,500",성동구,8,0,12,18.63,,,257,11200,13
35,,2018,,,2020,렉스오피스텔,도선동,"18,000",성동구,8,0,17,21.27,,,268,11200,7
36,,2018,,,2020,W에비뉴타워,도선동,"1,000",성동구,8,75,21,23.32,,,46,11200,9
37,,2020,,,2020,왕십리렉스프리미엄오피스텔,도선동,"39,000",성동구,8,0,22,37.34,,,257,11200,15
38,,2020,,,2020,왕십리렉스프리미엄오피스텔,도선동,"22,000",성동구,8,0,24,18.63,,,257,11200,8
39,,2020,,,2020,왕십리렉스프리미엄오피스텔,도선동,"21,000",성동구,8,0,27,18.63,,,257,11200,4
40,,2018,,,2020,W에비뉴타워,도선동,"37,800",성동구,8,0,31,48.31,,,46,11200,15
41,,2018,,,2020,트레저힐스,마장동,"22,000",성동구,8,0,4,24.65,,,775-4,11200,2
42,,2010,,,2020,고운타워,마장동,500,성동구,8,44,18,24.15,,,474-5,11200,5
43,,2007,,,2020,마장동청계아르테미스,마장동,"15,000",성동구,8,0,21,39.36,,,778-5,11200,6
44,,2012,,,2020,(777-3),마장동,"8,400",성동구,8,0,25,15.54,,,777-3,11200,3
45,,2012,,,2020,(777-3),마장동,"9,450",성동구,8,0,29,15.54,,,777-3,11200,7
46,,2006,,,2020,왕십리역이스타빌,행당동,"1,000",성동구,8,75,4,30.78,,,287-15,11200,10
47,,2004,,,2020,성동샤르망,행당동,"1,000",성동구,8,60,6,24.84,,,192-29,11200,9
48,,2006,,20.08~21.08,2020,왕십리역이스타빌,행당동,"1,000",성동구,8,65,15,26.22,,,287-15,11200,12
49,,2020,,,2020,1동,행당동,"5,000",성동구,8,40,21,17.27,,,292-28,11200,4
50,,2020,,,2020,1동,행당동,"13,000",성동구,8,0,21,13.81,,,292-28,11200,4
51,,2020,,,2020,1동,행당동,"8,000",성동구,8,25,25,13.81,,,292-28,11200,5
52,,2018,,,2020,왕십리 큐브스테이트,행당동,"15,750",성동구,8,0,27,16.37,,,286-25,11200,5
53,,2006,,,2020,왕십리역이스타빌,행당동,"1,000",성동구,8,65,28,21.91,,,287-15,11200,11
54,,2018,,,2020,왕십리 큐브스테이트,행당동,"16,800",성동구,8,0,29,16.33,,,286-25,11200,7
55,,2018,,,2020,왕십리 큐브스테이트,행당동,"15,225",성동구,8,0,29,16.53,,,286-25,11200,4
56,,2020,,,2020,1동,행당동,"13,000",성동구,8,0,31,13.81,,,292-28,11200,3
57,,2004,,,2020,성원상떼뷰,옥수동,"15,000",성동구,8,0,2,27.01,,,475,11200,4
58,,2004,,,2020,성원상떼뷰,옥수동,"15,000",성동구,8,0,20,27.01,,,475,11200,10
59,,2004,,,2020,성원상떼뷰,옥수동,"5,000",성동구,8,50,25,30.75,,,475,11200,9
60,,2019,,,2020,EPISODE Seong Su 121,성수동1가,"1,000",성동구,8,97,1,17.4,,,26-3,11200,7
61,,2019,,,2020,한스포레,성수동1가,"3,000",성동구,8,70,1,19.75,,,72-114,11200,4
62,,2004,,,2020,이에스에이리버하우스,성수동1가,"1,000",성동구,8,95,1,39.15,,,13-12,11200,11
63,,2004,,,2020,Biz-Well 성수,성수동1가,"3,000",성동구,8,39,1,26.67,,,33-21,11200,6
64,,2013,,,2020,서울숲오피스텔,성수동1가,"26,500",성동구,8,0,4,49.16,,,656-392,11200,5
65,,2005,,,2020,뚝섬리버빌,성수동1가,"1,000",성동구,8,68,4,30.36,,,13-117,11200,3
66,,2004,,,2020,이에스에이리버하우스,성수동1가,"25,000",성동구,8,0,4,39.15,,,13-12,11200,6
67,,2005,,,2020,뚝섬리버빌,성수동1가,"16,300",성동구,8,0,6,29,,,13-117,11200,6
68,,,,,2020,서울숲한양리버,성수동1가,"24,000",성동구,8,0,6,37.17,,,656-1170,11200,2
69,,2004,,,2020,Biz-Well 성수,성수동1가,"1,000",성동구,8,57,7,24.69,,,33-21,11200,3
70,,2018,,,2020,서울숲 프라임 알파,성수동1가,"40,635",성동구,8,0,8,59.18,,,13-120,11200,7
71,,2004,,,2020,Biz-Well 성수,성수동1가,"3,000",성동구,8,39,10,26.67,,,33-21,11200,7
72,,2003,,,2020,성수동 뉴타운오피스텔,성수동1가,"15,000",성동구,8,0,10,29.23,,,72-69,11200,4
73,,2004,,,2020,Biz-Well 성수,성수동1가,"3,000",성동구,8,39,11,26.67,,,33-21,11200,3
74,,2018,,,2020,서울숲 프라임 알파,성수동1가,"39,900",성동구,8,0,12,59.18,,,13-120,11200,6
75,,2004,,,2020,이에스에이리버하우스,성수동1가,"35,000",성동구,8,0,13,63.74,,,13-12,11200,2
76,,2004,,,2020,Biz-Well 성수,성수동1가,"3,000",성동구,8,39,15,26.67,,,33-21,11200,2
77,,2003,,,2020,성수동 뉴타운오피스텔,성수동1가,"3,000",성동구,8,55,18,29.23,,,72-69,11200,8
78,,2005,,,2020,뚝섬리버빌,성수동1가,"1,000",성동구,8,65,19,28.55,,,13-117,11200,4
79,,2004,,,2020,이에스에이리버하우스,성수동1가,"6,000",성동구,8,100,21,63.74,,,13-12,11200,12
80,,2004,,,2020,Biz-Well 성수,성수동1가,"3,000",성동구,8,39,25,26.67,,,33-21,11200,6
81,,2017,,,2020,뚝섬리치빌A동,성수동1가,"19,500",성동구,8,0,26,20.51,,,656-1041,11200,2
82,,2004,,,2020,이에스에이리버하우스,성수동1가,"5,000",성동구,8,70,29,39.15,,,13-12,11200,6
83,,2013,,,2020,성수동램킨중흥S클래스오피스텔,성수동2가,"1,000",성동구,8,55,13,18.33,,,277-101,11200,4
84,,2019,,,2020,테라타워,성수동2가,"23,000",성동구,8,0,13,18.98,,,299-242,11200,3
85,,2019,,,2020,테라타워,성수동2가,"24,000",성동구,8,0,15,20.28,,,299-242,11200,3
86,,2019,,,2020,테라타워,성수동2가,"23,000",성동구,8,0,17,18.98,,,299-242,11200,3
87,,2003,,,2020,성원상떼뷰오피스텔,성수동2가,"13,500",성동구,8,0,20,28.08,,,277-37,11200,11
88,,2013,,,2020,성수동램킨중흥S클래스오피스텔,성수동2가,"1,000",성동구,8,55,21,18.33,,,277-101,11200,3
89,,2003,,,2020,성원상떼뷰오피스텔,성수동2가,"1,000",성동구,8,55,22,24.84,,,277-37,11200,5
90,,,,,2020,(299-105),성수동2가,"12,300",성동구,8,0,25,29.27,,,299-105,11200,2
91,,2003,,,2020,성원상떼뷰오피스텔,성수동2가,"10,000",성동구,8,17,26,28.08,,,277-37,11200,7
92,,2019,,,2020,테라타워,성수동2가,"24,500",성동구,8,0,27,20.28,,,299-242,11200,4
93,,1991,,,2020,삼호오피스텔,용답동,"6,000",성동구,8,0,1,26.95,,,236-5,11200,9
94,,2016,,,2020,서희스타힐스리버파크,용답동,500,성동구,8,53,1,20.21,,,238-12,11200,2
95,,2020,,,2020,The Mark,용답동,"26,000",성동구,8,0,3,33.25,,,228-8,11200,9
96,,2016,,,2020,서희스타힐스리버파크,용답동,"14,000",성동구,8,0,6,21.9,,,238-12,11200,10
97,,2016,,,2020,서희스타힐스리버파크,용답동,"13,500",성동구,8,0,6,19.88,,,238-12,11200,8
98,,2020,,,2020,The Mark,용답동,"26,000",성동구,8,0,6,33.58,,,228-8,11200,8
99,,2006,,,2020,신창비바패밀리,용답동,"20,000",성동구,8,20,8,56.17,,,232-1,11200,7
100,,2016,,,2020,서희스타힐스리버파크,용답동,500,성동구,8,60,8,21.9,,,238-12,11200,6
101,,2016,,,2020,서희스타힐스리버파크,용답동,"13,200",성동구,8,0,9,20.21,,,238-12,11200,12
102,,2013,,,2020,어반 오피스텔,용답동,"2,000",성동구,8,59,9,20.46,,,229-10,11200,3
103,,2013,,,2020,어반 오피스텔,용답동,"1,000",성동구,8,53,10,20.46,,,229-10,11200,9
104,,2016,,,2020,서희스타힐스리버파크,용답동,"13,500",성동구,8,0,11,21.9,,,238-12,11200,2
105,,2016,,,2020,서희스타힐스리버파크,용답동,"13,200",성동구,8,0,11,21.9,,,238-12,11200,3
106,,2016,,,2020,서희스타힐스리버파크,용답동,"14,100",성동구,8,0,11,21.9,,,238-12,11200,15
107,,2020,,,2020,The Mark,용답동,"25,000",성동구,8,0,11,32.67,,,228-8,11200,4
108,,1991,,,2020,삼호오피스텔,용답동,500,성동구,8,35,13,26.95,,,236-5,11200,3
109,,2016,,,2020,서희스타힐스리버파크,용답동,"13,000",성동구,8,0,17,20.21,,,238-12,11200,5
110,,2016,,,2020,서희스타힐스리버파크,용답동,"4,000",성동구,8,35,17,20.21,,,238-12,11200,13
111,,2016,,,2020,서희스타힐스리버파크,용답동,500,성동구,8,58,19,20.21,,,238-12,11200,13
112,,2016,,,2020,서희스타힐스리버파크,용답동,"3,000",성동구,8,45,22,21.9,,,238-12,11200,7
113,,2020,,,2020,The Mark,용답동,"25,000",성동구,8,0,26,32.77,,,228-8,11200,4
114,,2016,,,2020,서희스타힐스리버파크,용답동,"4,600",성동구,8,32,26,19.88,,,238-12,11200,12
115,,2016,,,2020,서희스타힐스리버파크,용답동,"14,500",성동구,8,0,29,21.9,,,238-12,11200,8
116,,2016,,,2020,서희스타힐스리버파크,용답동,"14,500",성동구,8,0,29,21.9,,,238-12,11200,12
117,,2016,,,2020,서희스타힐스리버파크,용답동,"13,500",성동구,8,0,31,21.9,,,238-12,11200,8
0,,2003,,,2020,노블리안,상왕십리동,"6,000",성동구,9,40,3,30.81,,,750,11200,15
1,,2003,,,2020,노블리안,상왕십리동,"16,000",성동구,9,0,3,30.81,,,750,11200,8
2,,2003,,,2020,노블리안,상왕십리동,"15,000",성동구,9,0,4,30.81,,,750,11200,8
3,,2003,,,2020,노블리안,상왕십리동,"14,700",성동구,9,0,10,30.81,,,750,11200,4
4,,2003,,,2020,노블리안,상왕십리동,"10,500",성동구,9,0,11,25.74,,,750,11200,4
5,,2003,,,2020,노블리안,상왕십리동,"14,000",성동구,9,0,11,25.74,,,750,11200,8
6,,2003,,,2020,노블리안,상왕십리동,"16,000",성동구,9,0,15,30.81,,,750,11200,2
7,,2003,,,2020,노블리안,상왕십리동,"13,600",성동구,9,0,15,30.81,,,750,11200,2
8,,2003,,,2020,노블리안,상왕십리동,"16,000",성동구,9,0,18,30.81,,,750,11200,3
9,,2003,,,2020,노블리안,상왕십리동,"16,000",성동구,9,0,21,30.81,,,750,11200,10
10,,2003,,,2020,노블리안,상왕십리동,"16,000",성동구,9,0,29,30.81,,,750,11200,7
11,,2005,,,2020,동인 레반트 오피스텔,하왕십리동,"16,000",성동구,9,0,5,30.32,,,903-3,11200,4
12,,2016,,,2020,센트라스,하왕십리동,"1,000",성동구,9,95,9,32.53,,,1070,11200,15
13,,2017,,,2020,동인드림힐스,하왕십리동,"18,000",성동구,9,0,11,19.24,,,890-181,11200,12
14,,2016,,,2020,센트라스,하왕십리동,"25,000",성동구,9,7,12,32.53,,,1070,11200,10
15,,2016,,,2020,센트라스,하왕십리동,"28,000",성동구,9,0,12,31.01,,,1070,11200,18
16,,2017,,,2020,동인드림힐스,하왕십리동,"18,700",성동구,9,0,16,19.24,,,890-181,11200,13
17,,2016,,,2020,센트라스,하왕십리동,"10,000",성동구,9,51,19,31.01,,,1070,11200,13
18,,2016,,,2020,센트라스,하왕십리동,"28,000",성동구,9,0,21,31.01,,,1070,11200,13
19,,2016,,,2020,센트라스,하왕십리동,"10,000",성동구,9,60,24,32.53,,,1070,11200,9
20,,2018,,,2020,비앤리베스텔,홍익동,"15,700",성동구,9,0,19,16.74,,,146-1,11200,7
21,,2018,,,2020,비앤리베스텔,홍익동,"14,700",성동구,9,0,26,18.39,,,146-1,11200,3
22,,2018,,,2020,비앤리베스텔,홍익동,"15,700",성동구,9,0,26,18.39,,,146-1,11200,5
23,,2018,,,2020,비앤리베스텔,홍익동,"15,700",성동구,9,0,26,16.74,,,146-1,11200,9
24,,2020,,,2020,왕십리렉스프리미엄오피스텔,도선동,"22,000",성동구,9,0,1,18.63,,,257,11200,14
25,,2020,,,2020,왕십리렉스프리미엄오피스텔,도선동,"23,000",성동구,9,0,3,18.63,,,257,11200,14
26,,2018,,,2020,렉스오피스텔,도선동,"1,000",성동구,9,60,4,21.37,,,268,11200,12
27,,2020,,,2020,왕십리렉스프리미엄오피스텔,도선동,"24,000",성동구,9,0,7,18.63,,,257,11200,11
28,,1998,,,2020,신한넥스텔,도선동,"14,000",성동구,9,0,8,39.26,,,14,11200,8
29,,2018,,,2020,W에비뉴타워,도선동,"21,000",성동구,9,0,8,23.32,,,46,11200,13
30,,2020,,,2020,왕십리렉스프리미엄오피스텔,도선동,"2,000",성동구,9,75,10,18.63,,,257,11200,18
31,,2018,,,2020,렉스오피스텔,도선동,"16,800",성동구,9,0,12,20.35,,,268,11200,4
32,,2020,,,2020,왕십리렉스프리미엄오피스텔,도선동,"23,000",성동구,9,0,18,18.63,,,257,11200,16
33,,2014,,,2020,J&J빌딩,도선동,"16,485",성동구,9,0,18,29.8,,,276,11200,6
34,,2014,,,2020,J&J빌딩,도선동,"16,590",성동구,9,0,18,29.8,,,276,11200,6
35,,2017,,,2020,한성아펠타워,도선동,"7,000",성동구,9,52,18,23.58,,,53,11200,4
36,,2020,,,2020,왕십리렉스프리미엄오피스텔,도선동,"1,000",성동구,9,75,19,18.63,,,257,11200,9
37,,2018,,,2020,렉스오피스텔,도선동,"15,700",성동구,9,0,19,18.7,,,268,11200,7
38,,2017,,,2020,한성아펠타워,도선동,"1,000",성동구,9,90,26,23.58,,,53,11200,12
39,,2020,,,2020,왕십리렉스프리미엄오피스텔,도선동,"12,000",성동구,9,40,26,18.63,,,257,11200,15
40,,2017,,,2020,한성아펠타워,도선동,"1,000",성동구,9,80,26,23.58,,,53,11200,6
41,,2012,,,2020,(777-3),마장동,"9,450",성동구,9,0,7,15.54,,,777-3,11200,7
42,,2018,,,2020,트레저힐스,마장동,"24,000",성동구,9,0,9,29.17,,,775-4,11200,2
43,,2012,,,2020,(777-3),마장동,"9,000",성동구,9,0,28,15.54,,,777-3,11200,6
44,,2006,,,2020,왕십리역이스타빌,행당동,"1,000",성동구,9,75,14,29.43,,,287-15,11200,10
45,,2018,,,2020,왕십리 큐브스테이트,행당동,"18,000",성동구,9,0,28,16.37,,,286-25,11200,5
46,,2004,,,2020,성원상떼뷰,옥수동,"3,500",성동구,9,70,3,29.54,,,475,11200,5
47,,2004,,,2020,성원상떼뷰,옥수동,"1,000",성동구,9,70,29,27.01,,,475,11200,9
48,,2018,,,2020,서울숲 프라임 베타,성수동1가,"42,500",성동구,9,0,2,59.18,,,13-493,11200,6
49,,2019,,,2020,EPISODE Seong Su 121,성수동1가,"2,000",성동구,9,87,2,17.17,,,26-3,11200,6
50,,2004,,,2020,이에스에이리버하우스,성수동1가,"23,000",성동구,9,0,3,39.15,,,13-12,11200,3
51,,2019,,,2020,EPISODE Seong Su 121,성수동1가,"3,000",성동구,9,85,3,17.4,,,26-3,11200,4
52,,2004,,,2020,이에스에이리버하우스,성수동1가,"1,000",성동구,9,95,4,39.15,,,13-12,11200,12
53,,2004,,,2020,이에스에이리버하우스,성수동1가,"2,000",성동구,9,90,5,39.15,,,13-12,11200,12
54,,2004,,,2020,Biz-Well 성수,성수동1가,"3,000",성동구,9,37,7,24.69,,,33-21,11200,6
55,,2018,,,2020,서울숲 프라임 알파,성수동1가,"37,800",성동구,9,0,11,59.18,,,13-120,11200,2
56,,2004,,,2020,Biz-Well 성수,성수동1가,"3,000",성동구,9,35,12,24.69,,,33-21,11200,2
57,,2015,,,2020,위더스 빌,성수동1가,"3,000",성동구,9,80,12,44.05,,,33-23,11200,4
58,,2004,,,2020,이에스에이리버하우스,성수동1가,"6,000",성동구,9,110,14,63.74,,,13-12,11200,12
59,,2004,,,2020,이에스에이리버하우스,성수동1가,"3,000",성동구,9,70,15,39.15,,,13-12,11200,3
60,,1997,,,2020,청재오피스텔,성수동1가,"2,000",성동구,9,50,15,39.68,,,72-71,11200,3
61,,2018,,,2020,서울숲 프라임 베타,성수동1가,"37,000",성동구,9,0,15,59.18,,,13-493,11200,5
62,,2005,,,2020,뚝섬리버빌,성수동1가,"1,000",성동구,9,75,18,34.78,,,13-117,11200,6
63,,2004,,,2020,이에스에이리버하우스,성수동1가,"45,000",성동구,9,0,19,63.74,,,13-12,11200,11
64,,2015,,,2020,위더스 빌,성수동1가,"25,200",성동구,9,0,19,43.41,,,33-23,11200,5
65,,2004,,,2020,이에스에이리버하우스,성수동1가,"10,000",성동구,9,55,21,39.15,,,13-12,11200,3
66,,1997,,,2020,청재오피스텔,성수동1가,"13,000",성동구,9,0,23,48.84,,,72-71,11200,5
67,,2005,,,2020,뚝섬리버빌,성수동1가,"1,000",성동구,9,55,25,20.64,,,13-117,11200,7
68,,2004,,,2020,Biz-Well 성수,성수동1가,"3,000",성동구,9,37,25,25.52,,,33-21,11200,6
69,,2018,,,2020,서울숲 프라임 베타,성수동1가,"39,000",성동구,9,0,25,59.18,,,13-493,11200,9
70,,2018,,,2020,서울숲 프라임 베타,성수동1가,"39,900",성동구,9,0,26,59.18,,,13-493,11200,7
71,,2004,,,2020,Biz-Well 성수,성수동1가,"3,000",성동구,9,45,28,20.69,,,33-21,11200,10
72,,2003,,,2020,성원상떼뷰오피스텔,성수동2가,"13,500",성동구,9,0,1,28.08,,,277-37,11200,5
73,,2013,,,2020,성수동램킨중흥S클래스오피스텔,성수동2가,"2,000",성동구,9,50,1,18.33,,,277-101,11200,8
74,,2003,,,2020,성원상떼뷰오피스텔,성수동2가,"1,000",성동구,9,60,7,28.08,,,277-37,11200,8
75,,2013,,,2020,성수동램킨중흥S클래스오피스텔,성수동2가,"2,000",성동구,9,52,16,18.33,,,277-101,11200,2
76,,2003,,,2020,성원상떼뷰오피스텔,성수동2가,"1,000",성동구,9,60,19,28.08,,,277-37,11200,4
77,,2003,,,2020,성원상떼뷰오피스텔,성수동2가,"4,000",성동구,9,40,26,24.84,,,277-37,11200,8
78,,2013,,,2020,성수동램킨중흥S클래스오피스텔,성수동2가,"1,000",성동구,9,55,28,18.33,,,277-101,11200,4
79,,1991,,,2020,삼호오피스텔,용답동,"6,500",성동구,9,0,1,26.25,,,236-5,11200,5
80,,2013,,,2020,어반 오피스텔,용답동,"1,000",성동구,9,45,2,16.21,,,229-10,11200,9
81,,2020,,,2020,The Mark,용답동,"25,000",성동구,9,0,2,32.77,,,228-8,11200,3
82,,2016,,,2020,서희스타힐스리버파크,용답동,"14,100",성동구,9,0,3,21.9,,,238-12,11200,15
83,,2016,,,2020,서희스타힐스리버파크,용답동,"1,000",성동구,9,47,3,19.88,,,238-12,11200,9
84,,2016,,,2020,서희스타힐스리버파크,용답동,"1,000",성동구,9,45,3,19.88,,,238-12,11200,9
85,,2006,,,2020,신창비바패밀리,용답동,"24,000",성동구,9,0,4,56.17,,,232-1,11200,8
86,,2013,,,2020,어반 오피스텔,용답동,"2,000",성동구,9,57,5,18.98,,,229-10,11200,6
87,,2016,,,2020,서희스타힐스리버파크,용답동,"13,500",성동구,9,0,7,21.95,,,238-12,11200,13
88,,2016,,,2020,서희스타힐스리버파크,용답동,"13,000",성동구,9,0,8,21.9,,,238-12,11200,6
89,,2016,,,2020,서희스타힐스리버파크,용답동,"13,000",성동구,9,0,8,19.88,,,238-12,11200,13
90,,2016,,,2020,서희스타힐스리버파크,용답동,"14,550",성동구,9,0,9,21.9,,,238-12,11200,13
91,,2013,,,2020,어반 오피스텔,용답동,"1,000",성동구,9,57,10,16.21,,,229-10,11200,2
92,,2016,,,2020,서희스타힐스리버파크,용답동,"14,500",성동구,9,0,12,21.9,,,238-12,11200,6
93,,2016,,,2020,서희스타힐스리버파크,용답동,"14,700",성동구,9,0,12,21.9,,,238-12,11200,10
94,,2016,,,2020,서희스타힐스리버파크,용답동,"1,000",성동구,9,50,12,21.9,,,238-12,11200,6
95,,2020,,,2020,The Mark,용답동,"26,000",성동구,9,0,12,33.58,,,228-8,11200,5
96,,2016,,,2020,서희스타힐스리버파크,용답동,"13,500",성동구,9,0,18,20.21,,,238-12,11200,6
97,,2020,,,2020,The Mark,용답동,"25,000",성동구,9,0,22,33.25,,,228-8,11200,3
98,,2013,,,2020,어반 오피스텔,용답동,"2,000",성동구,9,59,23,20.46,,,229-10,11200,2
99,,2013,,,2020,어반 오피스텔,용답동,"2,000",성동구,9,54,25,20.96,,,229-10,11200,10
100,,2020,,,2020,The Mark,용답동,"25,000",성동구,9,0,26,33.25,,,228-8,11200,4
101,,2016,,,2020,서희스타힐스리버파크,용답동,"12,600",성동구,9,10,26,21.9,,,238-12,11200,12
102,,2006,,,2020,신창비바패밀리,용답동,"24,000",성동구,9,0,29,56.17,,,232-1,11200,8
0,,2003,,,2020,노블리안,상왕십리동,"16,000",성동구,10,0,5,30.81,,,750,11200,14
1,,2003,,,2020,노블리안,상왕십리동,"7,700",성동구,10,25,6,30.81,,,750,11200,3
2,,2003,,,2020,노블리안,상왕십리동,"1,000",성동구,10,74,16,30.81,,,750,11200,7
3,,2003,,,2020,노블리안,상왕십리동,"16,000",성동구,10,0,16,30.81,,,750,11200,8
4,,2003,,,2020,노블리안,상왕십리동,"13,600",성동구,10,0,16,25.74,,,750,11200,2
5,,2003,,,2020,노블리안,상왕십리동,"12,600",성동구,10,0,21,30.81,,,750,11200,11
6,,2003,,,2020,노블리안,상왕십리동,"6,000",성동구,10,40,23,30.81,,,750,11200,8
7,,2003,,,2020,노블리안,상왕십리동,"6,600",성동구,10,20,29,25.74,,,750,11200,5
8,,2016,,,2020,센트라스,하왕십리동,"26,250",성동구,10,0,10,32.53,,,1070,11200,16
9,,2016,,,2020,센트라스,하왕십리동,"23,100",성동구,10,0,10,31.01,,,1070,11200,15
10,,2016,,20.11~21.11,2020,센트라스,하왕십리동,"1,000",성동구,10,89,10,29.16,,,1070,11200,9
11,,2016,,,2020,센트라스,하왕십리동,"24,200",성동구,10,0,14,32.53,,,1070,11200,16
12,,2017,,,2020,동인드림힐스,하왕십리동,"27,300",성동구,10,0,15,27.51,,,890-181,11200,8
13,,2016,,,2020,센트라스,하왕십리동,"1,000",성동구,10,86,17,31.01,,,1070,11200,14
14,,2016,,,2020,센트라스,하왕십리동,"28,000",성동구,10,0,17,32.53,,,1070,11200,10
15,,2016,,,2020,센트라스,하왕십리동,"10,000",성동구,10,60,24,32.53,,,1070,11200,7
16,,2017,,,2020,동인드림힐스,하왕십리동,"17,600",성동구,10,0,28,19.24,,,890-181,11200,3
17,,2009,,,2020,왕십리 모노퍼스 주상복합,하왕십리동,"21,000",성동구,10,0,29,38.67,,,286-2,11200,16
18,,2017,,,2020,동인드림힐스,하왕십리동,"18,000",성동구,10,0,30,19.24,,,890-181,11200,11
19,,2018,,,2020,뉴센트빌,홍익동,"36,750",성동구,10,0,15,50.77,,,125-1,11200,3
20,,2018,,,2020,비앤리베스텔,홍익동,"15,700",성동구,10,0,20,16.74,,,146-1,11200,11
21,,2018,,,2020,비앤리베스텔,홍익동,"16,200",성동구,10,0,23,18.39,,,146-1,11200,6
22,,2018,,,2020,비앤리베스텔,홍익동,"15,700",성동구,10,0,26,16.74,,,146-1,11200,5
23,,2018,,,2020,렉스오피스텔,도선동,"5,000",성동구,10,50,7,20.35,,,268,11200,5
24,,2018,,,2020,W에비뉴타워,도선동,"17,800",성동구,10,0,10,23.32,,,46,11200,11
25,,2018,,,2020,렉스오피스텔,도선동,"7,000",성동구,10,50,12,20.35,,,268,11200,2
26,,2018,,,2020,W에비뉴타워,도선동,"22,050",성동구,10,0,15,23.32,,,46,11200,17
27,,2018,,,2020,W에비뉴타워,도선동,"19,950",성동구,10,0,15,23.32,,,46,11200,8
28,,2014,,,2020,J&J빌딩,도선동,"18,000",성동구,10,0,16,29.1,,,276,11200,8
29,,2018,,,2020,렉스오피스텔,도선동,"19,900",성동구,10,0,17,21.37,,,268,11200,11
30,,2018,,,2020,렉스오피스텔,도선동,"19,900",성동구,10,0,17,21.37,,,268,11200,11
31,,2020,,,2020,왕십리렉스프리미엄오피스텔,도선동,"24,000",성동구,10,0,20,18.63,,,257,11200,11
32,,2017,,,2020,한성아펠타워,도선동,"3,000",성동구,10,70,23,23.58,,,53,11200,14
33,,2018,,,2020,W에비뉴타워,도선동,"21,000",성동구,10,0,23,23.32,,,46,11200,7
34,,2012,,,2020,(777-3),마장동,"1,000",성동구,10,50,22,15.62,,,777-3,11200,9
35,,2007,,,2020,마장동청계아르테미스,마장동,"17,000",성동구,10,0,31,39.36,,,778-5,11200,2
36,,2006,,,2020,왕십리역이스타빌,행당동,"1,000",성동구,10,70,4,26.01,,,287-15,11200,9
37,,2018,,,2020,왕십리 큐브스테이트,행당동,"16,800",성동구,10,0,8,16.37,,,286-25,11200,7
38,,2018,,,2020,왕십리 큐브스테이트,행당동,"14,700",성동구,10,0,17,15.98,,,286-25,11200,6
39,,2020,,,2020,1동,행당동,"5,000",성동구,10,40,18,13.81,,,292-28,11200,6
40,,2004,,,2020,성동샤르망,행당동,"2,500",성동구,10,50,19,24.84,,,192-29,11200,6
41,,2018,,,2020,왕십리 큐브스테이트,행당동,"15,000",성동구,10,0,20,16.66,,,286-25,11200,3
42,,2004,,,2020,성동샤르망,행당동,"1,000",성동구,10,60,20,24.84,,,192-29,11200,9
43,,2018,,,2020,왕십리 큐브스테이트,행당동,"15,000",성동구,10,0,22,16.37,,,286-25,11200,3
44,,2018,,,2020,왕십리 큐브스테이트,행당동,"14,700",성동구,10,0,23,16.37,,,286-25,11200,2
45,,,,,2020,K TOWER 2,행당동,"30,000",성동구,10,0,24,37.7,,,293-8,11200,4
46,,2018,,,2020,왕십리 큐브스테이트,행당동,"16,800",성동구,10,0,27,15.98,,,286-25,11200,5
47,,2006,,,2020,왕십리역이스타빌,행당동,"17,000",성동구,10,0,27,21.91,,,287-15,11200,8
48,,2020,,,2020,1동,행당동,"1,000",성동구,10,65,28,28.79,,,292-28,11200,7
49,,2004,,,2020,성동샤르망,행당동,"1,000",성동구,10,60,30,24.84,,,192-29,11200,11
50,,2003,,,2020,재호예향빌,금호동4가,"11,000",성동구,10,0,5,24.98,,,1028,11200,7
51,,2004,,,2020,성원상떼뷰,옥수동,"1,000",성동구,10,70,14,27.01,,,475,11200,2
52,,2004,,,2020,Biz-Well 성수,성수동1가,"3,000",성동구,10,39,5,26.67,,,33-21,11200,5
53,,2004,,,2020,이에스에이리버하우스,성수동1가,"2,000",성동구,10,90,5,39.15,,,13-12,11200,9
54,,2005,,,2020,뚝섬리버빌,성수동1가,"1,000",성동구,10,63,8,29,,,13-117,11200,5
55,,2018,,,2020,서울숲 프라임 베타,성수동1가,"38,800",성동구,10,0,9,59.18,,,13-493,11200,4
56,,2015,,,2020,위더스 빌,성수동1가,"26,000",성동구,10,0,10,44.05,,,33-23,11200,6
57,,2004,,,2020,Biz-Well 성수,성수동1가,"3,000",성동구,10,35,10,19.08,,,33-21,11200,9
58,,2005,,,2020,뚝섬리버빌,성수동1가,"20,000",성동구,10,0,13,30.36,,,13-117,11200,6
59,,2003,,,2020,성수동 뉴타운오피스텔,성수동1가,"13,780",성동구,10,0,16,31.6,,,72-69,11200,8
60,,2018,,,2020,서울숲 프라임 베타,성수동1가,"39,000",성동구,10,0,17,59.18,,,13-493,11200,11
61,,2015,,,2020,위더스 빌,성수동1가,"25,800",성동구,10,0,17,43.41,,,33-23,11200,8
62,,2004,,,2020,Biz-Well 성수,성수동1가,"19,950",성동구,10,0,17,45.1,,,33-21,11200,6
63,,2004,,,2020,Biz-Well 성수,성수동1가,"3,000",성동구,10,39,24,26.67,,,33-21,11200,2
64,,2018,,,2020,청호 서울숲 뜨레피움 오피스텔,성수동1가,"19,500",성동구,10,0,24,19.03,,,13-163,11200,4
65,,2003,,,2020,성수동 뉴타운오피스텔,성수동1가,"1,000",성동구,10,70,28,32.76,,,72-69,11200,3
66,,2003,,,2020,아트빌딩,성수동1가,"1,000",성동구,10,62,30,27.02,,,685-308,11200,2
67,,2019,,,2020,EPISODE Seong Su 121,성수동1가,"1,000",성동구,10,106,30,17.17,,,26-3,11200,4
68,,2004,,,2020,Biz-Well 성수,성수동1가,500,성동구,10,55,30,19.08,,,33-21,11200,3
69,,2003,,,2020,성원상떼뷰오피스텔,성수동2가,"1,000",성동구,10,50,6,24.84,,,277-37,11200,2
70,,2003,,,2020,성원상떼뷰오피스텔,성수동2가,"2,000",성동구,10,53,6,28.08,,,277-37,11200,4
71,,2003,,,2020,성원상떼뷰오피스텔,성수동2가,"1,000",성동구,10,57,7,24.84,,,277-37,11200,10
72,,2013,,,2020,성수동램킨중흥S클래스오피스텔,성수동2가,500,성동구,10,62,8,18.33,,,277-101,11200,4
73,,2003,,,2020,성원상떼뷰오피스텔,성수동2가,"3,000",성동구,10,45,12,24.84,,,277-37,11200,4
74,,2003,,,2020,성원상떼뷰오피스텔,성수동2가,"1,000",성동구,10,55,13,24.84,,,277-37,11200,8
75,,2003,,,2020,성원상떼뷰오피스텔,성수동2가,"12,500",성동구,10,0,14,28.08,,,277-37,11200,4
76,,2003,,,2020,성원상떼뷰오피스텔,성수동2가,"1,000",성동구,10,55,20,28.08,,,277-37,11200,2
77,,2003,,,2020,성원상떼뷰오피스텔,성수동2가,"4,000",성동구,10,45,22,28.08,,,277-37,11200,6
78,,2003,,,2020,성원상떼뷰오피스텔,성수동2가,"4,000",성동구,10,45,27,28.08,,,277-37,11200,3
79,,2016,,,2020,서희스타힐스리버파크,용답동,"13,000",성동구,10,0,8,20.21,,,238-12,11200,5
80,,2013,,,2020,어반 오피스텔,용답동,"2,000",성동구,10,54,10,17.08,,,229-10,11200,6
81,,2011,,,2020,오르세오피스텔,용답동,"1,000",성동구,10,73,10,35,,,238-2,11200,12
82,,2006,,,2020,신창비바패밀리,용답동,"25,000",성동구,10,0,12,56.17,,,232-1,11200,9
83,,2016,,,2020,서희스타힐스리버파크,용답동,"14,000",성동구,10,0,13,21.9,,,238-12,11200,13
84,,2013,,,2020,어반 오피스텔,용답동,"1,000",성동구,10,57,13,20.46,,,229-10,11200,7
85,,2016,,,2020,서희스타힐스리버파크,용답동,"12,600",성동구,10,0,17,20.21,,,238-12,11200,5
86,,2016,,,2020,서희스타힐스리버파크,용답동,"14,000",성동구,10,0,21,21.9,,,238-12,11200,2
87,,2013,,,2020,어반 오피스텔,용답동,"2,000",성동구,10,53,22,20.96,,,229-10,11200,7
88,,2016,,,2020,서희스타힐스리버파크,용답동,"14,000",성동구,10,0,23,21.9,,,238-12,11200,6
89,,2016,,,2020,서희스타힐스리버파크,용답동,"2,000",성동구,10,50,25,21.9,,,238-12,11200,7
90,,2016,,,2020,서희스타힐스리버파크,용답동,"13,500",성동구,10,0,26,20.21,,,238-12,11200,6
91,,2016,,,2020,서희스타힐스리버파크,용답동,"14,000",성동구,10,0,31,21.9,,,238-12,11200,2
0,,2003,,,2020,노블리안,상왕십리동,"16,000",성동구,11,0,4,30.81,,,750,11200,12
1,,2003,,,2020,노블리안,상왕십리동,"6,000",성동구,11,40,5,30.81,,,750,11200,10
2,,2003,,,2020,노블리안,상왕십리동,"6,700",성동구,11,30,6,30.81,,,750,11200,5
3,,2003,,,2020,노블리안,상왕십리동,"3,000",성동구,11,55,6,30.81,,,750,11200,10
4,,2003,,,2020,노블리안,상왕십리동,"1,000",성동구,11,65,9,30.81,,,750,11200,3
5,,2003,,,2020,노블리안,상왕십리동,"4,800",성동구,11,40,24,25.74,,,750,11200,8
6,,2016,,,2020,센트라스,하왕십리동,"25,200",성동구,11,0,3,31.01,,,1070,11200,17
7,,2005,,,2020,동인 레반트 오피스텔,하왕십리동,"4,000",성동구,11,50,5,27.54,,,903-3,11200,6
8,,2016,,,2020,센트라스,하왕십리동,"29,000",성동구,11,0,14,32.53,,,1070,11200,6
9,,2016,,,2020,센트라스,하왕십리동,"22,000",성동구,11,0,16,31.01,,,1070,11200,14
10,,2017,,,2020,동인드림힐스,하왕십리동,"3,000",성동구,11,80,18,27.51,,,890-181,11200,11
11,,2016,,,2020,센트라스,하왕십리동,"5,000",성동구,11,65,20,29.16,,,1070,11200,7
12,,2016,,,2020,센트라스,하왕십리동,"29,000",성동구,11,0,21,32.53,,,1070,11200,6
13,,2017,,,2020,동인드림힐스,하왕십리동,"5,000",성동구,11,70,25,27.51,,,890-181,11200,10
14,,2016,,,2020,센트라스,하왕십리동,"29,000",성동구,11,0,28,31.01,,,1070,11200,16
15,,2018,,,2020,비앤리베스텔,홍익동,"15,700",성동구,11,0,2,15.92,,,146-1,11200,6
16,,2018,,,2020,비앤리베스텔,홍익동,"16,800",성동구,11,0,3,18.39,,,146-1,11200,7
17,,2020,,,2020,뉴센트빌,홍익동,"35,000",성동구,11,0,12,31.37,,,144,11200,2
18,,2018,,,2020,비앤리베스텔,홍익동,"15,700",성동구,11,0,13,15.98,,,146-1,11200,11
19,,2018,,,2020,비앤리베스텔,홍익동,"15,500",성동구,11,0,23,16.74,,,146-1,11200,10
20,,2018,,,2020,비앤리베스텔,홍익동,"14,700",성동구,11,0,24,18.39,,,146-1,11200,3
21,,2018,,,2020,비앤리베스텔,홍익동,"14,700",성동구,11,0,24,16.74,,,146-1,11200,3
22,,2018,,,2020,비앤리베스텔,홍익동,"15,700",성동구,11,0,25,18.39,,,146-1,11200,5
23,,2018,,,2020,비앤리베스텔,홍익동,"14,700",성동구,11,0,27,16.74,,,146-1,11200,5
24,,2018,,,2020,비앤리베스텔,홍익동,"14,700",성동구,11,0,30,16.74,,,146-1,11200,3
25,,2018,,,2020,렉스오피스텔,도선동,"1,000",성동구,11,70,1,20.35,,,268,11200,12
26,,1998,,,2020,신한넥스텔,도선동,500,성동구,11,45,2,19.63,,,14,11200,14
27,,2018,,,2020,W에비뉴타워,도선동,"23,000",성동구,11,0,3,23.32,,,46,11200,8
28,,2017,,,2020,한성아펠타워,도선동,"3,000",성동구,11,70,3,23.58,,,53,11200,14
29,,2018,,,2020,W에비뉴타워,도선동,"2,000",성동구,11,90,7,29.62,,,46,11200,10
30,,2018,,,2020,W에비뉴타워,도선동,"25,000",성동구,11,24,9,48.31,,,46,11200,15
31,,2018,,20.12~22.12,2020,W에비뉴타워,도선동,"5,000",성동구,11,80,12,29.62,,,46,11200,15
32,,2018,,,2020,렉스오피스텔,도선동,"6,000",성동구,11,46,13,20.35,,,268,11200,11
33,,2018,,,2020,W에비뉴타워,도선동,"19,950",성동구,11,0,14,23.32,,,46,11200,12
34,,2020,,20.12~21.12,2020,왕십리렉스프리미엄오피스텔,도선동,"1,000",성동구,11,75,20,18.63,,,257,11200,6
35,,2018,,,2020,W에비뉴타워,도선동,"6,700",성동구,11,53,20,23.32,,,46,11200,11
36,,1998,,,2020,신한넥스텔,도선동,"15,750",성동구,11,0,20,44.86,,,14,11200,16
37,,2018,,,2020,W에비뉴타워,도선동,"22,050",성동구,11,0,21,23.32,,,46,11200,12
38,,2018,,,2020,W에비뉴타워,도선동,"19,950",성동구,11,0,25,23.32,,,46,11200,12
39,,2018,,,2020,렉스오피스텔,도선동,"1,000",성동구,11,75,26,21.37,,,268,11200,5
40,,2017,,,2020,한성아펠타워,도선동,"24,000",성동구,11,0,27,23.58,,,53,11200,7
41,,2007,,,2020,마장동청계아르테미스,마장동,"27,000",성동구,11,0,14,54.72,,,778-5,11200,7
42,,2010,,,2020,고운타워,마장동,"10,000",성동구,11,0,30,23.1,,,474-5,11200,5
43,,2018,,,2020,왕십리 큐브스테이트,행당동,"15,225",성동구,11,0,2,16.37,,,286-25,11200,3
44,,2006,,,2020,왕십리역이스타빌,행당동,"1,000",성동구,11,75,3,29.43,,,287-15,11200,13
45,,2004,,,2020,성동샤르망,행당동,"1,000",성동구,11,60,4,24.84,,,192-29,11200,8
46,,2004,,,2020,성동샤르망,행당동,"5,000",성동구,11,35,5,24.84,,,192-29,11200,7
47,,2018,,,2020,왕십리 큐브스테이트,행당동,"16,800",성동구,11,0,6,16.53,,,286-25,11200,5
48,,2014,,,2020,서울숲 더샵,행당동,"5,000",성동구,11,100,11,32.49,,,377,11200,2
49,,2004,,,2020,성동샤르망,행당동,"3,000",성동구,11,50,14,24.84,,,192-29,11200,5
50,,2018,,,2020,왕십리 큐브스테이트,행당동,"16,275",성동구,11,0,16,16.33,,,286-25,11200,6
51,,2018,,,2020,왕십리 큐브스테이트,행당동,"16,800",성동구,11,0,16,16.53,,,286-25,11200,7
52,,2020,,,2020,1동,행당동,"3,000",성동구,11,50,22,28.79,,,292-28,11200,7
53,,2018,,,2020,왕십리 큐브스테이트,행당동,"19,000",성동구,11,0,28,16.37,,,286-25,11200,6
54,,2002,,,2020,금호힐오피스텔,금호동1가,"16,500",성동구,11,0,3,42.6,,,1755,11200,3
55,,2004,,,2020,이에스에이리버하우스,성수동1가,"1,000",성동구,11,90,3,39.15,,,13-12,11200,4
56,,2017,,,2020,뚝섬리치빌A동,성수동1가,"15,750",성동구,11,0,4,21.77,,,656-1041,11200,2
57,,2004,,,2020,Biz-Well 성수,성수동1가,"10,300",성동구,11,0,4,25.52,,,33-21,11200,3
58,,2004,,,2020,이에스에이리버하우스,성수동1가,"27,000",성동구,11,0,5,39.15,,,13-12,11200,4
59,,2019,,,2020,한스포레,성수동1가,"1,000",성동구,11,81,5,19.75,,,72-114,11200,6
60,,2004,,,2020,Biz-Well 성수,성수동1가,"1,000",성동구,11,45,5,19.08,,,33-21,11200,9
61,,2018,,,2020,서울숲 프라임 알파,성수동1가,"40,900",성동구,11,0,10,59.18,,,13-120,11200,9
62,,2003,,,2020,성수동 뉴타운오피스텔,성수동1가,"1,000",성동구,11,70,13,32.39,,,72-69,11200,6
63,,2018,,,2020,서울숲 프라임 베타,성수동1가,"39,700",성동구,11,0,14,59.18,,,13-493,11200,6
64,,2004,,,2020,Biz-Well 성수,성수동1가,"3,000",성동구,11,36,24,20.69,,,33-21,11200,10
65,,2004,,,2020,Biz-Well 성수,성수동1가,"3,000",성동구,11,39,27,26.67,,,33-21,11200,2
66,,1997,,,2020,청재오피스텔,성수동1가,"5,000",성동구,11,80,27,35.38,,,72-71,11200,5
67,,2004,,,2020,Biz-Well 성수,성수동1가,"2,000",성동구,11,47,27,24.69,,,33-21,11200,5
68,,2004,,,2020,이에스에이리버하우스,성수동1가,"30,000",성동구,11,0,30,39.15,,,13-12,11200,10
69,,2004,,,2020,이에스에이리버하우스,성수동1가,"26,000",성동구,11,0,30,39.15,,,13-12,11200,6
70,,2003,,,2020,성원상떼뷰오피스텔,성수동2가,"1,000",성동구,11,55,5,24.84,,,277-37,11200,11
71,,2019,,,2020,테라타워,성수동2가,"22,500",성동구,11,0,7,18.98,,,299-242,11200,2
72,,2003,,,2020,성원상떼뷰오피스텔,성수동2가,"1,000",성동구,11,55,10,24.84,,,277-37,11200,7
73,,2013,,,2020,성수동램킨중흥S클래스오피스텔,성수동2가,"1,000",성동구,11,55,10,18.33,,,277-101,11200,6
74,,2003,,,2020,성원상떼뷰오피스텔,성수동2가,"12,500",성동구,11,0,24,28.08,,,277-37,11200,7
75,,,,,2020,(299-29),성수동2가,"18,900",성동구,11,0,26,29.57,,,299-29,11200,2
76,,2013,,,2020,성수동램킨중흥S클래스오피스텔,성수동2가,"1,000",성동구,11,55,27,18.33,,,277-101,11200,8
77,,2019,,,2020,테라타워,성수동2가,"22,500",성동구,11,0,28,18.98,,,299-242,11200,2
78,,2019,,,2020,테라타워,성수동2가,"24,000",성동구,11,0,30,18.98,,,299-242,11200,4
79,,2003,,,2020,송정동센스빌오피스텔,송정동,"1,000",성동구,11,70,12,30.92,,,81-16,11200,6
80,,2003,,,2020,송정동센스빌오피스텔,송정동,"5,000",성동구,11,49,21,31.19,,,81-16,11200,5
81,,2003,,,2020,송정동센스빌오피스텔,송정동,"15,000",성동구,11,15,22,62.74,,,81-16,11200,9
82,,2003,,,2020,송정동센스빌오피스텔,송정동,"5,000",성동구,11,49,30,30.92,,,81-16,11200,5
83,,2016,,,2020,서희스타힐스리버파크,용답동,"13,000",성동구,11,0,3,20.21,,,238-12,11200,10
84,,2016,,,2020,서희스타힐스리버파크,용답동,"13,000",성동구,11,0,5,20.21,,,238-12,11200,4
85,,2016,,,2020,서희스타힐스리버파크,용답동,"13,600",성동구,11,0,9,20.21,,,238-12,11200,8
86,,2016,,,2020,서희스타힐스리버파크,용답동,"15,000",성동구,11,0,10,21.9,,,238-12,11200,10
87,,1991,,,2020,삼호오피스텔,용답동,500,성동구,11,40,10,30.08,,,236-5,11200,2
88,,2016,,,2020,서희스타힐스리버파크,용답동,"4,000",성동구,11,40,16,21.9,,,238-12,11200,11
89,,2016,,,2020,서희스타힐스리버파크,용답동,"14,300",성동구,11,0,18,21.9,,,238-12,11200,4
90,,2016,,,2020,서희스타힐스리버파크,용답동,"14,700",성동구,11,0,25,21.9,,,238-12,11200,8
91,,1991,,,2020,삼호오피스텔,용답동,"5,000",성동구,11,0,27,26.25,,,236-5,11200,5
92,,2016,,,2020,서희스타힐스리버파크,용답동,"3,500",성동구,11,40,29,19.88,,,238-12,11200,12
0,,2003,,,2020,노블리안,상왕십리동,"8,000",성동구,12,30,3,30.81,,,750,11200,10
1,,2003,,,2020,노블리안,상왕십리동,"15,000",성동구,12,0,7,30.81,,,750,11200,2
2,,2003,,,2020,노블리안,상왕십리동,"7,000",성동구,12,30,15,30.81,,,750,11200,5
3,,2011,,,2020,리오파크 오피스텔,하왕십리동,"7,000",성동구,12,30,1,24.07,,,898-2,11200,9
4,,2016,,,2020,센트라스,하왕십리동,"26,700",성동구,12,0,4,32.53,,,1070,11200,8
5,,2016,,,2020,센트라스,하왕십리동,"26,250",성동구,12,0,4,32.53,,,1070,11200,21
6,,2016,,,2020,센트라스,하왕십리동,"26,250",성동구,12,0,4,32.53,,,1070,11200,21
7,,2016,,,2020,센트라스,하왕십리동,"1,000",성동구,12,95,7,32.53,,,1070,11200,14
8,,2016,,,2020,센트라스,하왕십리동,"26,200",성동구,12,0,11,32.53,,,1070,11200,8
9,,2016,,,2020,센트라스,하왕십리동,"26,200",성동구,12,0,11,29.16,,,1070,11200,18
10,,2017,,,2020,동인드림힐스,하왕십리동,"1,000",성동구,12,65,11,19.24,,,890-181,11200,4
11,,2016,,,2020,센트라스,하왕십리동,"26,500",성동구,12,5,12,32.53,,,1070,11200,12
12,,2016,,,2020,센트라스,하왕십리동,"23,150",성동구,12,0,14,31.01,,,1070,11200,25
13,,2016,,,2020,센트라스,하왕십리동,"26,250",성동구,12,0,15,31.01,,,1070,11200,19
14,,2016,,,2020,센트라스,하왕십리동,"25,000",성동구,12,0,16,31.01,,,1070,11200,12
15,,2016,,,2020,센트라스,하왕십리동,"23,000",성동구,12,0,19,31.01,,,1070,11200,17
16,,2016,,,2020,센트라스,하왕십리동,"28,000",성동구,12,0,19,31.01,,,1070,11200,17
17,,2016,,,2020,센트라스,하왕십리동,"10,000",성동구,12,64,20,31.01,,,1070,11200,15
18,,2016,,,2020,센트라스,하왕십리동,"10,000",성동구,12,60,22,32.53,,,1070,11200,15
19,,2016,,,2020,센트라스,하왕십리동,"2,000",성동구,12,90,25,32.53,,,1070,11200,14
20,,2016,,,2020,센트라스,하왕십리동,"24,255",성동구,12,0,30,32.53,,,1070,11200,7
21,,2018,,,2020,비앤리베스텔,홍익동,"16,500",성동구,12,0,1,18.39,,,146-1,11200,11
22,,2018,,,2020,비앤리베스텔,홍익동,"12,000",성동구,12,22,3,18.39,,,146-1,11200,11
23,,2018,,,2020,비앤리베스텔,홍익동,"12,000",성동구,12,22,3,18.39,,,146-1,11200,11
24,,2018,,,2020,비앤리베스텔,홍익동,"15,700",성동구,12,0,5,16.74,,,146-1,11200,7
25,,2018,,,2020,비앤리베스텔,홍익동,"14,700",성동구,12,0,5,15.92,,,146-1,11200,5
26,,2018,,,2020,비앤리베스텔,홍익동,"10,000",성동구,12,30,5,15.98,,,146-1,11200,9
27,,2018,,,2020,비앤리베스텔,홍익동,"16,500",성동구,12,0,14,18.39,,,146-1,11200,9
28,,2018,,,2020,비앤리베스텔,홍익동,"15,700",성동구,12,0,18,15.92,,,146-1,11200,11
29,,2018,,,2020,비앤리베스텔,홍익동,"16,200",성동구,12,0,22,18.39,,,146-1,11200,7
30,,2018,,,2020,비앤리베스텔,홍익동,"15,700",성동구,12,0,27,15.92,,,146-1,11200,7
31,,2018,,,2020,W에비뉴타워,도선동,"19,425",성동구,12,0,7,23.32,,,46,11200,7
32,,2020,,,2020,왕십리렉스프리미엄오피스텔,도선동,"20,000",성동구,12,0,7,18.63,,,257,11200,4
33,,2018,,,2020,렉스오피스텔,도선동,"7,000",성동구,12,38,8,25.32,,,268,11200,6
34,,2018,,,2020,W에비뉴타워,도선동,"19,950",성동구,12,0,9,23.32,,,46,11200,8
35,,2018,,,2020,렉스오피스텔,도선동,"2,000",성동구,12,68,11,21.49,,,268,11200,5
36,,2018,,,2020,W에비뉴타워,도선동,"19,950",성동구,12,0,12,23.32,,,46,11200,10
37,,2020,,,2020,비엠빌딩,도선동,"16,000",성동구,12,0,14,19.45,,,292,11200,8
38,,2018,,20.12~22.12,2020,W에비뉴타워,도선동,"22,000",성동구,12,0,15,23.32,,,46,11200,6
39,,2018,,,2020,W에비뉴타워,도선동,"19,425",성동구,12,0,17,23.32,,,46,11200,9
40,,2018,,,2020,렉스오피스텔,도선동,"1,000",성동구,12,75,18,20.35,,,268,11200,12
41,,2018,,,2020,W에비뉴타워,도선동,"18,000",성동구,12,0,19,23.32,,,46,11200,9
42,,2018,,,2020,렉스오피스텔,도선동,"1,000",성동구,12,70,21,21.37,,,268,11200,2
43,,2018,,,2020,W에비뉴타워,도선동,"22,000",성동구,12,0,23,23.32,,,46,11200,12
44,,2018,,,2020,W에비뉴타워,도선동,"22,050",성동구,12,0,28,23.32,,,46,11200,8
45,,2018,,21.01~22.01,2020,W에비뉴타워,도선동,"5,000",성동구,12,61,30,23.32,,,46,11200,8
46,,2018,,,2020,렉스오피스텔,도선동,"2,000",성동구,12,70,31,21.49,,,268,11200,9
47,,2018,,,2020,트레저힐스,마장동,"23,000",성동구,12,0,29,29.17,,,775-4,11200,4
48,,2018,,,2020,왕십리 큐브스테이트,행당동,"15,750",성동구,12,0,3,16.66,,,286-25,11200,6
49,,2019,,,2020,퍼스트에비뉴,행당동,"33,600",성동구,12,0,3,42.76,,,286-38,11200,4
50,,2018,,,2020,왕십리 큐브스테이트,행당동,"16,275",성동구,12,0,7,16.33,,,286-25,11200,5
51,,2018,,,2020,왕십리 큐브스테이트,행당동,"16,275",성동구,12,0,7,16.53,,,286-25,11200,2
52,,2020,,,2020,1동,행당동,"5,000",성동구,12,40,10,28.79,,,292-28,11200,4
53,,2014,,,2020,서울숲 더샵,행당동,"10,000",성동구,12,110,12,47.73,,,377,11200,2
54,,2018,,,2020,왕십리 큐브스테이트,행당동,"15,750",성동구,12,0,12,16.53,,,286-25,11200,3
55,,2018,,,2020,왕십리 큐브스테이트,행당동,"12,000",성동구,12,15,18,15.98,,,286-25,11200,3
56,,2006,,,2020,왕십리역이스타빌,행당동,"1,000",성동구,12,75,18,29.43,,,287-15,11200,12
57,,2004,,,2020,성동샤르망,행당동,"2,000",성동구,12,55,19,24.84,,,192-29,11200,12
58,,2014,,,2020,서울숲 더샵,행당동,"5,000",성동구,12,104,23,45.81,,,377,11200,3
59,,2006,,,2020,왕십리역이스타빌,행당동,"18,000",성동구,12,0,23,26.01,,,287-15,11200,12
60,,2018,,,2020,왕십리 큐브스테이트,행당동,"16,800",성동구,12,0,25,16.37,,,286-25,11200,2
61,,2018,,,2020,왕십리 큐브스테이트,행당동,"2,000",성동구,12,55,30,16.53,,,286-25,11200,7
62,,2006,,,2020,왕십리역이스타빌,행당동,"1,000",성동구,12,65,31,21.91,,,287-15,11200,7
63,,2002,,,2020,금호힐오피스텔,금호동1가,"14,500",성동구,12,10,10,27.35,,,1755,11200,3
64,,2004,,,2020,성원상떼뷰,옥수동,"1,000",성동구,12,70,6,27.01,,,475,11200,13
65,,2004,,,2020,성원상떼뷰,옥수동,"1,000",성동구,12,65,7,27.01,,,475,11200,10
66,,2004,,,2020,이에스에이리버하우스,성수동1가,"28,000",성동구,12,0,1,39.15,,,13-12,11200,11
67,,2004,,,2020,성수 그린빌,성수동1가,"18,000",성동구,12,0,1,34.59,,,685-54,11200,4
68,,1997,,,2020,청재오피스텔,성수동1가,"3,000",성동구,12,80,3,34.16,,,72-71,11200,5
69,,2018,,,2020,서울숲 프라임 베타,성수동1가,"38,850",성동구,12,0,4,59.18,,,13-493,11200,4
70,,2018,,,2020,서울숲 프라임 베타,성수동1가,"39,900",성동구,12,0,5,59.18,,,13-493,11200,8
71,,2004,,,2020,Biz-Well 성수,성수동1가,"3,000",성동구,12,35,5,20.69,,,33-21,11200,10
72,,2018,,,2020,서울숲 프라임 베타,성수동1가,"39,900",성동구,12,0,6,59.18,,,13-493,11200,2
73,,2004,,,2020,이에스에이리버하우스,성수동1가,"2,000",성동구,12,90,7,39.15,,,13-12,11200,7
74,,2018,,,2020,서울숲 프라임 베타,성수동1가,"37,800",성동구,12,0,9,59.18,,,13-493,11200,3
75,,1997,,,2020,청재오피스텔,성수동1가,"3,000",성동구,12,80,9,34.16,,,72-71,11200,3
76,,2003,,,2020,성수동 뉴타운오피스텔,성수동1가,"2,000",성동구,12,60,12,30.02,,,72-69,11200,5
77,,2004,,,2020,Biz-Well 성수,성수동1가,"8,000",성동구,12,20,13,24.69,,,33-21,11200,6
78,,2004,,,2020,이에스에이리버하우스,성수동1가,"3,000",성동구,12,60,14,39.15,,,13-12,11200,5
79,,2005,,,2020,뚝섬리버빌,성수동1가,"16,500",성동구,12,0,16,33.94,,,13-117,11200,2
80,,2004,,,2020,이에스에이리버하우스,성수동1가,"1,000",성동구,12,100,16,39.15,,,13-12,11200,12
81,,2005,,,2020,뚝섬리버빌,성수동1가,"3,000",성동구,12,53,17,23.17,,,13-117,11200,8
82,,2018,,,2020,서울숲 프라임 알파,성수동1가,"39,900",성동구,12,0,17,59.18,,,13-120,11200,3
83,,2005,,,2020,뚝섬리버빌,성수동1가,"10,000",성동구,12,10,20,23.17,,,13-117,11200,4
84,,2004,,,2020,Biz-Well 성수,성수동1가,"3,000",성동구,12,37,20,24.65,,,33-21,11200,3
85,,2004,,,2020,이에스에이리버하우스,성수동1가,"40,000",성동구,12,0,21,63.74,,,13-12,11200,7
86,,2013,,,2020,성수동램킨중흥S클래스오피스텔,성수동2가,500,성동구,12,60,1,18.33,,,277-101,11200,4
87,,2013,,,2020,성수동램킨중흥S클래스오피스텔,성수동2가,"2,000",성동구,12,50,3,18.33,,,277-101,11200,5
88,,2013,,,2020,성수동램킨중흥S클래스오피스텔,성수동2가,"1,000",성동구,12,55,4,18.33,,,277-101,11200,3
89,,2019,,,2020,테라타워,성수동2가,"24,000",성동구,12,0,5,18.98,,,299-242,11200,4
90,,2019,,,2020,테라타워,성수동2가,"23,000",성동구,12,0,5,18.98,,,299-242,11200,3
91,,2003,,,2020,성원상떼뷰오피스텔,성수동2가,"3,000",성동구,12,45,7,24.84,,,277-37,11200,11
92,,2003,,,2020,성원상떼뷰오피스텔,성수동2가,"1,000",성동구,12,55,8,24.84,,,277-37,11200,3
93,,2013,,,2020,성수동램킨중흥S클래스오피스텔,성수동2가,"1,000",성동구,12,55,9,18.33,,,277-101,11200,5
94,,2019,,,2020,테라타워,성수동2가,"22,500",성동구,12,0,10,18.98,,,299-242,11200,2
95,,2003,,,2020,성원상떼뷰오피스텔,성수동2가,"1,000",성동구,12,55,12,24.84,,,277-37,11200,6
96,,2003,,,2020,성원상떼뷰오피스텔,성수동2가,"12,500",성동구,12,0,14,24.84,,,277-37,11200,4
97,,2013,,,2020,성수동램킨중흥S클래스오피스텔,성수동2가,"1,000",성동구,12,57,17,18.33,,,277-101,11200,8
98,,2016,,,2020,성수리치빌,성수동2가,"22,500",성동구,12,0,21,35.64,,,299-178,11200,2
99,,2017,,,2020,(299-134),성수동2가,"25,700",성동구,12,0,28,39.78,,,299-134,11200,5
100,,2007,,,2020,성수동 아스테리아,성수동2가,"35,000",성동구,12,0,29,84.76,,,278-29,11200,5
101,,2003,,,2020,성원상떼뷰오피스텔,성수동2가,"1,000",성동구,12,55,30,24.84,,,277-37,11200,6
102,,2013,,,2020,성수동램킨중흥S클래스오피스텔,성수동2가,"13,000",성동구,12,0,31,18.33,,,277-101,11200,7
103,,2003,,,2020,송정동센스빌오피스텔,송정동,"1,000",성동구,12,60,31,30.92,,,81-16,11200,8
104,,2016,,,2020,서희스타힐스리버파크,용답동,"13,500",성동구,12,0,10,21.9,,,238-12,11200,2
105,,2016,,,2020,서희스타힐스리버파크,용답동,"13,100",성동구,12,0,12,21.9,,,238-12,11200,3
106,,2016,,,2020,서희스타힐스리버파크,용답동,"3,000",성동구,12,45,12,21.9,,,238-12,11200,13
107,,2016,,,2020,서희스타힐스리버파크,용답동,"14,500",성동구,12,0,14,21.9,,,238-12,11200,2
108,,2016,,,2020,서희스타힐스리버파크,용답동,"14,700",성동구,12,0,16,21.95,,,238-12,11200,11
109,,2016,,,2020,서희스타힐스리버파크,용답동,"13,000",성동구,12,0,19,20.21,,,238-12,11200,14
110,,2016,,,2020,서희스타힐스리버파크,용답동,"13,500",성동구,12,0,20,21.9,,,238-12,11200,6
111,,2016,,,2020,서희스타힐스리버파크,용답동,"14,000",성동구,12,0,22,19.88,,,238-12,11200,13
112,,2016,,,2020,서희스타힐스리버파크,용답동,"12,000",성동구,12,0,24,20.21,,,238-12,11200,4
113,,2006,,,2020,신창비바패밀리,용답동,"24,500",성동구,12,0,28,65.95,,,232-1,11200,3
114,,2020,,,2020,용답동 큐브스테이트,용답동,"17,500",성동구,12,0,28,18.78,,,229-11,11200,17
115,,2006,,,2020,신창비바패밀리,용답동,"3,000",성동구,12,100,29,63.17,,,232-1,11200,10
116,,2013,,,2020,어반 오피스텔,용답동,"1,000",성동구,12,64,29,20.46,,,229-10,11200,3
117,,2013,,,2020,어반 오피스텔,용답동,"2,000",성동구,12,53,30,16.21,,,229-10,11200,5
0,,2003,,,2021,노블리안,상왕십리동,"10,980",성동구,1,20,4,30.81,,,750,11200,12
1,,2003,,,2021,노블리안,상왕십리동,"8,000",성동구,1,30,6,30.81,,,750,11200,5
2,,2003,,,2021,노블리안,상왕십리동,"2,500",성동구,1,47,9,25.74,,,750,11200,3
3,,2003,,,2021,노블리안,상왕십리동,"11,000",성동구,1,20,11,30.81,,,750,11200,4
4,,2003,,,2021,노블리안,상왕십리동,"10,980",성동구,1,20,13,30.81,,,750,11200,8
5,,2003,,,2021,노블리안,상왕십리동,"16,000",성동구,1,0,16,30.81,,,750,11200,9
6,,2003,,,2021,노블리안,상왕십리동,"1,000",성동구,1,60,23,25.74,,,750,11200,11
7,,2003,,,2021,노블리안,상왕십리동,"7,000",성동구,1,30,30,30.81,,,750,11200,9
8,,2016,,,2021,센트라스,하왕십리동,"1,000",성동구,1,95,2,32.53,,,1070,11200,12
9,,2016,,,2021,센트라스,하왕십리동,"29,000",성동구,1,0,2,29.16,,,1070,11200,19
10,,2011,,,2021,리오파크 오피스텔,하왕십리동,"1,000",성동구,1,60,2,22.82,,,898-2,11200,7
11,,2011,,,2021,리오파크 오피스텔,하왕십리동,"2,000",성동구,1,50,2,22.82,,,898-2,11200,6
12,,2016,,,2021,센트라스,하왕십리동,"28,500",성동구,1,0,4,31.01,,,1070,11200,11
13,,2017,,,2021,동인드림힐스,하왕십리동,"18,375",성동구,1,0,6,19.24,,,890-181,11200,14
14,,2016,,,2021,센트라스,하왕십리동,"25,000",성동구,1,0,8,32.53,,,1070,11200,14
15,,2016,,,2021,센트라스,하왕십리동,"1,000",성동구,1,95,8,31.01,,,1070,11200,11
16,,2016,,,2021,센트라스,하왕십리동,"24,800",성동구,1,0,9,32.53,,,1070,11200,18
17,,2016,,,2021,센트라스,하왕십리동,"29,000",성동구,1,0,13,32.53,,,1070,11200,23
18,,2005,,,2021,동인 레반트 오피스텔,하왕십리동,"2,000",성동구,1,55,14,27.54,,,903-3,11200,7
19,,2016,,,2021,센트라스,하왕십리동,"1,000",성동구,1,90,19,32.53,,,1070,11200,12
20,,2011,,,2021,리오파크 오피스텔,하왕십리동,"13,000",성동구,1,0,21,22.82,,,898-2,11200,8
21,,2011,,,2021,리오파크 오피스텔,하왕십리동,"5,000",성동구,1,38,23,23.88,,,898-2,11200,12
22,,2016,,,2021,센트라스,하왕십리동,"1,000",성동구,1,97,23,32.53,,,1070,11200,6
23,,2016,,,2021,센트라스,하왕십리동,"28,000",성동구,1,0,25,31.01,,,1070,11200,6
24,,2016,,,2021,센트라스,하왕십리동,"1,000",성동구,1,87,26,29.16,,,1070,11200,25
25,,2011,,,2021,리오파크 오피스텔,하왕십리동,"2,000",성동구,1,50,28,22.82,,,898-2,11200,8
26,,2016,,,2021,센트라스,하왕십리동,"27,300",성동구,1,0,29,31.01,,,1070,11200,19
27,,2016,,,2021,센트라스,하왕십리동,"5,000",성동구,1,80,30,31.01,,,1070,11200,18
28,,2016,,,2021,센트라스,하왕십리동,"24,500",성동구,1,0,30,32.53,,,1070,11200,19
29,,2018,,,2021,비앤리베스텔,홍익동,"15,700",성동구,1,0,7,15.98,,,146-1,11200,6
30,,2018,,,2021,비앤리베스텔,홍익동,"14,700",성동구,1,0,10,18.39,,,146-1,11200,4
31,,2018,,,2021,비앤리베스텔,홍익동,"15,700",성동구,1,0,18,15.98,,,146-1,11200,6
32,,2018,,,2021,뉴센트빌,홍익동,"35,000",성동구,1,0,20,50.77,,,125-1,11200,5
33,,2018,,,2021,비앤리베스텔,홍익동,"14,700",성동구,1,0,23,15.92,,,146-1,11200,3
34,,2020,,,2021,왕십리렉스프리미엄오피스텔,도선동,"10,000",성동구,1,40,4,18.63,,,257,11200,15
35,,2014,,,2021,J&J빌딩,도선동,"20,000",성동구,1,0,4,29.1,,,276,11200,9
36,,2017,,,2021,한성아펠타워,도선동,"24,000",성동구,1,0,5,23.61,,,53,11200,3
37,,2018,,,2021,렉스오피스텔,도선동,"1,000",성동구,1,70,9,20.35,,,268,11200,6
38,,2017,,,2021,한성아펠타워,도선동,"25,000",성동구,1,0,9,23.58,,,53,11200,13
39,,2018,,,2021,렉스오피스텔,도선동,"1,000",성동구,1,70,11,21.49,,,268,11200,12
40,,2020,,,2021,비엠빌딩,도선동,"6,000",성동구,1,50,11,21.28,,,292,11200,9
41,,2017,,,2021,한성아펠타워,도선동,"1,000",성동구,1,89,16,23.61,,,53,11200,12
42,,2014,,,2021,J&J빌딩,도선동,"20,000",성동구,1,0,18,29.1,,,276,11200,9
43,,1998,,,2021,신한넥스텔,도선동,500,성동구,1,45,21,19.63,,,14,11200,13
44,,2018,,,2021,렉스오피스텔,도선동,"1,000",성동구,1,70,22,20.35,,,268,11200,12
45,,2018,,,2021,W에비뉴타워,도선동,"5,000",성동구,1,60,22,23.32,,,46,11200,13
46,,2018,,,2021,W에비뉴타워,도선동,"10,000",성동구,1,120,23,48.41,,,46,11200,17
47,,1998,,,2021,신한넥스텔,도선동,"15,000",성동구,1,0,23,39.26,,,14,11200,16
48,,2017,,,2021,한성아펠타워,도선동,"25,400",성동구,1,0,30,23.58,,,53,11200,4
49,,2018,,,2021,트레저힐스,마장동,"18,900",성동구,1,0,18,26.36,,,775-2,11200,2
50,,2012,,,2021,(777-3),마장동,"1,000",성동구,1,50,25,15.62,,,777-3,11200,8
51,,2006,,,2021,왕십리역이스타빌,행당동,"1,000",성동구,1,65,2,21.91,,,287-15,11200,14
52,,2004,,,2021,성동샤르망,행당동,"1,000",성동구,1,60,6,24.84,,,192-29,11200,4
53,,2006,,,2021,왕십리역이스타빌,행당동,"1,000",성동구,1,70,7,29.43,,,287-15,11200,14
54,,2018,,,2021,왕십리 큐브스테이트,행당동,"16,800",성동구,1,0,9,16.53,,,286-25,11200,6
55,,2018,,,2021,왕십리 큐브스테이트,행당동,"3,000",성동구,1,50,9,16.37,,,286-25,11200,3
56,,2006,,,2021,왕십리역이스타빌,행당동,"1,000",성동구,1,75,11,29.43,,,287-15,11200,13
57,,2004,,,2021,성동샤르망,행당동,"1,000",성동구,1,60,15,24.84,,,192-29,11200,9
58,,2006,,,2021,왕십리역이스타빌,행당동,"14,700",성동구,1,0,16,21.91,,,287-15,11200,14
59,,2006,,,2021,왕십리역이스타빌,행당동,"1,000",성동구,1,65,18,21.91,,,287-15,11200,8
60,,2006,,21.02~22.02,2021,왕십리역이스타빌,행당동,"1,000",성동구,1,65,19,21.91,,,287-15,11200,13
61,,2014,,,2021,서울숲 더샵,행당동,"2,000",성동구,1,120,20,35.21,,,377,11200,2
62,,2018,,,2021,왕십리 큐브스테이트,행당동,"20,000",성동구,1,0,22,16.37,,,286-25,11200,5
63,,2006,,,2021,왕십리역이스타빌,행당동,"1,000",성동구,1,65,22,26.22,,,287-15,11200,8
64,,2006,,,2021,왕십리역이스타빌,행당동,"1,000",성동구,1,75,23,29.43,,,287-15,11200,13
65,,2004,,,2021,성동샤르망,행당동,"4,000",성동구,1,45,23,24.84,,,192-29,11200,12
66,,2018,,,2021,왕십리 큐브스테이트,행당동,"19,500",성동구,1,0,26,16.37,,,286-25,11200,6
67,,2004,,,2021,성동샤르망,행당동,"1,000",성동구,1,60,29,24.84,,,192-29,11200,4
68,,2002,,,2021,금호힐오피스텔,금호동1가,"12,000",성동구,1,0,9,27.35,,,1755,11200,5
69,,2002,,,2021,금호힐오피스텔,금호동1가,500,성동구,1,55,18,27.35,,,1755,11200,3
70,,2003,,,2021,성수동 뉴타운오피스텔,성수동1가,"18,000",성동구,1,0,4,31.6,,,72-69,11200,2
71,,1997,,,2021,청재오피스텔,성수동1가,"3,000",성동구,1,115,4,39.68,,,72-71,11200,5
72,,2018,,,2021,청호 서울숲 뜨레피움 오피스텔,성수동1가,"18,000",성동구,1,0,6,19.03,,,13-163,11200,2
73,,2004,,,2021,Biz-Well 성수,성수동1가,"1,000",성동구,1,50,11,19.08,,,33-21,11200,2
74,,2003,,,2021,성수동 뉴타운오피스텔,성수동1가,"1,000",성동구,1,70,13,31.6,,,72-69,11200,2
75,,2005,,,2021,뚝섬리버빌,성수동1가,"24,000",성동구,1,0,13,42.94,,,13-117,11200,6
76,,2018,,,2021,청호 서울숲 뜨레피움 오피스텔,성수동1가,"18,900",성동구,1,0,15,22.08,,,13-163,11200,4
77,,2004,,,2021,Biz-Well 성수,성수동1가,"2,000",성동구,1,60,16,24.69,,,33-21,11200,4
78,,2017,,,2021,뚝섬리치빌A동,성수동1가,"18,900",성동구,1,0,16,27.34,,,656-1041,11200,2
79,,2003,,,2021,성수동 뉴타운오피스텔,성수동1가,"16,700",성동구,1,0,18,30.02,,,72-69,11200,2
80,,2018,,,2021,청호 서울숲 뜨레피움 오피스텔,성수동1가,"19,000",성동구,1,0,18,19.03,,,13-163,11200,3
81,,2013,,,2021,서울숲오피스텔,성수동1가,"10,000",성동구,1,60,21,49.16,,,656-392,11200,5
82,,,,,2021,서울숲한양리버,성수동1가,"18,300",성동구,1,0,24,27.43,,,656-1170,11200,2
83,,2004,,,2021,Biz-Well 성수,성수동1가,"2,000",성동구,1,70,25,45.1,,,33-21,11200,3
84,,2005,,,2021,뚝섬리버빌,성수동1가,"1,000",성동구,1,65,26,29,,,13-117,11200,3
85,,2004,,,2021,Biz-Well 성수,성수동1가,"2,000",성동구,1,47,29,24.69,,,33-21,11200,2
86,,2004,,,2021,Biz-Well 성수,성수동1가,"3,000",성동구,1,37,30,24.65,,,33-21,11200,2
87,,2004,,,2021,이에스에이리버하우스,성수동1가,"19,740",성동구,1,0,30,39.15,,,13-12,11200,3
88,,2004,,,2021,이에스에이리버하우스,성수동1가,"1,000",성동구,1,100,30,39.15,,,13-12,11200,12
89,,2015,,,2021,위더스 빌,성수동1가,"27,300",성동구,1,0,30,44.05,,,33-23,11200,7
90,,2005,,,2021,뚝섬리버빌,성수동1가,"15,700",성동구,1,0,30,33.94,,,13-117,11200,7
91,,2003,,,2021,성원상떼뷰오피스텔,성수동2가,"1,000",성동구,1,60,12,28.08,,,277-37,11200,8
92,,2017,,,2021,(299-134),성수동2가,"26,500",성동구,1,0,13,40.2,,,299-134,11200,3
93,,2003,,,2021,성원상떼뷰오피스텔,성수동2가,"1,000",성동구,1,55,14,24.84,,,277-37,11200,9
94,,2013,,,2021,성수동램킨중흥S클래스오피스텔,성수동2가,"2,000",성동구,1,52,15,18.33,,,277-101,11200,6
95,,2003,,,2021,성원상떼뷰오피스텔,성수동2가,"3,000",성동구,1,50,16,28.08,,,277-37,11200,3
96,,2013,,,2021,성수동램킨중흥S클래스오피스텔,성수동2가,"2,000",성동구,1,53,18,18.33,,,277-101,11200,3
97,,2013,,,2021,성수동램킨중흥S클래스오피스텔,성수동2가,"2,000",성동구,1,53,18,18.33,,,277-101,11200,3
98,,2013,,,2021,성수동램킨중흥S클래스오피스텔,성수동2가,"11,000",성동구,1,0,19,18.33,,,277-101,11200,5
99,,2016,,,2021,성수리치빌,성수동2가,"32,000",성동구,1,0,21,45.77,,,299-174,11200,2
100,,2003,,,2021,성원상떼뷰오피스텔,성수동2가,"1,000",성동구,1,60,21,28.08,,,277-37,11200,6
101,,2017,,,2021,(299-134),성수동2가,"25,900",성동구,1,0,23,39.78,,,299-134,11200,4
102,,,,21.02~23.02,2021,성수리치빌,성수동2가,"2,000",성동구,1,63,26,26.75,,,299-175,11200,2
103,,2013,,,2021,성수동램킨중흥S클래스오피스텔,성수동2가,"12,800",성동구,1,0,27,18.33,,,277-101,11200,8
104,,2003,,,2021,성원상떼뷰오피스텔,성수동2가,"1,000",성동구,1,55,29,24.84,,,277-37,11200,6
105,,2003,,,2021,송정동센스빌오피스텔,송정동,"5,000",성동구,1,49,2,30.92,,,81-16,11200,7
106,,2020,,,2021,용답동 큐브스테이트,용답동,"17,500",성동구,1,0,2,18.78,,,229-11,11200,16
107,,2020,,,2021,용답동 큐브스테이트,용답동,"17,000",성동구,1,0,2,17.72,,,229-11,11200,11
108,,2016,,,2021,서희스타힐스리버파크,용답동,"13,500",성동구,1,0,3,21.9,,,238-12,11200,6
109,,2020,,,2021,The Mark,용답동,"26,500",성동구,1,0,4,33.25,,,228-8,11200,8
110,,2020,,,2021,용답동 큐브스테이트,용답동,"18,000",성동구,1,0,4,18.78,,,229-11,11200,17
111,,2013,,,2021,어반 오피스텔,용답동,"1,000",성동구,1,56,5,20.46,,,229-10,11200,7
112,,2016,,,2021,서희스타힐스리버파크,용답동,"2,000",성동구,1,48,7,21.9,,,238-12,11200,4
113,,2020,,,2021,용답동 큐브스테이트,용답동,"17,500",성동구,1,0,7,18.78,,,229-11,11200,12
114,,2016,,,2021,서희스타힐스리버파크,용답동,500,성동구,1,55,7,21.9,,,238-12,11200,2
115,,2020,,,2021,용답동 큐브스테이트,용답동,"17,500",성동구,1,0,9,18.78,,,229-11,11200,10
116,,2020,,,2021,용답동 큐브스테이트,용답동,"17,500",성동구,1,0,10,18.78,,,229-11,11200,13
117,,2020,,,2021,용답동 큐브스테이트,용답동,"17,500",성동구,1,0,11,18.78,,,229-11,11200,16
118,,2020,,,2021,용답동 큐브스테이트,용답동,"17,500",성동구,1,0,12,18.78,,,229-11,11200,8
119,,2016,,,2021,서희스타힐스리버파크,용답동,"1,000",성동구,1,55,12,21.9,,,238-12,11200,10
120,,2020,,,2021,용답동 큐브스테이트,용답동,"5,000",성동구,1,50,14,18.78,,,229-11,11200,13
121,,2016,,,2021,서희스타힐스리버파크,용답동,"13,700",성동구,1,0,14,20.21,,,238-12,11200,4
122,,2020,,,2021,용답동 큐브스테이트,용답동,"17,500",성동구,1,0,14,18.78,,,229-11,11200,13
123,,2020,,,2021,용답동 큐브스테이트,용답동,"17,500",성동구,1,0,15,18.78,,,229-11,11200,9
124,,2020,,,2021,The Mark,용답동,"25,000",성동구,1,0,15,33.25,,,228-8,11200,5
125,,2016,,,2021,서희스타힐스리버파크,용답동,"13,000",성동구,1,0,16,19.88,,,238-12,11200,4
126,,2020,,,2021,용답동 큐브스테이트,용답동,"5,000",성동구,1,50,17,18.78,,,229-11,11200,16
127,,2020,,,2021,용답동 큐브스테이트,용답동,"17,000",성동구,1,0,17,18.27,,,229-11,11200,13
128,,2020,,,2021,용답동 큐브스테이트,용답동,"17,500",성동구,1,0,17,18.78,,,229-11,11200,14
129,,2016,,,2021,서희스타힐스리버파크,용답동,500,성동구,1,60,18,21.9,,,238-12,11200,10
130,,2020,,,2021,용답동 큐브스테이트,용답동,"17,500",성동구,1,0,18,18.78,,,229-11,11200,12
131,,2020,,,2021,용답동 큐브스테이트,용답동,"17,500",성동구,1,0,18,18.78,,,229-11,11200,12
132,,2020,,,2021,용답동 큐브스테이트,용답동,"17,500",성동구,1,0,18,18.78,,,229-11,11200,6
133,,2020,,,2021,용답동 큐브스테이트,용답동,"18,000",성동구,1,0,18,18.78,,,229-11,11200,12
134,,2020,,,2021,용답동 큐브스테이트,용답동,"3,000",성동구,1,60,18,17.72,,,229-11,11200,15
135,,2020,,,2021,용답동 큐브스테이트,용답동,"17,500",성동구,1,0,19,18.78,,,229-11,11200,13
136,,2013,,,2021,어반 오피스텔,용답동,"1,000",성동구,1,45,19,16.21,,,229-10,11200,10
137,,2020,,,2021,용답동 큐브스테이트,용답동,"17,500",성동구,1,0,19,18.78,,,229-11,11200,7
138,,2020,,,2021,용답동 큐브스테이트,용답동,"17,500",성동구,1,0,20,18.78,,,229-11,11200,7
139,,2020,,,2021,용답동 큐브스테이트,용답동,"17,500",성동구,1,0,20,18.78,,,229-11,11200,10
140,,2020,,,2021,용답동 큐브스테이트,용답동,"10,000",성동구,1,35,20,18.78,,,229-11,11200,9
141,,2020,,,2021,용답동 큐브스테이트,용답동,"17,500",성동구,1,0,20,18.78,,,229-11,11200,9
142,,2016,,,2021,서희스타힐스리버파크,용답동,"14,000",성동구,1,0,20,19.88,,,238-12,11200,13
143,,2020,,,2021,용답동 큐브스테이트,용답동,"18,000",성동구,1,0,20,18.78,,,229-11,11200,15
144,,2020,,,2021,용답동 큐브스테이트,용답동,"17,000",성동구,1,0,21,18.27,,,229-11,11200,13
145,,2020,,,2021,용답동 큐브스테이트,용답동,"17,500",성동구,1,0,21,18.78,,,229-11,11200,16
146,,1985,,,2021,(233-8),용답동,"1,000",성동구,1,57,21,22.58,,,233-8,11200,4
147,,2011,,,2021,오르세오피스텔,용답동,"1,000",성동구,1,87,21,46.25,,,238-2,11200,6
148,,2016,,,2021,서희스타힐스리버파크,용답동,"14,500",성동구,1,0,21,21.9,,,238-12,11200,3
149,,2020,,,2021,용답동 큐브스테이트,용답동,"18,000",성동구,1,0,21,18.78,,,229-11,11200,11
150,,2020,,,2021,용답동 큐브스테이트,용답동,"17,500",성동구,1,0,21,18.78,,,229-11,11200,7
151,,2020,,,2021,용답동 큐브스테이트,용답동,"17,000",성동구,1,0,21,18.27,,,229-11,11200,9
152,,2020,,,2021,용답동 큐브스테이트,용답동,"17,500",성동구,1,0,21,18.78,,,229-11,11200,16
153,,2020,,,2021,용답동 큐브스테이트,용답동,"17,500",성동구,1,0,21,18.78,,,229-11,11200,7
154,,2020,,,2021,용답동 큐브스테이트,용답동,"17,500",성동구,1,0,22,18.78,,,229-11,11200,11
155,,2021,,,2021,k-타워,용답동,"3,000",성동구,1,75,22,25.66,,,229-2,11200,11
156,,2020,,,2021,용답동 큐브스테이트,용답동,"3,000",성동구,1,60,22,18.78,,,229-11,11200,12
157,,2020,,,2021,용답동 큐브스테이트,용답동,"17,000",성동구,1,0,22,18.27,,,229-11,11200,10
158,,2020,,,2021,용답동 큐브스테이트,용답동,"17,500",성동구,1,0,22,18.78,,,229-11,11200,15
159,,2020,,,2021,용답동 큐브스테이트,용답동,"18,500",성동구,1,0,23,18.78,,,229-11,11200,16
160,,2020,,,2021,용답동 큐브스테이트,용답동,"18,000",성동구,1,0,23,18.78,,,229-11,11200,10
161,,2020,,,2021,용답동 큐브스테이트,용답동,"17,000",성동구,1,0,23,18.27,,,229-11,11200,16
162,,2016,,,2021,서희스타힐스리버파크,용답동,"14,800",성동구,1,0,23,21.9,,,238-12,11200,14
163,,2020,,,2021,용답동 큐브스테이트,용답동,"17,500",성동구,1,0,23,18.78,,,229-11,11200,8
164,,2020,,,2021,용답동 큐브스테이트,용답동,"17,500",성동구,1,0,23,18.78,,,229-11,11200,16
165,,2020,,,2021,용답동 큐브스테이트,용답동,"10,000",성동구,1,35,23,18.78,,,229-11,11200,4
166,,2020,,,2021,용답동 큐브스테이트,용답동,"18,500",성동구,1,0,23,18.78,,,229-11,11200,17
167,,2020,,,2021,용답동 큐브스테이트,용답동,"5,000",성동구,1,50,24,17.72,,,229-11,11200,12
168,,2020,,,2021,용답동 큐브스테이트,용답동,"18,000",성동구,1,0,24,18.78,,,229-11,11200,11
169,,2020,,,2021,용답동 큐브스테이트,용답동,"18,000",성동구,1,0,24,18.78,,,229-11,11200,9
170,,2020,,,2021,용답동 큐브스테이트,용답동,"12,000",성동구,1,35,25,18.27,,,229-11,11200,11
171,,2020,,,2021,용답동 큐브스테이트,용답동,"16,500",성동구,1,5,25,18.78,,,229-11,11200,6
172,,2020,,,2021,용답동 큐브스테이트,용답동,"18,000",성동구,1,0,25,18.78,,,229-11,11200,13
173,,2020,,,2021,용답동 큐브스테이트,용답동,"17,500",성동구,1,0,25,17.72,,,229-11,11200,13
174,,2020,,,2021,용답동 큐브스테이트,용답동,"18,000",성동구,1,0,26,17.72,,,229-11,11200,16
175,,2020,,,2021,용답동 큐브스테이트,용답동,"18,000",성동구,1,0,26,18.78,,,229-11,11200,12
176,,2020,,,2021,용답동 큐브스테이트,용답동,"18,000",성동구,1,0,27,18.78,,,229-11,11200,7
177,,2020,,,2021,용답동 큐브스테이트,용답동,"17,500",성동구,1,0,27,18.78,,,229-11,11200,9
178,,2020,,,2021,용답동 큐브스테이트,용답동,"17,000",성동구,1,0,27,18.78,,,229-11,11200,4
179,,2013,,,2021,어반 오피스텔,용답동,"1,000",성동구,1,64,27,20.46,,,229-10,11200,5
180,,2020,,,2021,용답동 큐브스테이트,용답동,"17,500",성동구,1,0,27,18.78,,,229-11,11200,8
181,,2021,,,2021,k-타워,용답동,"1,000",성동구,1,95,28,27.59,,,229-2,11200,13
182,,1985,,,2021,(233-8),용답동,"3,000",성동구,1,52,28,21.9,,,233-8,11200,10
183,,2016,,,2021,서희스타힐스리버파크,용답동,"14,700",성동구,1,0,28,21.9,,,238-12,11200,6
184,,2020,,,2021,용답동 큐브스테이트,용답동,"18,000",성동구,1,0,29,18.78,,,229-11,11200,9
185,,2020,,,2021,용답동 큐브스테이트,용답동,"18,000",성동구,1,0,30,18.78,,,229-11,11200,14
186,,2020,,,2021,용답동 큐브스테이트,용답동,"17,000",성동구,1,0,30,18.27,,,229-11,11200,10
187,,2020,,,2021,용답동 큐브스테이트,용답동,"17,500",성동구,1,0,30,18.78,,,229-11,11200,6
188,,2006,,,2021,신창비바패밀리,용답동,"23,000",성동구,1,0,30,51.5,,,232-1,11200,14
189,,2020,,,2021,용답동 큐브스테이트,용답동,"17,500",성동구,1,0,30,18.78,,,229-11,11200,10
190,,2016,,,2021,서희스타힐스리버파크,용답동,"13,700",성동구,1,0,30,19.88,,,238-12,11200,14
191,,2020,,,2021,용답동 큐브스테이트,용답동,"18,500",성동구,1,0,30,18.78,,,229-11,11200,14
192,,2021,,,2021,k-타워,용답동,"3,000",성동구,1,75,31,25.66,,,229-2,11200,10
193,,2013,,,2021,어반 오피스텔,용답동,"2,000",성동구,1,60,31,20.46,,,229-10,11200,4
0,,2003,,,2021,노블리안,상왕십리동,"1,000",성동구,2,50,2,25.74,,,750,11200,7
1,,2003,,21.02~23.02,2021,노블리안,상왕십리동,"1,000",성동구,2,65,7,30.81,,,750,11200,5
2,,2003,,,2021,노블리안,상왕십리동,"7,000",성동구,2,40,16,30.81,,,750,11200,8
3,,2003,,,2021,노블리안,상왕십리동,"16,000",성동구,2,0,16,30.81,,,750,11200,2
4,,2003,,,2021,노블리안,상왕십리동,"6,000",성동구,2,40,23,30.81,,,750,11200,13
5,,2016,,,2021,센트라스,하왕십리동,"2,000",성동구,2,82,1,29.16,,,1070,11200,8
6,,2016,,,2021,센트라스,하왕십리동,"5,000",성동구,2,78,2,29.16,,,1070,11200,15
7,,2005,,,2021,동인 레반트 오피스텔,하왕십리동,"1,000",성동구,2,65,2,27.54,,,903-3,11200,12
8,,2016,,,2021,센트라스,하왕십리동,"25,000",성동구,2,0,6,31.01,,,1070,11200,25
9,,2016,,,2021,센트라스,하왕십리동,"24,150",성동구,2,0,6,31.01,,,1070,11200,12
10,,2016,,,2021,센트라스,하왕십리동,"25,000",성동구,2,0,6,31.01,,,1070,11200,25
11,,2011,,,2021,리오파크 오피스텔,하왕십리동,"13,500",성동구,2,0,6,23.42,,,898-2,11200,7
12,,2011,,,2021,리오파크 오피스텔,하왕십리동,"1,000",성동구,2,60,6,22.82,,,898-2,11200,14
13,,2016,,,2021,센트라스,하왕십리동,"25,200",성동구,2,0,18,32.53,,,1070,11200,6
14,,2005,,,2021,동인 레반트 오피스텔,하왕십리동,"1,000",성동구,2,65,18,27.54,,,903-3,11200,6
15,,2005,,,2021,동인 레반트 오피스텔,하왕십리동,"1,000",성동구,2,65,18,30.32,,,903-3,11200,14
16,,2011,,,2021,리오파크 오피스텔,하왕십리동,"1,000",성동구,2,60,20,21.56,,,898-2,11200,11
17,,2016,,,2021,센트라스,하왕십리동,"1,000",성동구,2,100,25,32.53,,,1070,11200,18
18,,2011,,,2021,리오파크 오피스텔,하왕십리동,"2,000",성동구,2,55,26,23.42,,,898-2,11200,10
19,,2018,,,2021,비앤리베스텔,홍익동,"4,000",성동구,2,51,2,15.92,,,146-1,11200,4
20,,2018,,,2021,비앤리베스텔,홍익동,"15,700",성동구,2,0,5,15.92,,,146-1,11200,9
21,,1998,,,2021,신한넥스텔,도선동,"2,000",성동구,2,50,5,32.22,,,14,11200,7
22,,2017,,,2021,한성아펠타워,도선동,"19,420",성동구,2,0,16,23.58,,,53,11200,3
23,,2020,,,2021,왕십리렉스프리미엄오피스텔,도선동,"2,000",성동구,2,75,19,18.63,,,257,11200,17
24,,2018,,,2021,W에비뉴타워,도선동,"19,950",성동구,2,0,20,23.32,,,46,11200,10
25,,2020,,,2021,비엠빌딩,도선동,"3,000",성동구,2,65,23,19.95,,,292,11200,10
26,,2020,,,2021,왕십리렉스프리미엄오피스텔,도선동,"21,000",성동구,2,0,23,18.63,,,257,11200,10
27,,2018,,,2021,렉스오피스텔,도선동,"2,000",성동구,2,66,26,20.35,,,268,11200,8
28,,2017,,,2021,한성아펠타워,도선동,"5,000",성동구,2,64,26,23.58,,,53,11200,14
29,,2017,,,2021,한성아펠타워,도선동,"14,000",성동구,2,39,27,23.61,,,53,11200,3
30,,2017,,,2021,한성아펠타워,도선동,"1,000",성동구,2,90,28,23.58,,,53,11200,7
31,,2007,,,2021,마장동청계아르테미스,마장동,"18,500",성동구,2,0,6,54.72,,,778-5,11200,5
32,,2007,,,2021,마장동청계아르테미스,마장동,"22,000",성동구,2,0,16,54.72,,,778-5,11200,7
33,,2018,,,2021,트레저힐스,마장동,"23,000",성동구,2,0,22,27.92,,,775-4,11200,4
34,,2018,,,2021,트레저힐스,마장동,"22,000",성동구,2,0,26,26.97,,,775-2,11200,4
35,,2018,,,2021,왕십리 큐브스테이트,행당동,"3,000",성동구,2,55,1,16.53,,,286-25,11200,4
36,,2004,,,2021,성동샤르망,행당동,"1,000",성동구,2,60,6,24.84,,,192-29,11200,6
37,,2006,,,2021,왕십리역이스타빌,행당동,500,성동구,2,80,10,29.43,,,287-15,11200,5
38,,2014,,,2021,서울숲 더샵,행당동,"2,000",성동구,2,121,10,35.21,,,377,11200,2
39,,2006,,,2021,왕십리역이스타빌,행당동,"1,000",성동구,2,65,18,21.91,,,287-15,11200,8
40,,2006,,,2021,왕십리역이스타빌,행당동,"1,000",성동구,2,70,18,26.22,,,287-15,11200,13
41,,,,,2021,K TOWER 2,행당동,"27,300",성동구,2,0,23,36.06,,,293-8,11200,3
42,,,,,2021,K TOWER 2,행당동,"1,000",성동구,2,65,27,21.4,,,293-8,11200,3
43,,2002,,,2021,금호힐오피스텔,금호동1가,"13,500",성동구,2,0,4,29.97,,,1755,11200,5
44,,2002,,,2021,금호힐오피스텔,금호동1가,500,성동구,2,60,26,29.97,,,1755,11200,5
45,,2004,,,2021,이에스에이리버하우스,성수동1가,"2,000",성동구,2,95,2,39.15,,,13-12,11200,5
46,,2004,,,2021,이에스에이리버하우스,성수동1가,"27,000",성동구,2,0,4,39.15,,,13-12,11200,8
47,,2004,,,2021,이에스에이리버하우스,성수동1가,"26,000",성동구,2,0,5,39.15,,,13-12,11200,2
48,,2018,,,2021,청호 서울숲 뜨레피움 오피스텔,성수동1가,"3,000",성동구,2,68,5,19.03,,,13-163,11200,2
49,,2018,,,2021,청호 서울숲 뜨레피움 오피스텔,성수동1가,"18,900",성동구,2,0,5,19.03,,,13-163,11200,3
50,,2018,,,2021,청호 서울숲 뜨레피움 오피스텔,성수동1가,"19,000",성동구,2,0,6,19.03,,,13-163,11200,2
51,,2004,,,2021,이에스에이리버하우스,성수동1가,"3,000",성동구,2,68,15,39.15,,,13-12,11200,4
52,,2018,,,2021,청호 서울숲 뜨레피움 오피스텔,성수동1가,"19,000",성동구,2,0,15,19.03,,,13-163,11200,2
53,,2013,,,2021,서울숲오피스텔,성수동1가,"26,500",성동구,2,0,16,44.16,,,656-392,11200,3
54,,2004,,,2021,Biz-Well 성수,성수동1가,"3,000",성동구,2,37,19,24.69,,,33-21,11200,2
55,,2005,,,2021,뚝섬리버빌,성수동1가,"17,300",성동구,2,0,20,29,,,13-117,11200,6
56,,2004,,,2021,Biz-Well 성수,성수동1가,"3,000",성동구,2,39,20,26.67,,,33-21,11200,7
57,,2004,,,2021,이에스에이리버하우스,성수동1가,"31,000",성동구,2,0,22,39.15,,,13-12,11200,7
58,,2004,,,2021,Biz-Well 성수,성수동1가,"3,000",성동구,2,35,23,19.91,,,33-21,11200,9
59,,2004,,,2021,이에스에이리버하우스,성수동1가,"45,500",성동구,2,0,24,63.74,,,13-12,11200,6
60,,2003,,,2021,성수동 뉴타운오피스텔,성수동1가,"17,100",성동구,2,0,26,32.76,,,72-69,11200,10
61,,2015,,,2021,위더스 빌,성수동1가,"28,000",성동구,2,0,27,43.41,,,33-23,11200,10
62,,2013,,,2021,성수동램킨중흥S클래스오피스텔,성수동2가,"1,000",성동구,2,57,2,18.33,,,277-101,11200,3
63,,2013,,,2021,성수동램킨중흥S클래스오피스텔,성수동2가,"2,000",성동구,2,50,6,18.33,,,277-101,11200,8
64,,2003,,,2021,성원상떼뷰오피스텔,성수동2가,"1,000",성동구,2,55,15,24.84,,,277-37,11200,11
65,,2017,,,2021,송보파인빌,성수동2가,"22,000",성동구,2,0,16,27.89,,,299-168,11200,2
66,,2017,,,2021,B동,성수동2가,"20,000",성동구,2,0,18,29.96,,,255-7,11200,2
67,,2003,,,2021,성원상떼뷰오피스텔,성수동2가,"13,500",성동구,2,0,25,28.08,,,277-37,11200,8
68,,2003,,,2021,송정동센스빌오피스텔,송정동,"3,000",성동구,2,63,4,30.92,,,81-16,11200,8
69,,2003,,,2021,송정동센스빌오피스텔,송정동,"12,000",성동구,2,15,19,31.19,,,81-16,11200,3
70,,2003,,,2021,송정동센스빌오피스텔,송정동,"12,000",성동구,2,15,23,31.19,,,81-16,11200,8
71,,2003,,,2021,송정동센스빌오피스텔,송정동,"3,000",성동구,2,63,24,30.92,,,81-16,11200,8
72,,2016,,,2021,서희스타힐스리버파크,용답동,"3,000",성동구,2,42,1,21.9,,,238-12,11200,3
73,,2020,,,2021,용답동 큐브스테이트,용답동,"17,500",성동구,2,0,2,18.78,,,229-11,11200,5
74,,2020,,,2021,용답동 큐브스테이트,용답동,"18,000",성동구,2,0,2,18.27,,,229-11,11200,16
75,,2020,,,2021,용답동 큐브스테이트,용답동,"18,000",성동구,2,0,2,18.78,,,229-11,11200,11
76,,2020,,,2021,용답동 큐브스테이트,용답동,"17,500",성동구,2,0,2,18.78,,,229-11,11200,12
77,,1991,,,2021,삼호오피스텔,용답동,"6,300",성동구,2,0,2,26.25,,,236-5,11200,8
78,,2020,,,2021,용답동 큐브스테이트,용답동,"1,000",성동구,2,70,2,18.78,,,229-11,11200,14
79,,2020,,,2021,용답동 큐브스테이트,용답동,"17,500",성동구,2,0,2,18.78,,,229-11,11200,5
80,,1991,,,2021,삼호오피스텔,용답동,"6,000",성동구,2,0,3,26.25,,,236-5,11200,5
81,,2021,,,2021,k-타워,용답동,"1,000",성동구,2,100,3,27.59,,,229-2,11200,12
82,,2020,,,2021,용답동 큐브스테이트,용답동,"17,500",성동구,2,0,4,18.78,,,229-11,11200,5
83,,2020,,,2021,용답동 큐브스테이트,용답동,"19,000",성동구,2,0,4,18.78,,,229-11,11200,11
84,,2020,,,2021,용답동 큐브스테이트,용답동,"18,000",성동구,2,0,4,18.78,,,229-11,11200,10
85,,2020,,,2021,용답동 큐브스테이트,용답동,"17,500",성동구,2,0,4,18.78,,,229-11,11200,4
86,,2011,,,2021,오르세오피스텔,용답동,"22,000",성동구,2,0,4,46.25,,,238-2,11200,10
87,,2020,,,2021,용답동 큐브스테이트,용답동,"17,500",성동구,2,0,5,18.78,,,229-11,11200,5
88,,1991,,,2021,삼호오피스텔,용답동,"8,000",성동구,2,0,5,26.25,,,236-5,11200,8
89,,2021,,,2021,k-타워,용답동,"3,000",성동구,2,80,5,25.66,,,229-2,11200,13
90,,2016,,,2021,서희스타힐스리버파크,용답동,"2,000",성동구,2,48,6,20.21,,,238-12,11200,13
91,,2020,,,2021,용답동 큐브스테이트,용답동,"17,500",성동구,2,0,6,18.78,,,229-11,11200,5
92,,2020,,,2021,용답동 큐브스테이트,용답동,"18,000",성동구,2,0,8,18.27,,,229-11,11200,12
93,,2020,,,2021,용답동 큐브스테이트,용답동,"18,000",성동구,2,0,8,18.78,,,229-11,11200,5
94,,2020,,,2021,용답동 큐브스테이트,용답동,"18,000",성동구,2,0,8,18.78,,,229-11,11200,5
95,,2020,,,2021,용답동 큐브스테이트,용답동,"17,000",성동구,2,0,8,18.27,,,229-11,11200,9
96,,2011,,,2021,오르세오피스텔,용답동,"22,000",성동구,2,0,9,46.25,,,238-2,11200,10
97,,2020,,,2021,용답동 큐브스테이트,용답동,"17,500",성동구,2,0,9,18.78,,,229-11,11200,4
98,,2016,,,2021,서희스타힐스리버파크,용답동,"12,000",성동구,2,10,9,21.9,,,238-12,11200,14
99,,2016,,,2021,서희스타힐스리버파크,용답동,"14,170",성동구,2,0,9,21.9,,,238-12,11200,14
100,,2020,,,2021,용답동 큐브스테이트,용답동,"13,000",성동구,2,20,9,18.27,,,229-11,11200,7
101,,2016,,,2021,서희스타힐스리버파크,용답동,"13,650",성동구,2,0,10,20.21,,,238-12,11200,6
102,,2020,,,2021,용답동 큐브스테이트,용답동,"18,000",성동구,2,0,10,18.78,,,229-11,11200,8
103,,2020,,,2021,용답동 큐브스테이트,용답동,"16,000",성동구,2,0,15,17.72,,,229-11,11200,6
104,,2020,,,2021,용답동 큐브스테이트,용답동,"18,000",성동구,2,0,15,18.78,,,229-11,11200,7
105,,2020,,,2021,용답동 큐브스테이트,용답동,"17,500",성동구,2,0,16,18.78,,,229-11,11200,4
106,,2020,,,2021,용답동 큐브스테이트,용답동,"18,000",성동구,2,0,16,18.78,,,229-11,11200,9
107,,2020,,,2021,용답동 큐브스테이트,용답동,"12,000",성동구,2,25,16,18.27,,,229-11,11200,6
108,,2020,,,2021,용답동 큐브스테이트,용답동,"19,500",성동구,2,0,16,18.78,,,229-11,11200,15
109,,2020,,,2021,용답동 큐브스테이트,용답동,"18,000",성동구,2,0,17,18.78,,,229-11,11200,10
110,,2020,,,2021,용답동 큐브스테이트,용답동,"18,000",성동구,2,0,17,18.78,,,229-11,11200,11
111,,2020,,,2021,용답동 큐브스테이트,용답동,"18,000",성동구,2,0,17,18.78,,,229-11,11200,7
112,,2021,,,2021,k-타워,용답동,"3,000",성동구,2,80,17,25.66,,,229-2,11200,13
113,,2021,,,2021,k-타워,용답동,"3,000",성동구,2,80,18,27.59,,,229-2,11200,9
114,,2011,,,2021,오르세오피스텔,용답동,"1,000",성동구,2,75,18,43.55,,,238-2,11200,6
115,,2016,,,2021,서희스타힐스리버파크,용답동,"2,000",성동구,2,50,19,21.9,,,238-12,11200,13
116,,2020,,,2021,용답동 큐브스테이트,용답동,"16,500",성동구,2,0,19,17.72,,,229-11,11200,7
117,,2016,,,2021,서희스타힐스리버파크,용답동,"14,700",성동구,2,0,19,21.9,,,238-12,11200,2
118,,2016,,,2021,서희스타힐스리버파크,용답동,"14,000",성동구,2,0,19,21.9,,,238-12,11200,3
119,,2021,,,2021,k-타워,용답동,"1,000",성동구,2,90,19,27.59,,,229-2,11200,8
120,,1991,,,2021,삼호오피스텔,용답동,500,성동구,2,40,19,26.25,,,236-5,11200,4
121,,2020,,,2021,용답동 큐브스테이트,용답동,"17,500",성동구,2,0,19,18.78,,,229-11,11200,15
122,,2020,,,2021,용답동 큐브스테이트,용답동,"16,000",성동구,2,0,19,18.27,,,229-11,11200,4
123,,2020,,,2021,용답동 큐브스테이트,용답동,"16,500",성동구,2,0,19,17.72,,,229-11,11200,4
124,,2016,,,2021,서희스타힐스리버파크,용답동,"3,000",성동구,2,45,20,21.9,,,238-12,11200,3
125,,2020,,,2021,용답동 큐브스테이트,용답동,"5,000",성동구,2,50,20,18.78,,,229-11,11200,10
126,,2020,,,2021,용답동 큐브스테이트,용답동,"18,000",성동구,2,0,22,17.72,,,229-11,11200,10
127,,2020,,,2021,용답동 큐브스테이트,용답동,"18,000",성동구,2,0,23,18.27,,,229-11,11200,11
128,,2016,,,2021,서희스타힐스리버파크,용답동,"13,700",성동구,2,0,23,20.21,,,238-12,11200,2
129,,2021,,,2021,k-타워,용답동,"1,000",성동구,2,90,24,25.66,,,229-2,11200,14
130,,2020,,,2021,용답동 큐브스테이트,용답동,"16,500",성동구,2,0,24,18.27,,,229-11,11200,5
131,,2016,,,2021,서희스타힐스리버파크,용답동,"14,500",성동구,2,0,24,21.9,,,238-12,11200,9
132,,1985,,,2021,(233-8),용답동,"1,000",성동구,2,57,25,22.07,,,233-8,11200,5
133,,2020,,,2021,용답동 큐브스테이트,용답동,"17,000",성동구,2,0,25,18.27,,,229-11,11200,8
134,,2020,,,2021,용답동 큐브스테이트,용답동,"16,000",성동구,2,0,25,18.27,,,229-11,11200,4
135,,2020,,,2021,용답동 큐브스테이트,용답동,"19,500",성동구,2,0,25,18.78,,,229-11,11200,8
136,,2020,,,2021,용답동 큐브스테이트,용답동,"17,000",성동구,2,0,26,17.72,,,229-11,11200,5
137,,2020,,,2021,용답동 큐브스테이트,용답동,"17,000",성동구,2,0,27,18.27,,,229-11,11200,8
138,,2016,,,2021,서희스타힐스리버파크,용답동,"14,000",성동구,2,0,27,21.9,,,238-12,11200,6
0,,2003,,,2021,노블리안,상왕십리동,"12,000",성동구,3,5,8,30.81,,,750,11200,11
1,,2003,,,2021,노블리안,상왕십리동,"7,000",성동구,3,40,10,30.81,,,750,11200,11
2,,2003,,,2021,노블리안,상왕십리동,"7,000",성동구,3,40,16,30.81,,,750,11200,4
3,,2005,,,2021,동인 레반트 오피스텔,하왕십리동,"3,000",성동구,3,50,5,27.54,,,903-3,11200,8
4,,2011,,,2021,리오파크 오피스텔,하왕십리동,"1,000",성동구,3,60,6,22.82,,,898-2,11200,7
5,,2011,,,2021,리오파크 오피스텔,하왕십리동,"13,500",성동구,3,0,6,22.82,,,898-2,11200,10
6,,2011,,,2021,리오파크 오피스텔,하왕십리동,"3,500",성동구,3,42,6,22.82,,,898-2,11200,10
7,,2016,,,2021,센트라스,하왕십리동,"15,000",성동구,3,48,7,32.53,,,1070,11200,9
8,,2011,,,2021,리오파크 오피스텔,하왕십리동,"1,000",성동구,3,60,10,22.82,,,898-2,11200,4
9,,2016,,,2021,센트라스,하왕십리동,"1,000",성동구,3,92,15,29.16,,,1070,11200,6
10,,2016,,,2021,센트라스,하왕십리동,"27,000",성동구,3,0,26,31.01,,,1070,11200,20
11,,2005,,,2021,동인 레반트 오피스텔,하왕십리동,"5,000",성동구,3,45,27,27.54,,,903-3,11200,3
12,,2016,,,2021,센트라스,하왕십리동,"1,000",성동구,3,90,31,31.01,,,1070,11200,10
13,,2018,,,2021,뉴센트빌,홍익동,"37,000",성동구,3,0,15,50.77,,,125-1,11200,2
14,,2017,,21.04~22.03,2021,한성아펠타워,도선동,"1,000",성동구,3,88,6,23.58,,,53,11200,10
15,,2017,,,2021,한성아펠타워,도선동,"7,000",성동구,3,58,6,23.58,,,53,11200,5
16,,1998,,,2021,신한넥스텔,도선동,500,성동구,3,42,8,19.63,,,14,11200,16
17,,2017,,,2021,한성아펠타워,도선동,"19,800",성동구,3,0,16,23.58,,,53,11200,12
18,,1998,,,2021,신한넥스텔,도선동,"10,000",성동구,3,0,20,19.63,,,14,11200,13
19,,2018,,,2021,렉스오피스텔,도선동,"19,840",성동구,3,0,20,21.27,,,268,11200,11
20,,2017,,,2021,한성아펠타워,도선동,"25,350",성동구,3,0,20,23.58,,,53,11200,11
21,,2020,,,2021,비엠빌딩,도선동,"10,000",성동구,3,40,22,35.98,,,292,11200,8
22,,1998,,21.05~23.05,2021,신한넥스텔,도선동,"1,000",성동구,3,35,24,19.63,,,14,11200,12
23,,1998,,,2021,신한넥스텔,도선동,"1,000",성동구,3,65,27,39.26,,,14,11200,17
24,,2017,,,2021,한성아펠타워,도선동,"10,000",성동구,3,60,30,23.58,,,53,11200,15
25,,2018,,,2021,트레저힐스,마장동,"2,000",성동구,3,70,13,27.92,,,775-4,11200,2
26,,2018,,,2021,트레저힐스,마장동,"19,200",성동구,3,0,17,26.97,,,775-2,11200,2
27,,2010,,,2021,고운타워,마장동,"8,000",성동구,3,0,18,23.92,,,474-5,11200,4
28,,2006,,,2021,왕십리역이스타빌,행당동,"1,000",성동구,3,70,1,26.22,,,287-15,11200,9
29,,2020,,,2021,1동,행당동,"3,000",성동구,3,50,7,28.79,,,292-28,11200,6
30,,2014,,,2021,서울숲 더샵,행당동,"5,000",성동구,3,160,12,60.07,,,377,11200,4
31,,2018,,,2021,왕십리 큐브스테이트,행당동,"20,000",성동구,3,0,15,15.98,,,286-25,11200,2
32,,2014,,,2021,서울숲 더샵,행당동,"3,000",성동구,3,114,18,45.81,,,377,11200,3
33,,2020,,21.04~23.04,2021,(286-24),행당동,"6,000",성동구,3,74,27,27.92,,,286-24,11200,5
34,,2006,,,2021,왕십리역이스타빌,행당동,"1,000",성동구,3,65,31,23.89,,,287-15,11200,6
35,,2004,,,2021,성원상떼뷰,옥수동,"14,000",성동구,3,0,8,27.01,,,475,11200,12
36,,2004,,,2021,성원상떼뷰,옥수동,"21,000",성동구,3,0,8,30.75,,,475,11200,11
37,,2004,,,2021,성원상떼뷰,옥수동,"1,000",성동구,3,70,20,27.01,,,475,11200,9
38,,2004,,,2021,성원상떼뷰,옥수동,"15,000",성동구,3,0,30,27.01,,,475,11200,12
39,,2005,,,2021,뚝섬리버빌,성수동1가,"2,000",성동구,3,60,3,29,,,13-117,11200,6
40,,2004,,,2021,Biz-Well 성수,성수동1가,"1,000",성동구,3,57,13,24.69,,,33-21,11200,5
41,,2004,,,2021,성수 그린빌,성수동1가,"18,500",성동구,3,0,13,60.8,,,685-54,11200,7
42,,2004,,,2021,성수 그린빌,성수동1가,"20,000",성동구,3,0,16,34.59,,,685-54,11200,5
43,,2004,,,2021,Biz-Well 성수,성수동1가,"21,000",성동구,3,0,17,45.1,,,33-21,11200,7
44,,2005,,,2021,뚝섬리버빌,성수동1가,"1,000",성동구,3,65,18,30.69,,,13-117,11200,3
45,,2003,,,2021,성수동 뉴타운오피스텔,성수동1가,"16,800",성동구,3,0,21,30.02,,,72-69,11200,5
46,,2004,,,2021,Biz-Well 성수,성수동1가,"3,000",성동구,3,39,22,26.67,,,33-21,11200,6
47,,2005,,,2021,뚝섬리버빌,성수동1가,"2,000",성동구,3,70,22,33.94,,,13-117,11200,6
48,,2003,,,2021,성수동 뉴타운오피스텔,성수동1가,"1,000",성동구,3,70,23,32.39,,,72-69,11200,2
49,,2004,,,2021,이에스에이리버하우스,성수동1가,"30,000",성동구,3,0,24,39.15,,,13-12,11200,2
50,,2004,,,2021,이에스에이리버하우스,성수동1가,"30,450",성동구,3,0,26,63.74,,,13-12,11200,8
51,,2013,,,2021,성수동램킨중흥S클래스오피스텔,성수동2가,"1,000",성동구,3,57,4,18.33,,,277-101,11200,6
52,,2013,,,2021,성수동램킨중흥S클래스오피스텔,성수동2가,"12,000",성동구,3,0,6,18.33,,,277-101,11200,2
53,,2013,,,2021,성수동램킨중흥S클래스오피스텔,성수동2가,500,성동구,3,62,18,18.33,,,277-101,11200,2
54,,2017,,,2021,선경팰리스,성수동2가,"27,510",성동구,3,0,19,53.59,,,299-162,11200,2
55,,2003,,,2021,성원상떼뷰오피스텔,성수동2가,"13,000",성동구,3,0,20,28.08,,,277-37,11200,11
56,,2003,,,2021,송정동센스빌오피스텔,송정동,"2,000",성동구,3,70,17,30.92,,,81-16,11200,8
57,,2020,,,2021,용답동 큐브스테이트,용답동,"17,000",성동구,3,0,2,18.27,,,229-11,11200,7
58,,2020,,,2021,용답동 큐브스테이트,용답동,"19,500",성동구,3,0,2,18.78,,,229-11,11200,9
59,,2011,,,2021,오르세오피스텔,용답동,"21,000",성동구,3,0,2,46.25,,,238-2,11200,4
60,,2016,,21.03~22.03,2021,서희스타힐스리버파크,용답동,"2,000",성동구,3,44,2,20.21,,,238-12,11200,9
61,,2020,,,2021,용답동 큐브스테이트,용답동,"17,000",성동구,3,0,3,18.27,,,229-11,11200,6
62,,2021,,,2021,k-타워,용답동,"3,000",성동구,3,60,4,18.42,,,229-2,11200,9
63,,2021,,,2021,k-타워,용답동,"1,000",성동구,3,90,4,27.59,,,229-2,11200,11
64,,2020,,,2021,용답동 큐브스테이트,용답동,"16,500",성동구,3,0,5,18.27,,,229-11,11200,5
65,,2020,,,2021,용답동 큐브스테이트,용답동,"17,000",성동구,3,0,5,18.27,,,229-11,11200,7
66,,2020,,21.03~22.03,2021,용답동 큐브스테이트,용답동,"1,000",성동구,3,68,5,18.78,,,229-11,11200,14
67,,2011,,,2021,오르세오피스텔,용답동,"13,650",성동구,3,0,6,35,,,238-2,11200,10
68,,2011,,,2021,오르세오피스텔,용답동,"15,000",성동구,3,0,6,33.2,,,238-2,11200,8
69,,2020,,,2021,용답동 큐브스테이트,용답동,"19,500",성동구,3,0,6,20.22,,,229-11,11200,7
70,,2020,,,2021,용답동 큐브스테이트,용답동,"20,000",성동구,3,0,6,20.22,,,229-11,11200,10
71,,2016,,,2021,서희스타힐스리버파크,용답동,"14,000",성동구,3,0,6,21.9,,,238-12,11200,5
72,,2020,,,2021,용답동 큐브스테이트,용답동,"19,300",성동구,3,0,6,20.22,,,229-11,11200,6
73,,2020,,,2021,용답동 큐브스테이트,용답동,"19,000",성동구,3,0,8,20.22,,,229-11,11200,4
74,,2020,,,2021,용답동 큐브스테이트,용답동,"19,000",성동구,3,0,8,18.78,,,229-11,11200,4
75,,2006,,,2021,신창비바패밀리,용답동,"24,000",성동구,3,0,9,56.17,,,232-1,11200,11
76,,2011,,,2021,오르세오피스텔,용답동,"17,000",성동구,3,0,10,42.3,,,238-2,11200,3
77,,2016,,,2021,서희스타힐스리버파크,용답동,"13,500",성동구,3,0,11,20.21,,,238-12,11200,14
78,,2020,,,2021,용답동 큐브스테이트,용답동,"17,500",성동구,3,0,12,18.78,,,229-11,11200,4
79,,2016,,,2021,서희스타힐스리버파크,용답동,"14,000",성동구,3,0,12,21.9,,,238-12,11200,5
80,,2006,,,2021,신창비바패밀리,용답동,"24,000",성동구,3,0,12,56.17,,,232-1,11200,8
81,,2016,,,2021,서희스타힐스리버파크,용답동,"13,500",성동구,3,0,12,20.21,,,238-12,11200,10
82,,2016,,,2021,서희스타힐스리버파크,용답동,"13,500",성동구,3,0,13,19.88,,,238-12,11200,15
83,,2013,,,2021,어반 오피스텔,용답동,"2,000",성동구,3,58,13,18.98,,,229-10,11200,3
84,,2006,,,2021,신창비바패밀리,용답동,"24,000",성동구,3,0,13,65.95,,,232-1,11200,6
85,,1991,,,2021,삼호오피스텔,용답동,"7,000",성동구,3,0,15,26.25,,,236-5,11200,4
86,,1991,,,2021,삼호오피스텔,용답동,"7,000",성동구,3,0,15,26.25,,,236-5,11200,4
87,,2020,,,2021,The Mark,용답동,"25,000",성동구,3,0,15,33.25,,,228-8,11200,6
88,,2016,,,2021,서희스타힐스리버파크,용답동,"4,000",성동구,3,37,17,20.21,,,238-12,11200,12
89,,1991,,,2021,삼호오피스텔,용답동,"7,500",성동구,3,0,17,26.25,,,236-5,11200,4
90,,2020,,,2021,The Mark,용답동,"26,000",성동구,3,0,17,32.67,,,228-8,11200,3
91,,2020,,,2021,용답동 큐브스테이트,용답동,"20,000",성동구,3,0,17,20.22,,,229-11,11200,8
92,,2013,,,2021,어반 오피스텔,용답동,"1,000",성동구,3,55,17,20.46,,,229-10,11200,8
93,,2013,,,2021,어반 오피스텔,용답동,"1,000",성동구,3,45,18,16.21,,,229-10,11200,7
94,,2011,,,2021,오르세오피스텔,용답동,"18,900",성동구,3,0,18,46.25,,,238-2,11200,6
95,,2016,,,2021,서희스타힐스리버파크,용답동,"13,500",성동구,3,0,19,20.21,,,238-12,11200,13
96,,2013,,,2021,어반 오피스텔,용답동,"2,000",성동구,3,72,20,28.03,,,229-10,11200,10
97,,2016,,,2021,서희스타힐스리버파크,용답동,"13,600",성동구,3,0,20,20.21,,,238-12,11200,12
98,,2016,,,2021,서희스타힐스리버파크,용답동,"14,500",성동구,3,0,22,21.9,,,238-12,11200,3
99,,2016,,,2021,서희스타힐스리버파크,용답동,"14,500",성동구,3,0,22,21.9,,,238-12,11200,6
100,,1991,,,2021,삼호오피스텔,용답동,"5,500",성동구,3,0,24,26.95,,,236-5,11200,8
101,,1991,,,2021,삼호오피스텔,용답동,"7,000",성동구,3,0,25,23.59,,,236-5,11200,5
102,,1991,,,2021,삼호오피스텔,용답동,"6,200",성동구,3,0,25,23.59,,,236-5,11200,5
103,,2021,,,2021,k-타워,용답동,"1,000",성동구,3,85,25,25.66,,,229-2,11200,7
104,,2011,,,2021,오르세오피스텔,용답동,"18,000",성동구,3,0,25,42.3,,,238-2,11200,2
105,,2016,,,2021,서희스타힐스리버파크,용답동,"14,500",성동구,3,0,26,21.9,,,238-12,11200,8
106,,2016,,,2021,서희스타힐스리버파크,용답동,"15,000",성동구,3,0,26,21.9,,,238-12,11200,9
107,,2016,,,2021,서희스타힐스리버파크,용답동,"15,000",성동구,3,0,26,21.9,,,238-12,11200,11
108,,2016,,,2021,서희스타힐스리버파크,용답동,"14,000",성동구,3,0,29,21.9,,,238-12,11200,2
109,,2016,,,2021,서희스타힐스리버파크,용답동,"14,700",성동구,3,0,30,21.9,,,238-12,11200,14
0,,2019,,,2021,센트럴큐브,상왕십리동,"28,000",성동구,4,0,3,35.22,,,12-47,11200,4
1,,2019,,,2021,센트럴큐브,상왕십리동,"3,000",성동구,4,95,3,35.22,,,12-47,11200,3
2,,2003,,,2021,노블리안,상왕십리동,"16,000",성동구,4,0,6,30.81,,,750,11200,11
3,,2003,,,2021,노블리안,상왕십리동,"3,000",성동구,4,55,6,30.81,,,750,11200,9
4,,2019,,,2021,센트럴큐브,상왕십리동,"26,500",성동구,4,0,16,35.22,,,12-47,11200,3
5,,2003,,,2021,노블리안,상왕십리동,"16,000",성동구,4,0,16,30.81,,,750,11200,9
6,,2003,,,2021,노블리안,상왕십리동,"10,000",성동구,4,25,19,30.81,,,750,11200,10
7,,2019,,,2021,센트럴큐브,상왕십리동,"24,000",성동구,4,0,20,30.81,,,12-47,11200,4
8,,2016,,,2021,센트라스,하왕십리동,"24,250",성동구,4,0,3,32.53,,,1070,11200,24
9,,2016,,,2021,센트라스,하왕십리동,"26,460",성동구,4,0,3,32.53,,,1070,11200,16
10,,2017,,,2021,동인드림힐스,하왕십리동,"24,000",성동구,4,0,10,27.14,,,890-181,11200,8
11,,2016,,,2021,센트라스,하왕십리동,"23,500",성동구,4,0,15,29.16,,,1070,11200,14
12,,2016,,,2021,센트라스,하왕십리동,"30,000",성동구,4,0,21,32.53,,,1070,11200,12
13,,2016,,,2021,센트라스,하왕십리동,"1,000",성동구,4,96,21,32.53,,,1070,11200,10
14,,2017,,,2021,동인드림힐스,하왕십리동,"3,000",성동구,4,60,24,19.24,,,890-181,11200,9
15,,2018,,,2021,비앤리베스텔,홍익동,"16,400",성동구,4,0,1,16.74,,,146-1,11200,9
16,,2018,,,2021,비앤리베스텔,홍익동,"15,000",성동구,4,5,17,16.74,,,146-1,11200,11
17,,2018,,,2021,렉스오피스텔,도선동,"17,640",성동구,4,0,1,21.27,,,268,11200,12
18,,2018,,,2021,렉스오피스텔,도선동,"1,000",성동구,4,70,6,21.27,,,268,11200,10
19,,2018,,21.06~22.06,2021,렉스오피스텔,도선동,"1,000",성동구,4,63,13,20.35,,,268,11200,6
20,,1998,,,2021,신한넥스텔,도선동,500,성동구,4,45,21,19.63,,,14,11200,7
21,,2020,,21.06~23.06,2021,왕십리렉스프리미엄오피스텔,도선동,"1,000",성동구,4,80,21,18.63,,,257,11200,18
22,,2018,,21.05~22.05,2021,W에비뉴타워,도선동,"10,000",성동구,4,120,21,48.31,,,46,11200,14
23,,2020,,,2021,왕십리렉스프리미엄오피스텔,도선동,"1,000",성동구,4,79,21,18.63,,,257,11200,4
24,,2020,,,2021,왕십리렉스프리미엄오피스텔,도선동,"24,000",성동구,4,0,23,18.63,,,257,11200,10
25,,2020,,21.06~22.06,2021,왕십리렉스프리미엄오피스텔,도선동,"1,000",성동구,4,74,27,18.63,,,257,11200,11
26,,2018,,,2021,렉스오피스텔,도선동,"6,000",성동구,4,48,28,21.37,,,268,11200,6
27,,2020,,,2021,왕십리렉스프리미엄오피스텔,도선동,"7,000",성동구,4,48,29,18.63,,,257,11200,11
28,,1998,,,2021,신한넥스텔,도선동,"9,000",성동구,4,0,30,19.63,,,14,11200,5
29,,2004,,,2021,1동(766-25),마장동,"1,000",성동구,4,55,8,27.69,,,766-25,11200,6
30,,2012,,,2021,(777-3),마장동,"1,000",성동구,4,46,12,15.62,,,777-3,11200,4
31,,2018,,,2021,트레저힐스,마장동,"23,000",성동구,4,0,14,29.51,,,775-4,11200,2
32,,2018,,21.05~22.05,2021,왕십리 큐브스테이트,행당동,"1,000",성동구,4,60,3,16.66,,,286-25,11200,5
33,,2004,,,2021,성동샤르망,행당동,"2,000",성동구,4,50,10,24.84,,,192-29,11200,8
34,,2004,,,2021,성동샤르망,행당동,500,성동구,4,60,19,24.84,,,192-29,11200,5
35,,2006,,,2021,왕십리역이스타빌,행당동,"5,000",성동구,4,45,29,21.91,,,287-15,11200,14
36,,2004,,,2021,성원상떼뷰,옥수동,"9,500",성동구,4,16,30,25.6,,,475,11200,9
37,,2004,,,2021,이에스에이리버하우스,성수동1가,"5,000",성동구,4,70,8,39.15,,,13-12,11200,8
38,,2003,,,2021,성수동 뉴타운오피스텔,성수동1가,"2,000",성동구,4,60,9,31.6,,,72-69,11200,7
39,,2003,,,2021,성수동 뉴타운오피스텔,성수동1가,"1,000",성동구,4,70,10,32.39,,,72-69,11200,4
40,,2004,,,2021,Biz-Well 성수,성수동1가,"3,000",성동구,4,39,12,26.67,,,33-21,11200,8
41,,1997,,,2021,청재오피스텔,성수동1가,"3,000",성동구,4,160,14,48.84,,,72-71,11200,6
42,,2003,,,2021,성수동 뉴타운오피스텔,성수동1가,"19,000",성동구,4,0,19,29.23,,,72-69,11200,7
43,,2003,,,2021,아트빌딩,성수동1가,"16,000",성동구,4,0,20,26.9,,,685-308,11200,7
44,,2004,,,2021,이에스에이리버하우스,성수동1가,"28,000",성동구,4,0,21,39.15,,,13-12,11200,7
45,,2018,,,2021,청호 서울숲 뜨레피움 오피스텔,성수동1가,"19,000",성동구,4,0,29,19.03,,,13-163,11200,3
46,,,,21.06~23.06,2021,성수베네스트,성수동2가,"33,075",성동구,4,0,3,71.12,,,289-146,11200,2
47,,2003,,,2021,성원상떼뷰오피스텔,성수동2가,500,성동구,4,65,7,28.08,,,277-37,11200,2
48,,2013,,,2021,성수동램킨중흥S클래스오피스텔,성수동2가,"1,000",성동구,4,57,14,18.33,,,277-101,11200,7
49,,2013,,,2021,성수동램킨중흥S클래스오피스텔,성수동2가,"2,000",성동구,4,55,19,18.33,,,277-101,11200,8
50,,2003,,,2021,성원상떼뷰오피스텔,성수동2가,"14,000",성동구,4,0,26,28.08,,,277-37,11200,7
51,,2003,,21.05~23.05,2021,송정동센스빌오피스텔,송정동,"3,000",성동구,4,63,17,31.19,,,81-16,11200,3
52,,2016,,,2021,서희스타힐스리버파크,용답동,"3,000",성동구,4,42,1,20.21,,,238-12,11200,9
53,,2020,,,2021,The Mark,용답동,"26,500",성동구,4,0,2,33.25,,,228-8,11200,8
54,,1985,,,2021,(233-8),용답동,"1,000",성동구,4,65,5,21.9,,,233-8,11200,16
55,,2016,,,2021,서희스타힐스리버파크,용답동,"13,700",성동구,4,0,8,20.21,,,238-12,11200,4
56,,2011,,,2021,오르세오피스텔,용답동,"18,000",성동구,4,0,9,35,,,238-2,11200,4
57,,2016,,,2021,서희스타힐스리버파크,용답동,"10,000",성동구,4,20,10,20.21,,,238-12,11200,8
58,,2020,,,2021,용답동 큐브스테이트,용답동,"18,000",성동구,4,0,10,18.78,,,229-11,11200,9
59,,1991,,,2021,삼호오피스텔,용답동,"7,000",성동구,4,0,15,26.25,,,236-5,11200,8
60,,1985,,,2021,(233-8),용답동,"1,000",성동구,4,62,15,21.9,,,233-8,11200,9
61,,1991,,,2021,삼호오피스텔,용답동,"6,200",성동구,4,0,16,23.59,,,236-5,11200,5
62,,2011,,,2021,오르세오피스텔,용답동,"6,000",성동구,4,50,17,42.3,,,238-2,11200,2
63,,2013,,,2021,어반 오피스텔,용답동,"2,000",성동구,4,59,19,20.46,,,229-10,11200,4
64,,2006,,,2021,신창비바패밀리,용답동,"26,000",성동구,4,0,21,65.95,,,232-1,11200,6
65,,2016,,,2021,서희스타힐스리버파크,용답동,500,성동구,4,60,21,21.9,,,238-12,11200,11
66,,2021,,,2021,k-타워,용답동,"1,000",성동구,4,85,22,25.66,,,229-2,11200,4
67,,2021,,,2021,k-타워,용답동,"3,000",성동구,4,75,23,25.66,,,229-2,11200,5
68,,2016,,,2021,서희스타힐스리버파크,용답동,"13,000",성동구,4,0,26,20.21,,,238-12,11200,6
69,,2021,,,2021,k-타워,용답동,"3,000",성동구,4,60,27,18.42,,,229-2,11200,14
70,,2006,,,2021,신창비바패밀리,용답동,"25,000",성동구,4,0,28,56.17,,,232-1,11200,6
71,,2016,,,2021,서희스타힐스리버파크,용답동,"10,000",성동구,4,30,28,21.9,,,238-12,11200,8
72,,2021,,21.06~22.06,2021,k-타워,용답동,"2,000",성동구,4,65,30,18.42,,,229-2,11200,13
0,,2003,,,2021,노블리안,상왕십리동,"11,000",성동구,5,20,3,30.81,,,750,11200,8
1,,2003,,21.07~23.07,2021,노블리안,상왕십리동,"5,000",성동구,5,40,18,30.81,,,750,11200,15
2,,2003,,21.06~22.05,2021,노블리안,상왕십리동,"3,000",성동구,5,60,19,30.81,,,750,11200,7
3,,2019,,,2021,센트럴큐브,상왕십리동,"28,000",성동구,5,0,22,35.22,,,12-47,11200,4
4,,2003,,,2021,노블리안,상왕십리동,"9,100",성동구,5,30,28,30.81,,,750,11200,10
5,,2003,,21.06~22.06,2021,노블리안,상왕십리동,"2,000",성동구,5,60,29,30.81,,,750,11200,4
6,,2016,,21.06~23.06,2021,센트라스,하왕십리동,"30,000",성동구,5,0,5,29.16,,,1070,11200,8
7,,2016,,21.06~22.06,2021,센트라스,하왕십리동,"1,000",성동구,5,89,13,29.16,,,1070,11200,24
8,,2017,,,2021,동인드림힐스,하왕십리동,"2,000",성동구,5,65,13,19.24,,,890-181,11200,5
9,,2016,,21.07~22.07,2021,센트라스,하왕십리동,"31,000",성동구,5,0,19,31.01,,,1070,11200,23
10,,2017,,,2021,동인드림힐스,하왕십리동,"1,000",성동구,5,65,20,19.24,,,890-181,11200,5
11,,2018,,,2021,비앤리베스텔,홍익동,"4,000",성동구,5,55,1,15.92,,,146-1,11200,10
12,,2020,,,2021,왕십리렉스프리미엄오피스텔,도선동,"1,000",성동구,5,75,1,18.63,,,257,11200,7
13,,2018,,,2021,렉스오피스텔,도선동,"1,000",성동구,5,70,3,21.49,,,268,11200,6
14,,2020,,21.06~22.06,2021,왕십리렉스프리미엄오피스텔,도선동,"5,000",성동구,5,60,7,18.63,,,257,11200,12
15,,2020,,,2021,왕십리렉스프리미엄오피스텔,도선동,"24,000",성동구,5,0,11,18.63,,,257,11200,12
16,,2017,,21.05~22.05,2021,한성아펠타워,도선동,"1,000",성동구,5,88,15,23.58,,,53,11200,13
17,,2020,,,2021,왕십리렉스프리미엄오피스텔,도선동,"12,000",성동구,5,43,15,18.63,,,257,11200,15
18,,2018,,,2021,렉스오피스텔,도선동,"18,740",성동구,5,0,15,20.35,,,268,11200,10
19,,2021,,21.07~23.07,2021,소미골드라인,도선동,"29,500",성동구,5,0,16,34.05,,,102,11200,4
20,,2020,,21.06~22.06,2021,왕십리렉스프리미엄오피스텔,도선동,"19,350",성동구,5,10,18,18.63,,,257,11200,15
21,,2018,,,2021,렉스오피스텔,도선동,"19,400",성동구,5,0,20,20.35,,,268,11200,2
22,,1998,,,2021,신한넥스텔,도선동,"9,000",성동구,5,0,21,19.63,,,14,11200,17
23,,2020,,,2021,왕십리렉스프리미엄오피스텔,도선동,"23,000",성동구,5,0,21,18.63,,,257,11200,5
24,,2021,,21.07~23.07,2021,소미골드라인,도선동,"29,500",성동구,5,0,22,32.58,,,101,11200,8
25,,2021,,21.06~23.06,2021,소미골드라인,도선동,"30,000",성동구,5,0,22,35.06,,,101,11200,4
26,,2018,,,2021,렉스오피스텔,도선동,"1,000",성동구,5,70,25,21.27,,,268,11200,5
27,,2020,,,2021,왕십리렉스프리미엄오피스텔,도선동,"23,000",성동구,5,0,26,18.63,,,257,11200,5
28,,2018,,,2021,렉스오피스텔,도선동,"2,500",성동구,5,70,29,20.35,,,268,11200,11
29,,2014,,,2021,J&J빌딩,도선동,"19,000",성동구,5,0,31,29.8,,,276,11200,7
30,,1988,,,2021,(797-16),마장동,"8,000",성동구,5,0,1,24.6,,,797-16,11200,5
31,,2018,,21.05~23.05,2021,트레저힐스,마장동,"19,950",성동구,5,0,20,27.61,,,775-2,11200,4
32,,1988,,,2021,(797-16),마장동,"1,000",성동구,5,40,28,24.6,,,797-16,11200,5
33,,2018,,,2021,왕십리 큐브스테이트,행당동,"1,000",성동구,5,61,4,16.37,,,286-25,11200,2
34,,2020,,,2021,1동,행당동,"1,000",성동구,5,65,8,28.23,,,292-28,11200,7
35,,2018,,,2021,왕십리 큐브스테이트,행당동,"3,000",성동구,5,55,18,16.53,,,286-25,11200,4
36,,2004,,,2021,성동샤르망,행당동,"1,000",성동구,5,60,28,24.84,,,192-29,11200,8
37,,2006,,,2021,왕십리역이스타빌,행당동,"22,000",성동구,5,0,31,30.78,,,287-15,11200,8
38,,2002,,21.05~23.05,2021,금호힐오피스텔,금호동1가,"1,000",성동구,5,55,29,27.35,,,1755,11200,4
39,,2002,,21.07~22.07,2021,금호힐오피스텔,금호동1가,"1,000",성동구,5,58,30,27.35,,,1755,11200,4
40,,2003,,21.07~23.07,2021,재호예향빌,금호동4가,"1,000",성동구,5,50,15,24.48,,,1028,11200,4
41,,2018,,,2021,청호 서울숲 뜨레피움 오피스텔,성수동1가,"17,850",성동구,5,0,1,19.03,,,13-163,11200,2
42,,2004,,21.06~22.06,2021,Biz-Well 성수,성수동1가,"3,000",성동구,5,37,8,24.69,,,33-21,11200,8
43,,2003,,,2021,성수동 뉴타운오피스텔,성수동1가,"1,000",성동구,5,70,10,29.23,,,72-69,11200,6
44,,2005,,21.05~22.05,2021,뚝섬리버빌,성수동1가,"1,000",성동구,5,73,14,29,,,13-117,11200,6
45,,2018,,,2021,청호 서울숲 뜨레피움 오피스텔,성수동1가,"19,500",성동구,5,0,17,19.03,,,13-163,11200,4
46,,2003,,,2021,성수동 뉴타운오피스텔,성수동1가,"16,800",성동구,5,0,17,30.81,,,72-69,11200,6
47,,2004,,,2021,이에스에이리버하우스,성수동1가,"29,000",성동구,5,0,17,39.15,,,13-12,11200,4
48,,2004,,21.05~23.05,2021,이에스에이리버하우스,성수동1가,"3,000",성동구,5,75,17,39.15,,,13-12,11200,3
49,,2004,,,2021,Biz-Well 성수,성수동1가,"3,000",성동구,5,37,18,24.69,,,33-21,11200,4
50,,2003,,21.06~23.06,2021,성수동 뉴타운오피스텔,성수동1가,"1,000",성동구,5,70,21,32.39,,,72-69,11200,6
51,,2003,,,2021,성수동 뉴타운오피스텔,성수동1가,"19,000",성동구,5,0,22,30.02,,,72-69,11200,3
52,,2004,,21.06~22.05,2021,Biz-Well 성수,성수동1가,"3,000",성동구,5,37,26,24.69,,,33-21,11200,3
53,,2004,,21.06~22.06,2021,이에스에이리버하우스,성수동1가,"1,000",성동구,5,100,28,39.15,,,13-12,11200,9
54,,2003,,,2021,성원상떼뷰오피스텔,성수동2가,"1,000",성동구,5,55,3,24.84,,,277-37,11200,7
55,,2013,,,2021,성수동램킨중흥S클래스오피스텔,성수동2가,"12,500",성동구,5,0,3,18.33,,,277-101,11200,6
56,,2013,,,2021,성수동램킨중흥S클래스오피스텔,성수동2가,"3,000",성동구,5,47,9,18.33,,,277-101,11200,3
57,,2019,,21.06~23.06,2021,테라타워,성수동2가,"23,500",성동구,5,0,10,18.98,,,299-242,11200,3
58,,2017,,,2021,A동,성수동2가,"21,000",성동구,5,0,19,29.99,,,255-4,11200,2
59,,2013,,21.07~22.07,2021,성수동램킨중흥S클래스오피스텔,성수동2가,"1,000",성동구,5,55,26,18.33,,,277-101,11200,8
60,,2013,,,2021,성수동램킨중흥S클래스오피스텔,성수동2가,"14,500",성동구,5,0,31,18.33,,,277-101,11200,8
61,,2016,,,2021,서희스타힐스리버파크,용답동,"13,500",성동구,5,0,1,20.21,,,238-12,11200,9
62,,2016,,21.05~23.04,2021,서희스타힐스리버파크,용답동,"3,900",성동구,5,30,1,19.88,,,238-12,11200,11
63,,2021,,,2021,k-타워,용답동,"3,000",성동구,5,75,4,25.66,,,229-2,11200,6
64,,2016,,,2021,서희스타힐스리버파크,용답동,"13,500",성동구,5,0,4,21.9,,,238-12,11200,4
65,,2006,,,2021,신창비바패밀리,용답동,"1,000",성동구,5,120,6,65.95,,,232-1,11200,5
66,,2016,,,2021,서희스타힐스리버파크,용답동,"13,000",성동구,5,0,8,20.21,,,238-12,11200,8
67,,2013,,,2021,어반 오피스텔,용답동,"2,000",성동구,5,53,8,20.46,,,229-10,11200,8
68,,2021,,21.05~22.05,2021,k-타워,용답동,"3,000",성동구,5,60,10,18.42,,,229-2,11200,7
69,,2013,,,2021,어반 오피스텔,용답동,"2,000",성동구,5,53,10,16.21,,,229-10,11200,4
70,,2006,,21.06~22.06,2021,신창비바패밀리,용답동,"1,000",성동구,5,115,11,60.45,,,232-1,11200,3
71,,2016,,,2021,서희스타힐스리버파크,용답동,"13,500",성동구,5,0,12,19.88,,,238-12,11200,7
72,,2016,,,2021,서희스타힐스리버파크,용답동,"13,500",성동구,5,0,12,20.21,,,238-12,11200,14
73,,2006,,,2021,신창비바패밀리,용답동,"23,000",성동구,5,0,12,51.5,,,232-1,11200,13
74,,2016,,,2021,서희스타힐스리버파크,용답동,"5,000",성동구,5,35,13,21.9,,,238-12,11200,6
75,,2021,,,2021,k-타워,용답동,"3,000",성동구,5,60,13,18.42,,,229-2,11200,13
76,,2016,,,2021,서희스타힐스리버파크,용답동,"14,000",성동구,5,0,14,21.9,,,238-12,11200,8
77,,2016,,,2021,서희스타힐스리버파크,용답동,"13,700",성동구,5,0,15,19.88,,,238-12,11200,4
78,,2013,,,2021,어반 오피스텔,용답동,"2,000",성동구,5,60,17,20.46,,,229-10,11200,5
79,,2021,,,2021,k-타워,용답동,"1,000",성동구,5,85,17,25.66,,,229-2,11200,3
80,,2020,,,2021,The Mark,용답동,"26,000",성동구,5,0,17,32.67,,,228-8,11200,4
81,,2021,,,2021,k-타워,용답동,"1,000",성동구,5,70,18,18.42,,,229-2,11200,12
82,,2016,,,2021,서희스타힐스리버파크,용답동,"13,100",성동구,5,0,19,21.9,,,238-12,11200,5
83,,2016,,,2021,서희스타힐스리버파크,용답동,"14,200",성동구,5,0,20,21.95,,,238-12,11200,7
84,,2016,,21.06~23.06,2021,서희스타힐스리버파크,용답동,"13,500",성동구,5,0,21,20.21,,,238-12,11200,15
85,,2016,,,2021,서희스타힐스리버파크,용답동,"14,700",성동구,5,0,21,21.9,,,238-12,11200,14
86,,2011,,21.06~23.06,2021,오르세오피스텔,용답동,"16,000",성동구,5,0,22,42.3,,,238-2,11200,3
87,,2016,,,2021,서희스타힐스리버파크,용답동,"1,000",성동구,5,50,22,20.21,,,238-12,11200,4
88,,1985,,21.07~23.07,2021,(233-8),용답동,"1,000",성동구,5,62,28,21.9,,,233-8,11200,10
89,,2020,,,2021,용답동 큐브스테이트,용답동,"16,500",성동구,5,0,29,17.72,,,229-11,11200,4
90,,2021,,,2021,k-타워,용답동,"1,000",성동구,5,85,31,25.66,,,229-2,11200,4
0,,2003,신규,21.06~23.06,2021,노블리안,상왕십리동,"9,000",성동구,6,30,3,30.81,,,750,11200,7
1,,2003,신규,21.06~23.06,2021,노블리안,상왕십리동,"16,000",성동구,6,0,7,30.81,,,750,11200,7
2,,2003,갱신,21.07~23.07,2021,노블리안,상왕십리동,"6,200",성동구,6,40,8,30.81,"5,000",40,750,11200,12
3,,2003,갱신,21.07~23.07,2021,노블리안,상왕십리동,"5,000",성동구,6,40,8,30.81,"4,000",40,750,11200,7
4,,2003,신규,21.07~22.07,2021,노블리안,상왕십리동,"6,000",성동구,6,45,10,30.81,,,750,11200,5
5,,2003,신규,21.06~23.06,2021,노블리안,상왕십리동,"17,000",성동구,6,0,16,30.81,,,750,11200,15
6,,2003,갱신,21.07~22.07,2021,노블리안,상왕십리동,"7,000",성동구,6,30,17,30.81,"6,000",30,750,11200,13
7,,2003,신규,21.07~23.07,2021,노블리안,상왕십리동,"16,000",성동구,6,0,21,30.81,,,750,11200,14
8,,2019,신규,21.08~23.08,2021,센트럴큐브,상왕십리동,"28,000",성동구,6,0,28,32.14,,,12-47,11200,4
9,,2003,신규,21.07~22.07,2021,노블리안,상왕십리동,"1,000",성동구,6,55,29,25.74,,,750,11200,7
10,,2016,신규,21.07~22.06,2021,센트라스,하왕십리동,"1,000",성동구,6,95,5,31.01,,,1070,11200,9
11,,2016,,,2021,센트라스,하왕십리동,"2,000",성동구,6,88,5,31.01,,,1070,11200,16
12,,2017,신규,21.07~23.07,2021,동인드림힐스,하왕십리동,"27,000",성동구,6,0,5,27.14,,,890-181,11200,14
13,,2009,신규,21.06~23.06,2021,왕십리 모노퍼스 주상복합,하왕십리동,"21,000",성동구,6,0,8,38.67,,,286-2,11200,17
14,,2005,신규,21.06~22.06,2021,동인 레반트 오피스텔,하왕십리동,"1,000",성동구,6,65,9,27.54,,,903-3,11200,9
15,사용,2017,갱신,21.07~22.07,2021,동인드림힐스,하왕십리동,"23,100",성동구,6,0,10,27.51,"22,000",,890-181,11200,8
16,,2009,신규,21.07~22.07,2021,왕십리 모노퍼스 주상복합,하왕십리동,"1,000",성동구,6,85,12,38.67,,,286-2,11200,5
17,,2017,,,2021,동인드림힐스,하왕십리동,"3,000",성동구,6,80,14,27.51,,,890-181,11200,6
18,,2011,신규,21.07~22.07,2021,리오파크 오피스텔,하왕십리동,"3,000",성동구,6,50,16,21.56,,,898-2,11200,12
19,,2017,신규,21.06~22.02,2021,동인드림힐스,하왕십리동,"2,000",성동구,6,73,16,27.51,,,890-181,11200,13
20,,2016,신규,21.07~22.07,2021,센트라스,하왕십리동,"2,000",성동구,6,86,19,29.16,,,1070,11200,6
21,,2016,신규,21.08~23.08,2021,센트라스,하왕십리동,"30,000",성동구,6,0,26,32.53,,,1070,11200,9
22,,2017,신규,21.07~23.07,2021,동인드림힐스,하왕십리동,"18,740",성동구,6,0,28,19.24,,,890-181,11200,14
23,사용,2016,갱신,21.06~23.06,2021,센트라스,하왕십리동,"27,300",성동구,6,0,28,31.01,"26,000",,1070,11200,23
24,,2017,,21.07~22.06,2021,동인드림힐스,하왕십리동,"18,000",성동구,6,0,29,19.24,,,890-181,11200,14
25,,2016,,21.07~22.07,2021,센트라스,하왕십리동,"1,000",성동구,6,95,29,31.01,,,1070,11200,17
26,,2020,,21.08~23.01,2021,뉴센트빌,홍익동,"45,500",성동구,6,0,23,46.05,,,144,11200,3
27,,1998,신규,21.07~23.07,2021,신한넥스텔,도선동,500,성동구,6,45,1,19.63,,,14,11200,14
28,,2021,신규,21.06~23.06,2021,소미골드라인,도선동,"31,000",성동구,6,0,3,32.58,,,101,11200,13
29,,2021,신규,21.06~23.06,2021,소미골드라인,도선동,"29,000",성동구,6,0,4,32.58,,,101,11200,4
30,,2020,,,2021,왕십리렉스프리미엄오피스텔,도선동,"3,000",성동구,6,68,4,18.63,,,257,11200,10
31,,2021,신규,21.07~23.07,2021,소미골드라인,도선동,"32,000",성동구,6,0,5,34.49,,,102,11200,13
32,,2021,,21.06~23.06,2021,소미골드라인,도선동,"30,000",성동구,6,0,5,34.05,,,102,11200,9
33,,2021,,21.07~23.07,2021,소미골드라인,도선동,"30,000",성동구,6,0,5,34.05,,,102,11200,9
34,,2021,신규,21.06~23.06,2021,소미골드라인,도선동,"30,500",성동구,6,0,7,34.49,,,102,11200,9
35,,2021,신규,21.06~23.06,2021,소미골드라인,도선동,"30,500",성동구,6,0,7,32.58,,,101,11200,10
36,,2021,신규,21.06~23.06,2021,소미골드라인,도선동,"31,500",성동구,6,0,7,35.06,,,101,11200,9
37,,2021,신규,21.07~23.07,2021,소미골드라인,도선동,"30,000",성동구,6,0,7,35.06,,,101,11200,5
38,,2021,신규,21.06~23.06,2021,소미골드라인,도선동,"30,500",성동구,6,0,8,34.49,,,102,11200,6
39,,2021,신규,21.06~23.06,2021,소미골드라인,도선동,"30,500",성동구,6,0,8,35.06,,,101,11200,6
40,,2017,신규,21.06~22.06,2021,한성아펠타워,도선동,"1,000",성동구,6,85,8,23.58,,,53,11200,9
41,,2021,신규,21.06~23.06,2021,소미골드라인,도선동,"23,500",성동구,6,0,8,24.61,,,102,11200,5
42,,2021,신규,21.06~23.06,2021,소미골드라인,도선동,"32,000",성동구,6,0,8,35.06,,,101,11200,10
43,,2021,신규,21.07~23.07,2021,소미골드라인,도선동,"30,000",성동구,6,0,9,34.49,,,102,11200,4
44,,2017,신규,21.07~22.07,2021,한성아펠타워,도선동,"1,000",성동구,6,90,9,23.58,,,53,11200,10
45,,2021,신규,21.06~23.06,2021,소미골드라인,도선동,"23,500",성동구,6,0,9,24.61,,,102,11200,8
46,,2021,신규,21.07~23.07,2021,소미골드라인,도선동,"30,000",성동구,6,0,10,32.58,,,101,11200,9
47,,1998,,,2021,신한넥스텔,도선동,500,성동구,6,45,10,19.63,,,14,11200,8
48,,2018,신규,21.07~23.07,2021,렉스오피스텔,도선동,"1,000",성동구,6,70,10,21.49,,,268,11200,10
49,,2020,,,2021,왕십리렉스프리미엄오피스텔,도선동,"19,950",성동구,6,0,10,18.63,,,257,11200,4
50,,2018,,,2021,렉스오피스텔,도선동,"17,080",성동구,6,0,11,20.35,,,268,11200,6
51,,2018,신규,21.07~23.07,2021,렉스오피스텔,도선동,"19,950",성동구,6,0,12,25.32,,,268,11200,9
52,,2021,신규,21.07~23.07,2021,소미골드라인,도선동,"32,000",성동구,6,0,12,35.06,,,101,11200,7
53,,2021,신규,21.07~23.06,2021,소미골드라인,도선동,"30,000",성동구,6,0,12,34.49,,,102,11200,5
54,,2021,신규,21.06~23.06,2021,소미골드라인,도선동,"32,000",성동구,6,0,12,34.49,,,102,11200,11
55,,2021,,,2021,소미골드라인,도선동,"32,000",성동구,6,0,12,32.58,,,101,11200,12
56,,2021,신규,21.07~23.06,2021,소미골드라인,도선동,"25,000",성동구,6,0,14,24.61,,,102,11200,13
57,,2018,신규,21.07~23.07,2021,렉스오피스텔,도선동,"6,000",성동구,6,45,14,21.27,,,268,11200,8
58,,2021,신규,21.07~23.07,2021,소미골드라인,도선동,"29,500",성동구,6,0,14,34.05,,,102,11200,5
59,,2021,신규,21.07~23.07,2021,소미골드라인,도선동,"24,500",성동구,6,0,14,24.61,,,102,11200,7
60,,2021,신규,21.07~23.07,2021,소미골드라인,도선동,"25,000",성동구,6,0,14,24.61,,,102,11200,12
61,,2021,,21.07~23.07,2021,소미골드라인,도선동,"30,000",성동구,6,0,15,34.05,,,102,11200,6
62,,2018,,21.07~22.07,2021,W에비뉴타워,도선동,"10,000",성동구,6,53,15,29.62,,,46,11200,8
63,,2021,신규,21.07~23.07,2021,소미골드라인,도선동,"32,000",성동구,6,0,16,34.49,,,102,11200,10
64,,2021,,21.07~23.07,2021,소미골드라인,도선동,"33,000",성동구,6,0,16,35.06,,,101,11200,8
65,,2021,신규,21.07~23.07,2021,소미골드라인,도선동,"30,000",성동구,6,0,17,34.05,,,102,11200,7
66,,2021,신규,21.07~23.07,2021,소미골드라인,도선동,"25,000",성동구,6,0,17,24.61,,,102,11200,11
67,,2020,신규,21.07~23.07,2021,왕십리렉스프리미엄오피스텔,도선동,"23,500",성동구,6,0,18,18.63,,,257,11200,5
68,,2018,갱신,21.06~21.12,2021,렉스오피스텔,도선동,"4,000",성동구,6,60,18,20.35,"3,000",59,268,11200,11
69,,2021,신규,21.08~23.08,2021,소미골드라인,도선동,"32,000",성동구,6,0,19,35.06,,,101,11200,11
70,,2021,신규,21.07~23.07,2021,소미골드라인,도선동,"31,000",성동구,6,0,19,34.49,,,102,11200,7
71,,2018,,21.08~22.08,2021,W에비뉴타워,도선동,"1,000",성동구,6,80,19,23.32,,,46,11200,8
72,,2021,,,2021,소미골드라인,도선동,"30,500",성동구,6,0,21,32.58,,,101,11200,10
73,,1998,신규,21.06~22.10,2021,신한넥스텔,도선동,500,성동구,6,40,21,19.63,,,14,11200,6
74,,2020,신규,21.06~23.06,2021,왕십리렉스프리미엄오피스텔,도선동,"24,000",성동구,6,0,23,18.63,,,257,11200,4
75,,2021,신규,21.07~23.07,2021,소미골드라인,도선동,"32,000",성동구,6,0,24,34.05,,,102,11200,13
76,사용,2017,갱신,21.07~23.07,2021,한성아펠타워,도선동,"23,009",성동구,6,0,25,23.58,"21,914",,53,11200,8
77,,2021,,21.07~23.07,2021,소미골드라인,도선동,"33,000",성동구,6,0,25,34.49,,,102,11200,12
78,,2021,신규,21.07~22.07,2021,소미골드라인,도선동,"33,000",성동구,6,0,25,34.49,,,102,11200,12
79,,2018,,21.08~23.08,2021,렉스오피스텔,도선동,"19,425",성동구,6,0,26,20.35,,,268,11200,2
80,,2020,신규,21.09~23.09,2021,왕십리렉스프리미엄오피스텔,도선동,"24,000",성동구,6,0,26,18.63,,,257,11200,14
81,,2020,갱신,21.08~22.08,2021,왕십리렉스프리미엄오피스텔,도선동,"1,000",성동구,6,70,26,18.63,"2,000",65,257,11200,6
82,,2021,신규,21.07~23.07,2021,소미골드라인,도선동,"23,700",성동구,6,0,29,24.61,,,102,11200,10
83,,2017,신규,21.07~22.07,2021,한성아펠타워,도선동,"1,000",성동구,6,93,29,23.58,,,53,11200,8
84,,2021,,,2021,소미골드라인,도선동,"29,500",성동구,6,0,30,32.58,,,101,11200,6
85,,2020,,,2021,왕십리렉스프리미엄오피스텔,도선동,"1,000",성동구,6,80,30,18.63,,,257,11200,15
86,,2018,,,2021,트레저힐스,마장동,"22,000",성동구,6,0,5,24.65,,,775-4,11200,3
87,,2012,,21.07~23.07,2021,(777-3),마장동,"9,000",성동구,6,0,11,15.62,,,777-3,11200,3
88,,2020,신규,21.06~23.06,2021,1동,행당동,"4,000",성동구,6,42,3,17.27,,,292-28,11200,4
89,,2006,신규,21.06~23.06,2021,왕십리역이스타빌,행당동,"23,000",성동구,6,0,8,30.78,,,287-15,11200,8
90,,2004,신규,21.06~22.06,2021,성동샤르망,행당동,"1,000",성동구,6,60,9,24.84,,,192-29,11200,4
91,,2020,신규,21.07~23.07,2021,1동,행당동,"1,000",성동구,6,60,10,28.79,,,292-28,11200,5
92,,2014,신규,21.06~22.06,2021,서울숲 더샵,행당동,"2,000",성동구,6,100,10,32.49,,,377,11200,4
93,,2006,신규,21.06~22.06,2021,왕십리역이스타빌,행당동,"1,000",성동구,6,60,12,21.91,,,287-15,11200,10
94,사용,,갱신,21.06~22.06,2021,K TOWER 2,행당동,"30,975",성동구,6,0,12,37.7,"29,500",,293-8,11200,6
95,,2006,신규,21.06~22.06,2021,왕십리역이스타빌,행당동,"1,000",성동구,6,65,12,21.91,,,287-15,11200,6
96,,2006,신규,21.07~23.07,2021,왕십리역이스타빌,행당동,"22,000",성동구,6,0,18,29.43,,,287-15,11200,10
97,,2006,신규,21.08~23.08,2021,왕십리역이스타빌,행당동,"19,000",성동구,6,0,19,21.91,,,287-15,11200,6
98,,2004,신규,21.07~22.07,2021,성동샤르망,행당동,"1,000",성동구,6,60,21,24.84,,,192-29,11200,12
99,,2006,신규,21.07~23.07,2021,왕십리역이스타빌,행당동,"18,000",성동구,6,0,23,21.91,,,287-15,11200,14
100,,2006,,21.07~23.07,2021,왕십리역이스타빌,행당동,"21,000",성동구,6,0,23,29.43,,,287-15,11200,8
101,,2006,신규,21.06~22.06,2021,왕십리역이스타빌,행당동,"1,000",성동구,6,70,24,26.22,,,287-15,11200,12
102,,2006,신규,21.08~23.02,2021,왕십리역이스타빌,행당동,"1,000",성동구,6,65,29,21.91,,,287-15,11200,5
103,,2002,신규,21.06~22.06,2021,금호힐오피스텔,금호동1가,"1,000",성동구,6,60,11,27.35,,,1755,11200,5
104,,2003,갱신,21.07~23.07,2021,재호예향빌,금호동4가,"17,000",성동구,6,0,22,54.58,"16,000",,1028,11200,6
105,,2003,갱신,21.07~23.07,2021,재호예향빌,금호동4가,"17,000",성동구,6,0,30,54.58,"16,000",,1028,11200,6
106,,2004,신규,21.07~22.07,2021,성원상떼뷰,옥수동,"1,000",성동구,6,70,14,27.01,,,475,11200,13
107,,2003,신규,21.06~23.06,2021,성수동 뉴타운오피스텔,성수동1가,"15,000",성동구,6,0,3,31.6,,,72-69,11200,3
108,,2004,,21.06~23.06,2021,성수 그린빌,성수동1가,"20,000",성동구,6,0,4,34.59,,,685-54,11200,5
109,,2005,,21.07~23.02,2021,뚝섬리버빌,성수동1가,"15,000",성동구,6,0,11,27.17,,,13-117,11200,4
110,,2005,,21.06~22.06,2021,뚝섬리버빌,성수동1가,"1,000",성동구,6,60,14,23.03,,,13-117,11200,8
111,,2018,,21.08~22.08,2021,서울숲 프라임 알파,성수동1가,"40,200",성동구,6,0,15,59.18,,,13-120,11200,4
112,,2018,신규,21.07~23.07,2021,청호 서울숲 뜨레피움 오피스텔,성수동1가,"18,000",성동구,6,0,15,19.03,,,13-163,11200,3
113,,2019,,21.07~23.07,2021,포레스트 사이드,성수동1가,"24,000",성동구,6,0,15,29.55,,,685-296,11200,4
114,,2005,신규,21.07~23.07,2021,뚝섬리버빌,성수동1가,"1,000",성동구,6,55,18,23.17,,,13-117,11200,4
115,,2005,신규,21.06~22.06,2021,뚝섬리버빌,성수동1가,"1,500",성동구,6,65,19,31.89,,,13-117,11200,9
116,,2004,신규,21.07~23.07,2021,이에스에이리버하우스,성수동1가,"3,000",성동구,6,70,19,39.15,,,13-12,11200,2
117,,2004,,21.07~23.07,2021,이에스에이리버하우스,성수동1가,"30,000",성동구,6,0,21,39.15,,,13-12,11200,8
118,,2003,신규,21.07~23.07,2021,성수동 뉴타운오피스텔,성수동1가,"19,000",성동구,6,0,23,30.02,,,72-69,11200,2
119,,2013,갱신,21.07~23.07,2021,서울숲오피스텔,성수동1가,"3,000",성동구,6,100,24,49.16,"1,000",100,656-392,11200,4
120,사용,2005,갱신,21.08~23.07,2021,뚝섬리버빌,성수동1가,"15,750",성동구,6,0,25,29,"15,000",,13-117,11200,3
121,,2004,갱신,22.08~24.08,2021,Biz-Well 성수,성수동1가,"3,000",성동구,6,39,25,26.67,"3,000",39,33-21,11200,7
122,,2004,,,2021,이에스에이리버하우스,성수동1가,"30,000",성동구,6,0,26,39.15,,,13-12,11200,7
123,,2004,신규,21.07~23.07,2021,이에스에이리버하우스,성수동1가,"1,000",성동구,6,100,28,39.15,,,13-12,11200,4
124,,2019,,21.07~23.07,2021,장한빌라,성수동2가,"10,000",성동구,6,40,5,29.96,,,299-227,11200,2
125,,2013,신규,21.07~22.07,2021,성수동램킨중흥S클래스오피스텔,성수동2가,500,성동구,6,62,29,18.33,,,277-101,11200,5
126,,2003,신규,21.08~22.08,2021,성원상떼뷰오피스텔,성수동2가,"5,000",성동구,6,50,30,40.94,,,277-37,11200,8
127,,2016,신규,21.06~22.06,2021,서희스타힐스리버파크,용답동,"15,000",성동구,6,0,4,21.9,,,238-12,11200,9
128,,2016,신규,21.06~22.06,2021,서희스타힐스리버파크,용답동,500,성동구,6,60,5,21.9,,,238-12,11200,13
129,,1985,,,2021,(233-8),용답동,"2,000",성동구,6,60,7,21.9,,,233-8,11200,9
130,,2021,신규,21.06~22.06,2021,k-타워,용답동,"1,000",성동구,6,70,9,18.42,,,229-2,11200,11
131,사용,2016,갱신,21.08~23.08,2021,서희스타힐스리버파크,용답동,"14,175",성동구,6,0,10,21.9,"13,500",,238-12,11200,4
132,사용,1985,갱신,21.06~23.06,2021,(233-8),용답동,"8,400",성동구,6,21,11,22.07,"8,000",20,233-8,11200,4
133,사용,2011,갱신,21.06~23.06,2021,오르세오피스텔,용답동,"14,700",성동구,6,0,12,35,"14,000",,238-2,11200,7
134,,2016,,21.07~22.07,2021,서희스타힐스리버파크,용답동,"6,300",성동구,6,25,15,21.9,,,238-12,11200,10
135,사용,2016,갱신,21.07~23.07,2021,서희스타힐스리버파크,용답동,"13,600",성동구,6,0,16,21.9,"13,000",,238-12,11200,7
136,,2016,,21.06~22.06,2021,서희스타힐스리버파크,용답동,500,성동구,6,60,16,21.95,,,238-12,11200,15
137,,1985,신규,21.06~23.06,2021,(233-8),용답동,"1,000",성동구,6,62,16,21.9,,,233-8,11200,6
138,,2016,신규,21.07~22.07,2021,서희스타힐스리버파크,용답동,"14,000",성동구,6,0,18,21.9,,,238-12,11200,7
139,,2016,신규,21.07~23.07,2021,서희스타힐스리버파크,용답동,"14,500",성동구,6,0,19,21.95,,,238-12,11200,7
140,,2016,신규,21.07~23.07,2021,서희스타힐스리버파크,용답동,"14,500",성동구,6,0,19,21.9,,,238-12,11200,8
141,,2016,,,2021,서희스타힐스리버파크,용답동,"14,175",성동구,6,0,19,21.9,,,238-12,11200,2
142,,2016,신규,21.07~22.07,2021,서희스타힐스리버파크,용답동,"14,500",성동구,6,0,19,21.9,,,238-12,11200,13
143,,2016,,,2021,서희스타힐스리버파크,용답동,"14,000",성동구,6,0,19,21.95,,,238-12,11200,6
144,,2006,,,2021,신창비바패밀리,용답동,"25,000",성동구,6,0,21,60.59,,,232-1,11200,12
145,,2013,,21.07~22.06,2021,어반 오피스텔,용답동,"1,000",성동구,6,59,21,17.08,,,229-10,11200,4
146,,2013,,21.06~22.06,2021,어반 오피스텔,용답동,"2,000",성동구,6,52,22,16.21,,,229-10,11200,6
147,사용,2016,갱신,21.06~23.06,2021,서희스타힐스리버파크,용답동,"13,500",성동구,6,0,22,20.21,"13,000",,238-12,11200,4
148,,2013,,21.06~22.06,2021,어반 오피스텔,용답동,"1,000",성동구,6,59,22,17.08,,,229-10,11200,3
149,사용,1985,갱신,21.07~23.07,2021,(233-8),용답동,"13,650",성동구,6,0,22,22.07,"13,000",,233-8,11200,4
150,,2011,신규,21.08~23.08,2021,오르세오피스텔,용답동,"16,800",성동구,6,0,22,42.3,,,238-2,11200,2
151,,2021,,21.07~22.07,2021,k-타워,용답동,"3,000",성동구,6,75,22,25.66,,,229-2,11200,9
152,,2013,,21.07~22.07,2021,어반 오피스텔,용답동,"1,000",성동구,6,45,23,16.21,,,229-10,11200,10
153,,2021,,21.06~22.06,2021,k-타워,용답동,"1,000",성동구,6,70,24,18.42,,,229-2,11200,12
154,사용,2016,갱신,21.06~23.06,2021,서희스타힐스리버파크,용답동,"12,127",성동구,6,0,25,21.95,"11,550",,238-12,11200,4
155,,2016,신규,21.08~23.08,2021,서희스타힐스리버파크,용답동,"14,000",성동구,6,0,26,21.9,,,238-12,11200,7
156,,2011,신규,21.08~23.08,2021,오르세오피스텔,용답동,"16,000",성동구,6,0,26,35,,,238-2,11200,10
157,,2013,,21.07~22.07,2021,어반 오피스텔,용답동,"1,000",성동구,6,59,26,17.08,,,229-10,11200,2
158,,2016,,,2021,서희스타힐스리버파크,용답동,"14,000",성동구,6,0,27,20.21,,,238-12,11200,3
159,,1985,신규,21.07~23.07,2021,(233-8),용답동,"1,000",성동구,6,62,28,21.9,,,233-8,11200,6
160,,1985,갱신,21.08~22.08,2021,(233-8),용답동,"1,000",성동구,6,62,28,21.9,"1,000",60,233-8,11200,7
161,,2016,신규,21.07~23.07,2021,서희스타힐스리버파크,용답동,"15,000",성동구,6,0,29,21.95,,,238-12,11200,12
162,,2016,신규,21.09~23.09,2021,서희스타힐스리버파크,용답동,"14,000",성동구,6,0,30,21.9,,,238-12,11200,14
163,,2016,,,2021,서희스타힐스리버파크,용답동,500,성동구,6,60,30,21.9,,,238-12,11200,14
0,,2003,갱신,21.08~23.08,2021,노블리안,상왕십리동,"4,000",성동구,7,40,2,25.74,"4,000",35,750,11200,9
1,,2003,갱신,21.08~23.08,2021,노블리안,상왕십리동,"5,000",성동구,7,40,5,30.81,"4,000",40,750,11200,4
2,,2003,신규,21.07~22.07,2021,노블리안,상왕십리동,"16,000",성동구,7,0,10,30.81,,,750,11200,15
3,,2003,신규,21.08~23.08,2021,노블리안,상왕십리동,"2,000",성동구,7,55,22,25.74,,,750,11200,13
4,,2003,신규,21.08~23.08,2021,노블리안,상왕십리동,"14,000",성동구,7,0,24,25.74,,,750,11200,5
5,,2003,신규,21.09~22.09,2021,노블리안,상왕십리동,"16,500",성동구,7,0,26,30.81,,,750,11200,11
6,,2003,신규,21.07~22.07,2021,노블리안,상왕십리동,"3,000",성동구,7,55,29,30.81,,,750,11200,15
7,,2016,,21.08~22.08,2021,센트라스,하왕십리동,"1,000",성동구,7,96,8,31.01,,,1070,11200,7
8,,2017,신규,21.07~22.07,2021,동인드림힐스,하왕십리동,"5,000",성동구,7,75,10,27.14,,,890-181,11200,4
9,,2016,신규,21.07~22.07,2021,센트라스,하왕십리동,"1,000",성동구,7,95,10,32.53,,,1070,11200,17
10,,2016,신규,21.07~23.07,2021,센트라스,하왕십리동,"25,000",성동구,7,0,10,29.16,,,1070,11200,8
11,,2017,갱신,21.08~23.08,2021,동인드림힐스,하왕십리동,"24,500",성동구,7,0,13,27.14,"23,000",,890-181,11200,13
12,,2017,신규,21.07~22.07,2021,동인드림힐스,하왕십리동,"1,000",성동구,7,70,19,19.24,,,890-181,11200,8
13,,2011,신규,21.07~22.07,2021,리오파크 오피스텔,하왕십리동,"1,000",성동구,7,60,19,21.56,,,898-2,11200,9
14,,2016,갱신,21.08~22.08,2021,센트라스,하왕십리동,"10,000",성동구,7,60,21,29.16,"10,000",55,1070,11200,24
15,,2016,,,2021,센트라스,하왕십리동,"27,000",성동구,7,10,21,29.16,,,1070,11200,15
16,,2017,신규,21.07~22.07,2021,동인드림힐스,하왕십리동,"1,000",성동구,7,70,22,19.24,,,890-181,11200,8
17,,2016,신규,21.07~23.07,2021,센트라스,하왕십리동,"30,500",성동구,7,0,23,32.53,,,1070,11200,20
18,,2016,,,2021,센트라스,하왕십리동,"26,000",성동구,7,0,29,32.53,,,1070,11200,18
19,,2020,갱신,21.07~22.07,2021,왕십리렉스프리미엄오피스텔,도선동,"10,000",성동구,7,38,2,18.63,"10,000",35,257,11200,13
20,,2020,신규,21.08~22.08,2021,왕십리렉스프리미엄오피스텔,도선동,"1,000",성동구,7,80,3,18.63,,,257,11200,12
21,,2017,신규,21.07~22.07,2021,한성아펠타워,도선동,"1,000",성동구,7,93,5,23.58,,,53,11200,13
22,,2020,신규,21.09~22.09,2021,왕십리렉스프리미엄오피스텔,도선동,"22,500",성동구,7,0,6,18.63,,,257,11200,7
23,,2018,신규,21.08~23.08,2021,W에비뉴타워,도선동,"23,000",성동구,7,0,7,23.32,,,46,11200,13
24,,2018,신규,21.08~22.08,2021,렉스오피스텔,도선동,"1,000",성동구,7,70,9,21.37,,,268,11200,7
25,,2017,갱신,21.08~22.08,2021,한성아펠타워,도선동,"25,900",성동구,7,0,9,23.61,"23,500",,53,11200,7
26,,2020,신규,21.08~23.08,2021,왕십리렉스프리미엄오피스텔,도선동,"24,000",성동구,7,0,10,18.63,,,257,11200,17
27,,2021,신규,21.08~23.08,2021,소미골드라인,도선동,"24,500",성동구,7,0,12,24.61,,,102,11200,4
28,,2021,신규,21.07~23.07,2021,소미골드라인,도선동,"29,500",성동구,7,0,13,32.58,,,101,11200,5
29,,2021,,21.08~23.08,2021,소미골드라인,도선동,"32,000",성동구,7,0,16,35.06,,,101,11200,12
30,,2021,신규,21.08~23.08,2021,소미골드라인,도선동,"32,000",성동구,7,0,16,35.06,,,101,11200,12
31,,2020,신규,21.07~22.07,2021,왕십리렉스프리미엄오피스텔,도선동,"1,000",성동구,7,82,17,18.63,,,257,11200,18
32,,2020,,21.08~23.08,2021,왕십리렉스프리미엄오피스텔,도선동,"24,000",성동구,7,0,21,18.63,,,257,11200,16
33,,2021,신규,21.09~23.09,2021,소미골드라인,도선동,"23,500",성동구,7,0,21,24.61,,,102,11200,9
34,,2020,,21.08~22.08,2021,왕십리렉스프리미엄오피스텔,도선동,"24,000",성동구,7,0,21,18.63,,,257,11200,9
35,,2017,신규,21.07~22.07,2021,한성아펠타워,도선동,"3,000",성동구,7,85,24,23.58,,,53,11200,12
36,,1998,신규,21.07~22.07,2021,신한넥스텔,도선동,500,성동구,7,45,25,19.63,,,14,11200,14
37,,1998,신규,21.08~22.08,2021,신한넥스텔,도선동,500,성동구,7,40,29,19.63,,,14,11200,16
38,,2012,신규,21.07~23.07,2021,(777-3),마장동,"9,000",성동구,7,0,3,15.54,,,777-3,11200,9
39,사용,1988,갱신,21.08~23.08,2021,(797-16),마장동,"8,400",성동구,7,0,24,24.6,"8,000",,797-16,11200,5
40,,2012,신규,21.08~22.08,2021,(777-3),마장동,"1,000",성동구,7,50,27,15.62,,,777-3,11200,8
41,,2004,신규,21.07~23.07,2021,1동(766-25),마장동,"23,100",성동구,7,0,28,65.07,,,766-25,11200,3
42,,2012,,21.09~23.09,2021,(777-3),마장동,"8,400",성동구,7,0,30,15.54,,,777-3,11200,4
43,,2018,신규,21.07~22.07,2021,왕십리 큐브스테이트,행당동,"1,000",성동구,7,59,1,16.37,,,286-25,11200,4
44,,2014,신규,21.08~23.08,2021,서울숲 더샵,행당동,"2,000",성동구,7,121,3,35.21,,,377,11200,2
45,,2006,신규,21.07~22.07,2021,왕십리역이스타빌,행당동,"1,000",성동구,7,65,5,21.91,,,287-15,11200,10
46,,2006,신규,21.07~22.07,2021,왕십리역이스타빌,행당동,"1,000",성동구,7,65,9,21.91,,,287-15,11200,8
47,,2006,신규,21.08~23.08,2021,왕십리역이스타빌,행당동,"19,000",성동구,7,0,10,21.91,,,287-15,11200,14
48,,2004,신규,21.07~23.07,2021,성동샤르망,행당동,"1,000",성동구,7,60,11,24.84,,,192-29,11200,5
49,,2018,신규,21.07~23.07,2021,왕십리 큐브스테이트,행당동,"1,000",성동구,7,68,13,16.53,,,286-25,11200,5
50,,2006,신규,21.08~22.08,2021,왕십리역이스타빌,행당동,"1,000",성동구,7,70,17,26.22,,,287-15,11200,10
51,,2006,신규,21.07~22.07,2021,왕십리역이스타빌,행당동,"1,000",성동구,7,75,19,29.43,,,287-15,11200,9
52,사용,2014,갱신,21.08~23.08,2021,서울숲 더샵,행당동,"2,000",성동구,7,97,20,28.04,"2,000",93,377,11200,4
53,,2014,,21.08~22.08,2021,서울숲 더샵,행당동,"2,000",성동구,7,135,21,40.24,,,377,11200,2
54,,2006,신규,21.07~22.07,2021,왕십리역이스타빌,행당동,"1,000",성동구,7,75,27,29.43,,,287-15,11200,6
55,,2018,,,2021,왕십리 큐브스테이트,행당동,"17,000",성동구,7,0,28,16.53,,,286-25,11200,2
56,,2004,신규,21.08~23.08,2021,성동샤르망,행당동,"5,000",성동구,7,50,28,27.6,,,192-29,11200,9
57,,2006,,,2021,왕십리역이스타빌,행당동,"1,000",성동구,7,65,31,21.91,,,287-15,11200,11
58,,2004,신규,21.07~22.07,2021,성원상떼뷰,옥수동,"17,000",성동구,7,0,5,27.01,,,475,11200,10
59,,2004,신규,21.08~22.08,2021,성원상떼뷰,옥수동,"5,000",성동구,7,48,30,27.01,,,475,11200,9
60,,2004,,21.07~22.07,2021,성원상떼뷰,옥수동,"1,000",성동구,7,70,30,27.01,,,475,11200,5
61,,2005,신규,21.07~22.07,2021,뚝섬리버빌,성수동1가,"1,000",성동구,7,55,3,23.17,,,13-117,11200,6
62,,2005,,21.07~22.07,2021,뚝섬리버빌,성수동1가,"2,000",성동구,7,66,3,29,,,13-117,11200,3
63,,2005,신규,21.08~23.08,2021,뚝섬리버빌,성수동1가,"1,000",성동구,7,55,4,25.1,,,13-117,11200,8
64,,2004,,,2021,Biz-Well 성수,성수동1가,"3,000",성동구,7,39,6,26.67,,,33-21,11200,4
65,,2004,신규,21.08~23.08,2021,Biz-Well 성수,성수동1가,"3,000",성동구,7,37,7,24.69,,,33-21,11200,4
66,,2004,신규,21.07~22.07,2021,이에스에이리버하우스,성수동1가,"32,000",성동구,7,0,8,39.15,,,13-12,11200,9
67,,2004,,21.07~23.07,2021,Biz-Well 성수,성수동1가,"3,000",성동구,7,39,10,26.67,,,33-21,11200,5
68,,2004,신규,21.08~23.08,2021,Biz-Well 성수,성수동1가,"3,000",성동구,7,37,10,24.69,,,33-21,11200,2
69,사용,2015,갱신,21.11~23.11,2021,위더스 빌,성수동1가,"27,300",성동구,7,0,10,44.05,"26,000",,33-23,11200,8
70,사용,2003,갱신,21.08~23.08,2021,성수동 뉴타운오피스텔,성수동1가,"16,800",성동구,7,0,10,31.6,"16,000",,72-69,11200,8
71,,2015,,,2021,위더스 빌,성수동1가,"27,090",성동구,7,0,10,43.41,,,33-23,11200,8
72,사용,2015,갱신,21.09~24.09,2021,위더스 빌,성수동1가,"23,500",성동구,7,4,11,43.41,"23,500",2,33-23,11200,6
73,,2015,,21.10~24.10,2021,위더스 빌,성수동1가,"25,500",성동구,7,0,11,44.05,,,33-23,11200,5
74,,2004,신규,21.08~23.08,2021,Biz-Well 성수,성수동1가,"1,050",성동구,7,60,13,26.67,,,33-21,11200,7
75,,2004,,21.08~23.08,2021,성수 그린빌,성수동1가,"16,500",성동구,7,5,14,34.59,,,685-54,11200,4
76,,2004,,21.10~23.10,2021,성수 그린빌,성수동1가,"19,000",성동구,7,0,14,34.59,,,685-54,11200,7
77,,2004,,,2021,이에스에이리버하우스,성수동1가,"6,000",성동구,7,58,15,39.15,,,13-12,11200,4
78,,2004,,21.08~23.08,2021,이에스에이리버하우스,성수동1가,"1,000",성동구,7,90,16,39.15,,,13-12,11200,4
79,,2004,신규,,2021,Biz-Well 성수,성수동1가,"3,000",성동구,7,37,17,26.67,,,33-21,11200,3
80,,2003,신규,21.08~23.08,2021,성수동 뉴타운오피스텔,성수동1가,"1,000",성동구,7,70,17,32.39,,,72-69,11200,3
81,,1997,,21.08~22.08,2021,청재오피스텔,성수동1가,"3,000",성동구,7,100,21,34.16,,,72-71,11200,5
82,,2004,신규,21.09~23.09,2021,이에스에이리버하우스,성수동1가,"30,000",성동구,7,0,21,39.15,,,13-12,11200,12
83,,2004,신규,21.09~23.09,2021,이에스에이리버하우스,성수동1가,"29,000",성동구,7,0,21,39.15,,,13-12,11200,5
84,,2019,신규,21.07~22.07,2021,한스포레,성수동1가,"1,000",성동구,7,89,23,23.49,,,72-114,11200,4
85,사용,2018,갱신,21.12~22.12,2021,청호 서울숲 뜨레피움 오피스텔,성수동1가,"18,900",성동구,7,0,24,19.03,"18,000",,13-163,11200,4
86,,2004,신규,21.08~23.08,2021,Biz-Well 성수,성수동1가,"1,000",성동구,7,60,24,26.67,,,33-21,11200,7
87,,2004,,,2021,이에스에이리버하우스,성수동1가,"23,625",성동구,7,0,24,39.15,,,13-12,11200,9
88,,2003,,,2021,성수동 뉴타운오피스텔,성수동1가,"16,800",성동구,7,0,28,30.02,,,72-69,11200,2
89,,2003,신규,21.08~23.08,2021,성수동 뉴타운오피스텔,성수동1가,"10,000",성동구,7,30,30,31.6,,,72-69,11200,4
90,,2005,신규,21.08~22.08,2021,뚝섬리버빌,성수동1가,"1,000",성동구,7,59,31,20.64,,,13-117,11200,7
91,사용,2004,갱신,21.08~23.08,2021,이에스에이리버하우스,성수동1가,"24,150",성동구,7,0,31,39.15,"23,000",,13-12,11200,12
92,,2003,,21.07~23.07,2021,성원상떼뷰오피스텔,성수동2가,"2,000",성동구,7,53,7,28.08,,,277-37,11200,11
93,사용,2003,갱신,21.08~22.08,2021,성원상떼뷰오피스텔,성수동2가,"2,000",성동구,7,55,7,28.08,"2,000",55,277-37,11200,11
94,,2017,갱신,21.11~23.11,2021,(299-134),성수동2가,"25,000",성동구,7,0,11,40.2,"24,000",,299-134,11200,7
95,,2003,신규,21.07~22.07,2021,성원상떼뷰오피스텔,성수동2가,"1,000",성동구,7,60,19,28.08,,,277-37,11200,10
96,,2013,신규,21.08~22.08,2021,성수동램킨중흥S클래스오피스텔,성수동2가,"1,000",성동구,7,57,26,18.33,,,277-101,11200,2
97,,2017,갱신,21.10~23.10,2021,(299-134),성수동2가,"25,700",성동구,7,0,30,39.78,"24,500",,299-134,11200,6
98,,2017,신규,21.09~23.09,2021,(299-134),성수동2가,"25,200",성동구,7,0,30,39.78,,,299-134,11200,2
99,,2003,신규,21.08~23.08,2021,성원상떼뷰오피스텔,성수동2가,"1,000",성동구,7,60,31,28.08,,,277-37,11200,5
100,,2003,신규,21.08~23.08,2021,송정동센스빌오피스텔,송정동,"5,000",성동구,7,59,17,30.92,,,81-16,11200,5
101,,2013,,21.07~22.07,2021,어반 오피스텔,용답동,"2,000",성동구,7,60,2,20.46,,,229-10,11200,3
102,,2016,신규,21.08~22.08,2021,서희스타힐스리버파크,용답동,"15,000",성동구,7,0,3,21.9,,,238-12,11200,12
103,,1985,신규,21.07~23.07,2021,(233-8),용답동,"1,000",성동구,7,62,3,21.9,,,233-8,11200,7
104,,2016,신규,21.09~23.09,2021,서희스타힐스리버파크,용답동,"14,500",성동구,7,0,3,21.95,,,238-12,11200,13
105,,2020,,21.08~23.08,2021,The Mark,용답동,"26,000",성동구,7,0,6,33.25,,,228-8,11200,7
106,,2013,,21.07~22.07,2021,어반 오피스텔,용답동,"2,000",성동구,7,60,7,20.46,,,229-10,11200,5
107,사용,1985,갱신,21.08~23.08,2021,(233-8),용답동,"13,650",성동구,7,0,7,22.07,"13,000",,233-8,11200,3
108,,2016,신규,21.08~22.08,2021,서희스타힐스리버파크,용답동,500,성동구,7,60,7,21.9,,,238-12,11200,10
109,,2006,신규,21.08~23.08,2021,신창비바패밀리,용답동,"2,000",성동구,7,105,8,58.28,,,232-1,11200,10
110,,2016,신규,21.07~22.07,2021,서희스타힐스리버파크,용답동,300,성동구,7,60,10,21.9,,,238-12,11200,4
111,,1991,신규,21.08~23.08,2021,삼호오피스텔,용답동,"7,500",성동구,7,0,10,26.25,,,236-5,11200,9
112,,2016,갱신,21.07~22.07,2021,서희스타힐스리버파크,용답동,"14,070",성동구,7,0,10,21.95,"13,400",,238-12,11200,11
113,,2016,,,2021,서희스타힐스리버파크,용답동,"13,000",성동구,7,0,10,20.21,,,238-12,11200,9
114,,2016,신규,21.07~23.07,2021,서희스타힐스리버파크,용답동,"1,000",성동구,7,53,10,20.21,,,238-12,11200,8
115,,2016,,,2021,서희스타힐스리버파크,용답동,"15,000",성동구,7,0,12,20.21,,,238-12,11200,11
116,,2016,신규,21.08~23.08,2021,서희스타힐스리버파크,용답동,"10,000",성동구,7,35,13,21.9,,,238-12,11200,8
117,,2016,,,2021,서희스타힐스리버파크,용답동,"4,000",성동구,7,45,13,21.9,,,238-12,11200,9
118,사용,2016,갱신,21.08~23.08,2021,서희스타힐스리버파크,용답동,"13,440",성동구,7,0,13,21.9,"12,800",,238-12,11200,2
119,사용,2016,갱신,21.07~22.07,2021,서희스타힐스리버파크,용답동,"11,550",성동구,7,0,13,21.9,"11,000",,238-12,11200,3
120,,2013,,,2021,어반 오피스텔,용답동,"1,000",성동구,7,53,13,17.08,,,229-10,11200,2
121,,2013,,,2021,어반 오피스텔,용답동,"2,000",성동구,7,53,14,16.21,,,229-10,11200,5
122,,1985,신규,21.07~23.07,2021,(233-8),용답동,"1,000",성동구,7,57,15,21.69,,,233-8,11200,3
123,사용,2016,갱신,21.08~23.08,2021,서희스타힐스리버파크,용답동,"15,000",성동구,7,0,15,21.9,"14,500",,238-12,11200,7
124,사용,2016,갱신,21.08~23.08,2021,서희스타힐스리버파크,용답동,"12,600",성동구,7,8,15,21.95,"12,000",8,238-12,11200,8
125,,2016,갱신,21.08~23.08,2021,서희스타힐스리버파크,용답동,"15,000",성동구,7,0,15,21.9,"14,500",,238-12,11200,12
126,,2020,신규,21.09~23.09,2021,The Mark,용답동,"27,000",성동구,7,0,16,32.67,,,228-8,11200,3
127,,1991,신규,21.08~23.08,2021,삼호오피스텔,용답동,"8,000",성동구,7,0,16,26.25,,,236-5,11200,7
128,사용,2016,갱신,21.08~22.08,2021,서희스타힐스리버파크,용답동,"11,540",성동구,7,0,17,20.21,"10,990",,238-12,11200,4
129,,2016,신규,21.09~22.09,2021,서희스타힐스리버파크,용답동,"14,000",성동구,7,0,19,19.88,,,238-12,11200,3
130,,2020,신규,21.08~23.08,2021,용답동 큐브스테이트,용답동,"5,000",성동구,7,50,20,18.78,,,229-11,11200,4
131,,2021,신규,21.07~22.07,2021,k-타워,용답동,"3,000",성동구,7,60,20,18.42,,,229-2,11200,13
132,,2016,신규,21.08~23.08,2021,서희스타힐스리버파크,용답동,"14,500",성동구,7,0,22,21.9,,,238-12,11200,4
133,,2016,,,2021,서희스타힐스리버파크,용답동,"3,000",성동구,7,40,24,20.21,,,238-12,11200,11
134,,2013,,21.09~22.09,2021,어반 오피스텔,용답동,"2,000",성동구,7,53,24,16.21,,,229-10,11200,4
135,,2016,신규,21.08~23.08,2021,서희스타힐스리버파크,용답동,"13,700",성동구,7,0,27,19.88,,,238-12,11200,6
136,,2013,,,2021,어반 오피스텔,용답동,"2,000",성동구,7,60,28,20.46,,,229-10,11200,2
137,,1985,신규,21.08~23.08,2021,(233-8),용답동,"1,000",성동구,7,65,28,21.9,,,233-8,11200,17
138,,2016,신규,21.08~22.08,2021,서희스타힐스리버파크,용답동,"2,000",성동구,7,55,30,21.9,,,238-12,11200,14
139,,1985,신규,21.08~23.08,2021,(233-8),용답동,"1,000",성동구,7,57,30,23.73,,,233-8,11200,4
140,,2016,신규,21.08~23.08,2021,서희스타힐스리버파크,용답동,"14,800",성동구,7,0,31,20.21,,,238-12,11200,5
141,,2011,,21.09~23.08,2021,오르세오피스텔,용답동,"17,000",성동구,7,0,31,33.2,,,238-2,11200,5
142,,2013,,,2021,어반 오피스텔,용답동,"2,000",성동구,7,55,31,17.08,,,229-10,11200,6
0,,2003,신규,21.08~23.08,2021,노블리안,상왕십리동,"16,500",성동구,8,0,3,30.81,,,750,11200,12
1,,2019,신규,21.09~22.09,2021,센트럴큐브,상왕십리동,"1,000",성동구,8,105,5,35.23,,,12-47,11200,4
2,,2003,신규,21.08~23.08,2021,노블리안,상왕십리동,"16,500",성동구,8,0,9,30.81,,,750,11200,4
3,사용,2003,갱신,21.09~23.09,2021,노블리안,상왕십리동,"14,700",성동구,8,0,18,30.81,"14,000",,750,11200,5
4,,2003,신규,21.09~23.09,2021,노블리안,상왕십리동,"16,500",성동구,8,0,21,30.81,,,750,11200,11
5,,2003,,21.10~22.10,2021,노블리안,상왕십리동,"6,000",성동구,8,40,26,30.81,,,750,11200,15
6,,2003,신규,21.09~23.09,2021,노블리안,상왕십리동,"16,500",성동구,8,0,27,30.81,,,750,11200,8
7,사용,2003,갱신,21.10~23.10,2021,노블리안,상왕십리동,"15,700",성동구,8,0,27,30.81,"15,000",,750,11200,9
8,,2003,신규,21.09~23.09,2021,노블리안,상왕십리동,"16,500",성동구,8,0,30,30.81,,,750,11200,3
9,,2017,,21.08~22.08,2021,동인드림힐스,하왕십리동,"1,000",성동구,8,70,2,19.24,,,890-181,11200,3
10,,2011,,,2021,리오파크 오피스텔,하왕십리동,"1,000",성동구,8,60,2,22.82,,,898-2,11200,10
11,,2017,,21.09~23.09,2021,동인드림힐스,하왕십리동,"18,000",성동구,8,0,3,19.24,,,890-181,11200,12
12,,2016,,21.08~22.08,2021,센트라스,하왕십리동,"15,000",성동구,8,65,6,32.53,,,1070,11200,20
13,,2016,신규,21.09~22.09,2021,센트라스,하왕십리동,"2,000",성동구,8,89,9,32.53,,,1070,11200,13
14,,2017,,21.09~22.09,2021,동인드림힐스,하왕십리동,"16,480",성동구,8,0,10,19.24,,,890-181,11200,7
15,,2017,,21.09~23.09,2021,동인드림힐스,하왕십리동,"15,000",성동구,8,0,13,19.24,,,890-181,11200,9
16,,2005,신규,21.08~22.08,2021,동인 레반트 오피스텔,하왕십리동,"1,000",성동구,8,65,14,27.54,,,903-3,11200,7
17,,2016,신규,21.09~22.09,2021,센트라스,하왕십리동,"31,000",성동구,8,0,14,32.53,,,1070,11200,13
18,,2016,갱신,,2021,센트라스,하왕십리동,"25,200",성동구,8,0,14,31.01,"24,000",,1070,11200,21
19,,2017,신규,21.09~22.09,2021,동인드림힐스,하왕십리동,"10,000",성동구,8,60,14,27.14,,,890-181,11200,7
20,사용,2016,갱신,22.08~24.08,2021,센트라스,하왕십리동,"26,400",성동구,8,0,14,31.01,"25,200",,1070,11200,21
21,,2017,,,2021,동인드림힐스,하왕십리동,"26,120",성동구,8,0,16,27.14,,,890-181,11200,10
22,,2016,신규,21.08~23.02,2021,센트라스,하왕십리동,"1,000",성동구,8,90,16,29.16,,,1070,11200,23
23,,2016,신규,21.08~23.08,2021,센트라스,하왕십리동,"31,000",성동구,8,0,19,32.53,,,1070,11200,23
24,,2009,갱신,21.08~23.08,2021,왕십리 모노퍼스 주상복합,하왕십리동,"22,000",성동구,8,0,26,47.61,"21,000",,286-2,11200,15
25,,2016,,21.09~23.09,2021,센트라스,하왕십리동,"1,000",성동구,8,94,26,32.53,,,1070,11200,25
26,,2016,,21.08~22.08,2021,센트라스,하왕십리동,"10,000",성동구,8,59,27,29.16,,,1070,11200,24
27,,2016,갱신,21.09~23.09,2021,센트라스,하왕십리동,"25,400",성동구,8,0,27,32.53,"23,100",,1070,11200,17
28,,2009,,21.09~23.09,2021,왕십리 모노퍼스 주상복합,하왕십리동,"3,000",성동구,8,80,27,38.67,,,286-2,11200,4
29,,2016,신규,21.10~22.09,2021,센트라스,하왕십리동,"1,000",성동구,8,93,28,32.53,,,1070,11200,17
30,,2016,,21.08~23.08,2021,센트라스,하왕십리동,"31,000",성동구,8,0,30,32.53,,,1070,11200,23
31,,2005,신규,21.08~22.08,2021,동인 레반트 오피스텔,하왕십리동,"16,000",성동구,8,0,31,30.32,,,903-3,11200,3
32,,2018,갱신,21.12~23.12,2021,비앤리베스텔,홍익동,"9,400",성동구,8,33,14,15.92,"9,000",33,146-1,11200,8
33,,2018,,21.12~23.12,2021,비앤리베스텔,홍익동,"16,800",성동구,8,0,17,18.39,,,146-1,11200,7
34,,2018,,22.01~24.01,2021,비앤리베스텔,홍익동,"16,600",성동구,8,0,17,18.39,,,146-1,11200,6
35,,2018,,,2021,비앤리베스텔,홍익동,"16,500",성동구,8,0,17,18.39,,,146-1,11200,11
36,,2018,신규,21.10~23.10,2021,W에비뉴타워,도선동,"10,000",성동구,8,50,2,23.32,,,46,11200,9
37,,2018,,,2021,렉스오피스텔,도선동,"19,950",성동구,8,0,3,20.35,,,268,11200,8
38,,2018,,21.08~23.08,2021,렉스오피스텔,도선동,"2,000",성동구,8,70,5,21.37,,,268,11200,9
39,,2018,신규,21.09~23.09,2021,렉스오피스텔,도선동,"2,000",성동구,8,70,6,20.35,,,268,11200,9
40,,2021,신규,,2021,소미골드라인,도선동,"32,000",성동구,8,0,7,35.06,,,101,11200,13
41,,2017,신규,21.09~23.09,2021,한성아펠타워,도선동,"25,000",성동구,8,0,9,23.58,,,53,11200,13
42,,2018,신규,21.09~23.09,2021,W에비뉴타워,도선동,"10,000",성동구,8,120,10,48.41,,,46,11200,17
43,,2021,,,2021,소미골드라인,도선동,"30,500",성동구,8,0,11,34.49,,,102,11200,9
44,,2018,,21.09~22.09,2021,렉스오피스텔,도선동,"16,800",성동구,8,0,12,20.35,,,268,11200,4
45,,2021,갱신,21.08~23.08,2021,소미골드라인,도선동,"29,500",성동구,8,0,13,32.58,"29,500",,101,11200,6
46,,2020,,21.08~22.08,2021,왕십리렉스프리미엄오피스텔,도선동,"1,000",성동구,8,75,20,18.63,,,257,11200,7
47,,2018,신규,21.09~23.09,2021,렉스오피스텔,도선동,"18,165",성동구,8,0,21,20.35,,,268,11200,10
48,,1998,신규,21.08~22.08,2021,신한넥스텔,도선동,500,성동구,8,40,23,19.63,,,14,11200,16
49,,2020,,21.09~22.09,2021,왕십리렉스프리미엄오피스텔,도선동,"4,000",성동구,8,60,24,18.63,,,257,11200,6
50,,2020,,21.09~22.09,2021,왕십리렉스프리미엄오피스텔,도선동,"4,000",성동구,8,58,24,18.63,,,257,11200,6
51,,2021,신규,,2021,소미골드라인,도선동,"32,000",성동구,8,0,24,32.58,,,101,11200,12
52,,2014,갱신,21.09~22.09,2021,J&J빌딩,도선동,"18,000",성동구,8,0,26,29.1,"17,000",,276,11200,6
53,,2017,신규,21.08~22.08,2021,한성아펠타워,도선동,"1,000",성동구,8,92,31,23.58,,,53,11200,4
54,,2012,신규,21.09~22.08,2021,(777-3),마장동,"1,000",성동구,8,50,2,15.62,,,777-3,11200,2
55,,2012,신규,21.08~23.08,2021,(777-3),마장동,"1,000",성동구,8,50,3,15.54,,,777-3,11200,4
56,,2004,갱신,21.08~22.08,2021,1동(766-25),마장동,"3,000",성동구,8,75,17,73.35,"3,000",70,766-25,11200,7
57,,2014,,21.09~23.09,2021,서울숲 더샵,행당동,"28,600",성동구,8,0,3,57.27,,,377,11200,3
58,,2006,,,2021,왕십리역이스타빌,행당동,"1,000",성동구,8,65,7,21.91,,,287-15,11200,9
59,,2006,신규,21.08~22.08,2021,왕십리역이스타빌,행당동,"1,000",성동구,8,75,12,29.43,,,287-15,11200,10
60,,2006,신규,21.09~22.09,2021,왕십리역이스타빌,행당동,"1,000",성동구,8,70,14,26.01,,,287-15,11200,9
61,,,신규,21.09~23.09,2021,K TOWER 2,행당동,"35,200",성동구,8,0,16,32,,,293-8,11200,6
62,,2018,신규,21.11~23.11,2021,왕십리 큐브스테이트,행당동,"17,500",성동구,8,0,16,16.37,,,286-25,11200,7
63,,2004,신규,21.09~22.09,2021,성동샤르망,행당동,"1,000",성동구,8,60,27,24.84,,,192-29,11200,8
64,,2014,신규,21.09~22.09,2021,서울숲 더샵,행당동,"2,000",성동구,8,120,28,35.21,,,377,11200,3
65,,2002,신규,21.08~27.08,2021,금호힐오피스텔,금호동1가,"2,900",성동구,8,58,4,29.97,,,1755,11200,6
66,,2003,신규,21.08~22.08,2021,재호예향빌,금호동4가,"10,000",성동구,8,0,10,28.67,,,1028,11200,4
67,,2004,신규,21.08~23.07,2021,성원상떼뷰,옥수동,"1,000",성동구,8,65,1,27.01,,,475,11200,4
68,,2004,신규,21.08~22.08,2021,성원상떼뷰,옥수동,"7,000",성동구,8,16,14,27.01,,,475,11200,11
69,,2004,신규,21.09~22.09,2021,성원상떼뷰,옥수동,"1,000",성동구,8,70,18,27.01,,,475,11200,8
70,,2003,신규,21.08~23.08,2021,아트빌딩,성수동1가,"10,000",성동구,8,30,2,27.02,,,685-308,11200,6
71,,2015,,21.09~22.09,2021,위더스 빌,성수동1가,"25,200",성동구,8,0,3,42.76,,,33-23,11200,7
72,,2003,신규,21.08~23.08,2021,아트빌딩,성수동1가,"16,000",성동구,8,0,5,27.02,,,685-308,11200,5
73,,2005,신규,21.08~22.08,2021,뚝섬리버빌,성수동1가,"3,000",성동구,8,50,7,25.95,,,13-117,11200,8
74,,2015,신규,21.10~23.10,2021,위더스 빌,성수동1가,"10,000",성동구,8,75,7,42.76,,,33-23,11200,8
75,,,신규,21.08~22.08,2021,뚝섬리치빌,성수동1가,"15,960",성동구,8,0,10,24.15,,,656-314,11200,2
76,,2004,신규,21.08~22.08,2021,Biz-Well 성수,성수동1가,"1,000",성동구,8,55,11,24.69,,,33-21,11200,7
77,,2005,신규,21.10~23.10,2021,뚝섬리버빌,성수동1가,"1,000",성동구,8,55,19,20.64,,,13-117,11200,7
78,사용,2004,갱신,21.09~23.09,2021,이에스에이리버하우스,성수동1가,"24,150",성동구,8,0,20,39.15,"23,000",,13-12,11200,6
79,,2005,신규,21.09~23.09,2021,뚝섬리버빌,성수동1가,"1,000",성동구,8,65,21,29,,,13-117,11200,2
80,,2013,,21.10~23.10,2021,서울숲오피스텔,성수동1가,"28,350",성동구,8,0,24,49.16,,,656-392,11200,6
81,사용,2017,갱신,21.10~23.10,2021,(299-134),성수동2가,"25,200",성동구,8,0,7,40.2,"24,000",,299-134,11200,5
82,,2003,갱신,21.08~23.08,2021,성원상떼뷰오피스텔,성수동2가,"13,000",성동구,8,0,10,28.08,"12,500",,277-37,11200,9
83,,2017,,22.01~24.01,2021,(299-134),성수동2가,"27,300",성동구,8,0,11,40.2,,,299-134,11200,4
84,,2017,,21.10~23.10,2021,(299-134),성수동2가,"25,200",성동구,8,0,15,39.78,,,299-134,11200,7
85,,2013,신규,21.09~22.09,2021,성수동램킨중흥S클래스오피스텔,성수동2가,"1,000",성동구,8,57,23,18.33,,,277-101,11200,8
86,,2013,,,2021,성수동램킨중흥S클래스오피스텔,성수동2가,"1,000",성동구,8,59,24,18.33,,,277-101,11200,8
87,,2013,신규,21.10~22.10,2021,성수동램킨중흥S클래스오피스텔,성수동2가,"1,000",성동구,8,57,28,18.33,,,277-101,11200,5
88,,1991,,,2021,삼호오피스텔,용답동,"3,000",성동구,8,25,3,26.18,,,236-5,11200,3
89,,2021,,,2021,k-타워,용답동,"3,000",성동구,8,60,4,18.42,,,229-2,11200,11
90,,1991,신규,21.08~23.08,2021,삼호오피스텔,용답동,500,성동구,8,40,4,26.95,,,236-5,11200,6
91,,2016,신규,21.08~23.08,2021,서희스타힐스리버파크,용답동,"13,700",성동구,8,0,5,19.88,,,238-12,11200,5
92,,2016,신규,21.08~23.08,2021,서희스타힐스리버파크,용답동,"1,000",성동구,8,55,6,21.9,,,238-12,11200,5
93,,2013,,21.09~22.09,2021,어반 오피스텔,용답동,"2,000",성동구,8,58,6,18.98,,,229-10,11200,4
94,,1985,신규,21.08~23.08,2021,(233-8),용답동,"1,000",성동구,8,65,9,21.9,,,233-8,11200,16
95,,2016,,,2021,서희스타힐스리버파크,용답동,"13,700",성동구,8,0,11,19.88,,,238-12,11200,6
96,,2016,신규,21.08~22.08,2021,서희스타힐스리버파크,용답동,"1,000",성동구,8,55,12,20.21,,,238-12,11200,15
97,,2021,,21.08~22.08,2021,k-타워,용답동,"3,000",성동구,8,60,12,18.42,,,229-2,11200,10
98,,2016,신규,21.08~22.08,2021,서희스타힐스리버파크,용답동,"1,000",성동구,8,55,13,21.9,,,238-12,11200,9
99,,1985,신규,21.08~23.08,2021,(233-8),용답동,"1,000",성동구,8,65,13,21.9,,,233-8,11200,16
100,,2013,,,2021,어반 오피스텔,용답동,"2,000",성동구,8,60,13,20.46,,,229-10,11200,4
101,,2016,,,2021,서희스타힐스리버파크,용답동,"14,000",성동구,8,0,16,21.9,,,238-12,11200,2
102,,2016,,,2021,서희스타힐스리버파크,용답동,600,성동구,8,55,16,19.88,,,238-12,11200,11
103,,2013,,21.08~22.08,2021,어반 오피스텔,용답동,"2,000",성동구,8,53,17,16.21,,,229-10,11200,6
104,,1991,신규,21.08~23.08,2021,삼호오피스텔,용답동,500,성동구,8,40,18,26.25,,,236-5,11200,2
105,,2021,,21.08~22.08,2021,k-타워,용답동,"1,000",성동구,8,70,20,18.42,,,229-2,11200,14
106,,2016,갱신,21.09~22.09,2021,서희스타힐스리버파크,용답동,"14,800",성동구,8,0,20,21.9,"14,100",,238-12,11200,15
107,,2016,,,2021,서희스타힐스리버파크,용답동,"14,000",성동구,8,0,21,21.9,,,238-12,11200,15
108,,2016,,,2021,서희스타힐스리버파크,용답동,"14,700",성동구,8,0,21,21.95,,,238-12,11200,6
109,,2011,신규,21.09~23.09,2021,오르세오피스텔,용답동,"16,800",성동구,8,0,21,42.3,,,238-2,11200,2
110,,2021,,21.08~22.08,2021,k-타워,용답동,"3,000",성동구,8,60,22,18.42,,,229-2,11200,10
111,,2021,,21.09~22.09,2021,k-타워,용답동,"3,000",성동구,8,60,23,18.42,,,229-2,11200,8
112,,1991,신규,21.09~23.09,2021,삼호오피스텔,용답동,"7,500",성동구,8,0,24,23.59,,,236-5,11200,3
113,,2016,,21.08~23.08,2021,서희스타힐스리버파크,용답동,"1,000",성동구,8,60,25,21.9,,,238-12,11200,14
114,,1985,신규,21.09~23.09,2021,(233-8),용답동,"1,000",성동구,8,57,26,21.69,,,233-8,11200,5
115,,2013,,21.08~22.08,2021,어반 오피스텔,용답동,"2,000",성동구,8,48,26,20.46,,,229-10,11200,9
116,,2013,,,2021,어반 오피스텔,용답동,"2,000",성동구,8,60,26,20.46,,,229-10,11200,5
117,,2021,신규,21.08~22.08,2021,k-타워,용답동,"1,000",성동구,8,70,27,18.42,,,229-2,11200,11
118,,2021,,21.09~22.09,2021,k-타워,용답동,"3,000",성동구,8,60,28,18.42,,,229-2,11200,8
119,,2016,,,2021,서희스타힐스리버파크,용답동,"11,000",성동구,8,30,30,21.95,,,238-12,11200,8
120,,2016,신규,21.09~23.09,2021,서희스타힐스리버파크,용답동,"14,000",성동구,8,0,30,21.9,,,238-12,11200,6
121,,1985,신규,21.09~23.09,2021,(233-8),용답동,"1,000",성동구,8,62,30,21.9,,,233-8,11200,12
122,,1985,신규,21.09~23.09,2021,(233-8),용답동,"1,000",성동구,8,62,30,21.9,,,233-8,11200,10
123,,2020,,21.08~23.02,2021,The Mark,용답동,"25,000",성동구,8,0,31,33.25,,,228-8,11200,5
0,사용,2003,갱신,21.09~22.09,2021,노블리안,상왕십리동,"1,000",성동구,9,70,1,30.81,"1,000",70,750,11200,2
1,사용,2003,갱신,21.10~23.10,2021,노블리안,상왕십리동,"14,170",성동구,9,0,1,30.81,"13,500",,750,11200,4
2,,2003,갱신,21.10~23.10,2021,노블리안,상왕십리동,"3,000",성동구,9,55,2,30.81,"3,000",50,750,11200,12
3,,2003,갱신,21.10~23.10,2021,노블리안,상왕십리동,"7,200",성동구,9,40,3,30.81,"6,000",40,750,11200,15
4,사용,2003,갱신,21.11~23.11,2021,노블리안,상왕십리동,"15,700",성동구,9,0,17,30.81,"15,000",,750,11200,7
5,,2003,신규,21.10~22.10,2021,노블리안,상왕십리동,"2,000",성동구,9,55,30,25.74,,,750,11200,3
6,,2005,신규,21.09~22.09,2021,동인 레반트 오피스텔,하왕십리동,"1,000",성동구,9,65,2,27.54,,,903-3,11200,13
7,사용,2011,갱신,21.09~22.09,2021,리오파크 오피스텔,하왕십리동,500,성동구,9,60,3,22.82,500,60,898-2,11200,3
8,,2016,갱신,21.10~22.10,2021,센트라스,하왕십리동,"25,300",성동구,9,0,4,32.53,"24,100",,1070,11200,19
9,,2005,,21.09~23.09,2021,동인 레반트 오피스텔,하왕십리동,"9,000",성동구,9,29,8,27.54,,,903-3,11200,15
10,,2016,신규,21.09~23.09,2021,센트라스,하왕십리동,"31,000",성동구,9,0,10,31.01,,,1070,11200,24
11,,2011,신규,21.09~22.09,2021,리오파크 오피스텔,하왕십리동,"1,000",성동구,9,60,10,22.11,,,898-2,11200,13
12,,2005,,21.09~23.05,2021,동인 레반트 오피스텔,하왕십리동,"1,000",성동구,9,65,10,27.54,,,903-3,11200,13
13,,2016,신규,21.10~22.10,2021,센트라스,하왕십리동,"1,000",성동구,9,95,23,31.01,,,1070,11200,15
14,,2016,갱신,21.10~23.09,2021,센트라스,하왕십리동,"29,000",성동구,9,0,25,32.53,"25,000",,1070,11200,14
15,,2017,,21.10~23.10,2021,동인드림힐스,하왕십리동,"19,950",성동구,9,0,27,27.51,,,890-181,11200,5
16,,2017,,,2021,동인드림힐스,하왕십리동,"19,000",성동구,9,0,27,27.51,,,890-181,11200,5
17,,2011,신규,21.10~22.10,2021,리오파크 오피스텔,하왕십리동,"13,000",성동구,9,0,28,23.88,,,898-2,11200,4
18,,2011,신규,21.09~22.09,2021,리오파크 오피스텔,하왕십리동,"1,000",성동구,9,55,28,21.56,,,898-2,11200,5
19,,1998,신규,21.09~23.09,2021,신한넥스텔,도선동,500,성동구,9,45,3,19.63,,,14,11200,8
20,,2018,,21.09~23.09,2021,렉스오피스텔,도선동,"1,000",성동구,9,70,3,21.49,,,268,11200,10
21,,2017,신규,21.10~23.10,2021,한성아펠타워,도선동,"27,000",성동구,9,0,4,23.58,,,53,11200,12
22,,1998,신규,21.09~23.09,2021,신한넥스텔,도선동,500,성동구,9,43,4,19.63,,,14,11200,10
23,,2020,,21.10~22.10,2021,왕십리렉스프리미엄오피스텔,도선동,"23,000",성동구,9,0,13,18.63,,,257,11200,7
24,사용,2017,갱신,21.11~23.11,2021,한성아펠타워,도선동,"26,900",성동구,9,0,15,23.58,"25,900",,53,11200,14
25,,2020,신규,21.10~23.10,2021,왕십리렉스프리미엄오피스텔,도선동,"23,000",성동구,9,0,15,18.63,,,257,11200,12
26,,2017,갱신,21.11~22.11,2021,한성아펠타워,도선동,"1,000",성동구,9,94,16,23.58,"1,000",90,53,11200,14
27,,2017,신규,21.10~22.10,2021,한성아펠타워,도선동,"1,000",성동구,9,95,25,23.61,,,53,11200,13
28,,2018,신규,21.10~23.10,2021,W에비뉴타워,도선동,"24,000",성동구,9,0,27,23.32,,,46,11200,8
29,,2018,신규,21.11~23.11,2021,W에비뉴타워,도선동,"3,000",성동구,9,90,27,29.62,,,46,11200,16
30,,1998,신규,21.10~22.10,2021,신한넥스텔,도선동,500,성동구,9,45,30,19.63,,,14,11200,10
31,,2018,신규,21.10~23.10,2021,트레저힐스,마장동,"22,500",성동구,9,0,10,27.61,,,775-2,11200,4
32,,2004,신규,21.09~22.09,2021,성동샤르망,행당동,"1,000",성동구,9,60,7,24.84,,,192-29,11200,6
33,,2004,신규,21.10~22.09,2021,성동샤르망,행당동,"1,000",성동구,9,60,7,24.84,,,192-29,11200,6
34,,2014,신규,21.09~23.09,2021,서울숲 더샵,행당동,"5,000",성동구,9,160,7,60.07,,,377,11200,4
35,,2018,신규,21.09~22.09,2021,왕십리 큐브스테이트,행당동,"2,000",성동구,9,55,12,16.37,,,286-25,11200,7
36,,2006,,,2021,왕십리역이스타빌,행당동,"1,000",성동구,9,75,24,29.43,,,287-15,11200,9
37,,2006,신규,21.10~22.10,2021,왕십리역이스타빌,행당동,"1,000",성동구,9,74,24,29.43,,,287-15,11200,9
38,,2004,신규,21.10~23.10,2021,성동샤르망,행당동,"4,000",성동구,9,40,29,24.84,,,192-29,11200,7
39,,2004,신규,21.10~22.10,2021,성원상떼뷰,옥수동,"5,000",성동구,9,48,15,25.6,,,475,11200,3
40,,2004,신규,21.09~23.09,2021,성원상떼뷰,옥수동,"1,000",성동구,9,75,15,29.54,,,475,11200,7
41,,2004,신규,21.09~22.09,2021,성원상떼뷰,옥수동,"1,000",성동구,9,75,18,28,,,475,11200,12
42,,2003,갱신,21.10~23.10,2021,성수동 뉴타운오피스텔,성수동1가,"17,325",성동구,9,0,4,30.81,"16,500",,72-69,11200,3
43,,2004,신규,21.09~23.09,2021,Biz-Well 성수,성수동1가,"3,000",성동구,9,37,4,24.69,,,33-21,11200,2
44,,2004,신규,21.09~23.09,2021,Biz-Well 성수,성수동1가,"1,000",성동구,9,57,4,25.52,,,33-21,11200,4
45,,2013,,21.09~23.09,2021,서울숲오피스텔,성수동1가,"24,150",성동구,9,0,7,44.16,,,656-392,11200,5
46,,2003,신규,21.09~23.09,2021,아트빌딩,성수동1가,"1,000",성동구,9,70,8,26.9,,,685-308,11200,4
47,,2005,신규,21.10~23.10,2021,뚝섬리버빌,성수동1가,"1,000",성동구,9,60,8,23.03,,,13-117,11200,8
48,,2003,신규,21.09~23.09,2021,아트빌딩,성수동1가,"1,000",성동구,9,60,11,24.64,,,685-308,11200,5
49,,2004,갱신,21.10~23.10,2021,이에스에이리버하우스,성수동1가,"28,500",성동구,9,0,13,39.15,"22,500",,13-12,11200,3
50,,2005,신규,21.09~23.09,2021,뚝섬리버빌,성수동1가,"10,000",성동구,9,0,15,20.19,,,13-117,11200,7
51,,2004,,,2021,이에스에이리버하우스,성수동1가,"30,000",성동구,9,0,15,39.15,,,13-12,11200,7
52,,2005,신규,21.09~22.09,2021,뚝섬리버빌,성수동1가,"1,000",성동구,9,65,15,29,,,13-117,11200,3
53,,2004,신규,21.10~22.10,2021,이에스에이리버하우스,성수동1가,"1,000",성동구,9,95,23,39.15,,,13-12,11200,2
54,,2005,신규,21.09~23.09,2021,뚝섬리버빌,성수동1가,"1,000",성동구,9,60,24,26.02,,,13-117,11200,8
55,,2004,신규,21.10~22.10,2021,이에스에이리버하우스,성수동1가,"1,000",성동구,9,95,24,39.15,,,13-12,11200,2
56,,1997,,,2021,청재오피스텔,성수동1가,"3,000",성동구,9,150,27,48.84,,,72-71,11200,5
57,,2015,,21.10~23.10,2021,위더스 빌,성수동1가,"27,300",성동구,9,0,30,42.76,,,33-23,11200,5
58,,2003,신규,21.10~23.10,2021,성원상떼뷰오피스텔,성수동2가,"12,500",성동구,9,0,18,24.84,,,277-37,11200,2
59,,2003,신규,21.09~23.09,2021,성원상떼뷰오피스텔,성수동2가,"14,000",성동구,9,0,29,28.08,,,277-37,11200,2
60,,2003,,,2021,성원상떼뷰오피스텔,성수동2가,"1,000",성동구,9,60,29,28.08,,,277-37,11200,11
61,,2003,신규,21.09~23.09,2021,송정동센스빌오피스텔,송정동,"4,000",성동구,9,66,1,30.92,,,81-16,11200,3
62,,2016,갱신,21.09~23.09,2021,서희스타힐스리버파크,용답동,"14,500",성동구,9,0,1,21.95,"13,500",,238-12,11200,6
63,,2021,,,2021,k-타워,용답동,"3,000",성동구,9,60,3,18.42,,,229-2,11200,8
64,사용,2016,갱신,21.09~23.09,2021,서희스타힐스리버파크,용답동,"13,650",성동구,9,0,3,21.9,"13,000",,238-12,11200,3
65,,2016,신규,21.09~23.09,2021,서희스타힐스리버파크,용답동,"13,700",성동구,9,0,3,20.21,,,238-12,11200,6
66,,1991,신규,21.10~23.10,2021,삼호오피스텔,용답동,"7,500",성동구,9,0,3,23.41,,,236-5,11200,4
67,,2013,,21.10~22.10,2021,어반 오피스텔,용답동,"2,000",성동구,9,58,3,18.98,,,229-10,11200,6
68,,2016,,,2021,서희스타힐스리버파크,용답동,"15,000",성동구,9,0,4,19.88,,,238-12,11200,4
69,,2021,,,2021,k-타워,용답동,"3,000",성동구,9,60,4,18.42,,,229-2,11200,8
70,,2011,신규,21.09~22.09,2021,오르세오피스텔,용답동,"1,000",성동구,9,58,4,36.9,,,238-2,11200,3
71,,2020,신규,21.09~23.09,2021,용답동 큐브스테이트,용답동,"17,500",성동구,9,0,4,18.78,,,229-11,11200,5
72,,2020,,21.09~22.09,2021,용답동 큐브스테이트,용답동,"1,000",성동구,9,75,5,20.22,,,229-11,11200,5
73,,2013,신규,21.09~22.09,2021,어반 오피스텔,용답동,"2,000",성동구,9,60,7,20.46,,,229-10,11200,3
74,,2016,신규,21.09~22.09,2021,서희스타힐스리버파크,용답동,"1,000",성동구,9,60,10,21.95,,,238-12,11200,14
75,사용,2016,갱신,21.09~23.09,2021,서희스타힐스리버파크,용답동,"14,000",성동구,9,0,11,21.95,"13,500",,238-12,11200,9
76,,2016,신규,21.10~22.10,2021,서희스타힐스리버파크,용답동,"13,500",성동구,9,0,11,19.88,,,238-12,11200,13
77,,2016,신규,21.10~23.10,2021,서희스타힐스리버파크,용답동,"15,000",성동구,9,0,11,21.9,,,238-12,11200,5
78,,2021,,21.09~22.09,2021,k-타워,용답동,"1,000",성동구,9,70,14,18.42,,,229-2,11200,7
79,,2013,,21.10~22.10,2021,어반 오피스텔,용답동,"1,000",성동구,9,62,14,18.98,,,229-10,11200,6
80,,2021,,,2021,k-타워,용답동,"2,000",성동구,9,80,15,25.66,,,229-2,11200,8
81,,1985,신규,21.09~23.09,2021,(233-8),용답동,"2,000",성동구,9,63,15,21.9,,,233-8,11200,15
82,,1991,,,2021,삼호오피스텔,용답동,"6,000",성동구,9,0,16,26.25,,,236-5,11200,5
83,,2021,,21.09~22.09,2021,k-타워,용답동,"1,000",성동구,9,70,16,18.42,,,229-2,11200,7
84,,2016,신규,21.10~23.10,2021,서희스타힐스리버파크,용답동,"13,700",성동구,9,0,17,20.21,,,238-12,11200,7
85,,2016,,21.10~23.10,2021,서희스타힐스리버파크,용답동,"15,000",성동구,9,0,25,21.95,,,238-12,11200,12
86,,2016,,,2021,서희스타힐스리버파크,용답동,"13,700",성동구,9,0,27,20.21,,,238-12,11200,10
87,,2020,,21.10~23.10,2021,The Mark,용답동,"27,000",성동구,9,0,28,32.77,,,228-8,11200,9
88,,2016,갱신,21.10~22.10,2021,서희스타힐스리버파크,용답동,"15,400",성동구,9,0,29,21.9,"14,700",,238-12,11200,10
89,,2016,신규,21.10~22.10,2021,서희스타힐스리버파크,용답동,500,성동구,9,60,29,21.9,,,238-12,11200,9
90,,2016,신규,21.10~22.10,2021,서희스타힐스리버파크,용답동,"1,000",성동구,9,55,30,21.9,,,238-12,11200,3
91,,2016,신규,21.09~23.09,2021,서희스타힐스리버파크,용답동,"11,000",성동구,9,30,30,21.95,,,238-12,11200,8
0,,2003,신규,21.10~22.10,2021,노블리안,상왕십리동,"1,000",성동구,10,70,1,30.81,,,750,11200,4
1,,2019,,21.11~22.10,2021,센트럴큐브,상왕십리동,"27,000",성동구,10,0,11,35.22,,,12-47,11200,5
2,사용,2003,갱신,21.11~22.11,2021,노블리안,상왕십리동,"15,500",성동구,10,0,14,30.81,"14,800",,750,11200,15
3,,2003,신규,21.11~23.11,2021,노블리안,상왕십리동,"16,500",성동구,10,0,15,30.81,,,750,11200,15
4,사용,2003,갱신,21.12~23.12,2021,노블리안,상왕십리동,"1,000",성동구,10,68,30,25.74,"1,000",65,750,11200,11
5,,2016,신규,21.10~23.10,2021,센트라스,하왕십리동,"32,000",성동구,10,0,2,31.01,,,1070,11200,25
6,,2005,신규,21.10~23.10,2021,동인 레반트 오피스텔,하왕십리동,"1,000",성동구,10,65,2,27.54,,,903-3,11200,9
7,,2011,,21.10~23.10,2021,리오파크 오피스텔,하왕십리동,"13,600",성동구,10,0,5,22.82,,,898-2,11200,13
8,,2016,신규,21.11~22.11,2021,센트라스,하왕십리동,"7,000",성동구,10,85,13,32.53,,,1070,11200,22
9,,2011,신규,21.11~22.11,2021,리오파크 오피스텔,하왕십리동,"5,000",성동구,10,45,14,24.07,,,898-2,11200,9
10,,2016,신규,21.10~23.10,2021,센트라스,하왕십리동,"33,500",성동구,10,0,15,32.53,,,1070,11200,25
11,,2016,신규,21.11~23.11,2021,센트라스,하왕십리동,"24,250",성동구,10,0,16,31.01,,,1070,11200,15
12,,2016,신규,22.01~24.01,2021,센트라스,하왕십리동,"33,000",성동구,10,0,19,32.53,,,1070,11200,18
13,,2011,신규,21.11~23.11,2021,리오파크 오피스텔,하왕십리동,"14,000",성동구,10,0,20,22.82,,,898-2,11200,3
14,,2016,신규,21.11~22.11,2021,센트라스,하왕십리동,"1,000",성동구,10,93,20,29.16,,,1070,11200,9
15,,2005,신규,21.11~23.11,2021,동인 레반트 오피스텔,하왕십리동,"17,000",성동구,10,0,22,27.54,,,903-3,11200,12
16,,2016,,,2021,센트라스,하왕십리동,"30,000",성동구,10,0,23,31.01,,,1070,11200,6
17,,2005,,,2021,동인 레반트 오피스텔,하왕십리동,"1,000",성동구,10,65,25,27.54,,,903-3,11200,7
18,,2016,신규,21.10~23.10,2021,센트라스,하왕십리동,"33,500",성동구,10,0,25,32.53,,,1070,11200,25
19,,2017,신규,21.10~22.10,2021,동인드림힐스,하왕십리동,"2,000",성동구,10,60,27,19.24,,,890-181,11200,6
20,,2016,신규,21.10~22.10,2021,센트라스,하왕십리동,"1,000",성동구,10,93,30,32.53,,,1070,11200,23
21,,2011,,,2021,리오파크 오피스텔,하왕십리동,"1,000",성동구,10,60,30,22.82,,,898-2,11200,8
22,,2011,신규,21.12~22.12,2021,리오파크 오피스텔,하왕십리동,"1,000",성동구,10,60,30,22.82,,,898-2,11200,8
23,,2018,신규,21.10~23.10,2021,렉스오피스텔,도선동,"22,900",성동구,10,5,3,25.32,,,268,11200,11
24,,2021,신규,,2021,소미골드라인,도선동,"30,500",성동구,10,0,4,34.49,,,102,11200,8
25,,2020,,21.11~23.11,2021,왕십리렉스프리미엄오피스텔,도선동,"24,000",성동구,10,0,7,18.63,,,257,11200,12
26,,2018,,,2021,렉스오피스텔,도선동,"16,400",성동구,10,0,13,18.7,,,268,11200,7
27,,2020,,,2021,왕십리렉스프리미엄오피스텔,도선동,"12,000",성동구,10,40,15,18.63,,,257,11200,15
28,,2021,신규,22.01~24.01,2021,위너스 오피스텔,도선동,"23,000",성동구,10,0,30,18.48,,,285-1,11200,9
29,,2006,신규,21.10~22.10,2021,왕십리역이스타빌,행당동,"1,000",성동구,10,65,2,21.91,,,287-15,11200,10
30,,,신규,21.11~23.11,2021,K TOWER 2,행당동,"35,200",성동구,10,0,8,32,,,293-8,11200,6
31,,2004,신규,21.10~22.10,2021,성동샤르망,행당동,"1,000",성동구,10,60,8,26.22,,,192-29,11200,6
32,,2004,신규,21.11~22.11,2021,성동샤르망,행당동,"2,000",성동구,10,60,19,27.6,,,192-29,11200,5
33,,2004,,,2021,성동샤르망,행당동,"1,000",성동구,10,60,19,24.84,,,192-29,11200,8
34,,2003,신규,21.12~23.12,2021,재호예향빌,금호동4가,"12,000",성동구,10,0,8,22.56,,,1028,11200,3
35,,2003,신규,21.10~23.10,2021,성수동 뉴타운오피스텔,성수동1가,"19,000",성동구,10,0,3,29.23,,,72-69,11200,4
36,사용,,갱신,21.10~23.10,2021,성수리치빌,성수동1가,"18,000",성동구,10,0,5,27.55,"18,000",,656-572,11200,2
37,,2004,신규,21.10~22.10,2021,Biz-Well 성수,성수동1가,"3,000",성동구,10,37,7,24.69,,,33-21,11200,3
38,,2004,신규,21.11~23.11,2021,Biz-Well 성수,성수동1가,"3,000",성동구,10,35,7,19.08,,,33-21,11200,5
39,,2019,신규,21.10~22.10,2021,한스포레,성수동1가,"1,000",성동구,10,92,8,23.49,,,72-114,11200,4
40,사용,2003,갱신,21.10~23.10,2021,아트빌딩,성수동1가,"14,700",성동구,10,0,8,27.02,"14,000",,685-308,11200,4
41,사용,2004,갱신,21.10~22.10,2021,Biz-Well 성수,성수동1가,"3,000",성동구,10,35,8,19.08,"3,000",35,33-21,11200,9
42,,2004,신규,21.12~23.12,2021,이에스에이리버하우스,성수동1가,"2,000",성동구,10,95,9,39.15,,,13-12,11200,7
43,,2004,신규,21.10~23.10,2021,Biz-Well 성수,성수동1가,"1,000",성동구,10,73,12,32.53,,,33-21,11200,9
44,,2004,신규,21.11~23.11,2021,이에스에이리버하우스,성수동1가,"45,000",성동구,10,20,14,63.74,,,13-12,11200,6
45,사용,2015,갱신,21.11~23.11,2021,위더스 빌,성수동1가,"24,150",성동구,10,0,17,42.76,"23,000",,33-23,11200,4
46,사용,2015,갱신,21.11~23.11,2021,위더스 빌,성수동1가,"25,400",성동구,10,0,18,43.41,"24,200",,33-23,11200,3
47,,2004,,,2021,이에스에이리버하우스,성수동1가,"26,000",성동구,10,0,21,39.15,,,13-12,11200,5
48,,2004,신규,21.10~22.05,2021,Biz-Well 성수,성수동1가,"3,000",성동구,10,43,23,26.13,,,33-21,11200,5
49,,2003,,,2021,성수동 뉴타운오피스텔,성수동1가,"1,000",성동구,10,70,25,29.23,,,72-69,11200,9
50,,2019,,,2021,한스포레,성수동1가,300,성동구,10,130,25,23.49,,,72-114,11200,2
51,,1997,신규,21.11~22.11,2021,청재오피스텔,성수동1가,"5,000",성동구,10,90,25,34.16,,,72-71,11200,4
52,,2018,갱신,21.11~23.11,2021,서울숲 프라임 알파,성수동1가,"45,200",성동구,10,0,25,59.18,"40,000",7,13-120,11200,11
53,사용,2003,갱신,21.12~23.12,2021,성수동 뉴타운오피스텔,성수동1가,"13,650",성동구,10,0,27,32.39,"13,000",,72-69,11200,2
54,,2004,,,2021,이에스에이리버하우스,성수동1가,"10,000",성동구,10,70,28,39.15,,,13-12,11200,10
55,,2005,신규,21.11~23.11,2021,뚝섬리버빌,성수동1가,"12,000",성동구,10,7,30,23.17,,,13-117,11200,6
56,,2003,,21.10~23.10,2021,성원상떼뷰오피스텔,성수동2가,"2,000",성동구,10,53,8,28.08,,,277-37,11200,4
57,,2003,,,2021,성원상떼뷰오피스텔,성수동2가,"4,999",성동구,10,35,8,24.84,,,277-37,11200,11
58,,2003,신규,21.11~23.11,2021,성원상떼뷰오피스텔,성수동2가,"1,000",성동구,10,60,13,28.08,,,277-37,11200,4
59,,2003,신규,21.12~22.12,2021,성원상떼뷰오피스텔,성수동2가,"1,000",성동구,10,55,19,24.84,,,277-37,11200,3
60,,,갱신,21.10~23.10,2021,(299-105),성수동2가,"13,650",성동구,10,0,22,29.93,"13,000",,299-105,11200,2
61,,2003,신규,21.11~22.11,2021,성원상떼뷰오피스텔,성수동2가,"1,000",성동구,10,60,26,28.08,,,277-37,11200,10
62,,2003,신규,21.11~22.11,2021,성원상떼뷰오피스텔,성수동2가,"2,000",성동구,10,55,27,28.08,,,277-37,11200,11
63,,2003,신규,21.10~23.10,2021,송정동센스빌오피스텔,송정동,"1,000",성동구,10,87,2,30.92,,,81-16,11200,8
64,,2021,,21.10~23.10,2021,k-타워,용답동,"3,000",성동구,10,60,1,18.42,,,229-2,11200,6
65,,2021,,21.10~22.10,2021,k-타워,용답동,"3,000",성동구,10,60,1,18.42,,,229-2,11200,6
66,,2016,신규,21.10~23.10,2021,서희스타힐스리버파크,용답동,"16,000",성동구,10,0,1,20.21,,,238-12,11200,11
67,,2016,갱신,21.10~22.10,2021,서희스타힐스리버파크,용답동,"14,700",성동구,10,0,1,21.95,"14,000",,238-12,11200,6
68,,2011,신규,21.10~22.10,2021,오르세오피스텔,용답동,"1,000",성동구,10,75,1,35,,,238-2,11200,8
69,,2011,신규,21.10~22.10,2021,오르세오피스텔,용답동,"1,000",성동구,10,75,1,35,,,238-2,11200,8
70,,1985,신규,21.10~23.10,2021,(233-8),용답동,"1,000",성동구,10,65,5,21.9,,,233-8,11200,17
71,,2021,,,2021,k-타워,용답동,"2,000",성동구,10,65,5,18.42,,,229-2,11200,6
72,,2016,신규,21.10~22.10,2021,서희스타힐스리버파크,용답동,500,성동구,10,60,7,21.9,,,238-12,11200,12
73,,2021,,,2021,k-타워,용답동,"3,000",성동구,10,60,7,18.42,,,229-2,11200,11
74,,2013,,21.10~22.10,2021,어반 오피스텔,용답동,"1,000",성동구,10,64,8,20.46,,,229-10,11200,3
75,,2016,신규,21.11~22.11,2021,서희스타힐스리버파크,용답동,"14,000",성동구,10,0,8,20.21,,,238-12,11200,10
76,,2016,신규,21.11~22.11,2021,서희스타힐스리버파크,용답동,"3,000",성동구,10,45,12,21.9,,,238-12,11200,7
77,,2021,,,2021,k-타워,용답동,"3,000",성동구,10,60,14,18.42,,,229-2,11200,5
78,,2021,,21.10~22.10,2021,k-타워,용답동,"1,000",성동구,10,70,15,18.42,,,229-2,11200,5
79,,2013,,,2021,어반 오피스텔,용답동,"2,000",성동구,10,60,16,20.46,,,229-10,11200,4
80,,2016,,21.10~23.10,2021,서희스타힐스리버파크,용답동,"15,000",성동구,10,0,16,21.9,,,238-12,11200,15
81,,1991,신규,21.11~23.11,2021,삼호오피스텔,용답동,"6,825",성동구,10,0,16,26.95,,,236-5,11200,9
82,,2013,,,2021,어반 오피스텔,용답동,"1,000",성동구,10,65,19,20.96,,,229-10,11200,5
83,,2016,신규,21.11~23.11,2021,서희스타힐스리버파크,용답동,"14,700",성동구,10,0,20,20.21,,,238-12,11200,5
84,,2011,신규,21.12~23.12,2021,오르세오피스텔,용답동,"16,500",성동구,10,0,21,35,,,238-2,11200,7
85,,2006,신규,21.11~22.11,2021,신창비바패밀리,용답동,"4,000",성동구,10,90,21,65.01,,,232-1,11200,8
86,,2021,신규,21.11~22.11,2021,k-타워,용답동,"1,000",성동구,10,90,25,25.66,,,229-2,11200,12
87,,2013,갱신,21.11~22.11,2021,어반 오피스텔,용답동,"2,000",성동구,10,52,25,16.21,"2,000",52,229-10,11200,5
88,,2021,,21.11~23.11,2021,k-타워,용답동,"3,000",성동구,10,80,25,25.66,,,229-2,11200,13
89,,2013,,,2021,어반 오피스텔,용답동,"2,000",성동구,10,58,27,18.98,,,229-10,11200,4
90,,2016,,,2021,서희스타힐스리버파크,용답동,"3,000",성동구,10,50,28,21.9,,,238-12,11200,15
91,,2016,,,2021,서희스타힐스리버파크,용답동,"3,000",성동구,10,50,28,21.9,,,238-12,11200,15
92,,2016,,,2021,서희스타힐스리버파크,용답동,"3,000",성동구,10,50,28,21.9,,,238-12,11200,15
93,,2016,신규,21.11~22.11,2021,서희스타힐스리버파크,용답동,300,성동구,10,60,28,21.9,,,238-12,11200,5
94,,2016,신규,21.11~22.11,2021,서희스타힐스리버파크,용답동,"1,000",성동구,10,50,29,19.88,,,238-12,11200,6
95,,2016,,21.10~23.10,2021,서희스타힐스리버파크,용답동,"13,700",성동구,10,0,29,21.9,,,238-12,11200,5
96,,2016,신규,21.12~22.11,2021,서희스타힐스리버파크,용답동,"15,500",성동구,10,0,31,21.9,,,238-12,11200,14
0,사용,2003,갱신,21.12~23.12,2021,노블리안,상왕십리동,"15,700",성동구,11,0,1,30.81,"15,000",,750,11200,8
1,,2003,신규,21.11~23.11,2021,노블리안,상왕십리동,"16,500",성동구,11,0,4,30.81,,,750,11200,12
2,사용,2003,갱신,21.11~22.11,2021,노블리안,상왕십리동,"15,700",성동구,11,0,4,30.81,"15,000",,750,11200,3
3,사용,2003,갱신,21.11~22.11,2021,노블리안,상왕십리동,"14,700",성동구,11,0,8,25.74,"14,000",,750,11200,13
4,,2003,신규,21.11~22.02,2021,노블리안,상왕십리동,100,성동구,11,60,19,25.74,,,750,11200,12
5,사용,2003,갱신,21.12~23.12,2021,노블리안,상왕십리동,"15,700",성동구,11,0,27,30.81,"15,000",,750,11200,5
6,사용,2003,갱신,22.01~24.01,2021,노블리안,상왕십리동,"15,700",성동구,11,0,29,30.81,"15,000",,750,11200,9
7,,2016,갱신,21.11~22.11,2021,센트라스,하왕십리동,"31,000",성동구,11,0,1,31.01,"25,200",,1070,11200,17
8,,2011,신규,21.11~23.11,2021,리오파크 오피스텔,하왕십리동,"1,000",성동구,11,55,1,22.82,,,898-2,11200,3
9,,2016,,,2021,센트라스,하왕십리동,"30,000",성동구,11,0,2,31.01,,,1070,11200,10
10,,2011,신규,21.11~22.11,2021,리오파크 오피스텔,하왕십리동,"1,000",성동구,11,60,2,23.42,,,898-2,11200,11
11,,2011,신규,21.11~22.11,2021,리오파크 오피스텔,하왕십리동,"1,000",성동구,11,60,4,22.11,,,898-2,11200,12
12,,2011,,,2021,리오파크 오피스텔,하왕십리동,"13,000",성동구,11,0,5,22.11,,,898-2,11200,9
13,,2011,신규,21.11~22.11,2021,리오파크 오피스텔,하왕십리동,"1,000",성동구,11,60,6,22.82,,,898-2,11200,5
14,,2005,신규,21.12~22.12,2021,동인 레반트 오피스텔,하왕십리동,"1,000",성동구,11,65,13,27.54,,,903-3,11200,12
15,,2016,,,2021,센트라스,하왕십리동,"26,775",성동구,11,0,15,32.53,,,1070,11200,22
16,,2005,신규,21.12~23.12,2021,동인 레반트 오피스텔,하왕십리동,"3,000",성동구,11,55,15,27.54,,,903-3,11200,8
17,,2016,신규,21.12~23.12,2021,센트라스,하왕십리동,"1,000",성동구,11,100,24,31.01,,,1070,11200,25
18,사용,2017,갱신,21.12~22.12,2021,동인드림힐스,하왕십리동,"24,150",성동구,11,0,26,27.14,"23,000",,890-181,11200,6
19,,2016,,,2021,센트라스,하왕십리동,"32,000",성동구,11,0,30,32.53,,,1070,11200,18
20,,2018,,,2021,뉴센트빌,홍익동,"32,000",성동구,11,0,10,40.49,,,125-1,11200,5
21,,2018,,,2021,렉스오피스텔,도선동,"3,000",성동구,11,58,6,21.37,,,268,11200,6
22,,2021,신규,21.12~22.12,2021,위너스 오피스텔,도선동,"1,000",성동구,11,80,6,18.48,,,285-1,11200,9
23,,2021,,,2021,위너스 오피스텔,도선동,"23,000",성동구,11,0,6,18.48,,,285-1,11200,12
24,,2021,,,2021,위너스 오피스텔,도선동,"23,000",성동구,11,0,6,18.48,,,285-1,11200,12
25,,2021,신규,22.02~24.02,2021,위너스 오피스텔,도선동,"23,000",성동구,11,0,8,18.48,,,285-1,11200,10
26,,2018,신규,21.12~23.12,2021,W에비뉴타워,도선동,"20,396",성동구,11,0,9,23.32,,,46,11200,7
27,,2018,신규,21.12~22.12,2021,W에비뉴타워,도선동,"1,000",성동구,11,80,11,23.32,,,46,11200,6
28,,2021,신규,22.02~24.02,2021,위너스 오피스텔,도선동,"23,000",성동구,11,0,11,18.48,,,285-1,11200,14
29,,2018,신규,21.11~23.11,2021,W에비뉴타워,도선동,"10,000",성동구,11,120,12,48.31,,,46,11200,14
30,,2017,신규,21.12~23.12,2021,한성아펠타워,도선동,"7,000",성동구,11,52,13,23.58,,,53,11200,4
31,,2017,신규,21.12~22.12,2021,한성아펠타워,도선동,"3,000",성동구,11,80,13,23.61,,,53,11200,4
32,,2014,신규,21.12~23.12,2021,J&J빌딩,도선동,"22,000",성동구,11,0,14,29.8,,,276,11200,6
33,,1998,신규,21.11~23.11,2021,신한넥스텔,도선동,"17,500",성동구,11,0,15,44.86,,,14,11200,16
34,,2021,,,2021,위너스 오피스텔,도선동,"3,000",성동구,11,70,17,18.48,,,285-1,11200,6
35,,2014,,,2021,J&J빌딩,도선동,"16,485",성동구,11,0,17,29.8,,,276,11200,6
36,,1998,신규,21.11~22.11,2021,신한넥스텔,도선동,500,성동구,11,45,18,19.63,,,14,11200,17
37,,2018,,,2021,렉스오피스텔,도선동,"4,000",성동구,11,60,18,20.35,,,268,11200,11
38,,2018,신규,22.01~22.12,2021,렉스오피스텔,도선동,"3,400",성동구,11,60,18,20.35,,,268,11200,11
39,,2021,,,2021,위너스 오피스텔,도선동,"23,000",성동구,11,0,20,18.48,,,285-1,11200,14
40,,1998,신규,21.12~23.12,2021,신한넥스텔,도선동,500,성동구,11,45,22,19.63,,,14,11200,5
41,,2018,신규,22.01~23.01,2021,W에비뉴타워,도선동,"1,000",성동구,11,78,23,23.32,,,46,11200,11
42,,2021,,,2021,위너스 오피스텔,도선동,"3,000",성동구,11,70,24,18.48,,,285-1,11200,7
43,,2020,,,2021,왕십리렉스프리미엄오피스텔,도선동,"24,500",성동구,11,0,25,18.63,,,257,11200,11
44,,2018,신규,21.12~22.12,2021,W에비뉴타워,도선동,"1,000",성동구,11,80,25,23.32,,,46,11200,7
45,,2020,신규,21.12~23.12,2021,왕십리렉스프리미엄오피스텔,도선동,"24,000",성동구,11,0,27,18.63,,,257,11200,16
46,,2021,신규,21.12~22.12,2021,위너스 오피스텔,도선동,"1,000",성동구,11,75,29,18.48,,,285-1,11200,3
47,,2018,신규,21.12~23.12,2021,렉스오피스텔,도선동,"3,000",성동구,11,60,30,18.7,,,268,11200,10
48,,2018,,,2021,렉스오피스텔,도선동,"18,600",성동구,11,0,30,18.7,,,268,11200,2
49,,2007,신규,21.12~23.12,2021,마장동청계아르테미스,마장동,"33,000",성동구,11,0,5,69.12,,,778-5,11200,2
50,사용,2012,갱신,22.01~23.01,2021,(777-3),마장동,"6,900",성동구,11,6,6,15.54,"6,900",5,777-3,11200,3
51,,1988,,,2021,(797-16),마장동,"5,000",성동구,11,30,27,24.6,,,797-16,11200,5
52,,2014,신규,21.11~23.11,2021,서울숲 더샵,행당동,"20,000",성동구,11,50,5,35.21,,,377,11200,3
53,,2006,신규,21.12~23.12,2021,왕십리역이스타빌,행당동,"20,000",성동구,11,0,13,26.01,,,287-15,11200,8
54,,2004,신규,21.11~22.11,2021,성동샤르망,행당동,"3,000",성동구,11,50,19,24.84,,,192-29,11200,9
55,,2006,신규,22.01~23.01,2021,왕십리역이스타빌,행당동,"1,000",성동구,11,65,20,21.91,,,287-15,11200,14
56,,2004,신규,21.12~22.12,2021,성동샤르망,행당동,"1,000",성동구,11,65,23,27.6,,,192-29,11200,11
57,,2006,신규,21.12~23.12,2021,왕십리역이스타빌,행당동,"1,000",성동구,11,95,24,31.63,,,287-15,11200,11
58,,2002,,,2021,금호힐오피스텔,금호동1가,"13,000",성동구,11,0,17,27.35,,,1755,11200,5
59,,2003,신규,21.11~23.11,2021,재호예향빌,금호동4가,"12,000",성동구,11,0,6,24.48,,,1028,11200,2
60,,2004,갱신,21.11~23.11,2021,이에스에이리버하우스,성수동1가,"25,000",성동구,11,0,1,39.15,"21,000",,13-12,11200,5
61,,2004,신규,21.11~23.11,2021,이에스에이리버하우스,성수동1가,"30,500",성동구,11,0,2,39.15,,,13-12,11200,4
62,,2005,신규,21.11~23.11,2021,뚝섬리버빌,성수동1가,"1,000",성동구,11,100,2,49.35,,,13-117,11200,9
63,,2005,신규,21.11~22.11,2021,뚝섬리버빌,성수동1가,"1,000",성동구,11,75,5,29,,,13-117,11200,3
64,,1997,신규,21.11~23.11,2021,청재오피스텔,성수동1가,"4,000",성동구,11,120,5,39.68,,,72-71,11200,5
65,,2004,신규,21.12~23.11,2021,이에스에이리버하우스,성수동1가,"1,000",성동구,11,100,8,39.15,,,13-12,11200,6
66,,2005,신규,21.11~22.11,2021,뚝섬리버빌,성수동1가,"1,000",성동구,11,70,9,29,,,13-117,11200,5
67,,2019,신규,21.11~22.11,2021,EPISODE Seong Su 121,성수동1가,"1,000",성동구,11,89,10,17.17,,,26-3,11200,4
68,,2004,,,2021,Biz-Well 성수,성수동1가,"3,000",성동구,11,36,10,20.69,,,33-21,11200,10
69,,2004,갱신,21.11~23.11,2021,Biz-Well 성수,성수동1가,"3,000",성동구,11,38,12,24.69,"3,000",37,33-21,11200,4
70,,2004,신규,21.11~23.11,2021,Biz-Well 성수,성수동1가,"3,000",성동구,11,45,12,26.13,,,33-21,11200,2
71,,2004,신규,21.12~23.12,2021,이에스에이리버하우스,성수동1가,"31,000",성동구,11,0,12,39.15,,,13-12,11200,10
72,,2019,,,2021,EPISODE Seong Su 121,성수동1가,"1,000",성동구,11,106,13,17.17,,,26-3,11200,4
73,,2019,,,2021,EPISODE Seong Su 121,성수동1가,300,성동구,11,104,16,17.17,,,26-3,11200,5
74,,2004,신규,21.11~23.11,2021,Biz-Well 성수,성수동1가,"3,000",성동구,11,37,18,25.52,,,33-21,11200,5
75,,2004,갱신,22.01~24.01,2021,성수 그린빌,성수동1가,"19,000",성동구,11,0,18,34.59,"17,000",,685-54,11200,8
76,,2004,신규,21.12~23.12,2021,Biz-Well 성수,성수동1가,"3,000",성동구,11,37,18,24.69,,,33-21,11200,7
77,,2004,,,2021,성수 그린빌,성수동1가,"25,000",성동구,11,10,19,36,,,685-54,11200,5
78,,2005,,,2021,뚝섬리버빌,성수동1가,"17,300",성동구,11,0,19,29,,,13-117,11200,6
79,,2005,,,2021,뚝섬리버빌,성수동1가,"17,000",성동구,11,0,20,34.78,,,13-117,11200,3
80,,2004,,,2021,성수 그린빌,성수동1가,"19,000",성동구,11,0,22,34.59,,,685-54,11200,7
81,,2004,,,2021,성수 그린빌,성수동1가,"18,000",성동구,11,0,22,36,,,685-54,11200,6
82,,2004,신규,22.01~24.01,2021,이에스에이리버하우스,성수동1가,"2,000",성동구,11,100,22,39.15,,,13-12,11200,11
83,,2003,,,2021,성수동 뉴타운오피스텔,성수동1가,"2,000",성동구,11,60,23,31.6,,,72-69,11200,7
84,사용,2004,갱신,21.12~23.12,2021,이에스에이리버하우스,성수동1가,"24,150",성동구,11,0,24,39.15,"23,000",,13-12,11200,3
85,,2004,신규,22.01~24.01,2021,이에스에이리버하우스,성수동1가,"44,000",성동구,11,0,24,63.74,,,13-12,11200,2
86,,2013,,,2021,서울숲 다세대 오피스텔,성수동1가,"16,800",성동구,11,0,26,27.38,,,656-28,11200,6
87,,2004,신규,21.12~22.12,2021,이에스에이리버하우스,성수동1가,"1,000",성동구,11,110,29,39.15,,,13-12,11200,9
88,,2004,갱신,21.12~23.12,2021,Biz-Well 성수,성수동1가,"3,000",성동구,11,39,30,26.67,"3,000",39,33-21,11200,2
89,,2013,신규,21.11~22.11,2021,성수동램킨중흥S클래스오피스텔,성수동2가,"1,000",성동구,11,57,2,18.33,,,277-101,11200,2
90,,2003,신규,21.12~22.12,2021,성원상떼뷰오피스텔,성수동2가,"1,000",성동구,11,60,5,28.08,,,277-37,11200,6
91,,2003,신규,21.11~22.11,2021,성원상떼뷰오피스텔,성수동2가,"1,000",성동구,11,60,9,28.08,,,277-37,11200,11
92,,2013,신규,21.11~22.11,2021,성수동램킨중흥S클래스오피스텔,성수동2가,"3,000",성동구,11,47,9,18.33,,,277-101,11200,4
93,,2013,신규,21.11~22.11,2021,성수동램킨중흥S클래스오피스텔,성수동2가,500,성동구,11,62,9,18.33,,,277-101,11200,4
94,,2013,신규,21.11~23.01,2021,성수동램킨중흥S클래스오피스텔,성수동2가,"1,000",성동구,11,60,11,18.33,,,277-101,11200,7
95,,2013,신규,21.12~22.12,2021,성수동램킨중흥S클래스오피스텔,성수동2가,"1,000",성동구,11,57,17,18.33,,,277-101,11200,5
96,사용,2017,갱신,21.12~23.12,2021,(299-134),성수동2가,"25,200",성동구,11,0,17,40.2,"24,000",,299-134,11200,2
97,,2017,,,2021,(299-134),성수동2가,"25,500",성동구,11,0,17,40.2,,,299-134,11200,2
98,,2013,,,2021,성수동램킨중흥S클래스오피스텔,성수동2가,"2,000",성동구,11,52,23,18.33,,,277-101,11200,7
99,사용,2017,갱신,21.12~23.12,2021,(299-134),성수동2가,"24,150",성동구,11,0,27,40.2,"23,000",,299-134,11200,2
100,,2003,신규,21.11~23.11,2021,송정동센스빌오피스텔,송정동,"3,000",성동구,11,73,2,31.19,,,81-16,11200,3
101,,2003,신규,21.12~23.12,2021,송정동센스빌오피스텔,송정동,"3,000",성동구,11,73,18,31.19,,,81-16,11200,8
102,,1991,,,2021,삼호오피스텔,용답동,"5,900",성동구,11,0,1,26.25,,,236-5,11200,5
103,,2016,,,2021,서희스타힐스리버파크,용답동,"16,000",성동구,11,0,6,21.9,,,238-12,11200,14
104,,2016,신규,21.12~23.12,2021,서희스타힐스리버파크,용답동,"14,500",성동구,11,0,6,21.95,,,238-12,11200,5
105,,2016,신규,21.12~22.12,2021,서희스타힐스리버파크,용답동,"15,500",성동구,11,0,6,21.9,,,238-12,11200,9
106,,2016,신규,21.11~23.11,2021,서희스타힐스리버파크,용답동,"13,000",성동구,11,10,7,21.95,,,238-12,11200,5
107,,2016,신규,21.12~23.12,2021,서희스타힐스리버파크,용답동,"15,000",성동구,11,0,9,21.9,,,238-12,11200,5
108,,2013,,,2021,어반 오피스텔,용답동,"2,000",성동구,11,53,9,20.46,,,229-10,11200,7
109,,2016,신규,21.12~23.12,2021,서희스타힐스리버파크,용답동,"15,900",성동구,11,0,9,21.9,,,238-12,11200,11
110,,2016,,,2021,서희스타힐스리버파크,용답동,"3,000",성동구,11,49,12,21.9,,,238-12,11200,9
111,,2006,신규,21.11~22.11,2021,신창비바패밀리,용답동,"2,000",성동구,11,105,12,56,,,232-1,11200,13
112,,2016,신규,21.12~22.12,2021,서희스타힐스리버파크,용답동,"1,500",성동구,11,55,12,21.9,,,238-12,11200,9
113,,2021,,,2021,k-타워,용답동,"3,000",성동구,11,60,12,18.42,,,229-2,11200,3
114,,2020,,,2021,용답동 큐브스테이트,용답동,"18,000",성동구,11,0,13,18.78,,,229-11,11200,17
115,,2016,신규,21.11~22.11,2021,서희스타힐스리버파크,용답동,"2,000",성동구,11,52,14,21.9,,,238-12,11200,7
116,,2021,신규,21.11~22.11,2021,k-타워,용답동,"2,000",성동구,11,82,15,25.66,,,229-2,11200,13
117,,2016,신규,21.12~23.12,2021,서희스타힐스리버파크,용답동,"14,000",성동구,11,0,19,21.9,,,238-12,11200,3
118,,2021,,,2021,k-타워,용답동,"1,000",성동구,11,100,19,27.59,,,229-2,11200,14
119,,2011,신규,21.12~23.12,2021,오르세오피스텔,용답동,"18,000",성동구,11,0,20,35,,,238-2,11200,11
120,,2016,신규,21.12~23.12,2021,서희스타힐스리버파크,용답동,"14,000",성동구,11,0,20,20.21,,,238-12,11200,14
121,,2020,신규,21.12~23.12,2021,용답동 큐브스테이트,용답동,"17,500",성동구,11,0,21,18.78,,,229-11,11200,14
122,,2020,신규,21.12~23.12,2021,용답동 큐브스테이트,용답동,"20,000",성동구,11,0,21,18.78,,,229-11,11200,9
123,,1985,신규,21.12~23.12,2021,(233-8),용답동,"1,000",성동구,11,65,22,21.9,,,233-8,11200,16
124,,2016,신규,21.11~22.11,2021,서희스타힐스리버파크,용답동,500,성동구,11,55,24,20.21,,,238-12,11200,13
125,,2016,신규,21.11~23.11,2021,서희스타힐스리버파크,용답동,"14,700",성동구,11,0,24,20.21,,,238-12,11200,5
126,,1985,신규,21.12~23.12,2021,(233-8),용답동,"1,000",성동구,11,62,26,21.9,,,233-8,11200,12
127,,2016,갱신,21.12~22.12,2021,서희스타힐스리버파크,용답동,"14,100",성동구,11,0,29,20.21,"13,500",,238-12,11200,6
0,,2003,신규,21.12~22.12,2021,노블리안,상왕십리동,"1,000",성동구,12,55,1,25.74,,,750,11200,7
1,,2003,신규,22.01~24.01,2021,노블리안,상왕십리동,"16,500",성동구,12,0,3,30.81,,,750,11200,2
2,,2003,갱신,22.01~23.01,2021,노블리안,상왕십리동,"10,900",성동구,12,20,3,30.81,"10,000",20,750,11200,9
3,사용,2003,갱신,22.01~24.01,2021,노블리안,상왕십리동,"15,700",성동구,12,0,4,30.81,"15,000",,750,11200,3
4,,2003,갱신,22.01~24.01,2021,노블리안,상왕십리동,"7,000",성동구,12,35,7,30.81,"6,000",35,750,11200,2
5,사용,2003,갱신,22.01~24.01,2021,노블리안,상왕십리동,"15,700",성동구,12,0,15,30.81,"15,000",,750,11200,14
6,,2003,신규,22.01~23.01,2021,노블리안,상왕십리동,"5,000",성동구,12,50,15,30.81,,,750,11200,11
7,사용,2003,갱신,22.01~24.01,2021,노블리안,상왕십리동,"13,600",성동구,12,0,20,25.74,"13,000",,750,11200,14
8,사용,2003,갱신,22.02~24.02,2021,노블리안,상왕십리동,"15,700",성동구,12,0,20,30.81,"15,000",,750,11200,10
9,사용,2003,갱신,22.01~24.01,2021,노블리안,상왕십리동,"15,700",성동구,12,0,21,30.81,"15,000",,750,11200,14
10,사용,2003,갱신,22.02~24.02,2021,노블리안,상왕십리동,"15,700",성동구,12,0,22,30.81,"15,000",,750,11200,10
11,,2003,갱신,22.01~23.01,2021,노블리안,상왕십리동,"1,000",성동구,12,70,27,30.81,"1,000",67,750,11200,10
12,,2003,신규,22.02~23.02,2021,노블리안,상왕십리동,"2,500",성동구,12,47,31,25.74,,,750,11200,3
13,,2016,신규,21.12~23.12,2021,센트라스,하왕십리동,"26,500",성동구,12,30,7,32.53,,,1070,11200,12
14,,2005,신규,21.12~23.12,2021,동인 레반트 오피스텔,하왕십리동,"4,000",성동구,12,53,7,27.54,,,903-3,11200,14
15,,2016,,,2021,센트라스,하왕십리동,"26,100",성동구,12,0,7,31.01,,,1070,11200,12
16,,2005,신규,22.01~24.01,2021,동인 레반트 오피스텔,하왕십리동,"1,000",성동구,12,70,7,27.54,,,903-3,11200,11
17,,2005,신규,21.12~22.12,2021,동인 레반트 오피스텔,하왕십리동,"3,000",성동구,12,55,8,27.54,,,903-3,11200,8
18,,2016,신규,22.02~24.02,2021,센트라스,하왕십리동,"1,000",성동구,12,96,10,31.01,,,1070,11200,6
19,,2016,갱신,22.01~23.01,2021,센트라스,하왕십리동,"1,000",성동구,12,92,11,29.16,"1,000",88,1070,11200,25
20,사용,2016,갱신,22.01~23.01,2021,센트라스,하왕십리동,"1,000",성동구,12,101,11,31.01,"1,000",97,1070,11200,22
21,사용,2016,갱신,22.01~24.01,2021,센트라스,하왕십리동,"27,300",성동구,12,0,16,29.16,"26,000",,1070,11200,20
22,,2011,신규,22.01~24.01,2021,리오파크 오피스텔,하왕십리동,"14,000",성동구,12,0,17,23.42,,,898-2,11200,7
23,,2017,,,2021,동인드림힐스,하왕십리동,"27,500",성동구,12,0,17,27.14,,,890-181,11200,6
24,,2016,,,2021,센트라스,하왕십리동,"27,500",성동구,12,0,18,31.01,,,1070,11200,12
25,,2016,신규,22.01~24.01,2021,센트라스,하왕십리동,"30,500",성동구,12,0,20,29.16,,,1070,11200,7
26,,2016,신규,21.12~22.12,2021,센트라스,하왕십리동,"1,000",성동구,12,110,24,31.01,,,1070,11200,18
27,,2016,신규,22.01~23.01,2021,센트라스,하왕십리동,"2,000",성동구,12,93,24,31.01,,,1070,11200,13
28,,2016,신규,22.02~23.02,2021,센트라스,하왕십리동,"1,000",성동구,12,110,25,32.53,,,1070,11200,6
29,,2016,신규,22.02~24.02,2021,센트라스,하왕십리동,"31,500",성동구,12,0,27,32.53,,,1070,11200,11
30,사용,2016,갱신,22.01~24.01,2021,센트라스,하왕십리동,"25,467",성동구,12,0,28,32.53,"24,255",,1070,11200,7
31,,2017,신규,22.01~23.01,2021,한성아펠타워,도선동,"1,000",성동구,12,93,2,23.61,,,53,11200,12
32,,2018,신규,22.01~24.01,2021,렉스오피스텔,도선동,"1,000",성동구,12,70,4,20.35,,,268,11200,7
33,,2021,신규,21.12~22.12,2021,위너스 오피스텔,도선동,"1,000",성동구,12,80,4,18.48,,,285-1,11200,5
34,,2022,신규,22.02~22.12,2021,성동 트레비스타 오피스텔,도선동,"1,000",성동구,12,80,6,19.84,,,256-5,11200,11
35,,2021,,,2021,위너스 오피스텔,도선동,"1,200",성동구,12,82,6,18.48,,,285-1,11200,10
36,,2020,신규,22.02~23.02,2021,왕십리렉스프리미엄오피스텔,도선동,"1,000",성동구,12,81,6,18.63,,,257,11200,18
37,,2021,신규,22.01~23.01,2021,위너스 오피스텔,도선동,"1,000",성동구,12,80,6,18.48,,,285-1,11200,14
38,,2020,신규,21.12~23.12,2021,왕십리렉스프리미엄오피스텔,도선동,"1,000",성동구,12,80,8,18.63,,,257,11200,14
39,,2018,신규,22.01~23.01,2021,렉스오피스텔,도선동,"5,000",성동구,12,50,8,20.35,,,268,11200,4
40,사용,2018,갱신,,2021,렉스오피스텔,도선동,"6,000",성동구,12,49,10,20.35,"6,000",46,268,11200,11
41,,2018,신규,,2021,렉스오피스텔,도선동,"2,000",성동구,12,71,11,21.37,,,268,11200,5
42,,2021,,,2021,위너스 오피스텔,도선동,"21,000",성동구,12,0,11,18.48,,,285-1,11200,6
43,,2018,신규,22.02~24.02,2021,W에비뉴타워,도선동,"21,400",성동구,12,0,11,23.32,,,46,11200,12
44,,2017,신규,22.01~24.01,2021,한성아펠타워,도선동,"25,000",성동구,12,0,11,23.58,,,53,11200,8
45,,2018,,,2021,W에비뉴타워,도선동,"22,400",성동구,12,0,11,23.32,,,46,11200,12
46,,2021,신규,22.01~24.01,2021,위너스 오피스텔,도선동,"23,000",성동구,12,0,14,18.48,,,285-1,11200,10
47,,2021,신규,22.01~24.01,2021,위너스 오피스텔,도선동,"23,000",성동구,12,0,14,18.48,,,285-1,11200,7
48,,2014,신규,22.03~24.03,2021,J&J빌딩,도선동,"20,000",성동구,12,0,14,29.1,,,276,11200,6
49,,2021,신규,22.01~23.01,2021,위너스 오피스텔,도선동,"1,000",성동구,12,80,14,18.48,,,285-1,11200,12
50,,2020,신규,21.12~24.03,2021,왕십리렉스프리미엄오피스텔,도선동,100,성동구,12,39,14,18.63,,,257,11200,8
51,,2021,신규,22.01~24.01,2021,위너스 오피스텔,도선동,"23,000",성동구,12,0,18,18.48,,,285-1,11200,8
52,,2018,,,2021,W에비뉴타워,도선동,"20,000",성동구,12,70,18,48.41,,,46,11200,16
53,,1998,신규,22.01~24.01,2021,신한넥스텔,도선동,"16,000",성동구,12,0,21,39.26,,,14,11200,4
54,,2018,신규,22.01~24.01,2021,렉스오피스텔,도선동,"18,000",성동구,12,0,21,21.37,,,268,11200,11
55,,2021,,,2021,위너스 오피스텔,도선동,"23,000",성동구,12,0,23,18.48,,,285-1,11200,7
56,,2018,신규,22.02~23.02,2021,W에비뉴타워,도선동,"1,000",성동구,12,81,23,23.32,,,46,11200,11
57,,1998,신규,22.01~24.01,2021,신한넥스텔,도선동,"14,000",성동구,12,0,25,39.26,,,14,11200,10
58,,2021,신규,21.12~23.12,2021,위너스 오피스텔,도선동,"2,000",성동구,12,75,27,18.48,,,285-1,11200,6
59,,2021,신규,22.01~23.01,2021,위너스 오피스텔,도선동,"1,000",성동구,12,80,27,18.48,,,285-1,11200,7
60,,2021,신규,21.12~23.12,2021,위너스 오피스텔,도선동,"2,000",성동구,12,70,27,18.48,,,285-1,11200,6
61,,2018,,,2021,렉스오피스텔,도선동,"2,000",성동구,12,68,27,21.49,,,268,11200,5
62,,2021,신규,22.01~24.01,2021,위너스 오피스텔,도선동,"23,000",성동구,12,0,27,18.48,,,285-1,11200,10
63,,2018,,,2021,렉스오피스텔,도선동,"1,000",성동구,12,77,28,21.37,,,268,11200,3
64,,2018,갱신,,2021,W에비뉴타워,도선동,"6,700",성동구,12,58,28,23.32,"6,700",53,46,11200,11
65,,2021,,,2021,위너스 오피스텔,도선동,"20,000",성동구,12,0,28,18.48,,,285-1,11200,7
66,,2017,,,2021,한성아펠타워,도선동,"2,000",성동구,12,91,29,23.61,,,53,11200,9
67,,2021,신규,22.02~24.02,2021,위너스 오피스텔,도선동,"24,000",성동구,12,0,29,18.48,,,285-1,11200,11
68,,1998,신규,22.02~24.02,2021,신한넥스텔,도선동,"15,000",성동구,12,0,29,39.26,,,14,11200,12
69,,1998,신규,22.01~23.01,2021,신한넥스텔,도선동,"15,000",성동구,12,0,29,41.96,,,14,11200,17
70,,2021,신규,22.02~24.02,2021,위너스 오피스텔,도선동,"24,000",성동구,12,0,30,18.48,,,285-1,11200,8
71,,2018,신규,22.01~23.01,2021,W에비뉴타워,도선동,"1,000",성동구,12,78,31,23.32,,,46,11200,15
72,,2021,신규,22.02~24.02,2021,위너스 오피스텔,도선동,"23,000",성동구,12,0,31,18.48,,,285-1,11200,7
73,,2010,신규,22.01~24.01,2021,고운타워,마장동,"12,600",성동구,12,0,11,29.4,,,474-5,11200,8
74,,2010,신규,21.12~22.12,2021,고운타워,마장동,"1,000",성동구,12,55,11,29.4,,,474-5,11200,7
75,,1988,신규,,2021,(797-16),마장동,"1,000",성동구,12,60,14,24.6,,,797-16,11200,2
76,,2012,신규,22.01~23.01,2021,(777-3),마장동,"1,000",성동구,12,50,25,15.62,,,777-3,11200,5
77,,2006,신규,22.01~23.01,2021,왕십리역이스타빌,행당동,"2,000",성동구,12,55,4,21.91,,,287-15,11200,12
78,,2020,신규,21.12~23.12,2021,1동,행당동,"3,000",성동구,12,50,4,28.79,,,292-28,11200,6
79,,2006,신규,21.12~23.12,2021,왕십리역이스타빌,행당동,"1,000",성동구,12,65,7,21.91,,,287-15,11200,7
80,,2014,,,2021,서울숲 더샵,행당동,"42,000",성동구,12,0,7,47.73,,,377,11200,3
81,,2006,신규,22.01~23.01,2021,왕십리역이스타빌,행당동,"1,000",성동구,12,65,10,21.91,,,287-15,11200,13
82,,2006,신규,21.12~22.12,2021,왕십리역이스타빌,행당동,"1,000",성동구,12,70,11,26.22,,,287-15,11200,8
83,,2006,신규,22.01~23.01,2021,왕십리역이스타빌,행당동,"1,000",성동구,12,65,11,21.91,,,287-15,11200,11
84,,2014,신규,22.01~23.01,2021,서울숲 더샵,행당동,"2,000",성동구,12,130,15,36.52,,,377,11200,3
85,,2018,,,2021,왕십리 큐브스테이트,행당동,"29,000",성동구,12,0,16,15.98,,,286-25,11200,3
86,,2018,갱신,21.12~23.03,2021,왕십리 큐브스테이트,행당동,"17,000",성동구,12,0,16,15.98,"12,000",15,286-25,11200,3
87,,2006,신규,22.01~23.01,2021,왕십리역이스타빌,행당동,"1,000",성동구,12,70,21,26.22,,,287-15,11200,8
88,,2019,신규,22.01~24.01,2021,퍼스트에비뉴,행당동,"33,600",성동구,12,0,21,42.76,,,286-38,11200,3
89,,2006,신규,22.02~24.02,2021,왕십리역이스타빌,행당동,"1,000",성동구,12,80,23,29.43,,,287-15,11200,7
90,,2006,신규,22.02~23.02,2021,왕십리역이스타빌,행당동,"1,000",성동구,12,63,24,21.91,,,287-15,11200,6
91,,2014,신규,22.01~23.01,2021,서울숲 더샵,행당동,"2,000",성동구,12,130,24,36.52,,,377,11200,4
92,,2006,신규,22.02~23.02,2021,왕십리역이스타빌,행당동,"1,000",성동구,12,65,24,21.91,,,287-15,11200,10
93,,2018,신규,22.01~24.01,2021,왕십리 큐브스테이트,행당동,"15,400",성동구,12,0,25,16.37,,,286-25,11200,3
94,,2006,신규,22.01~24.01,2021,왕십리역이스타빌,행당동,"10,000",성동구,12,40,27,26.01,,,287-15,11200,5
95,,2004,신규,22.01~23.01,2021,성동샤르망,행당동,"2,000",성동구,12,55,29,24.84,,,192-29,11200,11
96,,2018,신규,22.02~23.02,2021,왕십리 큐브스테이트,행당동,"1,000",성동구,12,63,31,16.53,,,286-25,11200,3
97,,2002,신규,22.01~24.01,2021,금호힐오피스텔,금호동1가,"9,000",성동구,12,32,27,27.35,,,1755,11200,4
98,,2003,신규,22.03~24.03,2021,재호예향빌,금호동4가,"10,000",성동구,12,0,26,24.48,,,1028,11200,3
99,,2004,신규,21.12~23.12,2021,성원상떼뷰,옥수동,"1,000",성동구,12,70,17,25.6,,,475,11200,10
100,,2004,신규,22.01~23.01,2021,성원상떼뷰,옥수동,"18,000",성동구,12,0,18,27.01,,,475,11200,12
101,사용,2004,갱신,22.01~24.01,2021,성원상떼뷰,옥수동,"17,300",성동구,12,0,18,30.75,"16,500",,475,11200,4
102,,2019,,,2021,EPISODE Seong Su 121,성수동1가,"1,000",성동구,12,91,1,17.17,,,26-3,11200,6
103,,2003,신규,21.12~22.12,2021,성수동 뉴타운오피스텔,성수동1가,"2,000",성동구,12,65,3,32.39,,,72-69,11200,8
104,,2004,신규,21.12~22.12,2021,Biz-Well 성수,성수동1가,"2,000",성동구,12,45,3,20.69,,,33-21,11200,10
105,,2004,,,2021,Biz-Well 성수,성수동1가,"3,000",성동구,12,39,5,26.67,,,33-21,11200,8
106,,2004,갱신,22.02~24.02,2021,Biz-Well 성수,성수동1가,"3,000",성동구,12,37,6,24.65,"3,000",37,33-21,11200,2
107,,2003,갱신,21.12~23.12,2021,성수동 뉴타운오피스텔,성수동1가,"13,000",성동구,12,15,7,29.23,"13,000",10,72-69,11200,8
108,,2003,신규,21.12~23.12,2021,성수동 뉴타운오피스텔,성수동1가,"19,000",성동구,12,0,8,29.23,,,72-69,11200,5
109,,2013,,,2021,서울숲 다세대 오피스텔,성수동1가,"25,200",성동구,12,0,9,53.55,,,656-28,11200,5
110,,2004,신규,21.12~23.12,2021,이에스에이리버하우스,성수동1가,"1,000",성동구,12,100,10,39.15,,,13-12,11200,3
111,사용,2003,갱신,22.01~23.01,2021,성수동 뉴타운오피스텔,성수동1가,"14,469",성동구,12,0,10,31.6,"13,780",,72-69,11200,8
112,,2013,,,2021,서울숲 다세대 오피스텔,성수동1가,"15,750",성동구,12,0,14,29,,,656-28,11200,6
113,,2004,갱신,22.08~23.08,2021,이에스에이리버하우스,성수동1가,"24,806",성동구,12,0,17,39.15,"23,625",,13-12,11200,9
114,사용,2004,갱신,22.01~24.01,2021,이에스에이리버하우스,성수동1가,"21,500",성동구,12,0,17,39.15,"20,500",,13-12,11200,2
115,,2004,,22.01~22.08,2021,이에스에이리버하우스,성수동1가,"23,625",성동구,12,0,17,39.15,,,13-12,11200,9
116,,2013,,,2021,서울숲오피스텔,성수동1가,"37,000",성동구,12,0,17,49.16,,,656-392,11200,2
117,,2004,신규,22.01~23.01,2021,이에스에이리버하우스,성수동1가,"3,000",성동구,12,85,23,39.15,,,13-12,11200,12
118,,2003,,,2021,아트빌딩,성수동1가,"16,000",성동구,12,0,27,27.02,,,685-308,11200,7
119,,2004,신규,22.01~24.01,2021,Biz-Well 성수,성수동1가,"3,000",성동구,12,37,28,25.52,,,33-21,11200,8
120,,2003,신규,22.01~24.01,2021,성수동 뉴타운오피스텔,성수동1가,500,성동구,12,75,28,31.6,,,72-69,11200,3
121,,2019,신규,21.12~22.12,2021,한스포레,성수동1가,"3,000",성동구,12,79,30,19.75,,,72-114,11200,6
122,,2003,신규,22.01~23.01,2021,성수동 뉴타운오피스텔,성수동1가,"2,000",성동구,12,65,31,32.39,,,72-69,11200,5
123,,2004,신규,22.01~24.01,2021,Biz-Well 성수,성수동1가,"3,000",성동구,12,35,31,19.08,,,33-21,11200,10
124,,2013,신규,21.12~22.12,2021,성수동램킨중흥S클래스오피스텔,성수동2가,"1,000",성동구,12,60,2,18.33,,,277-101,11200,2
125,,,신규,21.12~23.12,2021,성수리치빌,성수동2가,"20,000",성동구,12,0,3,27.09,,,299-175,11200,2
126,,2016,신규,22.01~24.01,2021,성수리치빌,성수동2가,"30,000",성동구,12,0,7,36.91,,,299-174,11200,2
127,,2003,신규,21.12~22.12,2021,성원상떼뷰오피스텔,성수동2가,"1,000",성동구,12,60,8,28.08,,,277-37,11200,7
128,사용,2003,갱신,21.12~23.12,2021,성원상떼뷰오피스텔,성수동2가,"1,000",성동구,12,55,9,24.84,"1,000",55,277-37,11200,7
129,,2003,신규,21.12~22.12,2021,성원상떼뷰오피스텔,성수동2가,"1,000",성동구,12,55,15,24.84,,,277-37,11200,6
130,,2003,,,2021,성원상떼뷰오피스텔,성수동2가,"6,000",성동구,12,18,22,28.08,,,277-37,11200,10
131,,2003,신규,22.03~24.03,2021,성원상떼뷰오피스텔,성수동2가,"26,250",성동구,12,0,23,28.08,,,277-37,11200,8
132,사용,2017,갱신,22.02~23.02,2021,(299-134),성수동2가,"25,300",성동구,12,0,26,39.78,"24,100",,299-134,11200,2
133,,2017,신규,22.02~24.02,2021,(299-134),성수동2가,"30,000",성동구,12,0,27,39.78,,,299-134,11200,3
134,,2013,신규,22.02~23.02,2021,성수동램킨중흥S클래스오피스텔,성수동2가,"1,000",성동구,12,57,27,18.33,,,277-101,11200,2
135,,2003,신규,21.12~23.12,2021,송정동센스빌오피스텔,송정동,"8,000",성동구,12,0,22,31.19,,,81-16,11200,3
136,,2020,신규,21.12~23.12,2021,용답동 큐브스테이트,용답동,"17,500",성동구,12,0,3,18.78,,,229-11,11200,16
137,,2013,,,2021,어반 오피스텔,용답동,"2,000",성동구,12,55,4,20.96,,,229-10,11200,9
138,,2020,,,2021,용답동 큐브스테이트,용답동,"3,000",성동구,12,63,4,18.78,,,229-11,11200,8
139,,2016,,,2021,서희스타힐스리버파크,용답동,"15,700",성동구,12,0,4,21.9,,,238-12,11200,10
140,,2016,신규,21.12~23.12,2021,서희스타힐스리버파크,용답동,"2,000",성동구,12,55,6,21.9,,,238-12,11200,13
141,,2016,갱신,22.01~24.01,2021,서희스타힐스리버파크,용답동,"14,500",성동구,12,0,9,21.9,"1,000",50,238-12,11200,4
142,,1991,신규,21.12~23.12,2021,삼호오피스텔,용답동,"7,000",성동구,12,0,14,26.18,,,236-5,11200,6
143,,1991,,,2021,삼호오피스텔,용답동,"3,200",성동구,12,0,15,23.59,,,236-5,11200,8
144,,2016,갱신,22.01~24.01,2021,서희스타힐스리버파크,용답동,"14,000",성동구,12,0,18,20.21,"13,600",,238-12,11200,8
145,,2016,신규,22.01~23.01,2021,서희스타힐스리버파크,용답동,"13,500",성동구,12,0,18,20.21,,,238-12,11200,13
146,,2020,,,2021,용답동 큐브스테이트,용답동,"17,500",성동구,12,0,18,18.78,,,229-11,11200,4
147,,1985,신규,22.01~24.01,2021,(233-8),용답동,"1,000",성동구,12,57,20,22.07,,,233-8,11200,3
148,,2021,,,2021,k-타워,용답동,"3,000",성동구,12,80,22,25.66,,,229-2,11200,13
149,,2016,신규,21.12~22.12,2021,서희스타힐스리버파크,용답동,"1,000",성동구,12,50,22,20.21,,,238-12,11200,11
150,,2020,신규,22.02~24.02,2021,The Mark,용답동,"26,000",성동구,12,0,27,32.77,,,228-8,11200,7
151,,2011,신규,22.01~24.01,2021,오르세오피스텔,용답동,"15,500",성동구,12,8,27,33.2,,,238-2,11200,6
152,,2021,신규,22.01~23.01,2021,k-타워,용답동,"1,000",성동구,12,85,29,25.66,,,229-2,11200,3
153,,2016,,,2021,서희스타힐스리버파크,용답동,"14,500",성동구,12,0,29,21.9,,,238-12,11200,2
154,,2021,신규,21.12~22.12,2021,k-타워,용답동,"2,000",성동구,12,80,30,25.66,,,229-2,11200,4
0,사용,2003,갱신,22.02~24.02,2022,노블리안,상왕십리동,"15,700",성동구,1,0,3,30.81,"15,000",,750,11200,10
1,,2003,신규,22.01~23.01,2022,노블리안,상왕십리동,"5,000",성동구,1,50,4,30.81,,,750,11200,10
2,사용,2003,갱신,22.03~24.03,2022,노블리안,상왕십리동,"13,600",성동구,1,0,10,25.74,"13,000",,750,11200,9
3,,2003,신규,22.01~23.01,2022,노블리안,상왕십리동,"9,000",성동구,1,30,10,30.81,,,750,11200,13
4,,2003,신규,22.02~23.02,2022,노블리안,상왕십리동,"1,000",성동구,1,55,12,25.74,,,750,11200,4
5,,2003,갱신,22.02~24.02,2022,노블리안,상왕십리동,"10,900",성동구,1,20,13,30.81,"10,000",20,750,11200,7
6,,2003,신규,22.02~23.02,2022,노블리안,상왕십리동,"1,000",성동구,1,60,15,25.74,,,750,11200,10
7,,2003,갱신,22.03~24.02,2022,노블리안,상왕십리동,"9,000",성동구,1,30,15,30.81,"8,000",30,750,11200,9
8,사용,2003,갱신,22.02~24.02,2022,노블리안,상왕십리동,"15,700",성동구,1,0,19,30.81,"15,000",,750,11200,5
9,,2003,갱신,22.02~24.02,2022,노블리안,상왕십리동,"15,700",성동구,1,0,26,30.81,"13,000",,750,11200,8
10,,2016,신규,22.01~23.01,2022,센트라스,하왕십리동,"1,000",성동구,1,95,5,29.16,,,1070,11200,10
11,,2005,,,2022,동인 레반트 오피스텔,하왕십리동,"10,000",성동구,1,40,6,27.54,,,903-3,11200,12
12,,2005,신규,22.01~23.01,2022,동인 레반트 오피스텔,하왕십리동,"10,000",성동구,1,40,6,27.54,,,903-3,11200,12
13,,2011,신규,22.01~23.01,2022,리오파크 오피스텔,하왕십리동,"1,000",성동구,1,60,15,22.97,,,898-2,11200,10
14,,2005,신규,22.02~23.02,2022,동인 레반트 오피스텔,하왕십리동,"1,000",성동구,1,67,15,27.54,,,903-3,11200,7
15,,2016,신규,22.02~23.02,2022,센트라스,하왕십리동,"2,000",성동구,1,110,17,31.01,,,1070,11200,15
16,,2016,신규,22.01~24.01,2022,센트라스,하왕십리동,"32,000",성동구,1,0,18,32.53,,,1070,11200,7
17,,2016,신규,22.02~23.02,2022,센트라스,하왕십리동,"1,000",성동구,1,115,22,32.53,,,1070,11200,18
18,,2016,신규,22.01~24.01,2022,센트라스,하왕십리동,"31,500",성동구,1,0,22,32.53,,,1070,11200,10
19,,2016,신규,22.02~23.02,2022,센트라스,하왕십리동,"3,000",성동구,1,86,22,29.16,,,1070,11200,15
20,,2016,신규,22.02~24.02,2022,센트라스,하왕십리동,"1,000",성동구,1,110,23,31.01,,,1070,11200,9
21,,2016,신규,22.01~24.01,2022,센트라스,하왕십리동,"30,500",성동구,1,0,27,29.16,,,1070,11200,7
22,,2016,신규,22.01~24.01,2022,센트라스,하왕십리동,"31,000",성동구,1,0,28,31.01,,,1070,11200,11
23,사용,2018,갱신,22.01~24.01,2022,뉴센트빌,홍익동,"31,500",성동구,1,0,21,40.49,"31,000",,125-1,11200,3
24,,2021,신규,22.01~24.01,2022,위너스 오피스텔,도선동,"23,700",성동구,1,0,3,18.48,,,285-1,11200,6
25,,2017,신규,22.01~23.01,2022,한성아펠타워,도선동,"1,000",성동구,1,96,3,23.58,,,53,11200,8
26,,2021,,,2022,서울SR타워,도선동,"1,000",성동구,1,70,3,19.08,,,126,11200,11
27,,2017,신규,22.01~23.01,2022,한성아펠타워,도선동,"1,000",성동구,1,90,4,23.58,,,53,11200,6
28,,2017,신규,22.01~24.01,2022,한성아펠타워,도선동,"3,000",성동구,1,85,4,23.58,,,53,11200,12
29,,2018,신규,22.02~23.02,2022,렉스오피스텔,도선동,"5,000",성동구,1,56,5,21.49,,,268,11200,7
30,,2021,신규,22.01~24.01,2022,위너스 오피스텔,도선동,"23,000",성동구,1,0,5,18.48,,,285-1,11200,11
31,,2021,,22.01~24.01,2022,위너스 오피스텔,도선동,"23,000",성동구,1,0,5,18.48,,,285-1,11200,14
32,,2021,신규,22.01~24.01,2022,위너스 오피스텔,도선동,"23,000",성동구,1,0,7,18.48,,,285-1,11200,11
33,,1998,신규,22.01~23.01,2022,신한넥스텔,도선동,500,성동구,1,45,7,19.63,,,14,11200,17
34,,2021,신규,22.01~24.01,2022,위너스 오피스텔,도선동,"24,000",성동구,1,0,8,18.48,,,285-1,11200,13
35,,2021,신규,22.01~24.01,2022,위너스 오피스텔,도선동,"23,000",성동구,1,0,8,18.48,,,285-1,11200,9
36,,2021,신규,22.02~24.02,2022,위너스 오피스텔,도선동,"24,000",성동구,1,0,8,18.48,,,285-1,11200,10
37,,2021,신규,22.01~24.01,2022,위너스 오피스텔,도선동,"27,000",성동구,1,0,8,23.68,,,285-1,11200,7
38,,2021,신규,22.01~23.01,2022,서울SR타워,도선동,"3,000",성동구,1,60,10,19.08,,,126,11200,7
39,,2021,신규,22.01~24.01,2022,위너스 오피스텔,도선동,"15,000",성동구,1,38,10,18.48,,,285-1,11200,9
40,,2021,신규,22.01~23.01,2022,위너스 오피스텔,도선동,"1,000",성동구,1,80,10,18.48,,,285-1,11200,5
41,,2021,신규,22.01~24.01,2022,서울SR타워,도선동,"3,000",성동구,1,65,10,19.08,,,126,11200,10
42,,2021,신규,22.01~23.01,2022,위너스 오피스텔,도선동,"3,000",성동구,1,70,11,18.48,,,285-1,11200,13
43,,2021,신규,22.02~24.02,2022,위너스 오피스텔,도선동,"24,000",성동구,1,0,12,18.48,,,285-1,11200,12
44,,2021,신규,22.01~24.01,2022,서울SR타워,도선동,"5,000",성동구,1,50,12,19.08,,,126,11200,8
45,,2022,신규,22.02~23.02,2022,성동 트레비스타 오피스텔,도선동,"20,000",성동구,1,60,12,28.41,,,256-5,11200,9
46,,2018,,,2022,렉스오피스텔,도선동,"12,000",성동구,1,40,12,25.32,,,268,11200,7
47,,2022,신규,22.02~23.02,2022,성동 트레비스타 오피스텔,도선동,"1,000",성동구,1,85,13,18.51,,,256-5,11200,15
48,사용,2018,갱신,22.01~24.01,2022,렉스오피스텔,도선동,"1,000",성동구,1,75,14,21.49,"2,000",70,268,11200,9
49,,2020,신규,22.02~23.02,2022,왕십리렉스프리미엄오피스텔,도선동,"2,000",성동구,1,68,15,18.63,,,257,11200,10
50,,2017,신규,22.02~23.02,2022,한성아펠타워,도선동,"1,000",성동구,1,90,15,23.58,,,53,11200,4
51,,2021,,,2022,위너스 오피스텔,도선동,"23,000",성동구,1,0,15,18.48,,,285-1,11200,3
52,,2021,신규,22.03~24.03,2022,소미골드라인,도선동,"29,500",성동구,1,0,15,32.58,,,101,11200,5
53,,2021,신규,22.01~23.01,2022,서울SR타워,도선동,"1,000",성동구,1,75,15,19.08,,,126,11200,11
54,,2021,신규,22.02~23.02,2022,서울SR타워,도선동,"1,000",성동구,1,75,18,19.08,,,126,11200,8
55,,2022,신규,22.04~23.04,2022,성동 트레비스타 오피스텔,도선동,"1,000",성동구,1,85,18,18.51,,,256-5,11200,16
56,,2017,신규,22.03~24.03,2022,한성아펠타워,도선동,"1,000",성동구,1,90,19,23.58,,,53,11200,10
57,,2021,신규,22.02~23.02,2022,서울SR타워,도선동,"1,000",성동구,1,75,19,19.08,,,126,11200,9
58,,2017,신규,22.02~23.02,2022,한성아펠타워,도선동,"5,000",성동구,1,68,20,23.58,,,53,11200,14
59,,2022,신규,22.02~24.02,2022,성동 트레비스타 오피스텔,도선동,"24,000",성동구,1,0,20,19.84,,,256-5,11200,5
60,,2021,신규,22.01~23.01,2022,서울SR타워,도선동,"3,000",성동구,1,55,21,18.77,,,126,11200,9
61,,2022,신규,22.03~24.03,2022,성동 트레비스타 오피스텔,도선동,"2,000",성동구,1,110,22,26.44,,,256-5,11200,10
62,,2018,신규,22.03~24.03,2022,렉스오피스텔,도선동,"19,900",성동구,1,0,22,21.49,,,268,11200,11
63,,2022,신규,22.03~23.03,2022,성동 트레비스타 오피스텔,도선동,"1,000",성동구,1,90,22,19.84,,,256-5,11200,7
64,,2022,신규,22.02~23.02,2022,성동 트레비스타 오피스텔,도선동,"1,000",성동구,1,85,24,18.51,,,256-5,11200,8
65,사용,2018,갱신,22.02~23.02,2022,렉스오피스텔,도선동,"5,000",성동구,1,41,24,20.35,"5,000",38,268,11200,7
66,,2022,신규,22.02~23.02,2022,성동 트레비스타 오피스텔,도선동,"20,000",성동구,1,60,24,26.44,,,256-5,11200,15
67,,2022,신규,22.02~23.02,2022,성동 트레비스타 오피스텔,도선동,"3,000",성동구,1,110,25,26.44,,,256-5,11200,12
68,,2022,신규,22.04~23.04,2022,성동 트레비스타 오피스텔,도선동,"1,000",성동구,1,90,25,19.84,,,256-5,11200,16
69,,2022,신규,22.02~24.02,2022,성동 트레비스타 오피스텔,도선동,"33,000",성동구,1,0,25,28.41,,,256-5,11200,16
70,,2020,,,2022,왕십리렉스프리미엄오피스텔,도선동,"4,700",성동구,1,16,27,18.63,,,257,11200,9
71,,2022,신규,22.02~24.02,2022,성동 트레비스타 오피스텔,도선동,"1,000",성동구,1,80,27,18.51,,,256-5,11200,14
72,,2022,신규,22.02~24.02,2022,성동 트레비스타 오피스텔,도선동,"24,000",성동구,1,0,27,19.84,,,256-5,11200,15
73,,2018,신규,22.01~23.01,2022,W에비뉴타워,도선동,"3,000",성동구,1,75,28,23.32,,,46,11200,6
74,,2021,신규,22.02~24.02,2022,위너스 오피스텔,도선동,"24,000",성동구,1,0,28,18.48,,,285-1,11200,11
75,,2022,,,2022,성동 트레비스타 오피스텔,도선동,"34,000",성동구,1,0,29,26.44,,,256-5,11200,9
76,,2018,갱신,22.03~24.03,2022,트레저힐스,마장동,"22,000",성동구,1,0,19,29.72,"21,000",,775-2,11200,4
77,,2018,신규,22.02~23.02,2022,트레저힐스,마장동,"7,000",성동구,1,20,24,29.51,,,775-4,11200,4
78,,1988,신규,22.02~24.02,2022,(797-16),마장동,"17,000",성동구,1,0,26,29.52,,,797-16,11200,2
79,,2014,,,2022,서울숲 더샵,행당동,"5,000",성동구,1,169,3,57.27,,,377,11200,4
80,,2020,신규,22.02~24.02,2022,(286-24),행당동,"2,000",성동구,1,94,4,27.92,,,286-24,11200,4
81,,2004,신규,22.01~23.01,2022,성동샤르망,행당동,500,성동구,1,65,4,24.84,,,192-29,11200,4
82,,2006,,,2022,왕십리역이스타빌,행당동,"1,000",성동구,1,70,4,26.22,,,287-15,11200,13
83,,2006,신규,22.02~24.02,2022,왕십리역이스타빌,행당동,"1,000",성동구,1,65,4,21.91,,,287-15,11200,9
84,,2006,신규,22.02~24.02,2022,왕십리역이스타빌,행당동,"2,000",성동구,1,70,5,29.43,,,287-15,11200,11
85,,2006,신규,22.01~23.01,2022,왕십리역이스타빌,행당동,"1,000",성동구,1,70,8,26.01,,,287-15,11200,11
86,,2020,신규,22.01~24.01,2022,1동,행당동,"3,500",성동구,1,52,8,17.27,,,292-28,11200,6
87,,2006,신규,22.02~23.02,2022,왕십리역이스타빌,행당동,"1,000",성동구,1,80,8,29.43,,,287-15,11200,9
88,,2004,신규,22.02~23.02,2022,성동샤르망,행당동,"3,000",성동구,1,50,8,24.84,,,192-29,11200,9
89,,2004,신규,22.01~23.01,2022,성동샤르망,행당동,500,성동구,1,70,13,24.84,,,192-29,11200,10
90,,2004,신규,22.01~24.01,2022,성동샤르망,행당동,"1,000",성동구,1,65,15,27.6,,,192-29,11200,8
91,사용,2018,갱신,22.01~23.01,2022,왕십리 큐브스테이트,행당동,"17,200",성동구,1,0,15,16.53,"16,800",,286-25,11200,6
92,,2006,신규,22.03~24.03,2022,왕십리역이스타빌,행당동,"1,000",성동구,1,70,22,26.22,,,287-15,11200,9
93,,2018,신규,22.02~23.02,2022,왕십리 큐브스테이트,행당동,"1,000",성동구,1,65,22,16.33,,,286-25,11200,2
94,,2006,신규,22.02~23.02,2022,왕십리역이스타빌,행당동,"1,000",성동구,1,70,29,26.22,,,287-15,11200,14
95,,2004,신규,22.02~24.02,2022,성동샤르망,행당동,"2,000",성동구,1,55,29,24.84,,,192-29,11200,6
96,,2002,,,2022,금호힐오피스텔,금호동1가,"1,000",성동구,1,55,18,27.35,,,1755,11200,4
97,,2004,신규,22.01~22.03,2022,성원상떼뷰,옥수동,300,성동구,1,100,3,29.54,,,475,11200,9
98,,2004,신규,22.01~23.01,2022,성원상떼뷰,옥수동,"1,000",성동구,1,70,8,27.01,,,475,11200,8
99,,2004,신규,22.02~23.02,2022,성원상떼뷰,옥수동,"3,000",성동구,1,50,17,27.01,,,475,11200,4
100,,2004,신규,22.01~24.01,2022,성원상떼뷰,옥수동,"1,000",성동구,1,70,18,27.01,,,475,11200,13
101,,2004,신규,22.03~23.03,2022,성원상떼뷰,옥수동,"1,000",성동구,1,70,26,27.01,,,475,11200,9
102,,2004,,,2022,성원상떼뷰,옥수동,"1,000",성동구,1,73,28,29.54,,,475,11200,12
103,,2018,신규,22.01~24.01,2022,청호 서울숲 뜨레피움 오피스텔,성수동1가,"19,000",성동구,1,0,3,19.03,,,13-163,11200,3
104,,2004,신규,22.12~24.12,2022,Biz-Well 성수,성수동1가,"3,000",성동구,1,35,5,20.69,,,33-21,11200,10
105,,2004,,,2022,성수 그린빌,성수동1가,"19,000",성동구,1,0,7,36,,,685-54,11200,7
106,,2005,갱신,22.02~23.02,2022,뚝섬리버빌,성수동1가,"1,000",성동구,1,60,8,23.17,"1,000",57,13-117,11200,8
107,,2003,신규,22.01~23.01,2022,아트빌딩,성수동1가,"1,000",성동구,1,60,8,26.78,,,685-308,11200,7
108,,2003,신규,22.02~24.02,2022,성수동 뉴타운오피스텔,성수동1가,"15,700",성동구,1,0,11,31.6,,,72-69,11200,4
109,,2004,,,2022,이에스에이리버하우스,성수동1가,"37,500",성동구,1,0,12,63.74,,,13-12,11200,12
110,,2005,신규,22.03~23.02,2022,뚝섬리버빌,성수동1가,"1,000",성동구,1,70,13,29.98,,,13-117,11200,7
111,,2004,신규,22.02~24.02,2022,이에스에이리버하우스,성수동1가,"12,000",성동구,1,65,15,39.15,,,13-12,11200,12
112,,2005,신규,22.01~24.01,2022,뚝섬리버빌,성수동1가,"1,000",성동구,1,70,15,30.36,,,13-117,11200,3
113,,2004,,,2022,이에스에이리버하우스,성수동1가,"25,000",성동구,1,0,18,39.15,,,13-12,11200,8
114,,2004,,,2022,이에스에이리버하우스,성수동1가,"10,500",성동구,1,53,22,39.15,,,13-12,11200,8
115,,2003,갱신,22.03~24.03,2022,아트빌딩,성수동1가,"4,000",성동구,1,43,22,27.02,"4,000",40,685-308,11200,3
116,,2004,신규,22.01~24.01,2022,Biz-Well 성수,성수동1가,"3,000",성동구,1,39,24,26.67,,,33-21,11200,8
117,,2015,,,2022,위더스 빌,성수동1가,"30,000",성동구,1,0,24,44.05,,,33-23,11200,6
118,,2005,신규,22.02~24.02,2022,뚝섬리버빌,성수동1가,"1,000",성동구,1,70,25,28.55,,,13-117,11200,5
119,,2003,신규,22.02~24.02,2022,성원상떼뷰오피스텔,성수동2가,"1,000",성동구,1,57,4,24.84,,,277-37,11200,4
120,,2003,신규,22.03~24.03,2022,성원상떼뷰오피스텔,성수동2가,"1,000",성동구,1,60,11,28.08,,,277-37,11200,6
121,사용,2003,갱신,22.02~24.02,2022,성원상떼뷰오피스텔,성수동2가,"13,100",성동구,1,0,13,24.84,"12,500",,277-37,11200,2
122,,2013,신규,22.02~23.02,2022,성수동램킨중흥S클래스오피스텔,성수동2가,500,성동구,1,62,13,18.33,,,277-101,11200,8
123,,2013,신규,22.01~23.01,2022,성수동램킨중흥S클래스오피스텔,성수동2가,"1,000",성동구,1,58,17,18.33,,,277-101,11200,3
124,,2003,신규,22.02~24.02,2022,성원상떼뷰오피스텔,성수동2가,"1,000",성동구,1,63,18,28.08,,,277-37,11200,7
125,,2003,,,2022,성원상떼뷰오피스텔,성수동2가,"3,000",성동구,1,45,18,24.84,,,277-37,11200,6
126,사용,2017,갱신,22.02~23.02,2022,B동,성수동2가,"14,330",성동구,1,0,22,29.53,"14,330",,255-7,11200,2
127,,2021,신규,22.02~24.02,2022,테라289,성수동2가,"25,000",성동구,1,0,29,15.03,,,289-290,11200,7
128,,2003,갱신,22.01~23.01,2022,성원상떼뷰오피스텔,성수동2가,"13,500",성동구,1,0,31,28.08,"12,500",,277-37,11200,7
129,,2003,신규,22.01~24.01,2022,송정동센스빌오피스텔,송정동,"2,000",성동구,1,80,5,31.19,,,81-16,11200,7
130,,2003,신규,22.01~24.01,2022,송정동센스빌오피스텔,송정동,"12,000",성동구,1,20,14,30.92,,,81-16,11200,3
131,,2003,신규,22.01~24.01,2022,송정동센스빌오피스텔,송정동,"1,000",성동구,1,87,21,30.92,,,81-16,11200,8
132,,2011,신규,22.02~24.02,2022,오르세오피스텔,용답동,"16,500",성동구,1,0,4,33.2,,,238-2,11200,11
133,,2006,신규,22.01~24.01,2022,신창비바패밀리,용답동,"24,000",성동구,1,0,6,51.5,,,232-1,11200,8
134,,2021,,,2022,k-타워,용답동,"2,000",성동구,1,85,6,27.59,,,229-2,11200,7
135,,2016,,,2022,서희스타힐스리버파크,용답동,"14,000",성동구,1,0,8,20.21,,,238-12,11200,12
136,,2016,신규,22.02~24.02,2022,서희스타힐스리버파크,용답동,"15,000",성동구,1,0,8,21.9,,,238-12,11200,5
137,,2013,신규,22.03~23.03,2022,어반 오피스텔,용답동,"1,000",성동구,1,62,12,18.98,,,229-10,11200,5
138,,2020,,,2022,용답동 큐브스테이트,용답동,"18,000",성동구,1,0,12,18.27,,,229-11,11200,12
139,,2013,신규,22.02~23.02,2022,어반 오피스텔,용답동,"1,000",성동구,1,64,13,20.46,,,229-10,11200,2
140,,2016,신규,22.02~23.02,2022,서희스타힐스리버파크,용답동,"4,000",성동구,1,38,15,20.21,,,238-12,11200,13
141,,2011,,22.02~24.02,2022,오르세오피스텔,용답동,"16,000",성동구,1,0,17,36.9,,,238-2,11200,2
142,,2006,,,2022,신창비바패밀리,용답동,"22,000",성동구,1,0,17,51.5,,,232-1,11200,3
143,,2016,신규,22.01~23.01,2022,서희스타힐스리버파크,용답동,"14,000",성동구,1,0,18,19.88,,,238-12,11200,7
144,,2016,신규,22.02~24.02,2022,서희스타힐스리버파크,용답동,"14,500",성동구,1,0,18,21.95,,,238-12,11200,4
145,,2011,신규,22.02~24.02,2022,오르세오피스텔,용답동,"12,000",성동구,1,30,18,43.55,,,238-2,11200,5
146,,2016,,,2022,서희스타힐스리버파크,용답동,"14,500",성동구,1,0,20,20.21,,,238-12,11200,10
147,,2011,신규,22.01~23.01,2022,오르세오피스텔,용답동,"1,000",성동구,1,75,20,43.55,,,238-2,11200,6
148,,2013,,,2022,어반 오피스텔,용답동,"1,000",성동구,1,45,20,16.21,,,229-10,11200,7
149,,2016,갱신,22.01~23.01,2022,서희스타힐스리버파크,용답동,500,성동구,1,60,21,21.9,500,60,238-12,11200,10
150,,2006,신규,22.01~24.01,2022,신창비바패밀리,용답동,"2,000",성동구,1,120,21,60.59,,,232-1,11200,10
151,,2011,신규,22.02~24.02,2022,오르세오피스텔,용답동,"19,000",성동구,1,0,21,46.25,,,238-2,11200,4
152,,2006,,,2022,신창비바패밀리,용답동,"26,000",성동구,1,0,22,60.59,,,232-1,11200,6
153,,2016,,,2022,서희스타힐스리버파크,용답동,"15,500",성동구,1,0,22,20.21,,,238-12,11200,7
154,,2016,,,2022,서희스타힐스리버파크,용답동,"3,500",성동구,1,0,22,21.9,,,238-12,11200,14
155,,2006,,,2022,신창비바패밀리,용답동,"27,000",성동구,1,0,22,65.01,,,232-1,11200,10
156,,2016,신규,22.01~24.01,2022,서희스타힐스리버파크,용답동,"1,000",성동구,1,58,22,21.95,,,238-12,11200,13
157,,2016,신규,22.01~23.01,2022,서희스타힐스리버파크,용답동,"1,000",성동구,1,50,22,20.21,,,238-12,11200,7
158,,2016,,,2022,서희스타힐스리버파크,용답동,"13,440",성동구,1,0,22,21.9,,,238-12,11200,2
159,,2016,신규,22.03~24.03,2022,서희스타힐스리버파크,용답동,"15,000",성동구,1,0,23,21.9,,,238-12,11200,11
160,,2016,,,2022,서희스타힐스리버파크,용답동,"15,800",성동구,1,0,26,21.9,,,238-12,11200,2
161,,2016,,,2022,서희스타힐스리버파크,용답동,"16,000",성동구,1,0,27,21.95,,,238-12,11200,11
0,,2003,신규,22.02~23.02,2022,노블리안,상왕십리동,"9,000",성동구,2,35,3,30.81,,,750,11200,4
1,,2003,신규,22.03~24.03,2022,노블리안,상왕십리동,"16,500",성동구,2,0,3,30.81,,,750,11200,4
2,사용,2003,갱신,22.03~24.03,2022,노블리안,상왕십리동,"15,700",성동구,2,0,10,30.81,"15,000",,750,11200,13
3,,2003,신규,22.02~24.02,2022,노블리안,상왕십리동,"16,500",성동구,2,0,12,30.81,,,750,11200,4
4,사용,2003,갱신,22.04~24.03,2022,노블리안,상왕십리동,"15,700",성동구,2,0,12,30.81,"15,000",,750,11200,10
5,사용,2003,갱신,22.04~24.04,2022,노블리안,상왕십리동,"15,700",성동구,2,0,15,30.81,"15,000",,750,11200,7
6,,2003,신규,22.03~23.03,2022,노블리안,상왕십리동,"1,000",성동구,2,55,19,25.74,,,750,11200,12
7,,2003,신규,22.03~23.03,2022,노블리안,상왕십리동,"1,000",성동구,2,65,21,30.81,,,750,11200,7
8,,2003,신규,22.03~23.03,2022,노블리안,상왕십리동,"16,500",성동구,2,0,22,30.81,,,750,11200,3
9,,2003,신규,22.03~24.03,2022,노블리안,상왕십리동,"11,000",성동구,2,25,23,30.81,,,750,11200,4
10,,2003,신규,22.04~24.04,2022,노블리안,상왕십리동,"10,000",성동구,2,30,26,30.81,,,750,11200,9
11,,2016,갱신,22.02~23.02,2022,센트라스,하왕십리동,"2,000",성동구,2,82,3,29.16,"2,000",82,1070,11200,8
12,,2016,,,2022,센트라스,하왕십리동,"31,500",성동구,2,0,3,32.53,,,1070,11200,11
13,,2017,갱신,22.02~24.02,2022,동인드림힐스,하왕십리동,"25,000",성동구,2,0,9,26.86,"23,000",,890-181,11200,3
14,,2011,신규,22.03~23.03,2022,리오파크 오피스텔,하왕십리동,"1,000",성동구,2,65,10,24.07,,,898-2,11200,4
15,,2011,신규,22.03~23.03,2022,리오파크 오피스텔,하왕십리동,"2,500",성동구,2,60,11,22.97,,,898-2,11200,7
16,,2016,신규,22.02~23.02,2022,센트라스,하왕십리동,"1,000",성동구,2,100,12,29.16,,,1070,11200,14
17,,2011,신규,22.02~23.02,2022,리오파크 오피스텔,하왕십리동,"1,000",성동구,2,58,15,22.97,,,898-2,11200,14
18,,2017,신규,22.03~23.03,2022,동인드림힐스,하왕십리동,"1,000",성동구,2,105,17,27.51,,,890-181,11200,10
19,,2016,,,2022,센트라스,하왕십리동,"22,155",성동구,2,0,17,29.16,,,1070,11200,20
20,,2016,갱신,22.03~24.03,2022,센트라스,하왕십리동,"27,000",성동구,2,0,17,31.01,"22,000",,1070,11200,21
21,,2011,신규,22.02~23.02,2022,리오파크 오피스텔,하왕십리동,"1,000",성동구,2,60,18,23.42,,,898-2,11200,10
22,,2016,,,2022,센트라스,하왕십리동,"28,000",성동구,2,0,25,29.16,,,1070,11200,10
23,,2017,,,2022,동인드림힐스,하왕십리동,"2,000",성동구,2,68,25,19.24,,,890-181,11200,13
24,,2005,신규,22.04~24.04,2022,동인 레반트 오피스텔,하왕십리동,"16,000",성동구,2,0,26,30.32,,,903-3,11200,9
25,,2018,신규,22.03~24.03,2022,비앤리베스텔,홍익동,"16,400",성동구,2,0,9,16.74,,,146-1,11200,9
26,,2018,신규,22.03~24.03,2022,비앤리베스텔,홍익동,"16,000",성동구,2,0,9,16.74,,,146-1,11200,9
27,,2021,신규,22.02~24.02,2022,서울SR타워,도선동,"3,000",성동구,2,60,1,19.08,,,126,11200,9
28,,2017,신규,22.02~23.02,2022,한성아펠타워,도선동,"2,000",성동구,2,93,3,23.61,,,53,11200,5
29,,2021,신규,22.02~23.02,2022,서울SR타워,도선동,"3,000",성동구,2,60,4,19.08,,,126,11200,5
30,,2022,,,2022,성동 트레비스타 오피스텔,도선동,"25,000",성동구,2,0,4,19.84,,,256-5,11200,11
31,,2021,신규,22.02~23.02,2022,서울SR타워,도선동,"4,000",성동구,2,60,5,19.08,,,126,11200,7
32,,2021,신규,22.02~24.02,2022,위너스 오피스텔,도선동,"23,400",성동구,2,0,5,18.48,,,285-1,11200,3
33,,2021,신규,22.02~23.02,2022,서울SR타워,도선동,"4,000",성동구,2,65,6,22.07,,,126,11200,7
34,,2022,신규,22.03~23.03,2022,성동 트레비스타 오피스텔,도선동,"1,000",성동구,2,120,6,26.44,,,256-5,11200,14
35,,2018,신규,22.02~24.02,2022,W에비뉴타워,도선동,"19,900",성동구,2,0,7,23.32,,,46,11200,9
36,,1998,신규,22.02~23.02,2022,신한넥스텔,도선동,500,성동구,2,45,7,19.63,,,14,11200,10
37,,2017,신규,22.02~23.02,2022,한성아펠타워,도선동,"1,000",성동구,2,90,7,23.58,,,53,11200,5
38,,2017,신규,22.03~24.03,2022,한성아펠타워,도선동,"26,670",성동구,2,0,8,23.58,,,53,11200,4
39,,2021,신규,22.02~23.02,2022,서울SR타워,도선동,"3,000",성동구,2,60,8,18.77,,,126,11200,6
40,,2021,신규,22.02~23.02,2022,서울SR타워,도선동,"1,000",성동구,2,90,8,19.08,,,126,11200,12
41,,1998,신규,22.02~24.02,2022,신한넥스텔,도선동,500,성동구,2,45,9,19.63,,,14,11200,11
42,,2022,신규,22.02~24.02,2022,성동 트레비스타 오피스텔,도선동,"24,000",성동구,2,0,10,18.39,,,256-5,11200,15
43,,1998,신규,22.02~23.02,2022,신한넥스텔,도선동,500,성동구,2,45,10,19.63,,,14,11200,13
44,사용,2017,갱신,22.03~24.03,2022,한성아펠타워,도선동,"26,400",성동구,2,0,11,23.58,"25,200",,53,11200,7
45,,2017,신규,22.03~23.02,2022,한성아펠타워,도선동,"1,000",성동구,2,93,12,23.58,,,53,11200,10
46,,2022,신규,22.02~23.02,2022,성동 트레비스타 오피스텔,도선동,"1,000",성동구,2,90,12,19.84,,,256-5,11200,7
47,,2021,신규,22.02~23.02,2022,위너스 오피스텔,도선동,"1,000",성동구,2,85,12,18.48,,,285-1,11200,9
48,,2022,신규,22.02~23.02,2022,성동 트레비스타 오피스텔,도선동,"4,000",성동구,2,105,12,28.41,,,256-5,11200,8
49,,2022,신규,22.03~23.03,2022,성동 트레비스타 오피스텔,도선동,"10,000",성동구,2,55,14,17.79,,,256-5,11200,7
50,,1998,신규,22.03~24.03,2022,신한넥스텔,도선동,"10,000",성동구,2,0,14,19.63,,,14,11200,13
51,,2018,신규,22.03~23.03,2022,렉스오피스텔,도선동,"1,000",성동구,2,76,15,20.35,,,268,11200,5
52,,2022,신규,22.03~24.03,2022,성동 트레비스타 오피스텔,도선동,"35,000",성동구,2,0,16,28.41,,,256-5,11200,11
53,,2022,신규,22.02~24.02,2022,성동 트레비스타 오피스텔,도선동,"25,000",성동구,2,0,17,19.84,,,256-5,11200,4
54,,2020,신규,22.02~24.02,2022,왕십리렉스프리미엄오피스텔,도선동,"1,000",성동구,2,84,19,18.63,,,257,11200,5
55,,2022,,,2022,성동 트레비스타 오피스텔,도선동,"34,000",성동구,2,0,19,26.44,,,256-5,11200,15
56,,2018,신규,22.03~23.03,2022,W에비뉴타워,도선동,"5,000",성동구,2,160,19,48.3,,,46,11200,15
57,,2022,신규,22.02~24.02,2022,성동 트레비스타 오피스텔,도선동,"34,000",성동구,2,0,19,26.44,,,256-5,11200,10
58,,2022,,,2022,성동 트레비스타 오피스텔,도선동,"33,400",성동구,2,0,21,26.44,,,256-5,11200,15
59,,2018,신규,22.02~24.02,2022,W에비뉴타워,도선동,"30,000",성동구,2,0,21,29.62,,,46,11200,6
60,,2022,신규,22.02~24.02,2022,성동 트레비스타 오피스텔,도선동,"1,000",성동구,2,90,22,18.51,,,256-5,11200,7
61,,2017,신규,22.02~24.02,2022,한성아펠타워,도선동,"24,500",성동구,2,0,22,23.58,,,53,11200,10
62,,2021,신규,22.03~24.03,2022,소미골드라인,도선동,"32,000",성동구,2,0,22,35.06,,,101,11200,12
63,,2017,신규,22.04~23.04,2022,한성아펠타워,도선동,"1,000",성동구,2,91,23,23.58,,,53,11200,9
64,,1998,신규,22.03~23.03,2022,신한넥스텔,도선동,500,성동구,2,45,23,19.63,,,14,11200,16
65,,2022,신규,22.03~24.03,2022,성동 트레비스타 오피스텔,도선동,"5,000",성동구,2,100,24,19.84,,,256-5,11200,12
66,,2022,신규,22.02~24.02,2022,성동 트레비스타 오피스텔,도선동,"25,500",성동구,2,0,24,19.84,,,256-5,11200,10
67,,2017,신규,22.04~24.04,2022,한성아펠타워,도선동,"25,000",성동구,2,0,24,23.58,,,53,11200,5
68,,2022,신규,22.02~23.02,2022,성동 트레비스타 오피스텔,도선동,"1,000",성동구,2,85,25,18.39,,,256-5,11200,7
69,사용,2017,갱신,22.03~24.03,2022,한성아펠타워,도선동,"26,500",성동구,2,0,26,23.58,"25,350",,53,11200,11
70,,2022,신규,22.03~24.03,2022,성동 트레비스타 오피스텔,도선동,"23,900",성동구,2,0,26,18.39,,,256-5,11200,6
71,,2017,,,2022,한성아펠타워,도선동,"25,400",성동구,2,0,26,23.58,,,53,11200,7
72,,2022,,,2022,성동 트레비스타 오피스텔,도선동,"35,000",성동구,2,0,26,28.41,,,256-5,11200,13
73,,2018,신규,22.04~24.04,2022,렉스오피스텔,도선동,"19,900",성동구,2,0,26,21.27,,,268,11200,11
74,,2004,신규,22.03~24.03,2022,1동(766-25),마장동,"4,000",성동구,2,100,8,73.35,,,766-25,11200,6
75,,2018,갱신,22.03~24.03,2022,트레저힐스,마장동,"23,000",성동구,2,0,9,29.51,"22,000",,775-4,11200,3
76,,2018,갱신,22.02~24.02,2022,트레저힐스,마장동,"20,500",성동구,2,0,9,29.17,"20,000",,775-4,11200,3
77,,2018,신규,22.02~24.02,2022,트레저힐스,마장동,"24,000",성동구,2,0,14,29.17,,,775-4,11200,4
78,,2012,갱신,22.02~24.02,2022,(777-3),마장동,"8,400",성동구,2,4,18,15.54,"8,400",4,777-3,11200,9
79,,2018,신규,22.04~24.02,2022,트레저힐스,마장동,"18,000",성동구,2,10,19,26.36,,,775-2,11200,4
80,,1988,,,2022,(797-16),마장동,"3,000",성동구,2,25,19,24.6,,,797-16,11200,2
81,,2018,,,2022,트레저힐스,마장동,"23,000",성동구,2,0,20,26.97,,,775-2,11200,4
82,,2018,신규,22.02~23.02,2022,트레저힐스,마장동,"1,000",성동구,2,80,28,27.61,,,775-2,11200,3
83,,2004,신규,22.03~23.03,2022,성동샤르망,행당동,"1,000",성동구,2,65,10,27.6,,,192-29,11200,11
84,,2004,신규,22.03~24.03,2022,성동샤르망,행당동,"1,000",성동구,2,60,11,24.84,,,192-29,11200,6
85,,2004,신규,22.03~23.03,2022,성동샤르망,행당동,"1,000",성동구,2,60,16,24.84,,,192-29,11200,5
86,사용,,갱신,22.03~24.03,2022,K TOWER 2,행당동,"29,400",성동구,2,0,19,36.06,"28,000",,293-8,11200,5
87,,2022,신규,22.03~24.03,2022,그린하우스,행당동,"40,000",성동구,2,0,19,42.76,,,286-37,11200,3
88,,2006,신규,22.02~23.02,2022,왕십리역이스타빌,행당동,"1,000",성동구,2,75,20,29.43,,,287-15,11200,13
89,,2006,신규,22.03~23.03,2022,왕십리역이스타빌,행당동,"1,000",성동구,2,80,21,30.78,,,287-15,11200,7
90,,2014,,,2022,서울숲 더샵,행당동,"3,000",성동구,2,120,22,45.81,,,377,11200,3
91,,2006,신규,22.03~23.03,2022,왕십리역이스타빌,행당동,"1,000",성동구,2,80,24,29.43,,,287-15,11200,12
92,,2002,신규,22.03~23.02,2022,금호힐오피스텔,금호동1가,"2,000",성동구,2,70,8,29.97,,,1755,11200,6
93,,2004,갱신,22.03~23.03,2022,성원상떼뷰,옥수동,"5,000",성동구,2,45,9,27.01,"5,000",40,475,11200,3
94,,2004,신규,22.02~23.02,2022,성원상떼뷰,옥수동,"1,000",성동구,2,70,15,25.6,,,475,11200,7
95,,2003,신규,22.02~24.02,2022,성수동 뉴타운오피스텔,성수동1가,"1,000",성동구,2,73,3,31.6,,,72-69,11200,7
96,,2004,,,2022,성수 그린빌,성수동1가,"20,000",성동구,2,0,7,34.59,,,685-54,11200,4
97,,2013,,,2022,서울숲 다세대 오피스텔,성수동1가,"26,250",성동구,2,0,7,53.55,,,656-28,11200,4
98,,2004,신규,22.02~23.02,2022,Biz-Well 성수,성수동1가,"1,000",성동구,2,55,7,19.08,,,33-21,11200,9
99,,2003,갱신,22.02~23.02,2022,성수동 뉴타운오피스텔,성수동1가,"1,000",성동구,2,65,7,32.76,"1,000",70,72-69,11200,5
100,,2004,신규,22.02~24.02,2022,Biz-Well 성수,성수동1가,"3,000",성동구,2,39,8,26.67,,,33-21,11200,6
101,,2004,신규,22.02~24.02,2022,Biz-Well 성수,성수동1가,"3,000",성동구,2,39,8,26.67,,,33-21,11200,7
102,,2003,신규,22.02~24.02,2022,성수동 뉴타운오피스텔,성수동1가,"21,200",성동구,2,0,9,31.6,,,72-69,11200,4
103,,2004,신규,22.02~24.02,2022,Biz-Well 성수,성수동1가,"3,000",성동구,2,35,10,19.08,,,33-21,11200,10
104,,2004,신규,22.04~24.03,2022,이에스에이리버하우스,성수동1가,"2,000",성동구,2,100,11,39.15,,,13-12,11200,11
105,,2004,,,2022,이에스에이리버하우스,성수동1가,"5,000",성동구,2,78,11,39.15,,,13-12,11200,4
106,,2004,,,2022,이에스에이리버하우스,성수동1가,"33,500",성동구,2,0,12,39.15,,,13-12,11200,8
107,,2004,갱신,22.03~24.03,2022,Biz-Well 성수,성수동1가,"3,000",성동구,2,39,12,26.67,"3,000",39,33-21,11200,6
108,,2004,신규,22.02~24.02,2022,Biz-Well 성수,성수동1가,"3,000",성동구,2,35,14,19.08,,,33-21,11200,9
109,,2004,신규,22.02~24.02,2022,Biz-Well 성수,성수동1가,"3,000",성동구,2,35,17,19.08,,,33-21,11200,10
110,,2003,신규,22.02~23.02,2022,성수동 뉴타운오피스텔,성수동1가,"1,000",성동구,2,70,18,32.39,,,72-69,11200,3
111,,2004,갱신,,2022,이에스에이리버하우스,성수동1가,"1,000",성동구,2,95,18,41.98,"1,000",95,13-12,11200,13
112,,2004,신규,22.03~24.03,2022,이에스에이리버하우스,성수동1가,"34,000",성동구,2,0,19,39.15,,,13-12,11200,11
113,,2005,신규,22.03~24.03,2022,뚝섬리버빌,성수동1가,"21,000",성동구,2,0,25,42.94,,,13-117,11200,2
114,사용,2004,갱신,22.04~24.04,2022,성수 그린빌,성수동1가,"18,900",성동구,2,0,26,34.59,"18,000",,685-54,11200,7
115,,2004,신규,22.03~24.03,2022,Biz-Well 성수,성수동1가,"3,000",성동구,2,39,26,26.13,,,33-21,11200,7
116,,2003,,,2022,성수동 뉴타운오피스텔,성수동1가,"17,900",성동구,2,0,27,32.76,,,72-69,11200,10
117,,2013,갱신,22.04~24.04,2022,서울숲오피스텔,성수동1가,"30,000",성동구,2,0,28,49.16,"29,000",,656-392,11200,6
118,,2013,신규,22.02~23.02,2022,성수동램킨중흥S클래스오피스텔,성수동2가,"1,000",성동구,2,60,3,18.33,,,277-101,11200,3
119,,2013,,,2022,성수동램킨중흥S클래스오피스텔,성수동2가,"1,000",성동구,2,59,9,18.33,,,277-101,11200,2
120,,2013,신규,22.02~22.12,2022,성수동램킨중흥S클래스오피스텔,성수동2가,"2,000",성동구,2,52,16,18.33,,,277-101,11200,7
121,,2013,신규,22.02~23.02,2022,성수동램킨중흥S클래스오피스텔,성수동2가,"1,000",성동구,2,57,19,18.33,,,277-101,11200,8
122,,2003,,,2022,성원상떼뷰오피스텔,성수동2가,"1,000",성동구,2,60,19,24.84,,,277-37,11200,7
123,,2003,,,2022,성원상떼뷰오피스텔,성수동2가,"2,000",성동구,2,50,24,24.84,,,277-37,11200,3
124,,2016,신규,22.02~24.02,2022,서희스타힐스리버파크,용답동,"14,500",성동구,2,0,3,20.21,,,238-12,11200,11
125,,2016,,,2022,서희스타힐스리버파크,용답동,"16,000",성동구,2,0,4,21.95,,,238-12,11200,7
126,사용,2016,갱신,22.03~24.03,2022,서희스타힐스리버파크,용답동,"14,175",성동구,2,0,5,19.88,"13,500",,238-12,11200,12
127,,2016,신규,22.02~23.02,2022,서희스타힐스리버파크,용답동,"3,000",성동구,2,45,5,20.21,,,238-12,11200,10
128,,2016,신규,22.02~23.02,2022,서희스타힐스리버파크,용답동,"13,500",성동구,2,0,6,20.21,,,238-12,11200,8
129,,2013,신규,22.02~23.02,2022,어반 오피스텔,용답동,"1,000",성동구,2,65,10,20.96,,,229-10,11200,3
130,,2016,신규,22.03~24.03,2022,서희스타힐스리버파크,용답동,"15,000",성동구,2,0,11,21.9,,,238-12,11200,8
131,,1985,신규,22.02~24.02,2022,(233-8),용답동,"1,000",성동구,2,62,11,21.9,,,233-8,11200,14
132,,2011,신규,22.03~23.03,2022,오르세오피스텔,용답동,"1,000",성동구,2,70,12,35,,,238-2,11200,6
133,,1991,신규,22.03~24.03,2022,삼호오피스텔,용답동,"7,000",성동구,2,0,12,26.95,,,236-5,11200,3
134,,2011,신규,22.03~24.03,2022,오르세오피스텔,용답동,"16,500",성동구,2,0,12,33.2,,,238-2,11200,7
135,,2016,신규,22.02~23.02,2022,서희스타힐스리버파크,용답동,"1,000",성동구,2,58,12,21.9,,,238-12,11200,10
136,,2006,신규,22.03~24.03,2022,신창비바패밀리,용답동,"25,500",성동구,2,0,17,56,,,232-1,11200,6
137,,2013,,,2022,어반 오피스텔,용답동,"1,000",성동구,2,45,19,16.21,,,229-10,11200,9
138,,1985,신규,22.03~24.03,2022,(233-8),용답동,"1,000",성동구,2,60,23,22.54,,,233-8,11200,5
139,,2013,신규,22.03~23.03,2022,어반 오피스텔,용답동,"2,000",성동구,2,60,24,20.46,,,229-10,11200,3
140,,2016,신규,22.04~24.04,2022,서희스타힐스리버파크,용답동,"15,000",성동구,2,0,24,21.9,,,238-12,11200,3
141,,2013,,,2022,어반 오피스텔,용답동,"2,000",성동구,2,53,25,18.98,,,229-10,11200,7
142,,2013,신규,22.02~23.02,2022,어반 오피스텔,용답동,"2,000",성동구,2,57,25,18.98,,,229-10,11200,6
143,,2016,신규,22.03~24.03,2022,서희스타힐스리버파크,용답동,"16,000",성동구,2,0,25,21.9,,,238-12,11200,14
144,,2016,,,2022,서희스타힐스리버파크,용답동,"15,000",성동구,2,0,28,20.21,,,238-12,11200,6
0,,2003,신규,22.04~23.04,2022,노블리안,상왕십리동,"6,000",성동구,3,50,4,30.81,,,750,11200,9
1,,2003,신규,22.03~24.03,2022,노블리안,상왕십리동,"16,500",성동구,3,0,4,30.81,,,750,11200,11
2,,2003,신규,22.04~23.04,2022,노블리안,상왕십리동,"3,000",성동구,3,50,15,25.74,,,750,11200,11
3,사용,2003,갱신,22.04~24.04,2022,노블리안,상왕십리동,"15,700",성동구,3,0,21,30.81,"15,000",,750,11200,4
4,,2016,,,2022,센트라스,하왕십리동,"25,000",성동구,3,0,1,31.01,,,1070,11200,13
5,,2016,신규,22.05~24.05,2022,센트라스,하왕십리동,"24,000",성동구,3,30,5,29.16,,,1070,11200,21
6,,2017,신규,22.03~24.03,2022,동인드림힐스,하왕십리동,"29,000",성동구,3,0,8,27.14,,,890-181,11200,9
7,,2011,신규,22.04~24.04,2022,리오파크 오피스텔,하왕십리동,"14,000",성동구,3,0,10,21.56,,,898-2,11200,7
8,,2016,신규,22.04~23.04,2022,센트라스,하왕십리동,"1,000",성동구,3,105,10,31.01,,,1070,11200,17
9,,2016,신규,22.04~23.04,2022,센트라스,하왕십리동,"20,000",성동구,3,49,12,32.53,,,1070,11200,11
10,,2005,신규,22.03~23.03,2022,동인 레반트 오피스텔,하왕십리동,"5,000",성동구,3,45,17,27.54,,,903-3,11200,3
11,,2011,신규,22.03~23.03,2022,리오파크 오피스텔,하왕십리동,"1,000",성동구,3,65,19,22.82,,,898-2,11200,15
12,,2016,신규,22.03~24.03,2022,센트라스,하왕십리동,"30,000",성동구,3,0,19,31.01,,,1070,11200,17
13,사용,2016,갱신,22.03~24.03,2022,센트라스,하왕십리동,"26,200",성동구,3,0,19,31.01,"25,000",,1070,11200,17
14,,2016,신규,22.04~24.04,2022,센트라스,하왕십리동,"30,000",성동구,3,0,19,31.01,,,1070,11200,18
15,,2016,,,2022,센트라스,하왕십리동,"30,000",성동구,3,0,19,32.53,,,1070,11200,9
16,,2017,신규,22.04~23.04,2022,동인드림힐스,하왕십리동,"5,000",성동구,3,80,26,27.51,,,890-181,11200,6
17,,2016,,22.04~23.04,2022,센트라스,하왕십리동,"1,000",성동구,3,93,26,31.01,,,1070,11200,10
18,,2016,신규,22.06~24.06,2022,센트라스,하왕십리동,"32,000",성동구,3,0,26,32.53,,,1070,11200,21
19,,2017,,,2022,동인드림힐스,하왕십리동,"2,000",성동구,3,65,31,19.24,,,890-181,11200,9
20,,2017,신규,22.04~23.06,2022,동인드림힐스,하왕십리동,"2,000",성동구,3,66,31,19.24,,,890-181,11200,9
21,,2018,신규,22.03~24.03,2022,비앤리베스텔,홍익동,"16,000",성동구,3,0,3,16.74,,,146-1,11200,10
22,,2018,신규,22.04~24.04,2022,비앤리베스텔,홍익동,"17,400",성동구,3,0,19,18.39,,,146-1,11200,8
23,,2018,신규,22.03~23.03,2022,비앤리베스텔,홍익동,"2,000",성동구,3,60,26,15.98,,,146-1,11200,4
24,사용,2018,갱신,22.04~24.04,2022,비앤리베스텔,홍익동,"16,400",성동구,3,0,30,15.98,"15,700",,146-1,11200,7
25,,1998,신규,22.03~24.03,2022,신한넥스텔,도선동,500,성동구,3,50,3,19.63,,,14,11200,15
26,,2022,,,2022,성동 트레비스타 오피스텔,도선동,"25,000",성동구,3,0,3,17.79,,,256-5,11200,5
27,,2022,,,2022,성동 트레비스타 오피스텔,도선동,"24,500",성동구,3,0,5,18.39,,,256-5,11200,13
28,,2022,신규,22.03~24.03,2022,성동 트레비스타 오피스텔,도선동,"24,500",성동구,3,0,5,18.39,,,256-5,11200,13
29,사용,2017,갱신,22.03~23.03,2022,한성아펠타워,도선동,"24,200",성동구,3,0,5,23.58,"23,700",,53,11200,3
30,,2022,신규,22.03~23.03,2022,성동 트레비스타 오피스텔,도선동,"5,000",성동구,3,100,5,28.41,,,256-5,11200,12
31,,1998,,,2022,신한넥스텔,도선동,"1,000",성동구,3,65,8,39.26,,,14,11200,15
32,,2022,신규,22.03~23.03,2022,성동 트레비스타 오피스텔,도선동,"2,000",성동구,3,77,8,18.39,,,256-5,11200,11
33,,2022,신규,22.03~24.03,2022,성동 트레비스타 오피스텔,도선동,"1,000",성동구,3,90,10,18.51,,,256-5,11200,4
34,,1998,신규,22.05~24.05,2022,신한넥스텔,도선동,"13,000",성동구,3,0,11,30.18,,,14,11200,10
35,,2022,신규,22.03~23.03,2022,성동 트레비스타 오피스텔,도선동,"3,000",성동구,3,80,12,17.79,,,256-5,11200,6
36,,2022,신규,22.03~24.03,2022,성동 트레비스타 오피스텔,도선동,"10,000",성동구,3,55,12,18.51,,,256-5,11200,13
37,,1998,,,2022,신한넥스텔,도선동,"1,000",성동구,3,70,12,44.86,,,14,11200,11
38,,2022,신규,22.04~24.04,2022,성동 트레비스타 오피스텔,도선동,"25,000",성동구,3,0,14,18.51,,,256-5,11200,10
39,,2022,신규,22.04~23.04,2022,성동 트레비스타 오피스텔,도선동,"5,000",성동구,3,70,14,19.84,,,256-5,11200,14
40,,2022,,,2022,성동 트레비스타 오피스텔,도선동,"24,000",성동구,3,0,15,19.84,,,256-5,11200,16
41,,2022,신규,22.04~24.04,2022,성동 트레비스타 오피스텔,도선동,"25,000",성동구,3,0,16,18.51,,,256-5,11200,9
42,,2022,,,2022,성동 트레비스타 오피스텔,도선동,"20,000",성동구,3,0,17,28.41,,,256-5,11200,14
43,,2022,신규,22.03~24.03,2022,성동 트레비스타 오피스텔,도선동,"16,000",성동구,3,0,17,28.41,,,256-5,11200,14
44,,2022,,,2022,성동 트레비스타 오피스텔,도선동,"23,000",성동구,3,0,19,18.39,,,256-5,11200,16
45,,2022,신규,22.03~24.03,2022,성동 트레비스타 오피스텔,도선동,"34,000",성동구,3,0,19,28.41,,,256-5,11200,13
46,,1998,신규,22.04~24.04,2022,신한넥스텔,도선동,500,성동구,3,45,21,19.63,,,14,11200,15
47,,2022,신규,22.04~24.04,2022,성동 트레비스타 오피스텔,도선동,"35,000",성동구,3,0,22,26.44,,,256-5,11200,13
48,,2022,신규,22.04~24.03,2022,성동 트레비스타 오피스텔,도선동,"34,000",성동구,3,0,23,26.44,,,256-5,11200,16
49,,2021,신규,22.04~24.04,2022,위너스 오피스텔,도선동,"25,000",성동구,3,0,23,18.48,,,285-1,11200,6
50,,2018,신규,22.05~24.05,2022,렉스오피스텔,도선동,"20,895",성동구,3,0,26,21.37,,,268,11200,11
51,,2022,신규,22.04~24.04,2022,성동 트레비스타 오피스텔,도선동,"24,800",성동구,3,0,31,17.79,,,256-5,11200,4
52,,2004,,,2022,1동(766-25),마장동,"5,000",성동구,3,30,5,27.69,,,766-25,11200,3
53,,2004,신규,22.06~24.06,2022,1동(766-25),마장동,"38,000",성동구,3,0,19,104.28,,,766-25,11200,6
54,,2018,신규,22.04~24.04,2022,트레저힐스,마장동,"2,000",성동구,3,70,23,27.92,,,775-4,11200,2
55,,2018,,,2022,트레저힐스,마장동,"10,000",성동구,3,34,26,24.65,,,775-4,11200,3
56,,2004,신규,22.04~24.04,2022,성동샤르망,행당동,"1,000",성동구,3,65,2,24.84,,,192-29,11200,10
57,사용,2019,갱신,22.04~24.04,2022,퍼스트에비뉴,행당동,"33,600",성동구,3,0,4,42.76,"32,000",,286-38,11200,4
58,,2004,신규,22.04~24.04,2022,성동샤르망,행당동,"13,000",성동구,3,0,7,24.84,,,192-29,11200,8
59,,2006,,,2022,왕십리역이스타빌,행당동,"3,000",성동구,3,57,7,23.89,,,287-15,11200,7
60,,2006,신규,22.04~23.04,2022,왕십리역이스타빌,행당동,"1,000",성동구,3,65,7,21.91,,,287-15,11200,12
61,,2019,갱신,22.04~24.04,2022,퍼스트에비뉴,행당동,"33,600",성동구,3,0,25,42.76,"32,000",,286-38,11200,3
62,,2002,신규,22.04~23.03,2022,금호힐오피스텔,금호동1가,"5,000",성동구,3,53,4,29.97,,,1755,11200,3
63,사용,2004,갱신,22.03~22.08,2022,성원상떼뷰,옥수동,"1,000",성동구,3,75,10,27.01,"1,000",75,475,11200,12
64,,2004,신규,22.04~23.04,2022,성원상떼뷰,옥수동,"1,000",성동구,3,70,29,25.6,,,475,11200,3
65,,2005,,,2022,뚝섬리버빌,성수동1가,"1,000",성동구,3,76,1,33.94,,,13-117,11200,5
66,,2005,,,2022,뚝섬리버빌,성수동1가,"1,000",성동구,3,79,1,33.94,,,13-117,11200,5
67,,2003,신규,22.03~24.03,2022,성수동 뉴타운오피스텔,성수동1가,"20,000",성동구,3,0,1,30.02,,,72-69,11200,3
68,,2005,신규,22.03~24.03,2022,뚝섬리버빌,성수동1가,"1,000",성동구,3,70,3,30.69,,,13-117,11200,3
69,,2005,신규,22.04~24.04,2022,뚝섬리버빌,성수동1가,"1,000",성동구,3,65,4,23.17,,,13-117,11200,8
70,,2004,신규,22.03~24.03,2022,Biz-Well 성수,성수동1가,"3,000",성동구,3,35,7,19.91,,,33-21,11200,9
71,,2018,,,2022,서울숲 프라임 베타,성수동1가,"42,945",성동구,3,0,8,59.18,,,13-493,11200,2
72,,2004,갱신,22.05~24.05,2022,성수 그린빌,성수동1가,"21,000",성동구,3,0,11,36,"19,000",,685-54,11200,5
73,,2004,,,2022,Biz-Well 성수,성수동1가,"3,000",성동구,3,37,11,24.69,,,33-21,11200,6
74,,2015,,,2022,위더스 빌,성수동1가,"25,200",성동구,3,0,12,43.41,,,33-23,11200,7
75,,2005,신규,22.04~24.04,2022,뚝섬리버빌,성수동1가,"5,000",성동구,3,42,12,24.61,,,13-117,11200,9
76,,2013,,,2022,서울숲오피스텔,성수동1가,"5,000",성동구,3,85,14,44.16,,,656-392,11200,4
77,,2004,신규,22.03~24.03,2022,Biz-Well 성수,성수동1가,"3,000",성동구,3,35,16,19.08,,,33-21,11200,10
78,,2019,,,2022,한스포레,성수동1가,"1,000",성동구,3,92,17,23.49,,,72-114,11200,7
79,,2003,신규,22.04~24.04,2022,성수동 뉴타운오피스텔,성수동1가,"1,000",성동구,3,70,18,32.76,,,72-69,11200,6
80,,2004,신규,22.03~24.03,2022,Biz-Well 성수,성수동1가,"3,000",성동구,3,37,19,24.69,,,33-21,11200,5
81,,2004,신규,22.04~24.04,2022,Biz-Well 성수,성수동1가,"3,000",성동구,3,39,19,26.67,,,33-21,11200,8
82,,2003,갱신,22.05~24.05,2022,성수동 뉴타운오피스텔,성수동1가,"12,000",성동구,3,29,22,29.23,"12,000",25,72-69,11200,5
83,,2004,신규,22.04~24.04,2022,Biz-Well 성수,성수동1가,"1,000",성동구,3,59,22,26.67,,,33-21,11200,5
84,,2004,신규,22.04~24.04,2022,Biz-Well 성수,성수동1가,"3,000",성동구,3,39,23,26.67,,,33-21,11200,7
85,,2004,신규,22.04~24.04,2022,이에스에이리버하우스,성수동1가,"1,000",성동구,3,110,24,39.15,,,13-12,11200,9
86,,2013,,,2022,서울숲오피스텔,성수동1가,"1,000",성동구,3,110,24,44.16,,,656-392,11200,2
87,,2018,,,2022,서울숲 프라임 베타,성수동1가,"41,600",성동구,3,0,28,59.18,,,13-493,11200,6
88,사용,2013,갱신,22.03~24.03,2022,서울숲오피스텔,성수동1가,"26,200",성동구,3,0,30,44.16,"25,000",,656-392,11200,5
89,,2004,갱신,22.03~24.03,2022,이에스에이리버하우스,성수동1가,"1,000",성동구,3,100,31,39.15,"1,000",95,13-12,11200,5
90,,2013,신규,22.03~23.02,2022,성수동램킨중흥S클래스오피스텔,성수동2가,500,성동구,3,62,1,18.33,,,277-101,11200,4
91,,2003,,,2022,성원상떼뷰오피스텔,성수동2가,"14,800",성동구,3,0,4,28.08,,,277-37,11200,11
92,,2019,,,2022,테라타워,성수동2가,"24,150",성동구,3,0,17,18.98,,,299-242,11200,2
93,사용,2003,갱신,22.04~24.04,2022,성원상떼뷰오피스텔,성수동2가,"12,600",성동구,3,0,24,24.84,"12,000",,277-37,11200,9
94,,2003,,,2022,송정동센스빌오피스텔,송정동,"2,000",성동구,3,80,11,30.92,,,81-16,11200,5
95,,1991,신규,22.04~24.03,2022,삼호오피스텔,용답동,"7,000",성동구,3,0,1,26.18,,,236-5,11200,2
96,사용,2016,갱신,,2022,서희스타힐스리버파크,용답동,"1,000",성동구,3,65,2,21.9,"1,000",63,238-12,11200,14
97,,2013,,,2022,어반 오피스텔,용답동,"1,000",성동구,3,45,3,16.21,,,229-10,11200,10
98,,2020,신규,22.03~24.03,2022,용답동 큐브스테이트,용답동,"20,000",성동구,3,0,4,18.78,,,229-11,11200,15
99,,2016,신규,22.03~23.03,2022,서희스타힐스리버파크,용답동,"3,000",성동구,3,48,4,21.9,,,238-12,11200,12
100,,2016,,,2022,서희스타힐스리버파크,용답동,"13,650",성동구,3,0,7,21.9,,,238-12,11200,11
101,,2021,,,2022,k-타워,용답동,"3,000",성동구,3,60,7,18.42,,,229-2,11200,9
102,,2016,갱신,22.04~23.04,2022,서희스타힐스리버파크,용답동,"15,000",성동구,3,0,8,21.9,"14,500",,238-12,11200,6
103,,2016,,,2022,서희스타힐스리버파크,용답동,"12,000",성동구,3,15,8,21.9,,,238-12,11200,14
104,,2020,신규,22.03~24.03,2022,용답동 큐브스테이트,용답동,"19,800",성동구,3,0,8,18.78,,,229-11,11200,6
105,,1985,신규,22.03~24.03,2022,(233-8),용답동,"1,000",성동구,3,68,8,21.9,,,233-8,11200,16
106,,2016,갱신,22.04~23.04,2022,서희스타힐스리버파크,용답동,500,성동구,3,65,8,21.9,500,60,238-12,11200,10
107,사용,2016,갱신,22.03~23.03,2022,서희스타힐스리버파크,용답동,"14,700",성동구,3,0,10,21.9,"14,000",,238-12,11200,6
108,,2013,신규,22.03~23.03,2022,어반 오피스텔,용답동,"1,000",성동구,3,45,12,16.21,,,229-10,11200,10
109,,1991,,,2022,삼호오피스텔,용답동,"3,000",성동구,3,20,14,26.25,,,236-5,11200,7
110,,2013,,,2022,어반 오피스텔,용답동,"1,000",성동구,3,45,17,16.21,,,229-10,11200,7
111,,2016,신규,22.04~23.04,2022,서희스타힐스리버파크,용답동,"1,000",성동구,3,60,19,21.9,,,238-12,11200,15
112,,2021,,,2022,k-타워,용답동,"1,000",성동구,3,85,22,25.66,,,229-2,11200,7
113,,2013,,,2022,어반 오피스텔,용답동,"2,000",성동구,3,58,23,18.98,,,229-10,11200,5
114,,1985,신규,22.04~24.04,2022,(233-8),용답동,"1,000",성동구,3,68,24,21.9,,,233-8,11200,18
115,,2020,신규,22.04~24.04,2022,용답동 큐브스테이트,용답동,"18,300",성동구,3,0,27,18.78,,,229-11,11200,8
116,,2016,신규,22.05~24.05,2022,서희스타힐스리버파크,용답동,"16,500",성동구,3,0,28,21.9,,,238-12,11200,3
117,,2016,신규,22.04~24.04,2022,서희스타힐스리버파크,용답동,"16,000",성동구,3,0,28,21.9,,,238-12,11200,13
118,,2016,신규,22.04~24.04,2022,서희스타힐스리버파크,용답동,"1,000",성동구,3,50,29,20.21,,,238-12,11200,5
119,사용,2011,갱신,22.04~24.04,2022,오르세오피스텔,용답동,"16,800",성동구,3,0,30,35,"16,000",,238-2,11200,12
120,,2016,갱신,22.04~24.04,2022,서희스타힐스리버파크,용답동,"14,500",성동구,3,0,31,21.9,"13,500",,238-12,11200,6
0,,2003,갱신,22.05~24.05,2022,노블리안,상왕십리동,"8,900",성동구,4,30,14,30.81,"8,000",30,750,11200,7
1,,2003,신규,22.05~24.05,2022,노블리안,상왕십리동,"16,500",성동구,4,0,16,30.81,,,750,11200,5
2,사용,2003,갱신,22.06~24.06,2022,노블리안,상왕십리동,"15,700",성동구,4,0,18,30.81,"15,000",,750,11200,13
3,사용,2003,갱신,22.05~24.05,2022,노블리안,상왕십리동,"15,700",성동구,4,0,20,30.81,"15,000",,750,11200,13
4,사용,2003,갱신,22.05~24.05,2022,노블리안,상왕십리동,"15,700",성동구,4,0,20,30.81,"15,000",,750,11200,3
5,,2003,신규,22.05~24.05,2022,노블리안,상왕십리동,"12,000",성동구,4,20,21,30.81,,,750,11200,5
6,,2003,갱신,22.06~24.05,2022,노블리안,상왕십리동,"3,000",성동구,4,60,23,30.81,"3,000",60,750,11200,7
7,,2003,신규,22.06~24.06,2022,노블리안,상왕십리동,"14,000",성동구,4,0,23,25.74,,,750,11200,2
8,사용,2016,갱신,22.04~24.04,2022,센트라스,하왕십리동,"4,000",성동구,4,84,2,32.53,"4,000",80,1070,11200,21
9,,2011,신규,22.04~23.04,2022,리오파크 오피스텔,하왕십리동,"2,000",성동구,4,60,2,22.82,,,898-2,11200,13
10,,2016,신규,22.05~24.05,2022,센트라스,하왕십리동,"31,000",성동구,4,0,4,31.01,,,1070,11200,16
11,,2016,신규,,2022,센트라스,하왕십리동,"26,200",성동구,4,0,9,31.01,,,1070,11200,20
12,,2016,신규,22.04~23.04,2022,센트라스,하왕십리동,"1,000",성동구,4,100,9,32.53,,,1070,11200,14
13,,2016,신규,22.05~23.05,2022,센트라스,하왕십리동,"1,000",성동구,4,110,15,32.53,,,1070,11200,17
14,,2016,갱신,22.04~23.04,2022,센트라스,하왕십리동,"20,000",성동구,4,35,20,31.01,"20,000",20,1070,11200,15
15,,2016,신규,22.05~24.05,2022,센트라스,하왕십리동,"30,500",성동구,4,0,25,31.01,,,1070,11200,23
16,,2016,신규,22.05~24.05,2022,센트라스,하왕십리동,"31,000",성동구,4,0,29,31.01,,,1070,11200,11
17,,2018,,,2022,비앤리베스텔,홍익동,"4,000",성동구,4,58,16,15.92,,,146-1,11200,10
18,,2018,갱신,22.05~24.05,2022,비앤리베스텔,홍익동,"3,700",성동구,4,59,16,15.92,"4,000",55,146-1,11200,10
19,,2018,갱신,22.05~23.04,2022,비앤리베스텔,홍익동,"5,000",성동구,4,56,18,15.98,"5,000",53,146-1,11200,8
20,,2018,갱신,22.05~24.05,2022,비앤리베스텔,홍익동,"16,200",성동구,4,0,25,15.98,"15,700",,146-1,11200,3
21,,2018,,,2022,렉스오피스텔,도선동,"18,585",성동구,4,0,2,21.37,,,268,11200,5
22,,2022,신규,22.04~24.04,2022,성동 트레비스타 오피스텔,도선동,"23,000",성동구,4,5,9,18.39,,,256-5,11200,5
23,,2020,신규,22.05~23.05,2022,왕십리렉스프리미엄오피스텔,도선동,"2,000",성동구,4,75,9,18.63,,,257,11200,13
24,,2022,신규,22.05~24.05,2022,성동 트레비스타 오피스텔,도선동,"35,000",성동구,4,0,13,26.44,,,256-5,11200,11
25,,2021,신규,22.04~23.04,2022,서울SR타워,도선동,"4,000",성동구,4,65,15,22.07,,,126,11200,7
26,,2021,신규,22.05~24.05,2022,서울SR타워,도선동,"1,000",성동구,4,75,16,18.77,,,126,11200,5
27,,2020,신규,22.06~24.06,2022,왕십리렉스프리미엄오피스텔,도선동,"21,000",성동구,4,0,16,18.63,,,257,11200,5
28,,2022,신규,22.06~24.06,2022,성동 트레비스타 오피스텔,도선동,"24,000",성동구,4,0,16,17.79,,,256-5,11200,4
29,,2017,,22.05~24.05,2022,한성아펠타워,도선동,"1,000",성동구,4,95,16,23.58,,,53,11200,8
30,,2020,신규,22.04~23.04,2022,왕십리렉스프리미엄오피스텔,도선동,"1,000",성동구,4,90,16,18.63,,,257,11200,15
31,,2022,신규,22.05~24.05,2022,성동 트레비스타 오피스텔,도선동,"23,500",성동구,4,0,22,17.79,,,256-5,11200,6
32,,2020,신규,22.06~24.06,2022,왕십리렉스프리미엄오피스텔,도선동,"23,000",성동구,4,0,23,18.63,,,257,11200,11
33,,2020,신규,22.07~24.07,2022,왕십리렉스프리미엄오피스텔,도선동,"37,500",성동구,4,0,28,37.34,,,257,11200,18
34,,2018,갱신,22.05~24.05,2022,렉스오피스텔,도선동,"8,800",성동구,4,35,30,18.7,"8,800",30,268,11200,5
35,,2020,갱신,22.07~24.07,2022,왕십리렉스프리미엄오피스텔,도선동,"21,000",성동구,4,0,30,18.63,"20,000",,257,11200,7
36,,2020,신규,22.06~24.06,2022,왕십리렉스프리미엄오피스텔,도선동,"21,000",성동구,4,0,30,18.63,,,257,11200,6
37,,2018,갱신,22.04~22.10,2022,트레저힐스,마장동,"23,000",성동구,4,0,3,27.92,"22,000",,775-4,11200,3
38,사용,2018,갱신,22.04~24.04,2022,트레저힐스,마장동,"19,600",성동구,4,0,7,29.51,"19,000",,775-4,11200,2
39,,2004,신규,22.06~24.06,2022,1동(766-25),마장동,"20,000",성동구,4,40,14,73.35,,,766-25,11200,2
40,사용,2007,갱신,22.06~24.06,2022,마장동청계아르테미스,마장동,"28,350",성동구,4,0,15,69.12,"27,000",,778-5,11200,4
41,,2010,,,2022,고운타워,마장동,"14,000",성동구,4,0,25,36.4,,,474-5,11200,8
42,,2004,갱신,22.05~25.04,2022,1동(766-25),마장동,"25,000",성동구,4,0,30,65.07,"23,000",,766-25,11200,5
43,,2004,신규,22.04~23.04,2022,성동샤르망,행당동,"1,000",성동구,4,60,14,24.84,,,192-29,11200,10
44,,2006,신규,22.05~24.05,2022,왕십리역이스타빌,행당동,"1,000",성동구,4,80,14,29.43,,,287-15,11200,11
45,,2004,신규,22.06~23.06,2022,성동샤르망,행당동,"5,000",성동구,4,40,20,24.84,,,192-29,11200,5
46,,2018,신규,22.05~23.05,2022,왕십리 큐브스테이트,행당동,"2,000",성동구,4,58,25,16.37,,,286-25,11200,7
47,,2004,신규,22.05~24.05,2022,성동샤르망,행당동,"1,000",성동구,4,60,29,24.84,,,192-29,11200,10
48,,2002,신규,22.05~24.05,2022,금호힐오피스텔,금호동1가,"1,000",성동구,4,65,15,29.97,,,1755,11200,4
49,,2004,신규,22.04~24.04,2022,성원상떼뷰,옥수동,"1,000",성동구,4,70,1,27.01,,,475,11200,5
50,,2004,신규,22.05~23.05,2022,성원상떼뷰,옥수동,"5,000",성동구,4,50,5,25.6,,,475,11200,3
51,,2004,신규,22.04~23.04,2022,성원상떼뷰,옥수동,"1,000",성동구,4,75,11,27.01,,,475,11200,10
52,,2004,신규,22.05~24.05,2022,성원상떼뷰,옥수동,"14,000",성동구,4,0,27,25.6,,,475,11200,9
53,,2004,신규,22.04~24.04,2022,이에스에이리버하우스,성수동1가,"30,000",성동구,4,0,1,39.15,,,13-12,11200,4
54,,2018,신규,22.06~24.06,2022,서울숲 프라임 알파,성수동1가,"4,000",성동구,4,150,6,59.18,,,13-120,11200,4
55,,2004,,,2022,성수 그린빌,성수동1가,"20,000",성동구,4,0,8,34.59,,,685-54,11200,5
56,,2019,,,2022,한스포레,성수동1가,"1,000",성동구,4,92,11,23.49,,,72-114,11200,6
57,,1997,신규,22.04~24.04,2022,청재오피스텔,성수동1가,"3,000",성동구,4,100,11,34.16,,,72-71,11200,6
58,,2004,신규,22.04~23.04,2022,이에스에이리버하우스,성수동1가,"1,000",성동구,4,110,12,39.15,,,13-12,11200,7
59,,2004,신규,22.04~23.04,2022,이에스에이리버하우스,성수동1가,"1,000",성동구,4,100,12,39.15,,,13-12,11200,3
60,,2004,신규,22.05~23.05,2022,이에스에이리버하우스,성수동1가,"2,000",성동구,4,160,13,63.74,,,13-12,11200,10
61,,2013,신규,22.05~24.05,2022,서울숲오피스텔,성수동1가,"42,000",성동구,4,0,15,49.16,,,656-392,11200,5
62,,2005,신규,22.05~24.05,2022,뚝섬리버빌,성수동1가,"1,000",성동구,4,70,16,29,,,13-117,11200,2
63,,1997,신규,22.05~24.05,2022,청재오피스텔,성수동1가,"3,000",성동구,4,150,18,48.84,,,72-71,11200,3
64,,2003,신규,22.06~24.06,2022,성수동 뉴타운오피스텔,성수동1가,"20,000",성동구,4,0,19,29.23,,,72-69,11200,7
65,사용,2015,갱신,22.05~24.05,2022,위더스 빌,성수동1가,"26,460",성동구,4,0,19,43.41,"26,460",,33-23,11200,2
66,,2004,,,2022,이에스에이리버하우스,성수동1가,"3,000",성동구,4,84,20,39.15,,,13-12,11200,12
67,,2005,신규,22.05~24.05,2022,뚝섬리버빌,성수동1가,"2,000",성동구,4,65,22,28.55,,,13-117,11200,3
68,,2004,,,2022,이에스에이리버하우스,성수동1가,"13,000",성동구,4,80,22,63.74,,,13-12,11200,5
69,,2004,,,2022,성수 그린빌,성수동1가,"18,000",성동구,4,13,25,34.59,,,685-54,11200,6
70,,1997,신규,22.04~23.04,2022,청재오피스텔,성수동1가,"3,000",성동구,4,100,25,34.16,,,72-71,11200,4
71,,2004,신규,22.05~24.05,2022,Biz-Well 성수,성수동1가,"3,000",성동구,4,35,27,19.08,,,33-21,11200,9
72,,2004,신규,22.05~24.05,2022,이에스에이리버하우스,성수동1가,"30,000",성동구,4,0,28,39.15,,,13-12,11200,3
73,,2019,신규,22.05~23.05,2022,EPISODE Seong Su 121,성수동1가,"1,000",성동구,4,94,29,17.17,,,26-3,11200,7
74,,2003,신규,22.04~23.04,2022,성원상떼뷰오피스텔,성수동2가,"1,000",성동구,4,55,4,24.84,,,277-37,11200,10
75,,2022,신규,22.04~24.04,2022,성수 더힐 센트럴파크뷰,성수동2가,"35,000",성동구,4,0,5,23.33,,,299-140,11200,7
76,,2003,신규,22.04~24.04,2022,성원상떼뷰오피스텔,성수동2가,"1,000",성동구,4,65,5,28.08,,,277-37,11200,9
77,,2013,신규,22.05~23.05,2022,성수동램킨중흥S클래스오피스텔,성수동2가,500,성동구,4,60,9,18.33,,,277-101,11200,4
78,,2013,신규,22.04~23.04,2022,성수동램킨중흥S클래스오피스텔,성수동2가,500,성동구,4,62,10,18.33,,,277-101,11200,2
79,사용,,갱신,22.06~23.06,2022,성수리치빌,성수동2가,"16,200",성동구,4,0,16,27.09,"15,500",,299-175,11200,2
80,사용,,갱신,22.07~24.07,2022,주건축물제1동,성수동2가,"16,538",성동구,4,0,19,29.8,"15,750",,299-177,11200,2
81,,2003,신규,22.05~23.05,2022,성원상떼뷰오피스텔,성수동2가,"1,000",성동구,4,65,19,28.47,,,277-37,11200,4
82,,2003,,,2022,성원상떼뷰오피스텔,성수동2가,"1,000",성동구,4,52,20,28.08,,,277-37,11200,2
83,,2022,,,2022,성수 더힐 센트럴파크뷰,성수동2가,"36,000",성동구,4,0,23,23.33,,,299-140,11200,9
84,,2003,갱신,22.05~24.05,2022,성원상떼뷰오피스텔,성수동2가,"13,500",성동구,4,0,26,28.08,"13,000",,277-37,11200,8
85,,2013,신규,22.05~23.05,2022,성수동램킨중흥S클래스오피스텔,성수동2가,500,성동구,4,59,27,18.33,,,277-101,11200,4
86,,2016,갱신,,2022,서희스타힐스리버파크,용답동,"1,000",성동구,4,57,1,21.9,"1,000",55,238-12,11200,3
87,,2021,신규,22.05~24.05,2022,k-타워,용답동,"2,000",성동구,4,80,7,25.66,,,229-2,11200,6
88,,2020,,,2022,용답동 큐브스테이트,용답동,"19,400",성동구,4,0,7,18.78,,,229-11,11200,17
89,,2016,,,2022,서희스타힐스리버파크,용답동,"10,000",성동구,4,15,8,20.21,,,238-12,11200,4
90,,2016,,,2022,서희스타힐스리버파크,용답동,"16,500",성동구,4,0,9,20.21,,,238-12,11200,6
91,,2016,갱신,22.04~24.04,2022,서희스타힐스리버파크,용답동,"14,200",성동구,4,0,9,21.9,"13,600",,238-12,11200,6
92,,1985,신규,22.04~24.04,2022,(233-8),용답동,"1,000",성동구,4,65,12,21.9,,,233-8,11200,11
93,,2016,신규,22.04~23.04,2022,서희스타힐스리버파크,용답동,500,성동구,4,55,12,19.88,,,238-12,11200,11
94,,2016,,22.05~24.05,2022,서희스타힐스리버파크,용답동,500,성동구,4,63,12,21.9,,,238-12,11200,8
95,,1991,,,2022,삼호오피스텔,용답동,"7,500",성동구,4,0,12,26.25,,,236-5,11200,4
96,,2016,신규,22.05~24.05,2022,서희스타힐스리버파크,용답동,"13,700",성동구,4,0,17,20.21,,,238-12,11200,8
97,,2016,신규,22.04~24.04,2022,서희스타힐스리버파크,용답동,"2,000",성동구,4,55,17,21.9,,,238-12,11200,13
98,,2013,신규,22.05~23.05,2022,어반 오피스텔,용답동,"1,000",성동구,4,57,19,16.21,,,229-10,11200,2
99,,2006,갱신,22.05~24.05,2022,신창비바패밀리,용답동,"26,000",성동구,4,0,20,65.82,"25,500",,232-1,11200,13
100,,2013,,,2022,어반 오피스텔,용답동,"1,000",성동구,4,64,21,20.46,,,229-10,11200,3
101,,2016,,,2022,서희스타힐스리버파크,용답동,"13,650",성동구,4,0,23,19.88,,,238-12,11200,7
102,,2016,,,2022,서희스타힐스리버파크,용답동,"4,000",성동구,4,47,25,21.95,,,238-12,11200,14
103,,1985,갱신,22.06~23.06,2022,(233-8),용답동,"1,000",성동구,4,58,26,22.58,"1,000",55,233-8,11200,4
104,,2013,신규,22.04~23.04,2022,어반 오피스텔,용답동,"1,000",성동구,4,57,27,20.46,,,229-10,11200,9
105,,2013,,,2022,어반 오피스텔,용답동,"1,000",성동구,4,57,27,18.98,,,229-10,11200,8
106,,2016,,,2022,서희스타힐스리버파크,용답동,"14,175",성동구,4,0,27,20.21,,,238-12,11200,14
107,,2021,,,2022,k-타워,용답동,"2,000",성동구,4,80,27,25.66,,,229-2,11200,5
108,사용,1991,갱신,22.05~24.04,2022,삼호오피스텔,용답동,"1,500",성동구,4,31,29,26.25,"1,500",30,236-5,11200,8
109,,2013,신규,22.06~23.06,2022,어반 오피스텔,용답동,"3,000",성동구,4,54,29,20.96,,,229-10,11200,4
110,,2016,신규,22.06~23.06,2022,서희스타힐스리버파크,용답동,"14,170",성동구,4,0,30,21.9,,,238-12,11200,9
0,사용,2003,갱신,22.05~24.05,2022,노블리안,상왕십리동,"12,700",성동구,5,10,2,30.81,"12,000",10,750,11200,8
1,,2003,갱신,22.05~24.05,2022,노블리안,상왕십리동,"6,900",성동구,5,35,4,30.81,"6,000",35,750,11200,8
2,,2003,신규,22.06~24.06,2022,노블리안,상왕십리동,"10,000",성동구,5,30,5,30.81,,,750,11200,9
3,,2003,신규,22.06~24.06,2022,노블리안,상왕십리동,"16,500",성동구,5,0,15,30.81,,,750,11200,8
4,,2003,신규,22.06~24.06,2022,노블리안,상왕십리동,"10,000",성동구,5,30,17,30.81,,,750,11200,8
5,사용,2003,갱신,22.06~24.06,2022,노블리안,상왕십리동,"15,700",성동구,5,0,18,30.81,"15,000",,750,11200,15
6,,2003,신규,22.07~24.07,2022,노블리안,상왕십리동,"16,500",성동구,5,0,23,30.81,,,750,11200,8
7,,2003,신규,22.06~24.06,2022,노블리안,상왕십리동,"16,500",성동구,5,0,26,30.81,,,750,11200,2
8,,2016,,,2022,센트라스,하왕십리동,"1,000",성동구,5,99,2,32.53,,,1070,11200,9
9,,2005,신규,22.05~23.05,2022,동인 레반트 오피스텔,하왕십리동,"1,000",성동구,5,65,3,27.54,,,903-3,11200,11
10,,2016,신규,22.06~23.06,2022,센트라스,하왕십리동,"1,000",성동구,5,93,5,29.16,,,1070,11200,24
11,,2005,신규,22.05~23.05,2022,동인 레반트 오피스텔,하왕십리동,"1,000",성동구,5,70,7,27.54,,,903-3,11200,13
12,,2005,신규,22.06~23.06,2022,동인 레반트 오피스텔,하왕십리동,"1,000",성동구,5,65,7,27.54,,,903-3,11200,10
13,,2016,신규,22.06~23.06,2022,센트라스,하왕십리동,"32,000",성동구,5,0,7,32.53,,,1070,11200,13
14,,2017,신규,22.05~23.05,2022,동인드림힐스,하왕십리동,"2,000",성동구,5,72,10,19.24,,,890-181,11200,13
15,,2017,신규,22.06~22.12,2022,동인드림힐스,하왕십리동,500,성동구,5,100,13,27.51,,,890-181,11200,11
16,,2016,신규,22.06~24.06,2022,센트라스,하왕십리동,"30,000",성동구,5,0,14,31.01,,,1070,11200,21
17,,2016,신규,22.05~23.05,2022,센트라스,하왕십리동,"1,000",성동구,5,100,16,31.01,,,1070,11200,6
18,,2016,갱신,22.06~23.06,2022,센트라스,하왕십리동,"1,000",성동구,5,99,18,31.01,"1,000",94,1070,11200,8
19,사용,2005,갱신,22.06~24.05,2022,동인 레반트 오피스텔,하왕십리동,"16,800",성동구,5,0,19,30.32,"16,000",,903-3,11200,8
20,,2005,신규,22.05~23.05,2022,동인 레반트 오피스텔,하왕십리동,"1,000",성동구,5,70,19,30.32,,,903-3,11200,6
21,,2009,신규,22.07~24.07,2022,왕십리 모노퍼스 주상복합,하왕십리동,"24,000",성동구,5,0,21,38.67,,,286-2,11200,17
22,,2022,신규,22.05~24.05,2022,성동 트레비스타 오피스텔,도선동,"35,000",성동구,5,0,2,26.44,,,256-5,11200,16
23,,2022,신규,22.05~23.05,2022,성동 트레비스타 오피스텔,도선동,"33,600",성동구,5,0,2,26.44,,,256-5,11200,16
24,,2018,,,2022,렉스오피스텔,도선동,"17,640",성동구,5,0,7,21.49,,,268,11200,8
25,,2020,신규,22.05~23.05,2022,왕십리렉스프리미엄오피스텔,도선동,500,성동구,5,84,8,18.63,,,257,11200,7
26,,2018,신규,22.06~24.06,2022,렉스오피스텔,도선동,"7,000",성동구,5,48,9,21.49,,,268,11200,2
27,,2020,갱신,22.06~24.06,2022,왕십리렉스프리미엄오피스텔,도선동,"21,500",성동구,5,0,11,18.63,"20,500",,257,11200,10
28,사용,2020,갱신,22.07~24.07,2022,왕십리렉스프리미엄오피스텔,도선동,"21,000",성동구,5,0,12,18.63,"20,000",,257,11200,5
29,,2018,신규,22.07~24.06,2022,렉스오피스텔,도선동,"19,800",성동구,5,0,14,20.35,,,268,11200,4
30,,2020,갱신,22.07~24.07,2022,왕십리렉스프리미엄오피스텔,도선동,"21,000",성동구,5,0,14,18.63,"20,000",,257,11200,17
31,사용,2018,갱신,22.06~23.06,2022,렉스오피스텔,도선동,"18,000",성동구,5,3,14,20.35,"18,000",,268,11200,4
32,,2018,갱신,22.05~24.05,2022,렉스오피스텔,도선동,"6,000",성동구,5,50,16,21.37,"6,000",48,268,11200,6
33,,1998,신규,22.06~24.06,2022,신한넥스텔,도선동,500,성동구,5,45,17,19.63,,,14,11200,9
34,,2022,신규,22.05~24.05,2022,성동 트레비스타 오피스텔,도선동,"33,000",성동구,5,0,18,26.44,,,256-5,11200,8
35,사용,2020,갱신,22.06~23.06,2022,왕십리렉스프리미엄오피스텔,도선동,"23,000",성동구,5,0,19,18.63,"22,000",,257,11200,6
36,,2018,신규,22.06~24.06,2022,렉스오피스텔,도선동,"19,900",성동구,5,0,19,21.27,,,268,11200,9
37,사용,2020,갱신,22.07~23.07,2022,왕십리렉스프리미엄오피스텔,도선동,"20,000",성동구,5,3,19,18.63,"20,000",,257,11200,14
38,,2021,신규,22.07~24.07,2022,위너스 오피스텔,도선동,"27,000",성동구,5,0,21,23.68,,,285-1,11200,4
39,,2020,신규,22.08~23.08,2022,왕십리렉스프리미엄오피스텔,도선동,"1,000",성동구,5,80,21,18.63,,,257,11200,8
40,,2020,신규,22.06~24.06,2022,왕십리렉스프리미엄오피스텔,도선동,"37,000",성동구,5,0,21,37.34,,,257,11200,16
41,사용,2018,갱신,22.06~24.06,2022,렉스오피스텔,도선동,"21,892",성동구,5,0,23,25.32,"20,850",,268,11200,4
42,사용,2020,갱신,22.07~24.07,2022,왕십리렉스프리미엄오피스텔,도선동,"18,370",성동구,5,0,23,18.63,"17,500",,257,11200,5
43,,2022,,,2022,성동 트레비스타 오피스텔,도선동,"34,000",성동구,5,0,25,26.44,,,256-5,11200,8
44,,2022,,,2022,성동 트레비스타 오피스텔,도선동,"32,900",성동구,5,0,25,26.44,,,256-5,11200,8
45,,2018,신규,22.06~24.06,2022,렉스오피스텔,도선동,"19,800",성동구,5,0,26,21.27,,,268,11200,6
46,,2020,신규,22.07~23.06,2022,왕십리렉스프리미엄오피스텔,도선동,"2,000",성동구,5,85,26,18.63,,,257,11200,15
47,,2022,신규,22.06~23.06,2022,성동 트레비스타 오피스텔,도선동,"3,000",성동구,5,100,26,19.84,,,256-5,11200,9
48,,2020,,,2022,왕십리렉스프리미엄오피스텔,도선동,"40,000",성동구,5,0,26,37.34,,,257,11200,15
49,,2020,신규,22.06~24.06,2022,왕십리렉스프리미엄오피스텔,도선동,"21,000",성동구,5,0,26,18.63,,,257,11200,4
50,사용,2020,갱신,22.07~24.07,2022,왕십리렉스프리미엄오피스텔,도선동,"18,900",성동구,5,0,27,18.63,"18,000",,257,11200,6
51,사용,2018,갱신,22.06~24.06,2022,렉스오피스텔,도선동,"19,950",성동구,5,0,28,25.32,"19,000",,268,11200,8
52,,2021,신규,22.06~24.06,2022,위너스 오피스텔,도선동,"23,000",성동구,5,0,28,18.48,,,285-1,11200,4
53,,2018,갱신,22.06~23.06,2022,렉스오피스텔,도선동,"1,000",성동구,5,74,30,21.27,"1,000",70,268,11200,5
54,,2020,신규,22.08~24.08,2022,왕십리렉스프리미엄오피스텔,도선동,"40,000",성동구,5,0,31,37.34,,,257,11200,15
55,사용,2020,갱신,22.07~23.07,2022,왕십리렉스프리미엄오피스텔,도선동,"22,050",성동구,5,0,31,18.63,"21,000",,257,11200,15
56,,2007,신규,22.07~24.07,2022,마장동청계아르테미스,마장동,"19,000",성동구,5,0,20,54.72,,,778-5,11200,5
57,,2004,,,2022,성동샤르망,행당동,"1,000",성동구,5,30,1,26.22,,,192-29,11200,7
58,,,신규,22.07~24.07,2022,K TOWER 2,행당동,"19,500",성동구,5,0,10,21.78,,,293-8,11200,5
59,,2004,신규,22.07~24.07,2022,성동샤르망,행당동,"16,500",성동구,5,0,10,27.6,,,192-29,11200,7
60,,2006,신규,22.06~23.06,2022,왕십리역이스타빌,행당동,"1,000",성동구,5,70,12,21.91,,,287-15,11200,7
61,,2006,신규,22.06~24.06,2022,왕십리역이스타빌,행당동,"5,000",성동구,5,45,12,21.91,,,287-15,11200,14
62,,2006,신규,22.05~23.05,2022,왕십리역이스타빌,행당동,"1,000",성동구,5,65,13,23.89,,,287-15,11200,11
63,,2006,신규,22.06~23.06,2022,왕십리역이스타빌,행당동,"1,000",성동구,5,80,14,29.43,,,287-15,11200,5
64,,2020,신규,22.06~24.06,2022,1동,행당동,"3,000",성동구,5,55,16,28.23,,,292-28,11200,7
65,,2004,신규,22.05~24.05,2022,성동샤르망,행당동,"13,000",성동구,5,0,18,24.84,,,192-29,11200,7
66,,2004,신규,22.06~24.06,2022,성동샤르망,행당동,"12,000",성동구,5,0,21,24.84,,,192-29,11200,7
67,,2006,신규,22.07~23.07,2022,왕십리역이스타빌,행당동,"1,000",성동구,5,90,21,31.63,,,287-15,11200,9
68,,2006,신규,22.05~23.05,2022,왕십리역이스타빌,행당동,"1,000",성동구,5,95,25,31.63,,,287-15,11200,11
69,,2022,신규,22.05~24.03,2022,그린하우스,행당동,"40,000",성동구,5,0,27,42.76,,,286-37,11200,3
70,,2004,신규,22.06~23.06,2022,성동샤르망,행당동,"1,000",성동구,5,65,27,27.6,,,192-29,11200,10
71,,2004,신규,22.07~23.07,2022,성원상떼뷰,옥수동,"3,000",성동구,5,65,17,27.01,,,475,11200,5
72,,2004,신규,22.06~23.06,2022,성원상떼뷰,옥수동,"1,000",성동구,5,70,19,27.01,,,475,11200,5
73,,2004,신규,22.06~23.06,2022,성원상떼뷰,옥수동,"1,000",성동구,5,70,19,27.01,,,475,11200,5
74,,2004,갱신,22.06~24.06,2022,성원상떼뷰,옥수동,"15,000",성동구,5,0,27,27.01,"12,500",,475,11200,3
75,,2017,신규,22.05~23.05,2022,뚝섬리치빌,성수동1가,"1,000",성동구,5,67,2,18.72,,,656-1040,11200,2
76,,2004,신규,22.05~24.05,2022,Biz-Well 성수,성수동1가,"3,000",성동구,5,39,10,26.67,,,33-21,11200,8
77,,1997,신규,22.05~24.05,2022,청재오피스텔,성수동1가,"3,000",성동구,5,120,10,39.68,,,72-71,11200,3
78,,2003,신규,22.06~24.06,2022,성수동 뉴타운오피스텔,성수동1가,"1,000",성동구,5,60,11,32.39,,,72-69,11200,7
79,,2003,신규,22.05~24.05,2022,아트빌딩,성수동1가,"1,000",성동구,5,70,12,26.78,,,685-308,11200,5
80,,2004,신규,22.06~24.06,2022,이에스에이리버하우스,성수동1가,"1,000",성동구,5,110,12,39.15,,,13-12,11200,10
81,,2003,,,2022,성수동 뉴타운오피스텔,성수동1가,"1,000",성동구,5,70,12,29.23,,,72-69,11200,9
82,,2004,신규,22.06~24.06,2022,Biz-Well 성수,성수동1가,"3,000",성동구,5,37,14,24.69,,,33-21,11200,3
83,,2019,신규,22.05~23.05,2022,한스포레,성수동1가,"2,000",성동구,5,79,14,19.75,,,72-114,11200,6
84,,2018,신규,22.08~24.08,2022,서울숲 프라임 알파,성수동1가,"2,900",성동구,5,155,16,59.18,,,13-120,11200,5
85,,2004,신규,22.05~24.05,2022,Biz-Well 성수,성수동1가,"3,000",성동구,5,35,17,19.08,,,33-21,11200,9
86,,2019,,,2022,EPISODE Seong Su 121,성수동1가,"1,000",성동구,5,91,18,17.17,,,26-3,11200,6
87,,2018,신규,22.07~24.07,2022,서울숲 프라임 베타,성수동1가,"40,950",성동구,5,0,18,59.18,,,13-493,11200,9
88,,2004,신규,22.05~24.05,2022,이에스에이리버하우스,성수동1가,"1,500",성동구,5,100,19,39.15,,,13-12,11200,9
89,사용,2004,갱신,22.06~24.06,2022,Biz-Well 성수,성수동1가,"13,650",성동구,5,0,19,26.67,"13,000",,33-21,11200,3
90,사용,2003,갱신,22.09~24.09,2022,성수동 뉴타운오피스텔,성수동1가,"16,800",성동구,5,0,20,31.6,"16,000",,72-69,11200,10
91,,2004,신규,22.07~24.07,2022,이에스에이리버하우스,성수동1가,"37,000",성동구,5,0,21,39.15,,,13-12,11200,9
92,,2015,신규,22.07~24.07,2022,위더스 빌,성수동1가,"30,000",성동구,5,0,21,43.41,,,33-23,11200,9
93,,2003,갱신,22.06~23.06,2022,성수동 뉴타운오피스텔,성수동1가,"2,000",성동구,5,63,21,31.6,,60,72-69,11200,6
94,사용,2013,갱신,22.05~24.05,2022,서울숲오피스텔,성수동1가,"25,200",성동구,5,0,22,49.16,"24,000",,656-392,11200,3
95,,2018,신규,22.07~24.07,2022,서울숲 프라임 알파,성수동1가,"5,000",성동구,5,157,23,59.18,,,13-120,11200,9
96,,2004,갱신,22.06~24.06,2022,성수 그린빌,성수동1가,"20,000",성동구,5,0,24,36,"18,000",,685-54,11200,8
97,,2004,신규,22.06~24.06,2022,Biz-Well 성수,성수동1가,"2,000",성동구,5,47,27,24.69,,,33-21,11200,4
98,,2003,신규,22.05~22.12,2022,성수동 뉴타운오피스텔,성수동1가,"18,000",성동구,5,0,30,32.39,,,72-69,11200,4
99,,2022,신규,22.05~24.05,2022,성수 더힐 센트럴파크뷰,성수동2가,"3,000",성동구,5,160,6,29.33,,,299-140,11200,3
100,,2022,신규,22.05~24.05,2022,성수 더힐 센트럴파크뷰,성수동2가,"57,000",성동구,5,0,9,37.02,,,299-140,11200,9
101,,2003,신규,22.06~24.06,2022,성원상떼뷰오피스텔,성수동2가,"14,000",성동구,5,0,10,28.08,,,277-37,11200,7
102,,2022,신규,22.06~24.06,2022,성수 더힐 센트럴파크뷰,성수동2가,"43,000",성동구,5,0,12,29.33,,,299-140,11200,11
103,,2013,갱신,22.06~23.06,2022,성수동램킨중흥S클래스오피스텔,성수동2가,"3,000",성동구,5,49,13,18.33,"3,000",48,277-101,11200,3
104,사용,,갱신,22.05~24.05,2022,(299-29),성수동2가,"16,800",성동구,5,0,13,29.7,"16,000",,299-29,11200,2
105,,2003,신규,22.06~22.08,2022,성원상떼뷰오피스텔,성수동2가,"5,000",성동구,5,50,18,40.94,,,277-37,11200,8
106,,2013,신규,22.05~23.05,2022,성수동램킨중흥S클래스오피스텔,성수동2가,"1,000",성동구,5,60,21,18.33,,,277-101,11200,4
107,,2013,신규,22.06~23.06,2022,성수동램킨중흥S클래스오피스텔,성수동2가,500,성동구,5,62,25,18.33,,,277-101,11200,2
108,,2022,,,2022,성수 더힐 센트럴파크뷰,성수동2가,"35,000",성동구,5,0,27,23.33,,,299-140,11200,11
109,,2022,신규,22.05~24.05,2022,성수 더힐 센트럴파크뷰,성수동2가,"35,000",성동구,5,0,27,23.33,,,299-140,11200,11
110,,2022,신규,22.06~23.06,2022,성수 더힐 센트럴파크뷰,성수동2가,"2,000",성동구,5,120,28,23.33,,,299-140,11200,11
111,,2022,,,2022,성수 더힐 센트럴파크뷰,성수동2가,"2,000",성동구,5,120,28,23.33,,,299-140,11200,11
112,,2003,신규,22.06~24.06,2022,성원상떼뷰오피스텔,성수동2가,"1,000",성동구,5,60,30,24.84,,,277-37,11200,10
113,,2022,신규,22.06~24.06,2022,르하임성수,성수동2가,"25,000",성동구,5,0,31,16.97,,,321-107,11200,3
114,사용,2013,갱신,22.06~24.06,2022,성수동램킨중흥S클래스오피스텔,성수동2가,"13,335",성동구,5,0,31,18.33,"12,700",,277-101,11200,7
115,,2016,신규,22.05~24.05,2022,서희스타힐스리버파크,용답동,"2,000",성동구,5,50,3,20.21,,,238-12,11200,10
116,,2013,,,2022,어반 오피스텔,용답동,"2,000",성동구,5,60,3,20.46,,,229-10,11200,5
117,사용,2006,갱신,22.12~23.12,2022,신창비바패밀리,용답동,"26,000",성동구,5,0,4,56.17,"25,000",,232-1,11200,9
118,,2013,,,2022,어반 오피스텔,용답동,"2,000",성동구,5,59,4,20.46,,,229-10,11200,3
119,,2016,신규,22.06~24.06,2022,서희스타힐스리버파크,용답동,"15,700",성동구,5,0,5,20.21,,,238-12,11200,11
120,,2020,신규,22.06~24.06,2022,The Mark,용답동,"26,200",성동구,5,0,6,32.67,,,228-8,11200,7
121,,2020,신규,22.05~24.05,2022,용답동 큐브스테이트,용답동,"18,900",성동구,5,0,6,18.78,,,229-11,11200,5
122,,2011,신규,22.07~24.07,2022,오르세오피스텔,용답동,"16,800",성동구,5,0,7,33.2,,,238-2,11200,6
123,,2016,신규,22.05~23.05,2022,서희스타힐스리버파크,용답동,500,성동구,5,59,9,21.9,,,238-12,11200,11
124,,2013,신규,22.05~23.05,2022,어반 오피스텔,용답동,"1,000",성동구,5,48,10,16.21,,,229-10,11200,9
125,,2013,,,2022,어반 오피스텔,용답동,"1,000",성동구,5,57,12,16.21,,,229-10,11200,6
126,,2020,신규,22.05~24.05,2022,용답동 큐브스테이트,용답동,"21,000",성동구,5,0,13,18.78,,,229-11,11200,15
127,,2021,,,2022,k-타워,용답동,"3,000",성동구,5,60,13,18.42,,,229-2,11200,11
128,,1991,신규,22.05~24.05,2022,삼호오피스텔,용답동,"1,000",성동구,5,40,16,26.25,,,236-5,11200,5
129,,2016,,,2022,서희스타힐스리버파크,용답동,"3,500",성동구,5,40,17,19.88,,,238-12,11200,12
130,,2006,신규,22.05~23.05,2022,신창비바패밀리,용답동,"1,000",성동구,5,120,17,65.01,,,232-1,11200,5
131,,2016,,,2022,서희스타힐스리버파크,용답동,"16,500",성동구,5,0,19,21.9,,,238-12,11200,3
132,,2016,신규,22.05~23.05,2022,서희스타힐스리버파크,용답동,500,성동구,5,60,20,21.9,,,238-12,11200,6
133,,2021,신규,22.05~23.05,2022,k-타워,용답동,"2,000",성동구,5,65,21,18.42,,,229-2,11200,13
134,,2006,,,2022,신창비바패밀리,용답동,"20,000",성동구,5,25,23,56.17,,,232-1,11200,7
135,,2020,,,2022,The Mark,용답동,"26,200",성동구,5,0,26,33.58,,,228-8,11200,5
136,,2021,,,2022,(238-5),용답동,"3,915",성동구,5,40,27,30.46,,,238-5,11200,15
137,,2013,신규,22.06~23.06,2022,어반 오피스텔,용답동,"2,000",성동구,5,60,30,20.46,,,229-10,11200,3
138,,2016,신규,22.07~24.07,2022,서희스타힐스리버파크,용답동,"15,800",성동구,5,0,31,21.95,,,238-12,11200,6
0,,2003,신규,22.07~24.07,2022,노블리안,상왕십리동,"14,000",성동구,6,0,7,25.74,,,750,11200,13
1,,2003,신규,22.07~24.07,2022,노블리안,상왕십리동,"14,000",성동구,6,0,8,25.74,,,750,11200,13
2,사용,2003,갱신,22.07~24.06,2022,노블리안,상왕십리동,"15,700",성동구,6,0,13,30.81,"15,000",,750,11200,5
3,,2003,신규,22.07~23.07,2022,노블리안,상왕십리동,"10,000",성동구,6,30,14,30.81,,,750,11200,13
4,사용,2003,갱신,22.07~24.07,2022,노블리안,상왕십리동,"15,700",성동구,6,0,17,30.81,"15,000",,750,11200,12
5,,2003,신규,22.08~23.08,2022,노블리안,상왕십리동,"1,000",성동구,6,70,24,30.81,,,750,11200,9
6,,2003,신규,22.07~23.07,2022,노블리안,상왕십리동,"1,000",성동구,6,65,24,25.74,,,750,11200,14
7,,2016,,,2022,센트라스,하왕십리동,"5,000",성동구,6,80,8,32.53,,,1070,11200,8
8,,2016,신규,22.08~23.08,2022,센트라스,하왕십리동,"10,000",성동구,6,63,15,29.16,,,1070,11200,24
9,,2005,신규,22.06~23.06,2022,동인 레반트 오피스텔,하왕십리동,"1,000",성동구,6,65,16,27.54,,,903-3,11200,11
10,,2016,신규,22.08~24.08,2022,센트라스,하왕십리동,"31,000",성동구,6,0,20,32.53,,,1070,11200,16
11,,2017,,,2022,동인드림힐스,하왕십리동,"25,000",성동구,6,0,22,27.51,,,890-181,11200,8
12,,2016,신규,22.07~24.07,2022,센트라스,하왕십리동,"30,500",성동구,6,0,23,29.16,,,1070,11200,16
13,,2005,신규,22.08~24.08,2022,동인 레반트 오피스텔,하왕십리동,"16,500",성동구,6,0,25,30.32,,,903-3,11200,3
14,,2005,신규,22.08~24.08,2022,동인 레반트 오피스텔,하왕십리동,"16,000",성동구,6,0,27,27.54,,,903-3,11200,7
15,,2016,신규,22.07~24.07,2022,센트라스,하왕십리동,"2,000",성동구,6,100,29,31.01,,,1070,11200,16
16,,2011,신규,22.08~23.08,2022,리오파크 오피스텔,하왕십리동,"1,000",성동구,6,65,29,22.82,,,898-2,11200,10
17,사용,2018,갱신,22.07~24.07,2022,렉스오피스텔,도선동,"17,800",성동구,6,0,1,20.35,"17,000",,268,11200,8
18,사용,2020,갱신,22.06~23.06,2022,왕십리렉스프리미엄오피스텔,도선동,"5,250",성동구,6,63,1,18.63,"5,000",60,257,11200,14
19,,2020,신규,22.06~23.06,2022,왕십리렉스프리미엄오피스텔,도선동,"2,100",성동구,6,74,2,18.63,,,257,11200,9
20,,2018,갱신,22.06~24.06,2022,렉스오피스텔,도선동,"19,950",성동구,6,0,2,25.32,"19,000",,268,11200,10
21,,2020,,,2022,왕십리렉스프리미엄오피스텔,도선동,"23,100",성동구,6,0,4,18.63,,,257,11200,6
22,,2020,갱신,22.07~23.07,2022,왕십리렉스프리미엄오피스텔,도선동,"20,470",성동구,6,0,4,18.63,"19,500",,257,11200,9
23,,2020,,,2022,왕십리렉스프리미엄오피스텔,도선동,"23,300",성동구,6,0,7,18.63,,,257,11200,7
24,,2020,,,2022,왕십리렉스프리미엄오피스텔,도선동,"13,000",성동구,6,19,8,18.63,,,257,11200,9
25,,2014,갱신,22.07~24.07,2022,J&J빌딩,도선동,"19,000",성동구,6,0,9,29.1,"18,500",,276,11200,9
26,,1998,신규,22.06~23.06,2022,신한넥스텔,도선동,500,성동구,6,45,9,19.63,,,14,11200,15
27,,2022,신규,22.07~24.07,2022,성동 트레비스타 오피스텔,도선동,"24,000",성동구,6,0,9,17.79,,,256-5,11200,5
28,,2017,갱신,22.07~23.07,2022,한성아펠타워,도선동,"1,000",성동구,6,94,9,23.58,"1,000",90,53,11200,10
29,사용,2020,갱신,22.07~24.07,2022,왕십리렉스프리미엄오피스텔,도선동,"21,000",성동구,6,0,11,18.63,"20,000",,257,11200,18
30,,2020,,,2022,왕십리렉스프리미엄오피스텔,도선동,"21,000",성동구,6,0,11,18.63,,,257,11200,13
31,사용,2020,갱신,22.07~24.07,2022,왕십리렉스프리미엄오피스텔,도선동,"10,500",성동구,6,37,13,18.63,"10,000",35,257,11200,12
32,,2020,갱신,,2022,왕십리렉스프리미엄오피스텔,도선동,"20,475",성동구,6,0,17,18.63,"19,500",,257,11200,9
33,,2021,신규,22.07~24.07,2022,소미골드라인,도선동,"32,000",성동구,6,0,18,34.49,,,102,11200,11
34,사용,2020,갱신,22.06~23.06,2022,왕십리렉스프리미엄오피스텔,도선동,"21,000",성동구,6,0,18,18.63,"20,000",,257,11200,7
35,,2020,신규,22.06~23.06,2022,왕십리렉스프리미엄오피스텔,도선동,"23,677",성동구,6,0,18,18.63,,,257,11200,15
36,,2020,갱신,22.07~23.07,2022,왕십리렉스프리미엄오피스텔,도선동,"22,000",성동구,6,0,20,18.63,"21,000",,257,11200,18
37,,2020,신규,22.08~24.08,2022,왕십리렉스프리미엄오피스텔,도선동,"36,500",성동구,6,0,20,37.34,,,257,11200,14
38,,2020,신규,22.07~23.07,2022,왕십리렉스프리미엄오피스텔,도선동,"1,000",성동구,6,77,22,18.63,,,257,11200,9
39,,2018,갱신,22.08~24.08,2022,W에비뉴타워,도선동,"1,000",성동구,6,80,22,23.32,"1,000",75,46,11200,9
40,,2020,신규,22.08~23.08,2022,왕십리렉스프리미엄오피스텔,도선동,"2,000",성동구,6,77,23,18.63,,,257,11200,13
41,사용,2020,갱신,22.07~23.07,2022,왕십리렉스프리미엄오피스텔,도선동,"20,000",성동구,6,3,24,18.63,"20,000",,257,11200,16
42,,2020,신규,22.08~24.08,2022,왕십리렉스프리미엄오피스텔,도선동,"23,600",성동구,6,0,25,18.63,,,257,11200,18
43,,2020,갱신,22.07~24.07,2022,왕십리렉스프리미엄오피스텔,도선동,"21,000",성동구,6,0,25,18.63,"20,000",,257,11200,14
44,,2020,신규,22.08~23.08,2022,왕십리렉스프리미엄오피스텔,도선동,"1,000",성동구,6,84,26,18.63,,,257,11200,15
45,,2020,신규,22.08~24.08,2022,왕십리렉스프리미엄오피스텔,도선동,"18,000",성동구,6,17,27,18.63,,,257,11200,6
46,,2018,신규,22.07~24.07,2022,렉스오피스텔,도선동,"24,500",성동구,6,0,29,25.32,,,268,11200,11
47,,2017,신규,22.08~23.07,2022,한성아펠타워,도선동,"1,000",성동구,6,95,29,23.61,,,53,11200,9
48,,2012,신규,22.09~24.09,2022,(777-3),마장동,"9,000",성동구,6,0,11,15.54,,,777-3,11200,2
49,,2018,,,2022,트레저힐스,마장동,"22,000",성동구,6,0,25,24.65,,,775-4,11200,4
50,,2010,신규,22.06~23.06,2022,고운타워,마장동,"14,000",성동구,6,0,30,36.4,,,474-5,11200,8
51,,,신규,22.06~24.06,2022,K TOWER 2,행당동,"19,500",성동구,6,0,3,21.78,,,293-8,11200,5
52,,2004,신규,22.07~23.07,2022,성동샤르망,행당동,"1,000",성동구,6,60,6,24.84,,,192-29,11200,9
53,,2006,신규,22.07~23.07,2022,왕십리역이스타빌,행당동,"1,000",성동구,6,80,8,29.43,,,287-15,11200,5
54,,2006,신규,22.07~23.07,2022,왕십리역이스타빌,행당동,"1,000",성동구,6,80,8,29.43,,,287-15,11200,5
55,사용,,갱신,22.06~24.06,2022,K TOWER 2,행당동,"32,524",성동구,6,0,12,37.7,"30,975",,293-8,11200,6
56,,2004,신규,22.06~23.06,2022,성동샤르망,행당동,"1,000",성동구,6,60,17,24.84,,,192-29,11200,12
57,,2014,신규,22.08~24.01,2022,서울숲 더샵,행당동,"2,000",성동구,6,110,21,32.49,,,377,11200,2
58,,2006,신규,22.07~23.07,2022,왕십리역이스타빌,행당동,"22,000",성동구,6,0,21,26.01,,,287-15,11200,8
59,,2006,갱신,22.06~23.06,2022,왕십리역이스타빌,행당동,"1,000",성동구,6,60,28,21.91,"1,000",60,287-15,11200,10
60,,2018,갱신,22.06~24.06,2022,왕십리 큐브스테이트,행당동,"1,000",성동구,6,68,28,16.53,"1,000",65,286-25,11200,6
61,,2003,신규,22.07~24.07,2022,재호예향빌,금호동4가,"10,000",성동구,6,0,22,22.56,,,1028,11200,2
62,,2004,신규,22.07~24.07,2022,성원상떼뷰,옥수동,"20,000",성동구,6,0,6,27.01,,,475,11200,10
63,,2004,신규,22.06~24.06,2022,성원상떼뷰,옥수동,"2,000",성동구,6,70,16,29.54,,,475,11200,11
64,,2004,,,2022,이에스에이리버하우스,성수동1가,"3,000",성동구,6,70,2,39.15,,,13-12,11200,6
65,사용,2018,갱신,22.06~24.06,2022,서울숲 프라임 알파,성수동1가,"46,700",성동구,6,0,3,59.18,"44,500",,13-120,11200,11
66,,2004,,,2022,이에스에이리버하우스,성수동1가,"23,000",성동구,6,0,3,39.15,,,13-12,11200,2
67,,2003,,,2022,아트빌딩,성수동1가,"5,000",성동구,6,20,7,26.9,,,685-308,11200,3
68,,2004,,,2022,성수 그린빌,성수동1가,"22,000",성동구,6,0,9,36,,,685-54,11200,7
69,,2005,신규,22.07~24.07,2022,뚝섬리버빌,성수동1가,"1,000",성동구,6,60,10,21.73,,,13-117,11200,7
70,,2004,신규,22.06~24.06,2022,Biz-Well 성수,성수동1가,"1,000",성동구,6,55,10,19.08,,,33-21,11200,9
71,,,신규,22.07~24.07,2022,서울숲한양리버,성수동1가,"25,200",성동구,6,0,11,37.17,,,656-1170,11200,2
72,,2004,갱신,22.06~24.06,2022,Biz-Well 성수,성수동1가,"3,000",성동구,6,39,11,26.67,"3,000",39,33-21,11200,2
73,,2004,,,2022,Biz-Well 성수,성수동1가,"12,500",성동구,6,0,14,25.52,,,33-21,11200,3
74,,2005,신규,22.07~23.07,2022,뚝섬리버빌,성수동1가,"1,000",성동구,6,70,15,29,,,13-117,11200,5
75,,2005,신규,22.06~24.06,2022,뚝섬리버빌,성수동1가,"1,000",성동구,6,63,18,23.03,,,13-117,11200,8
76,사용,2015,갱신,22.07~24.07,2022,위더스 빌,성수동1가,"26,700",성동구,6,0,22,42.76,"25,500",,33-23,11200,10
77,,2004,,,2022,성수 그린빌,성수동1가,"25,000",성동구,6,0,22,36,,,685-54,11200,8
78,,2018,,,2022,서울숲 프라임 베타,성수동1가,"43,470",성동구,6,0,22,59.18,,,13-493,11200,7
79,,2004,갱신,22.06~24.06,2022,Biz-Well 성수,성수동1가,"2,000",성동구,6,51,24,26.67,"2,000",51,33-21,11200,8
80,,2003,신규,22.06~24.06,2022,성수동 뉴타운오피스텔,성수동1가,"1,000",성동구,6,73,24,31.6,,,72-69,11200,7
81,,2018,,,2022,서울숲 프라임 알파,성수동1가,"42,210",성동구,6,0,25,59.18,,,13-120,11200,4
82,,2004,신규,22.08~24.08,2022,Biz-Well 성수,성수동1가,"2,000",성동구,6,70,27,45.1,,,33-21,11200,3
83,,2005,신규,22.08~24.08,2022,뚝섬리버빌,성수동1가,"1,000",성동구,6,68,27,27.17,,,13-117,11200,5
84,,2003,,,2022,성수동 뉴타운오피스텔,성수동1가,"4,000",성동구,6,48,29,30.02,,,72-69,11200,5
85,,2005,신규,22.07~23.07,2022,뚝섬리버빌,성수동1가,"1,000",성동구,6,80,30,34.78,,,13-117,11200,4
86,,2022,,,2022,르하임성수,성수동2가,"26,500",성동구,6,0,1,16.97,,,321-107,11200,7
87,,2022,신규,22.06~24.06,2022,르하임성수,성수동2가,"26,500",성동구,6,0,1,16.97,,,321-107,11200,7
88,,2022,,,2022,성수 더힐 센트럴파크뷰,성수동2가,"2,000",성동구,6,120,2,23.33,,,299-140,11200,3
89,,2003,신규,22.06~23.06,2022,성원상떼뷰오피스텔,성수동2가,"1,000",성동구,6,65,2,28.08,,,277-37,11200,3
90,,2022,신규,22.06~24.06,2022,르하임성수,성수동2가,"26,500",성동구,6,0,2,16.97,,,321-107,11200,7
91,,2022,신규,22.06~24.06,2022,르하임성수,성수동2가,"24,500",성동구,6,0,3,16.97,,,321-107,11200,3
92,,2022,신규,22.06~23.06,2022,성수 더힐 센트럴파크뷰,성수동2가,"2,000",성동구,6,120,8,23.33,,,299-140,11200,10
93,,2022,신규,22.06~24.06,2022,르하임성수,성수동2가,"1,000",성동구,6,110,9,16.97,,,321-107,11200,5
94,,2019,갱신,22.06~23.06,2022,테라타워,성수동2가,"24,500",성동구,6,0,11,20.28,"24,000",,299-242,11200,3
95,,2003,신규,22.07~24.04,2022,성원상떼뷰오피스텔,성수동2가,"1,000",성동구,6,65,14,28.08,,,277-37,11200,7
96,,2003,신규,22.07~23.07,2022,성원상떼뷰오피스텔,성수동2가,"1,000",성동구,6,65,15,28.08,,,277-37,11200,10
97,,2003,갱신,22.09~23.08,2022,성원상떼뷰오피스텔,성수동2가,"5,000",성동구,6,53,18,40.94,"5,000",50,277-37,11200,8
98,사용,2003,갱신,22.06~24.06,2022,성원상떼뷰오피스텔,성수동2가,"14,490",성동구,6,0,20,28.08,"13,800",,277-37,11200,9
99,,2017,갱신,22.08~24.08,2022,(299-134),성수동2가,"26,250",성동구,6,0,22,40.2,"25,000",,299-134,11200,3
100,,2022,신규,22.06~24.06,2022,르하임성수,성수동2가,"25,000",성동구,6,0,23,16.97,,,321-107,11200,4
101,,1998,신규,22.07~24.07,2022,성수아카데미타워,성수동2가,"22,000",성동구,6,0,27,32.67,,,277-17,11200,14
102,,2013,신규,22.07~24.07,2022,성수동램킨중흥S클래스오피스텔,성수동2가,"13,000",성동구,6,0,27,18.33,,,277-101,11200,2
103,,2003,신규,22.07~23.07,2022,성원상떼뷰오피스텔,성수동2가,"1,000",성동구,6,60,30,28.08,,,277-37,11200,2
104,,2013,신규,22.07~24.07,2022,성수동램킨중흥S클래스오피스텔,성수동2가,"16,000",성동구,6,0,30,18.33,,,277-101,11200,8
105,,2016,신규,22.06~23.06,2022,서희스타힐스리버파크,용답동,500,성동구,6,60,1,21.9,,,238-12,11200,10
106,,2016,신규,22.06~24.06,2022,서희스타힐스리버파크,용답동,"16,000",성동구,6,0,1,20.21,,,238-12,11200,5
107,,2021,,,2022,(238-5),용답동,"2,349",성동구,6,24,3,30.46,,,238-5,11200,7
108,,2016,신규,22.06~24.06,2022,서희스타힐스리버파크,용답동,500,성동구,6,60,4,21.9,,,238-12,11200,4
109,,2016,신규,22.06~24.06,2022,서희스타힐스리버파크,용답동,"10,000",성동구,6,30,4,20.21,,,238-12,11200,14
110,,2016,,,2022,서희스타힐스리버파크,용답동,"15,000",성동구,6,0,5,21.9,,,238-12,11200,3
111,,2021,,,2022,(238-5),용답동,200,성동구,6,48,7,30.46,,,238-5,11200,7
112,,2021,,,2022,(238-5),용답동,"3,840",성동구,6,40,7,30.46,,,238-5,11200,8
113,,2021,,,2022,(238-5),용답동,100,성동구,6,30,7,30.46,,,238-5,11200,12
114,,2021,,,2022,(238-5),용답동,"5,773",성동구,6,5,7,30.14,,,238-5,11200,15
115,,2021,,,2022,(238-5),용답동,"3,915",성동구,6,40,7,30.46,,,238-5,11200,3
116,,2021,,,2022,(238-5),용답동,200,성동구,6,48,7,30.46,,,238-5,11200,10
117,,2021,신규,22.06~24.08,2022,(238-5),용답동,"3,915",성동구,6,40,7,30.46,,,238-5,11200,8
118,,2021,,,2022,(238-5),용답동,"4,622",성동구,6,6,7,32.12,,,238-5,11200,12
119,,2021,,,2022,(238-5),용답동,"5,149",성동구,6,12,7,32.12,,,238-5,11200,8
120,,2021,,,2022,(238-5),용답동,100,성동구,6,30,7,30.46,,,238-5,11200,7
121,,2021,,,2022,(238-5),용답동,"5,773",성동구,6,5,7,30.14,,,238-5,11200,8
122,,2021,,,2022,(238-5),용답동,"2,502",성동구,6,26,7,32.12,,,238-5,11200,5
123,,2021,,,2022,(238-5),용답동,"2,565",성동구,6,26,7,32.12,,,238-5,11200,14
124,,2021,,,2022,(238-5),용답동,"4,050",성동구,6,42,7,30.46,,,238-5,11200,9
125,,2021,,,2022,(238-5),용답동,"2,565",성동구,6,26,7,32.12,,,238-5,11200,8
126,,2021,,,2022,(238-5),용답동,"2,565",성동구,6,26,7,32.12,,,238-5,11200,13
127,,2021,,,2022,(238-5),용답동,"3,870",성동구,6,40,7,30.46,,,238-5,11200,11
128,,2021,,,2022,(238-5),용답동,"3,705",성동구,6,38,7,30.46,,,238-5,11200,3
129,,2021,,,2022,(238-5),용답동,"6,353",성동구,6,5,7,32.12,,,238-5,11200,13
130,,2016,신규,22.06~23.06,2022,서희스타힐스리버파크,용답동,500,성동구,6,53,7,21.9,,,238-12,11200,5
131,,2021,신규,22.06~24.08,2022,(238-5),용답동,"9,510",성동구,6,8,7,30.46,,,238-5,11200,2
132,,2021,,,2022,(238-5),용답동,"4,050",성동구,6,42,7,30.46,,,238-5,11200,6
133,,2021,,,2022,(238-5),용답동,"9,836",성동구,6,13,7,32.12,,,238-5,11200,10
134,,2021,,,2022,(238-5),용답동,100,성동구,6,31,7,32.12,,,238-5,11200,5
135,,2021,,,2022,(238-5),용답동,"2,403",성동구,6,25,8,30.46,,,238-5,11200,9
136,,2016,신규,22.06~24.06,2022,서희스타힐스리버파크,용답동,"16,000",성동구,6,0,8,21.9,,,238-12,11200,4
137,,2021,,,2022,(238-5),용답동,"3,840",성동구,6,40,8,30.46,,,238-5,11200,2
138,,2021,,,2022,(238-5),용답동,"2,565",성동구,6,26,8,32.12,,,238-5,11200,13
139,,2021,,,2022,(238-5),용답동,"2,322",성동구,6,24,8,30.46,,,238-5,11200,13
140,,2021,,,2022,(238-5),용답동,"4,183",성동구,6,29,8,32.12,,,238-5,11200,5
141,,2021,,,2022,(238-5),용답동,"3,795",성동구,6,39,8,30.46,,,238-5,11200,3
142,,2021,,,2022,(238-5),용답동,"9,397",성동구,6,8,8,30.46,,,238-5,11200,3
143,,2021,,,2022,(238-5),용답동,"6,023",성동구,6,30,8,30.46,,,238-5,11200,12
144,,2021,,,2022,(238-5),용답동,"3,280",성동구,6,19,8,30.46,,,238-5,11200,15
145,,2021,,,2022,(238-5),용답동,"3,870",성동구,6,40,8,30.46,,,238-5,11200,11
146,,2021,,,2022,(238-5),용답동,"5,816",성동구,6,5,8,30.46,,,238-5,11200,4
147,,2021,,,2022,(238-5),용답동,"8,326",성동구,6,15,8,30.46,,,238-5,11200,11
148,,2021,,,2022,(238-5),용답동,100,성동구,6,28,8,30.14,,,238-5,11200,16
149,,2021,신규,22.06~24.08,2022,(238-5),용답동,"7,040",성동구,6,11,9,30.46,,,238-5,11200,16
150,,2021,,,2022,(238-5),용답동,"2,565",성동구,6,26,9,32.12,,,238-5,11200,12
151,,2021,,,2022,(238-5),용답동,"2,349",성동구,6,24,9,30.46,,,238-5,11200,5
152,,2021,,,2022,(238-5),용답동,"2,430",성동구,6,25,9,30.46,,,238-5,11200,10
153,,2021,,,2022,(238-5),용답동,"4,005",성동구,6,41,9,30.46,,,238-5,11200,9
154,,2021,,,2022,(238-5),용답동,"2,528",성동구,6,18,9,32.12,,,238-5,11200,6
155,,2021,,,2022,(238-5),용답동,"10,030",성동구,6,8,9,30.46,,,238-5,11200,7
156,,2021,,,2022,(238-5),용답동,"2,403",성동구,6,25,9,30.46,,,238-5,11200,8
157,,2016,,,2022,서희스타힐스리버파크,용답동,"15,700",성동구,6,0,9,20.21,,,238-12,11200,11
158,,2021,,,2022,(238-5),용답동,"4,511",성동구,6,6,9,32.12,,,238-5,11200,5
159,,2021,,,2022,(238-5),용답동,"3,840",성동구,6,40,9,30.46,,,238-5,11200,5
160,,2021,,,2022,(238-5),용답동,200,성동구,6,50,9,30.46,,,238-5,11200,14
161,,2021,,,2022,(238-5),용답동,200,성동구,6,48,9,30.46,,,238-5,11200,16
162,,2021,,,2022,(238-5),용답동,"2,304",성동구,6,24,9,30.46,,,238-5,11200,2
163,,2021,,,2022,(238-5),용답동,"6,353",성동구,6,5,9,32.12,,,238-5,11200,12
164,,1985,갱신,22.08~23.08,2022,(233-8),용답동,"1,000",성동구,6,65,9,21.9,"1,000",62,233-8,11200,7
165,,2021,,,2022,(238-5),용답동,"3,840",성동구,6,40,10,30.46,,,238-5,11200,10
166,,2021,,,2022,(238-5),용답동,"2,430",성동구,6,25,10,30.46,,,238-5,11200,6
167,,2021,,,2022,(238-5),용답동,"4,005",성동구,6,41,10,30.46,,,238-5,11200,10
168,,2021,,,2022,(238-5),용답동,"2,403",성동구,6,25,10,30.46,,,238-5,11200,15
169,,2021,,,2022,(238-5),용답동,"3,870",성동구,6,40,10,30.46,,,238-5,11200,12
170,,2021,,,2022,(238-5),용답동,"5,773",성동구,6,5,10,30.14,,,238-5,11200,5
171,,2021,,,2022,(238-5),용답동,"3,840",성동구,6,40,10,30.46,,,238-5,11200,3
172,,2021,,,2022,(238-5),용답동,100,성동구,6,29,10,30.46,,,238-5,11200,9
173,,2021,,,2022,(238-5),용답동,"10,327",성동구,6,9,10,32.12,,,238-5,11200,4
174,,2021,,,2022,(238-5),용답동,"2,430",성동구,6,25,10,30.46,,,238-5,11200,11
175,,2021,,,2022,(238-5),용답동,100,성동구,6,30,10,30.46,,,238-5,11200,11
176,,2021,,,2022,(238-5),용답동,"5,816",성동구,6,5,10,30.46,,,238-5,11200,11
177,,2016,갱신,22.06~23.06,2022,서희스타힐스리버파크,용답동,500,성동구,6,60,11,21.95,500,60,238-12,11200,15
178,,2020,신규,22.08~24.08,2022,용답동 큐브스테이트,용답동,"20,400",성동구,6,0,11,18.78,,,229-11,11200,15
179,,2016,신규,22.07~23.07,2022,서희스타힐스리버파크,용답동,"14,000",성동구,6,0,11,20.21,,,238-12,11200,10
180,,2013,갱신,22.06~23.06,2022,어반 오피스텔,용답동,"1,000",성동구,6,77,13,29.64,"1,000",77,229-10,11200,10
181,,2016,,,2022,서희스타힐스리버파크,용답동,"13,860",성동구,6,0,15,20.21,,,238-12,11200,6
182,,2016,갱신,,2022,서희스타힐스리버파크,용답동,500,성동구,6,60,15,21.9,500,60,238-12,11200,13
183,,2021,,,2022,시그너스,용답동,500,성동구,6,74,15,17.03,,,229-9,11200,15
184,사용,2016,갱신,22.06~23.06,2022,서희스타힐스리버파크,용답동,"13,200",성동구,6,0,18,21.95,"12,600",,238-12,11200,10
185,,2016,신규,22.07~24.07,2022,서희스타힐스리버파크,용답동,"16,500",성동구,6,0,19,21.9,,,238-12,11200,8
186,,2020,신규,22.07~24.07,2022,The Mark,용답동,"26,700",성동구,6,0,20,33.58,,,228-8,11200,7
187,,2021,신규,22.07~24.07,2022,k-타워,용답동,"1,000",성동구,6,70,20,18.42,,,229-2,11200,7
188,,2016,신규,22.06~24.06,2022,서희스타힐스리버파크,용답동,"2,000",성동구,6,57,20,21.9,,,238-12,11200,13
189,,1991,신규,22.06~24.06,2022,삼호오피스텔,용답동,500,성동구,6,40,21,26.25,,,236-5,11200,3
190,,2016,신규,22.06~24.06,2022,서희스타힐스리버파크,용답동,"2,000",성동구,6,57,22,21.9,,,238-12,11200,14
191,,2016,갱신,22.07~24.07,2022,서희스타힐스리버파크,용답동,"13,100",성동구,6,0,23,20.21,"12,500",,238-12,11200,15
192,,2016,,,2022,서희스타힐스리버파크,용답동,300,성동구,6,60,24,21.9,,,238-12,11200,4
193,,2016,신규,22.08~24.08,2022,서희스타힐스리버파크,용답동,"16,000",성동구,6,0,25,21.9,,,238-12,11200,11
194,,1991,신규,22.07~24.07,2022,삼호오피스텔,용답동,"1,000",성동구,6,40,27,26.25,,,236-5,11200,7
195,,2021,신규,22.08~23.08,2022,시그너스,용답동,500,성동구,6,74,27,18.69,,,229-9,11200,13
196,,2016,갱신,22.07~23.07,2022,서희스타힐스리버파크,용답동,"13,000",성동구,6,0,29,20.21,"13,000",,238-12,11200,9
197,,2016,신규,22.07~23.07,2022,서희스타힐스리버파크,용답동,"14,500",성동구,6,0,30,21.9,,,238-12,11200,8
198,,2016,신규,22.07~24.07,2022,서희스타힐스리버파크,용답동,500,성동구,6,57,30,20.21,,,238-12,11200,12
0,사용,2003,갱신,22.08~24.08,2022,노블리안,상왕십리동,"15,750",성동구,7,0,4,30.81,"15,000",,750,11200,7
1,,2003,신규,22.08~24.08,2022,노블리안,상왕십리동,"16,500",성동구,7,0,4,30.81,,,750,11200,4
2,,2003,신규,22.07~24.07,2022,노블리안,상왕십리동,"1,000",성동구,7,75,5,30.81,,,750,11200,7
3,사용,2003,갱신,22.08~24.08,2022,노블리안,상왕십리동,"15,750",성동구,7,0,8,30.81,"15,000",,750,11200,7
4,사용,2003,갱신,22.08~24.08,2022,노블리안,상왕십리동,"15,750",성동구,7,0,12,30.81,"15,000",,750,11200,3
5,사용,2003,갱신,22.08~23.08,2022,노블리안,상왕십리동,"15,750",성동구,7,0,14,30.81,"15,000",,750,11200,5
6,,2003,신규,22.07~23.07,2022,노블리안,상왕십리동,"2,000",성동구,7,65,16,30.81,,,750,11200,2
7,,2003,신규,22.07~23.07,2022,노블리안,상왕십리동,"2,000",성동구,7,55,17,25.74,,,750,11200,13
8,사용,2003,갱신,22.08~24.08,2022,노블리안,상왕십리동,"15,750",성동구,7,0,19,30.81,"15,000",,750,11200,3
9,,2003,신규,22.09~24.09,2022,노블리안,상왕십리동,"17,000",성동구,7,0,27,30.81,,,750,11200,11
10,사용,2003,갱신,22.09~24.09,2022,노블리안,상왕십리동,"15,750",성동구,7,0,28,30.81,"15,000",,750,11200,12
11,사용,2003,갱신,22.09~24.09,2022,노블리안,상왕십리동,"14,700",성동구,7,0,29,25.74,"14,000",,750,11200,8
12,,2016,신규,22.07~23.07,2022,센트라스,하왕십리동,"2,000",성동구,7,100,2,32.53,,,1070,11200,14
13,,2016,신규,22.07~24.07,2022,센트라스,하왕십리동,"30,500",성동구,7,0,3,29.16,,,1070,11200,16
14,,2016,신규,22.07~23.07,2022,센트라스,하왕십리동,"1,000",성동구,7,97,10,29.16,,,1070,11200,15
15,,2011,신규,22.08~23.08,2022,리오파크 오피스텔,하왕십리동,"3,000",성동구,7,55,14,24.07,,,898-2,11200,12
16,,2016,신규,22.08~23.08,2022,센트라스,하왕십리동,"10,000",성동구,7,80,14,32.53,,,1070,11200,15
17,,2005,,,2022,동인 레반트 오피스텔,하왕십리동,"17,000",성동구,7,0,14,30.32,,,903-3,11200,4
18,,2016,신규,22.08~23.08,2022,센트라스,하왕십리동,"10,000",성동구,7,85,19,32.53,,,1070,11200,7
19,,2017,갱신,22.07~23.07,2022,동인드림힐스,하왕십리동,"5,000",성동구,7,78,19,27.51,"5,000",68,890-181,11200,7
20,,2017,,,2022,동인드림힐스,하왕십리동,"26,120",성동구,7,0,22,27.14,,,890-181,11200,10
21,,2005,,,2022,동인 레반트 오피스텔,하왕십리동,"8,000",성동구,7,30,25,27.54,,,903-3,11200,12
22,사용,2016,갱신,22.08~23.08,2022,센트라스,하왕십리동,"1,000",성동구,7,99,26,32.53,"1,000",95,1070,11200,9
23,,2016,신규,22.08~23.08,2022,센트라스,하왕십리동,"1,000",성동구,7,110,29,31.01,,,1070,11200,6
24,,2016,신규,22.08~24.08,2022,센트라스,하왕십리동,"30,000",성동구,7,0,30,31.01,,,1070,11200,20
25,사용,2018,갱신,22.08~24.08,2022,비앤리베스텔,홍익동,"16,400",성동구,7,0,1,16.74,"15,700",,146-1,11200,6
26,,2018,신규,22.09~24.09,2022,뉴센트빌,홍익동,"36,750",성동구,7,0,23,50.77,,,125-1,11200,5
27,사용,2020,갱신,22.08~24.08,2022,왕십리렉스프리미엄오피스텔,도선동,"24,800",성동구,7,0,1,18.63,"24,000",,257,11200,16
28,,2017,신규,22.07~24.07,2022,한성아펠타워,도선동,"25,000",성동구,7,0,1,23.58,,,53,11200,7
29,,2020,신규,22.07~24.07,2022,왕십리렉스프리미엄오피스텔,도선동,"23,000",성동구,7,0,2,18.63,,,257,11200,11
30,,2017,신규,22.07~23.07,2022,한성아펠타워,도선동,"3,000",성동구,7,85,2,23.58,,,53,11200,12
31,,2020,신규,22.08~23.08,2022,왕십리렉스프리미엄오피스텔,도선동,"3,600",성동구,7,76,2,18.63,,,257,11200,15
32,,2020,,,2022,왕십리렉스프리미엄오피스텔,도선동,"23,600",성동구,7,0,2,18.63,,,257,11200,13
33,,2018,신규,22.08~23.08,2022,렉스오피스텔,도선동,"22,000",성동구,7,0,2,20.35,,,268,11200,5
34,,2018,신규,22.08~24.08,2022,렉스오피스텔,도선동,"19,000",성동구,7,0,5,20.35,,,268,11200,3
35,,2020,,,2022,왕십리렉스프리미엄오피스텔,도선동,"23,000",성동구,7,0,6,18.63,,,257,11200,13
36,,2017,신규,22.08~24.08,2022,한성아펠타워,도선동,"26,000",성동구,7,0,7,23.61,,,53,11200,7
37,,2018,신규,22.08~23.08,2022,W에비뉴타워,도선동,"22,050",성동구,7,0,7,23.32,,,46,11200,13
38,,2017,신규,22.08~23.07,2022,한성아펠타워,도선동,"1,000",성동구,7,90,8,23.58,,,53,11200,4
39,,2022,신규,22.07~23.07,2022,성동 트레비스타 오피스텔,도선동,"2,000",성동구,7,95,8,19.84,,,256-5,11200,9
40,,2022,신규,22.07~23.07,2022,왕십리역 요진 와이하우스,도선동,"12,000",성동구,7,70,9,29.28,,,2,11200,9
41,,2022,신규,22.07~24.07,2022,왕십리역 요진 와이하우스,도선동,"33,500",성동구,7,0,9,29.28,,,2,11200,15
42,,2022,신규,22.07~24.07,2022,왕십리역 요진 와이하우스,도선동,"2,000",성동구,7,90,15,23.61,,,2,11200,6
43,,2020,갱신,22.08~23.08,2022,왕십리렉스프리미엄오피스텔,도선동,"10,000",성동구,7,49,15,18.63,"10,000",45,257,11200,17
44,,2017,신규,22.08~23.08,2022,한성아펠타워,도선동,"2,000",성동구,7,90,15,23.58,,,53,11200,9
45,,2020,신규,22.08~23.08,2022,왕십리렉스프리미엄오피스텔,도선동,"1,000",성동구,7,84,16,18.63,,,257,11200,5
46,,2022,신규,22.08~24.08,2022,왕십리역 요진 와이하우스,도선동,"32,500",성동구,7,0,16,29.28,,,2,11200,11
47,,2022,신규,22.08~24.08,2022,왕십리역 요진 와이하우스,도선동,"28,000",성동구,7,0,16,25.27,,,2,11200,9
48,,2020,,,2022,왕십리렉스프리미엄오피스텔,도선동,"22,000",성동구,7,0,18,18.63,,,257,11200,11
49,,2022,신규,22.09~24.09,2022,성동 트레비스타 오피스텔,도선동,"24,800",성동구,7,0,19,19.84,,,256-5,11200,5
50,,2018,신규,22.08~24.08,2022,렉스오피스텔,도선동,"19,000",성동구,7,0,20,20.35,,,268,11200,4
51,,2022,신규,22.08~23.02,2022,성동 트레비스타 오피스텔,도선동,"1,000",성동구,7,85,21,18.51,,,256-5,11200,15
52,,2022,신규,22.08~24.08,2022,왕십리역 요진 와이하우스,도선동,"13,000",성동구,7,65,21,29.31,,,2,11200,16
53,,2014,갱신,22.09~24.09,2022,J&J빌딩,도선동,"20,000",성동구,7,0,21,29.1,"17,000",,276,11200,8
54,,2022,신규,22.08~24.08,2022,왕십리역 요진 와이하우스,도선동,"34,000",성동구,7,0,23,29.28,,,2,11200,8
55,,2020,신규,22.08~23.08,2022,왕십리렉스프리미엄오피스텔,도선동,"5,000",성동구,7,70,23,18.63,,,257,11200,6
56,,2020,신규,22.09~24.09,2022,왕십리렉스프리미엄오피스텔,도선동,"23,500",성동구,7,0,23,18.63,,,257,11200,14
57,,2022,신규,22.08~24.08,2022,왕십리역 요진 와이하우스,도선동,"32,000",성동구,7,0,25,29.28,,,2,11200,7
58,,2018,신규,22.07~24.07,2022,렉스오피스텔,도선동,"7,000",성동구,7,48,25,21.49,,,268,11200,2
59,,2022,,,2022,왕십리역 요진 와이하우스,도선동,"12,000",성동구,7,60,26,29.28,,,2,11200,6
60,,2020,신규,22.08~23.08,2022,왕십리렉스프리미엄오피스텔,도선동,"10,000",성동구,7,50,26,18.63,,,257,11200,4
61,,2022,신규,22.08~24.08,2022,왕십리역 요진 와이하우스,도선동,"4,000",성동구,7,115,28,29.31,,,2,11200,19
62,,2020,갱신,22.08~24.08,2022,왕십리렉스프리미엄오피스텔,도선동,"1,000",성동구,7,84,28,18.63,"1,000",80,257,11200,16
63,,2018,,,2022,렉스오피스텔,도선동,"18,900",성동구,7,0,28,21.27,,,268,11200,7
64,사용,2020,갱신,22.07~24.07,2022,왕십리렉스프리미엄오피스텔,도선동,"15,750",성동구,7,0,29,18.63,"15,000",,257,11200,5
65,,2022,신규,22.08~23.08,2022,왕십리역 요진 와이하우스,도선동,"2,000",성동구,7,100,29,29.31,,,2,11200,4
66,,2022,신규,22.08~24.12,2022,왕십리역 요진 와이하우스,도선동,"5,000",성동구,7,100,29,29.28,,,2,11200,14
67,,2018,신규,22.08~24.08,2022,W에비뉴타워,도선동,"1,000",성동구,7,85,30,23.32,,,46,11200,12
68,,2018,신규,22.08~24.08,2022,트레저힐스,마장동,"2,000",성동구,7,80,4,26.36,,,775-2,11200,2
69,,2018,신규,22.07~24.07,2022,트레저힐스,마장동,"2,000",성동구,7,90,7,27.92,,,775-4,11200,2
70,,2018,,,2022,트레저힐스,마장동,"13,000",성동구,7,50,16,29.17,,,775-4,11200,2
71,,2018,신규,22.08~24.08,2022,트레저힐스,마장동,"15,000",성동구,7,46,20,29.51,,,775-4,11200,3
72,,2006,신규,22.07~23.07,2022,왕십리역이스타빌,행당동,"1,000",성동구,7,70,4,21.91,,,287-15,11200,7
73,,2006,신규,22.08~24.08,2022,왕십리역이스타빌,행당동,"25,000",성동구,7,0,14,31.63,,,287-15,11200,7
74,,2020,갱신,22.10~24.10,2022,1동,행당동,"16,800",성동구,7,0,16,17.27,"16,000",,292-28,11200,3
75,,2020,갱신,22.08~23.02,2022,1동,행당동,"13,000",성동구,7,0,20,13.81,"13,000",,292-28,11200,4
76,,2006,신규,22.08~24.08,2022,왕십리역이스타빌,행당동,"18,000",성동구,7,0,23,23.89,,,287-15,11200,9
77,,2004,신규,,2022,성동샤르망,행당동,"1,000",성동구,7,60,25,24.84,,,192-29,11200,9
78,,2006,신규,22.09~23.09,2022,왕십리역이스타빌,행당동,"1,000",성동구,7,70,26,21.91,,,287-15,11200,14
79,,2003,신규,22.07~24.07,2022,재호예향빌,금호동4가,"1,000",성동구,7,80,22,28.67,,,1028,11200,2
80,,2004,갱신,22.08~23.08,2022,성원상떼뷰,옥수동,"4,000",성동구,7,55,21,28,"5,000",50,475,11200,13
81,,2004,신규,22.08~23.09,2022,성원상떼뷰,옥수동,"1,000",성동구,7,65,21,25.6,,,475,11200,11
82,,2004,,,2022,성원상떼뷰,옥수동,"7,000",성동구,7,18,28,27.01,,,475,11200,11
83,,2004,신규,22.08~24.07,2022,성원상떼뷰,옥수동,"1,000",성동구,7,75,29,27.01,,,475,11200,11
84,,2019,,,2022,EPISODE Seong Su 121,성수동1가,"1,000",성동구,7,117,1,17.17,,,26-3,11200,9
85,,2018,신규,22.10~24.10,2022,서울숲 프라임 알파,성수동1가,"39,900",성동구,7,0,5,59.18,,,13-120,11200,6
86,,2015,신규,22.09~24.09,2022,위더스 빌,성수동1가,"26,460",성동구,7,0,5,42.76,,,33-23,11200,7
87,,2004,,,2022,Biz-Well 성수,성수동1가,"10,000",성동구,7,0,5,20.69,,,33-21,11200,10
88,,2005,신규,22.08~24.08,2022,뚝섬리버빌,성수동1가,"1,000",성동구,7,65,7,23.17,,,13-117,11200,3
89,,2018,신규,22.11~24.11,2022,서울숲 프라임 알파,성수동1가,"42,600",성동구,7,0,8,59.18,,,13-120,11200,7
90,,2003,신규,22.07~24.07,2022,성수동 뉴타운오피스텔,성수동1가,"22,000",성동구,7,0,9,30.81,,,72-69,11200,2
91,,2003,신규,22.08~24.08,2022,성수동 뉴타운오피스텔,성수동1가,"10,000",성동구,7,45,12,30.02,,,72-69,11200,7
92,,2004,신규,22.07~24.07,2022,Biz-Well 성수,성수동1가,"3,000",성동구,7,35,12,19.08,,,33-21,11200,9
93,,2003,신규,22.07~23.07,2022,성수동 뉴타운오피스텔,성수동1가,"4,000",성동구,7,80,12,29.23,,,72-69,11200,2
94,,2013,갱신,22.08~23.12,2022,서울숲오피스텔,성수동1가,"32,500",성동구,7,0,13,49.16,"26,500",,656-392,11200,5
95,,2019,신규,22.07~22.11,2022,EPISODE Seong Su 121,성수동1가,300,성동구,7,104,15,17.17,,,26-3,11200,5
96,,1997,신규,22.08~24.08,2022,청재오피스텔,성수동1가,"5,000",성동구,7,100,18,34.16,,,72-71,11200,4
97,,2019,신규,22.07~23.01,2022,EPISODE Seong Su 121,성수동1가,"1,000",성동구,7,91,19,17.17,,,26-3,11200,6
98,,2005,,,2022,뚝섬리버빌,성수동1가,"10,000",성동구,7,50,20,34.78,,,13-117,11200,6
99,,2019,신규,22.07~23.07,2022,EPISODE Seong Su 121,성수동1가,"1,000",성동구,7,117,21,17.17,,,26-3,11200,9
100,,2004,신규,22.09~24.08,2022,이에스에이리버하우스,성수동1가,"47,000",성동구,7,0,21,63.74,,,13-12,11200,6
101,,2003,갱신,22.07~24.07,2022,성수동 뉴타운오피스텔,성수동1가,"16,200",성동구,7,0,21,31.6,"15,430",,72-69,11200,7
102,,2003,갱신,22.08~24.08,2022,성수동 뉴타운오피스텔,성수동1가,"17,000",성동구,7,0,24,30.81,"17,000",,72-69,11200,4
103,,2003,갱신,22.07~24.07,2022,성원상떼뷰오피스텔,성수동2가,"8,000",성동구,7,35,11,28.08,"3,000",45,277-37,11200,4
104,,2022,신규,22.07~24.07,2022,르하임성수,성수동2가,"28,000",성동구,7,0,13,16.97,,,321-107,11200,8
105,,2013,신규,22.08~23.08,2022,성수동램킨중흥S클래스오피스텔,성수동2가,"1,000",성동구,7,59,14,18.33,,,277-101,11200,5
106,,2003,갱신,22.08~23.08,2022,성원상떼뷰오피스텔,성수동2가,"1,000",성동구,7,65,15,28.08,"1,000",60,277-37,11200,6
107,,2003,신규,22.07~23.07,2022,성원상떼뷰오피스텔,성수동2가,"1,000",성동구,7,65,16,28.08,,,277-37,11200,10
108,사용,2003,갱신,22.08~24.08,2022,성원상떼뷰오피스텔,성수동2가,"2,000",성동구,7,55,16,28.08,"2,000",55,277-37,11200,11
109,,2003,신규,,2022,성원상떼뷰오피스텔,성수동2가,"1,000",성동구,7,60,19,28.08,,,277-37,11200,7
110,,2003,갱신,22.08~23.08,2022,성원상떼뷰오피스텔,성수동2가,"1,000",성동구,7,60,19,24.84,"4,000",40,277-37,11200,3
111,,2013,신규,22.08~23.08,2022,성수동램킨중흥S클래스오피스텔,성수동2가,"1,000",성동구,7,57,21,18.33,,,277-101,11200,7
112,,2022,신규,22.08~24.08,2022,성수 더힐 센트럴파크뷰,성수동2가,"43,000",성동구,7,0,26,29.33,,,299-140,11200,11
113,,2022,신규,22.08~23.08,2022,성수 더힐 센트럴파크뷰,성수동2가,"15,000",성동구,7,70,26,23.33,,,299-140,11200,12
114,,2022,신규,22.08~24.08,2022,성수 더힐 센트럴파크뷰,성수동2가,"31,000",성동구,7,0,27,23.33,,,299-140,11200,5
115,,2022,신규,22.07~23.07,2022,성수 더힐 센트럴파크뷰,성수동2가,"1,000",성동구,7,150,29,23.33,,,299-140,11200,7
116,,2016,,,2022,서희스타힐스리버파크,용답동,"14,000",성동구,7,0,1,21.9,,,238-12,11200,3
117,,2016,신규,22.07~24.07,2022,서희스타힐스리버파크,용답동,"1,000",성동구,7,60,1,21.9,,,238-12,11200,10
118,,2016,,,2022,서희스타힐스리버파크,용답동,"14,175",성동구,7,0,2,20.21,,,238-12,11200,14
119,,2016,신규,22.07~24.07,2022,서희스타힐스리버파크,용답동,"16,000",성동구,7,0,2,21.9,,,238-12,11200,12
120,,2016,신규,,2022,서희스타힐스리버파크,용답동,"15,700",성동구,7,0,2,20.21,,,238-12,11200,11
121,,2016,갱신,,2022,서희스타힐스리버파크,용답동,"13,900",성동구,7,0,2,20.21,"13,500",,238-12,11200,14
122,,2016,신규,22.08~24.08,2022,서희스타힐스리버파크,용답동,"14,500",성동구,7,0,2,20.21,,,238-12,11200,4
123,,2016,,,2022,서희스타힐스리버파크,용답동,"1,000",성동구,7,60,2,21.9,,,238-12,11200,11
124,,1991,신규,22.08~24.08,2022,삼호오피스텔,용답동,"8,500",성동구,7,0,3,26.25,,,236-5,11200,6
125,,2021,,,2022,k-타워,용답동,"2,000",성동구,7,65,4,18.42,,,229-2,11200,14
126,,2021,신규,22.08~23.08,2022,k-타워,용답동,"2,000",성동구,7,65,4,18.42,,,229-2,11200,12
127,,2006,신규,22.08~24.08,2022,신창비바패밀리,용답동,"33,000",성동구,7,0,5,70.12,,,232-1,11200,4
128,,2006,신규,22.08~24.08,2022,신창비바패밀리,용답동,"33,000",성동구,7,0,6,70.12,,,232-1,11200,4
129,,2020,,,2022,The Mark,용답동,"5,000",성동구,7,80,6,33.58,,,228-8,11200,8
130,,2020,신규,22.08~23.08,2022,The Mark,용답동,"5,000",성동구,7,80,6,33.58,,,228-8,11200,8
131,,2020,,,2022,The Mark,용답동,"5,000",성동구,7,80,6,33.58,,,228-8,11200,8
132,,2021,,,2022,k-타워,용답동,"3,000",성동구,7,60,7,18.42,,,229-2,11200,10
133,,2016,신규,22.08~24.08,2022,서희스타힐스리버파크,용답동,"16,000",성동구,7,0,7,21.9,,,238-12,11200,11
134,,2016,,,2022,서희스타힐스리버파크,용답동,"1,000",성동구,7,29,8,20.21,,,238-12,11200,15
135,,1991,신규,22.07~24.07,2022,삼호오피스텔,용답동,"7,000",성동구,7,0,8,26.25,,,236-5,11200,4
136,,2016,,,2022,서희스타힐스리버파크,용답동,"12,000",성동구,7,10,8,21.9,,,238-12,11200,3
137,,2016,,,2022,서희스타힐스리버파크,용답동,"15,500",성동구,7,0,8,21.9,,,238-12,11200,3
138,,2016,신규,22.08~23.08,2022,서희스타힐스리버파크,용답동,"14,500",성동구,7,0,11,21.9,,,238-12,11200,9
139,,2021,,,2022,(238-5),용답동,200,성동구,7,48,13,30.46,,,238-5,11200,3
140,,2021,,,2022,(238-5),용답동,200,성동구,7,52,13,32.12,,,238-5,11200,16
141,,2016,,,2022,서희스타힐스리버파크,용답동,"16,000",성동구,7,0,13,21.9,,,238-12,11200,5
142,,2021,,,2022,(238-5),용답동,"4,230",성동구,7,44,13,32.12,,,238-5,11200,16
143,,2021,,,2022,(238-5),용답동,"4,005",성동구,7,41,13,30.46,,,238-5,11200,14
144,,2021,,,2022,(238-5),용답동,"4,140",성동구,7,43,13,32.12,,,238-5,11200,2
145,,2021,,,2022,(238-5),용답동,"3,795",성동구,7,39,13,30.14,,,238-5,11200,4
146,,2021,,,2022,(238-5),용답동,"3,915",성동구,7,40,13,30.46,,,238-5,11200,4
147,,2021,신규,22.07~23.07,2022,k-타워,용답동,"1,000",성동구,7,85,13,25.66,,,229-2,11200,9
148,,2021,,,2022,(238-5),용답동,"5,227",성동구,7,20,13,30.46,,,238-5,11200,12
149,,2021,신규,22.07~24.09,2022,(238-5),용답동,"9,807",성동구,7,8,13,30.46,,,238-5,11200,4
150,,2021,신규,22.07~24.09,2022,(238-5),용답동,200,성동구,7,49,13,30.46,,,238-5,11200,6
151,,2021,,,2022,(238-5),용답동,200,성동구,7,49,13,30.46,,,238-5,11200,3
152,,2021,,,2022,(238-5),용답동,"9,836",성동구,7,13,13,32.12,,,238-5,11200,13
153,,2021,,,2022,(238-5),용답동,"4,275",성동구,7,44,13,32.12,,,238-5,11200,13
154,,2021,,,2022,(238-5),용답동,"9,696",성동구,7,8,13,30.46,,,238-5,11200,4
155,,2021,,,2022,(238-5),용답동,"10,252",성동구,7,9,13,32.12,,,238-5,11200,2
156,,2016,신규,22.08~24.08,2022,서희스타힐스리버파크,용답동,"16,000",성동구,7,0,13,21.9,,,238-12,11200,10
157,,2021,,,2022,(238-5),용답동,"3,885",성동구,7,40,14,30.14,,,238-5,11200,6
158,,2021,,,2022,(238-5),용답동,"7,727",성동구,7,11,14,32.12,,,238-5,11200,7
159,,2021,,,2022,(238-5),용답동,"8,009",성동구,7,17,14,30.14,,,238-5,11200,8
160,,2021,,,2022,(238-5),용답동,"10,586",성동구,7,9,14,32.12,,,238-5,11200,7
161,,2021,,,2022,(238-5),용답동,"3,915",성동구,7,40,14,30.46,,,238-5,11200,12
162,,2021,,,2022,(238-5),용답동,"9,696",성동구,7,8,14,30.46,,,238-5,11200,12
163,,2021,,,2022,(238-5),용답동,"3,915",성동구,7,40,14,30.46,,,238-5,11200,8
164,,2021,,,2022,(238-5),용답동,"4,275",성동구,7,44,14,32.12,,,238-5,11200,7
165,,2021,,,2022,(238-5),용답동,"3,915",성동구,7,40,14,30.46,,,238-5,11200,14
166,,2021,,,2022,(238-5),용답동,"9,696",성동구,7,8,14,30.46,,,238-5,11200,14
167,,2021,신규,22.07~24.09,2022,(238-5),용답동,"9,621",성동구,7,8,15,30.14,,,238-5,11200,12
168,,2021,신규,22.07~24.09,2022,(238-5),용답동,"9,696",성동구,7,8,15,30.46,,,238-5,11200,5
169,,2021,,,2022,(238-5),용답동,"3,960",성동구,7,41,15,30.14,,,238-5,11200,12
170,,2021,신규,22.07~24.09,2022,(238-5),용답동,"9,621",성동구,7,8,15,30.14,,,238-5,11200,14
171,,2021,신규,22.07~24.09,2022,(238-5),용답동,200,성동구,7,48,15,30.46,,,238-5,11200,12
172,,2021,,,2022,(238-5),용답동,"9,919",성동구,7,8,15,30.46,,,238-5,11200,7
173,,2021,,,2022,(238-5),용답동,"7,088",성동구,7,10,15,30.46,,,238-5,11200,12
174,,2021,,,2022,(238-5),용답동,"4,275",성동구,7,44,15,32.12,,,238-5,11200,11
175,,2021,,,2022,(238-5),용답동,"4,275",성동구,7,44,15,32.12,,,238-5,11200,12
176,,2021,,,2022,(238-5),용답동,200,성동구,7,51,15,32.12,,,238-5,11200,4
177,,2021,,,2022,(238-5),용답동,"3,915",성동구,7,40,15,30.46,,,238-5,11200,5
178,,2021,,,2022,(238-5),용답동,200,성동구,7,48,15,30.46,,,238-5,11200,16
179,사용,2016,갱신,22.08~23.08,2022,서희스타힐스리버파크,용답동,500,성동구,7,63,16,21.9,500,60,238-12,11200,10
180,,2013,신규,22.07~23.07,2022,어반 오피스텔,용답동,"2,000",성동구,7,52,16,16.21,,,229-10,11200,5
181,,2016,,,2022,서희스타힐스리버파크,용답동,"14,500",성동구,7,0,16,21.9,,,238-12,11200,10
182,,2016,,,2022,서희스타힐스리버파크,용답동,"14,700",성동구,7,0,19,21.9,,,238-12,11200,7
183,,2016,신규,22.08~24.08,2022,서희스타힐스리버파크,용답동,"14,500",성동구,7,0,19,21.9,,,238-12,11200,15
184,,2013,신규,22.08~23.08,2022,어반 오피스텔,용답동,"1,000",성동구,7,57,20,18.98,,,229-10,11200,8
185,,2013,신규,22.07~23.07,2022,어반 오피스텔,용답동,"1,000",성동구,7,45,20,16.21,,,229-10,11200,10
186,,2021,신규,22.08~23.08,2022,k-타워,용답동,"2,000",성동구,7,65,20,18.42,,,229-2,11200,9
187,,2013,신규,22.09~23.09,2022,어반 오피스텔,용답동,"2,000",성동구,7,72,21,29.73,,,229-10,11200,10
188,,2016,신규,22.08~24.08,2022,서희스타힐스리버파크,용답동,"14,100",성동구,7,0,21,20.21,,,238-12,11200,7
189,,2016,,,2022,서희스타힐스리버파크,용답동,"14,000",성동구,7,0,22,20.21,,,238-12,11200,7
190,,2016,,,2022,서희스타힐스리버파크,용답동,"13,650",성동구,7,0,22,20.21,,,238-12,11200,14
191,,2020,신규,22.07~24.07,2022,용답동 큐브스테이트,용답동,"13,000",성동구,7,35,23,18.27,,,229-11,11200,11
192,,2016,신규,22.08~24.08,2022,서희스타힐스리버파크,용답동,"13,500",성동구,7,0,23,19.88,,,238-12,11200,15
193,,2020,신규,22.08~24.08,2022,용답동 큐브스테이트,용답동,"17,500",성동구,7,0,25,18.78,,,229-11,11200,5
194,,2011,신규,22.09~24.09,2022,오르세오피스텔,용답동,"16,000",성동구,7,0,26,42.3,,,238-2,11200,2
195,,2021,,,2022,k-타워,용답동,"1,000",성동구,7,70,26,18.42,,,229-2,11200,7
196,,2013,,,2022,어반 오피스텔,용답동,"1,000",성동구,7,45,26,16.21,,,229-10,11200,8
197,,2021,신규,22.08~23.08,2022,시그너스,용답동,500,성동구,7,74,27,17.03,,,229-9,11200,13
198,,2020,신규,22.09~24.09,2022,용답동 큐브스테이트,용답동,"18,300",성동구,7,0,28,18.78,,,229-11,11200,4
199,,2016,,,2022,서희스타힐스리버파크,용답동,"14,500",성동구,7,0,29,20.21,,,238-12,11200,3
200,,2021,신규,22.08~23.08,2022,k-타워,용답동,"2,000",성동구,7,65,29,18.42,,,229-2,11200,11
0,사용,2003,갱신,22.09~24.09,2022,노블리안,상왕십리동,"15,750",성동구,8,0,5,30.81,"15,000",,750,11200,2
1,,2003,신규,22.08~23.08,2022,노블리안,상왕십리동,"8,000",성동구,8,40,8,30.81,,,750,11200,2
2,사용,2003,갱신,22.10~24.10,2022,노블리안,상왕십리동,"5,000",성동구,8,53,10,30.81,"5,000",50,750,11200,7
3,,2003,신규,22.10~24.10,2022,노블리안,상왕십리동,"16,500",성동구,8,0,13,30.81,,,750,11200,7
4,,2003,신규,22.10~24.10,2022,노블리안,상왕십리동,"16,800",성동구,8,5,16,30.81,,,750,11200,14
5,,2003,신규,22.09~23.09,2022,노블리안,상왕십리동,"16,500",성동구,8,0,18,30.81,,,750,11200,3
6,,2003,신규,22.09~23.09,2022,노블리안,상왕십리동,"10,000",성동구,8,30,18,30.81,,,750,11200,4
7,사용,2003,갱신,22.09~24.09,2022,노블리안,상왕십리동,"15,750",성동구,8,0,26,30.81,"15,000",,750,11200,9
8,,2003,신규,22.09~23.09,2022,노블리안,상왕십리동,"1,000",성동구,8,55,27,25.74,,,750,11200,12
9,,2003,신규,22.10~23.10,2022,노블리안,상왕십리동,"1,000",성동구,8,75,31,30.81,,,750,11200,12
10,,2003,갱신,22.09~24.09,2022,노블리안,상왕십리동,"12,600",성동구,8,20,31,30.81,"12,600",,750,11200,2
11,,2011,신규,22.08~24.08,2022,리오파크 오피스텔,하왕십리동,"16,500",성동구,8,0,6,22.82,,,898-2,11200,6
12,,2016,,,2022,센트라스,하왕십리동,"15,000",성동구,8,70,7,32.53,,,1070,11200,20
13,,2017,신규,22.08~22.12,2022,동인드림힐스,하왕십리동,500,성동구,8,100,8,27.51,,,890-181,11200,11
14,,2017,신규,22.08~23.08,2022,동인드림힐스,하왕십리동,"1,000",성동구,8,105,8,27.14,,,890-181,11200,5
15,,2016,신규,22.09~24.09,2022,센트라스,하왕십리동,"2,000",성동구,8,94,11,32.53,,,1070,11200,13
16,,2016,갱신,22.09~23.09,2022,센트라스,하왕십리동,"28,000",성동구,8,60,13,31.01,"28,000",,1070,11200,18
17,,2011,,,2022,리오파크 오피스텔,하왕십리동,"13,500",성동구,8,0,13,24.07,,,898-2,11200,11
18,,2011,신규,22.09~23.09,2022,리오파크 오피스텔,하왕십리동,"1,000",성동구,8,60,16,22.82,,,898-2,11200,15
19,사용,2017,갱신,22.09~23.09,2022,동인드림힐스,하왕십리동,"17,300",성동구,8,0,19,19.24,"16,480",,890-181,11200,7
20,,2011,신규,22.08~23.08,2022,리오파크 오피스텔,하왕십리동,"1,000",성동구,8,65,20,22.97,,,898-2,11200,9
21,,2016,갱신,22.09~23.09,2022,센트라스,하왕십리동,"2,000",성동구,8,95,22,32.53,"2,000",90,1070,11200,17
22,,2017,신규,22.08~23.08,2022,동인드림힐스,하왕십리동,"3,000",성동구,8,55,26,19.24,,,890-181,11200,6
23,,2011,신규,22.09~23.09,2022,리오파크 오피스텔,하왕십리동,"1,000",성동구,8,65,27,22.11,,,898-2,11200,5
24,,2011,신규,22.09~23.09,2022,리오파크 오피스텔,하왕십리동,"1,000",성동구,8,65,27,21.56,,,898-2,11200,5
25,,2016,신규,22.09~24.09,2022,센트라스,하왕십리동,"1,000",성동구,8,110,27,31.01,,,1070,11200,15
26,,2005,신규,22.09~23.09,2022,동인 레반트 오피스텔,하왕십리동,"1,000",성동구,8,70,31,27.54,,,903-3,11200,13
27,,2011,신규,22.10~23.10,2022,리오파크 오피스텔,하왕십리동,"1,000",성동구,8,65,31,22.82,,,898-2,11200,8
28,,2018,,,2022,비앤리베스텔,홍익동,"4,000",성동구,8,51,3,15.92,,,146-1,11200,4
29,,2018,신규,22.08~23.08,2022,비앤리베스텔,홍익동,"2,000",성동구,8,60,9,15.98,,,146-1,11200,4
30,,2018,신규,22.09~24.09,2022,비앤리베스텔,홍익동,"15,400",성동구,8,0,9,16.74,,,146-1,11200,4
31,,2018,,,2022,비앤리베스텔,홍익동,"14,700",성동구,8,0,11,15.92,,,146-1,11200,3
32,,2020,신규,22.08~23.08,2022,왕십리렉스프리미엄오피스텔,도선동,"5,250",성동구,8,63,1,18.63,,,257,11200,14
33,,2022,신규,22.08~23.08,2022,왕십리역 요진 와이하우스,도선동,"2,000",성동구,8,100,3,25.27,,,2,11200,8
34,,2022,신규,22.08~24.08,2022,왕십리역 요진 와이하우스,도선동,"27,000",성동구,8,0,3,25.27,,,2,11200,15
35,,2020,신규,22.08~24.08,2022,왕십리렉스프리미엄오피스텔,도선동,"22,900",성동구,8,0,6,18.63,,,257,11200,5
36,,2022,,,2022,성동 트레비스타 오피스텔,도선동,"23,900",성동구,8,0,8,18.39,,,256-5,11200,6
37,,2020,신규,22.09~24.09,2022,왕십리렉스프리미엄오피스텔,도선동,"24,000",성동구,8,0,10,18.63,,,257,11200,14
38,사용,2018,갱신,22.08~24.08,2022,렉스오피스텔,도선동,"21,000",성동구,8,0,10,20.35,"20,000",,268,11200,6
39,,2022,신규,22.08~24.08,2022,성동 트레비스타 오피스텔,도선동,"23,000",성동구,8,0,11,17.79,,,256-5,11200,5
40,,2020,신규,22.08~24.08,2022,왕십리렉스프리미엄오피스텔,도선동,"23,200",성동구,8,0,12,18.63,,,257,11200,7
41,,2020,,,2022,왕십리렉스프리미엄오피스텔,도선동,"24,000",성동구,8,0,12,18.63,,,257,11200,7
42,,2020,,,2022,왕십리렉스프리미엄오피스텔,도선동,"1,000",성동구,8,89,13,18.63,,,257,11200,14
43,,2022,신규,22.08~23.08,2022,왕십리역 요진 와이하우스,도선동,"3,000",성동구,8,120,13,29.31,,,2,11200,12
44,,2020,신규,22.09~24.09,2022,왕십리렉스프리미엄오피스텔,도선동,"22,000",성동구,8,0,15,18.63,,,257,11200,4
45,,2021,신규,22.08~23.08,2022,서울SR타워,도선동,"1,000",성동구,8,95,16,22.07,,,126,11200,12
46,,2022,신규,22.09~24.09,2022,왕십리역 요진 와이하우스,도선동,"15,000",성동구,8,55,16,29.31,,,2,11200,14
47,,1998,신규,22.08~24.08,2022,신한넥스텔,도선동,"1,000",성동구,8,70,16,41.96,,,14,11200,12
48,,2020,신규,22.09~24.02,2022,비엠빌딩,도선동,"6,000",성동구,8,50,18,21.28,,,292,11200,9
49,사용,2020,갱신,22.08~23.08,2022,왕십리렉스프리미엄오피스텔,도선동,"5,000",성동구,8,110,20,37.34,"5,000",105,257,11200,12
50,,2017,신규,22.09~24.09,2022,한성아펠타워,도선동,"18,000",성동구,8,5,20,23.58,,,53,11200,5
51,,2022,신규,22.08~24.08,2022,왕십리역 요진 와이하우스,도선동,"30,000",성동구,8,0,22,29.28,,,2,11200,15
52,,2020,신규,22.08~24.08,2022,왕십리렉스프리미엄오피스텔,도선동,"1,000",성동구,8,95,23,18.63,,,257,11200,10
53,사용,2020,갱신,22.09~24.09,2022,왕십리렉스프리미엄오피스텔,도선동,"23,100",성동구,8,0,24,18.63,"22,000",,257,11200,8
54,,2018,신규,22.09~24.09,2022,렉스오피스텔,도선동,"20,000",성동구,8,0,26,20.35,,,268,11200,3
55,,1998,갱신,22.09~24.09,2022,신한넥스텔,도선동,"15,200",성동구,8,0,26,39.26,"14,500",,14,11200,15
56,,2022,신규,22.09~23.09,2022,왕십리역 요진 와이하우스,도선동,"12,000",성동구,8,60,27,23.61,,,2,11200,11
57,,2020,신규,22.09~23.09,2022,왕십리렉스프리미엄오피스텔,도선동,"4,000",성동구,8,60,31,18.63,,,257,11200,6
58,,2020,갱신,22.08~24.08,2022,1동,행당동,"13,650",성동구,8,0,1,13.81,"13,000",,292-28,11200,3
59,,2006,신규,22.09~24.09,2022,왕십리역이스타빌,행당동,"1,000",성동구,8,80,15,29.43,,,287-15,11200,10
60,,2004,신규,22.10~24.10,2022,성동샤르망,행당동,"5,000",성동구,8,50,23,27.6,,,192-29,11200,9
61,,2018,신규,22.11~23.11,2022,왕십리 큐브스테이트,행당동,"6,000",성동구,8,33,25,15.98,,,286-25,11200,6
62,,2020,신규,22.08~24.08,2022,1동,행당동,"3,000",성동구,8,55,26,28.23,,,292-28,11200,7
63,,2018,갱신,22.10~24.10,2022,왕십리 큐브스테이트,행당동,"16,530",성동구,8,0,27,16.37,"15,750",,286-25,11200,5
64,,2014,신규,22.10~24.10,2022,서울숲 더샵,행당동,"2,000",성동구,8,105,27,32.49,,,377,11200,4
65,,2004,신규,22.09~24.09,2022,신세계오피스텔,금호동1가,"1,000",성동구,8,60,19,27,,,481-5,11200,5
66,,2004,신규,22.08~23.08,2022,성원상떼뷰,옥수동,"1,000",성동구,8,80,19,27.01,,,475,11200,12
67,,,,,2022,성수리치빌,성수동1가,"17,640",성동구,8,0,2,28.85,,,656-572,11200,2
68,,2019,갱신,22.08~23.08,2022,한스포레,성수동1가,"1,000",성동구,8,92,2,23.49,"1,000",89,72-114,11200,3
69,,2015,신규,22.08~24.08,2022,위더스 빌,성수동1가,"15,000",성동구,8,80,6,44.05,,,33-23,11200,4
70,,2005,,,2022,뚝섬리버빌,성수동1가,"1,000",성동구,8,70,9,28.55,,,13-117,11200,2
71,,2005,신규,22.08~24.08,2022,뚝섬리버빌,성수동1가,"1,000",성동구,8,70,10,29,,,13-117,11200,2
72,,2019,신규,22.08~23.08,2022,EPISODE Seong Su 121,성수동1가,"1,000",성동구,8,94,11,17.17,,,26-3,11200,7
73,,2004,갱신,22.08~24.08,2022,이에스에이리버하우스,성수동1가,"37,800",성동구,8,0,12,63.74,"36,000",,13-12,11200,5
74,,1997,신규,22.08~24.08,2022,청재오피스텔,성수동1가,"3,000",성동구,8,160,14,48.84,,,72-71,11200,6
75,,2004,신규,22.09~24.09,2022,이에스에이리버하우스,성수동1가,"31,000",성동구,8,0,16,39.15,,,13-12,11200,8
76,,,갱신,22.08~24.08,2022,뚝섬리치빌,성수동1가,"16,750",성동구,8,0,16,24.15,"15,960",,656-314,11200,2
77,,2005,신규,22.08~24.08,2022,뚝섬리버빌,성수동1가,"1,000",성동구,8,65,17,26.02,,,13-117,11200,6
78,,2003,신규,22.11~24.11,2022,아트빌딩,성수동1가,"18,000",성동구,8,0,22,27.02,,,685-308,11200,5
79,,2004,신규,22.09~24.09,2022,Biz-Well 성수,성수동1가,"25,000",성동구,8,0,23,39.75,,,33-21,11200,10
80,,2004,신규,22.09~24.09,2022,Biz-Well 성수,성수동1가,"3,000",성동구,8,37,23,24.69,,,33-21,11200,5
81,,2005,신규,22.09~24.09,2022,뚝섬리버빌,성수동1가,"16,000",성동구,8,10,31,29,,,13-117,11200,6
82,,2022,신규,22.08~24.08,2022,성수 더힐 센트럴파크뷰,성수동2가,"12,000",성동구,8,100,2,29.33,,,299-140,11200,9
83,,2019,갱신,22.08~24.08,2022,테라타워,성수동2가,"24,500",성동구,8,0,2,20.28,"24,000",,299-242,11200,3
84,,2022,,,2022,르하임성수,성수동2가,"26,500",성동구,8,0,4,16.97,,,321-107,11200,3
85,,2022,신규,22.08~23.08,2022,르하임성수,성수동2가,"26,500",성동구,8,0,4,16.97,,,321-107,11200,3
86,,2003,신규,22.08~24.08,2022,성원상떼뷰오피스텔,성수동2가,"1,000",성동구,8,60,12,24.84,,,277-37,11200,7
87,사용,2019,갱신,22.08~23.02,2022,테라타워,성수동2가,"24,150",성동구,8,0,12,18.98,"23,000",,299-242,11200,3
88,,2013,신규,22.09~23.09,2022,성수동램킨중흥S클래스오피스텔,성수동2가,"1,000",성동구,8,60,13,18.33,,,277-101,11200,5
89,,2019,신규,22.08~24.08,2022,테라타워,성수동2가,"25,000",성동구,8,0,13,20.28,,,299-242,11200,4
90,,2013,,,2022,성수동램킨중흥S클래스오피스텔,성수동2가,"5,000",성동구,8,35,17,18.33,,,277-101,11200,3
91,,2022,신규,22.09~24.09,2022,성수 더힐 센트럴파크뷰,성수동2가,"10,000",성동구,8,80,19,23.33,,,299-140,11200,4
92,,2003,신규,22.10~24.10,2022,성원상떼뷰오피스텔,성수동2가,500,성동구,8,67,20,28.08,,,277-37,11200,2
93,,2022,신규,22.08~24.08,2022,성수 더힐 센트럴파크뷰,성수동2가,"1,000",성동구,8,80,22,23.33,,,299-140,11200,9
94,,2013,신규,22.09~24.08,2022,성수동램킨중흥S클래스오피스텔,성수동2가,"1,000",성동구,8,59,22,18.33,,,277-101,11200,5
95,,2003,신규,22.10~24.10,2022,성원상떼뷰오피스텔,성수동2가,500,성동구,8,68,24,28.08,,,277-37,11200,6
96,,2003,,,2022,성원상떼뷰오피스텔,성수동2가,"1,000",성동구,8,65,29,28.08,,,277-37,11200,6
97,,2016,신규,22.08~24.08,2022,서희스타힐스리버파크,용답동,"16,000",성동구,8,0,1,21.9,,,238-12,11200,14
98,,2021,,,2022,k-타워,용답동,"2,000",성동구,8,65,2,18.42,,,229-2,11200,8
99,,2016,갱신,,2022,서희스타힐스리버파크,용답동,"14,700",성동구,8,0,2,21.9,"14,000",,238-12,11200,7
100,,2011,신규,22.08~24.08,2022,오르세오피스텔,용답동,"17,000",성동구,8,0,2,36.9,,,238-2,11200,2
101,,2016,,,2022,서희스타힐스리버파크,용답동,"10,000",성동구,8,35,3,21.95,,,238-12,11200,8
102,,2021,신규,22.08~23.08,2022,시그너스,용답동,500,성동구,8,74,3,17.03,,,229-9,11200,14
103,,2016,신규,22.10~23.10,2022,서희스타힐스리버파크,용답동,"5,000",성동구,8,36,3,21.9,,,238-12,11200,12
104,,2016,신규,22.09~23.09,2022,서희스타힐스리버파크,용답동,"13,600",성동구,8,0,4,20.21,,,238-12,11200,14
105,,2016,신규,22.08~23.08,2022,서희스타힐스리버파크,용답동,500,성동구,8,63,4,21.9,,,238-12,11200,13
106,,2016,,,2022,서희스타힐스리버파크,용답동,"14,000",성동구,8,0,6,21.9,,,238-12,11200,15
107,,2016,신규,22.09~23.09,2022,서희스타힐스리버파크,용답동,"14,100",성동구,8,0,8,21.9,,,238-12,11200,10
108,,2013,신규,22.09~23.09,2022,어반 오피스텔,용답동,"1,000",성동구,8,57,8,20.46,,,229-10,11200,8
109,,2021,신규,22.08~23.08,2022,k-타워,용답동,"2,000",성동구,8,65,11,18.42,,,229-2,11200,7
110,,2013,신규,22.09~23.09,2022,어반 오피스텔,용답동,"1,000",성동구,8,59,13,17.08,,,229-10,11200,6
111,,2020,,22.09~24.09,2022,The Mark,용답동,"26,000",성동구,8,0,14,33.58,,,228-8,11200,6
112,,2016,신규,22.09~24.09,2022,서희스타힐스리버파크,용답동,"1,000",성동구,8,60,18,21.9,,,238-12,11200,14
113,,2016,신규,22.09~24.09,2022,서희스타힐스리버파크,용답동,"16,000",성동구,8,0,19,21.9,,,238-12,11200,12
114,,2016,신규,22.08~24.08,2022,서희스타힐스리버파크,용답동,"1,000",성동구,8,60,20,21.95,,,238-12,11200,10
115,,2016,,,2022,서희스타힐스리버파크,용답동,"14,500",성동구,8,0,21,20.21,,,238-12,11200,5
116,사용,2016,갱신,22.08~23.08,2022,서희스타힐스리버파크,용답동,"14,500",성동구,8,0,22,21.9,"14,200",,238-12,11200,2
117,,2016,,,2022,서희스타힐스리버파크,용답동,"16,000",성동구,8,0,24,21.9,,,238-12,11200,12
118,,2016,신규,22.09~24.09,2022,서희스타힐스리버파크,용답동,"14,000",성동구,8,0,26,20.21,,,238-12,11200,12
119,,1991,갱신,22.09~24.09,2022,삼호오피스텔,용답동,"6,825",성동구,8,0,26,26.25,"6,500",,236-5,11200,5
120,,2016,신규,22.09~24.09,2022,서희스타힐스리버파크,용답동,"16,000",성동구,8,0,31,21.9,,,238-12,11200,6
0,,2003,갱신,22.09~23.09,2022,노블리안,상왕십리동,"1,000",성동구,9,70,2,30.81,"1,000",70,750,11200,2
1,,2003,,,2022,노블리안,상왕십리동,"16,500",성동구,9,0,7,30.81,,,750,11200,13
2,,2003,신규,22.09~23.09,2022,노블리안,상왕십리동,"1,000",성동구,9,70,20,30.81,,,750,11200,10
3,,2003,갱신,22.10~24.10,2022,노블리안,상왕십리동,"16,500",성동구,9,0,20,30.81,"13,600",,750,11200,2
4,,2003,신규,22.10~23.10,2022,노블리안,상왕십리동,"5,000",성동구,9,45,23,25.74,,,750,11200,8
5,,2003,,,2022,노블리안,상왕십리동,"6,000",성동구,9,40,24,30.81,,,750,11200,15
6,,2003,신규,22.10~24.10,2022,노블리안,상왕십리동,"10,000",성동구,9,30,26,30.81,,,750,11200,5
7,,2003,,,2022,노블리안,상왕십리동,"16,800",성동구,9,0,26,30.81,,,750,11200,10
8,,2003,신규,22.10~24.10,2022,노블리안,상왕십리동,"5,000",성동구,9,60,30,30.81,,,750,11200,11
9,,2003,갱신,22.10~24.10,2022,노블리안,상왕십리동,"6,700",성동구,9,40,30,30.81,"5,850",40,750,11200,10
10,,2017,신규,22.09~23.09,2022,동인드림힐스,하왕십리동,"5,000",성동구,9,60,3,19.24,,,890-181,11200,13
11,,2005,신규,22.09~23.09,2022,동인 레반트 오피스텔,하왕십리동,"1,000",성동구,9,70,6,30.32,,,903-3,11200,14
12,,2016,신규,22.10~24.10,2022,센트라스,하왕십리동,"30,500",성동구,9,0,6,31.01,,,1070,11200,17
13,,2016,신규,22.10~24.10,2022,센트라스,하왕십리동,"32,000",성동구,9,0,16,32.53,,,1070,11200,15
14,,2016,신규,22.12~23.12,2022,센트라스,하왕십리동,"1,000",성동구,9,115,18,32.53,,,1070,11200,14
15,,2016,,,2022,센트라스,하왕십리동,"24,000",성동구,9,30,18,32.53,,,1070,11200,16
16,,2016,,,2022,센트라스,하왕십리동,"32,000",성동구,9,0,19,32.53,,,1070,11200,15
17,,2011,신규,22.09~23.09,2022,리오파크 오피스텔,하왕십리동,"1,000",성동구,9,65,19,22.97,,,898-2,11200,15
18,,2016,신규,22.10~24.10,2022,센트라스,하왕십리동,"1,000",성동구,9,93,19,29.16,,,1070,11200,9
19,,2017,,22.10~24.10,2022,동인드림힐스,하왕십리동,"18,500",성동구,9,0,23,19.24,,,890-181,11200,12
20,,2016,신규,22.10~23.10,2022,센트라스,하왕십리동,"1,000",성동구,9,110,28,32.53,,,1070,11200,13
21,,2016,갱신,22.09~24.01,2022,센트라스,하왕십리동,"32,000",성동구,9,0,28,32.53,"26,250",,1070,11200,16
22,,2018,,,2022,비앤리베스텔,홍익동,"14,800",성동구,9,6,1,15.92,,,146-1,11200,9
23,,2018,,,2022,뉴센트빌,홍익동,"36,750",성동구,9,0,17,50.77,,,125-1,11200,3
24,,2018,신규,22.11~24.11,2022,비앤리베스텔,홍익동,"16,400",성동구,9,0,26,18.39,,,146-1,11200,5
25,,2018,신규,22.10~24.10,2022,렉스오피스텔,도선동,"3,000",성동구,9,70,2,20.35,,,268,11200,5
26,,2022,신규,22.10~24.10,2022,왕십리역 요진 와이하우스,도선동,"33,000",성동구,9,0,5,29.31,,,2,11200,11
27,,2022,신규,22.09~24.09,2022,왕십리역 요진 와이하우스,도선동,"28,000",성동구,9,0,5,23.61,,,2,11200,12
28,,2017,신규,22.09~24.09,2022,한성아펠타워,도선동,"25,000",성동구,9,0,7,23.58,,,53,11200,11
29,,2022,신규,22.09~24.09,2022,성동 트레비스타 오피스텔,도선동,"32,900",성동구,9,0,7,26.44,,,256-5,11200,8
30,,2022,신규,22.09~24.09,2022,성동 트레비스타 오피스텔,도선동,"24,000",성동구,9,0,7,17.79,,,256-5,11200,6
31,,2020,신규,22.09~23.09,2022,왕십리렉스프리미엄오피스텔,도선동,"1,000",성동구,9,84,12,18.63,,,257,11200,10
32,,2017,신규,22.10~23.10,2022,한성아펠타워,도선동,"1,000",성동구,9,90,13,23.58,,,53,11200,13
33,사용,2020,갱신,22.09~24.09,2022,왕십리렉스프리미엄오피스텔,도선동,"23,500",성동구,9,0,13,18.63,"22,500",,257,11200,7
34,,2020,신규,22.10~24.10,2022,왕십리렉스프리미엄오피스텔,도선동,"24,000",성동구,9,0,15,18.63,,,257,11200,17
35,,2020,신규,22.10~24.10,2022,왕십리렉스프리미엄오피스텔,도선동,"24,000",성동구,9,0,19,18.63,,,257,11200,16
36,,2020,신규,22.10~24.12,2022,왕십리렉스프리미엄오피스텔,도선동,"23,500",성동구,9,0,22,18.63,,,257,11200,7
37,,2017,신규,22.10~23.10,2022,한성아펠타워,도선동,"1,000",성동구,9,100,23,23.61,,,53,11200,4
38,,2004,신규,22.09~24.09,2022,1동(766-25),마장동,"1,000",성동구,9,55,5,27.69,,,766-25,11200,5
39,,2012,신규,22.10~24.10,2022,(777-3),마장동,"9,000",성동구,9,2,15,15.62,,,777-3,11200,6
40,,2006,갱신,22.10~23.10,2022,왕십리역이스타빌,행당동,"1,000",성동구,9,76,6,29.43,"1,000",74,287-15,11200,9
41,,2006,신규,22.10~23.10,2022,왕십리역이스타빌,행당동,"1,000",성동구,9,75,14,26.01,,,287-15,11200,7
42,,2006,신규,22.10~23.10,2022,왕십리역이스타빌,행당동,"1,000",성동구,9,70,15,21.91,,,287-15,11200,7
43,,2006,신규,22.09~23.09,2022,왕십리역이스타빌,행당동,"1,000",성동구,9,75,17,26.22,,,287-15,11200,11
44,,2006,신규,22.09~24.09,2022,왕십리역이스타빌,행당동,"19,000",성동구,9,0,17,26.22,,,287-15,11200,6
45,,2018,,,2022,왕십리 큐브스테이트,행당동,"15,750",성동구,9,0,19,16.37,,,286-25,11200,3
46,,2018,갱신,22.10~24.10,2022,왕십리 큐브스테이트,행당동,"15,750",성동구,9,0,19,16.37,"15,000",,286-25,11200,3
47,,2018,갱신,22.09~24.09,2022,왕십리 큐브스테이트,행당동,"18,375",성동구,9,0,22,16.33,"17,500",,286-25,11200,4
48,사용,2018,갱신,22.10~24.10,2022,왕십리 큐브스테이트,행당동,"15,000",성동구,9,0,23,16.66,"15,000",,286-25,11200,3
49,,2006,,,2022,왕십리역이스타빌,행당동,"19,000",성동구,9,0,26,26.22,,,287-15,11200,8
50,,2006,신규,22.10~23.10,2022,왕십리역이스타빌,행당동,"1,000",성동구,9,70,30,23.89,,,287-15,11200,11
51,,2004,신규,22.10~23.10,2022,성원상떼뷰,옥수동,"1,000",성동구,9,75,1,27.01,,,475,11200,4
52,,1997,신규,22.09~24.09,2022,청재오피스텔,성수동1가,"5,000",성동구,9,100,1,34.16,,,72-71,11200,5
53,,2018,신규,22.09~23.09,2022,청호 서울숲 뜨레피움 오피스텔,성수동1가,"1,000",성동구,9,80,1,19.03,,,13-163,11200,3
54,,2004,신규,22.09~24.09,2022,Biz-Well 성수,성수동1가,"3,000",성동구,9,50,1,20.69,,,33-21,11200,10
55,,2017,신규,22.09~24.09,2022,뚝섬리치빌A동,성수동1가,"20,000",성동구,9,0,2,20.51,,,656-1041,11200,2
56,,2004,신규,22.10~24.10,2022,성수 그린빌,성수동1가,"25,000",성동구,9,0,5,34.59,,,685-54,11200,8
57,,2004,,,2022,이에스에이리버하우스,성수동1가,"33,000",성동구,9,0,6,39.15,,,13-12,11200,3
58,사용,2018,갱신,22.11~24.10,2022,서울숲 프라임 베타,성수동1가,"40,700",성동구,9,0,13,59.18,"38,800",,13-493,11200,4
59,사용,2004,갱신,22.10~24.10,2022,이에스에이리버하우스,성수동1가,"24,000",성동구,9,0,13,39.15,"23,000",,13-12,11200,3
60,,2005,신규,22.11~24.11,2022,뚝섬리버빌,성수동1가,"16,500",성동구,9,0,14,26.02,,,13-117,11200,2
61,,2005,신규,22.09~24.09,2022,뚝섬리버빌,성수동1가,"1,000",성동구,9,60,14,20.64,,,13-117,11200,7
62,,2004,,,2022,이에스에이리버하우스,성수동1가,"34,000",성동구,9,0,17,39.15,,,13-12,11200,9
63,,2015,,,2022,위더스 빌,성수동1가,"26,460",성동구,9,0,17,43.41,,,33-23,11200,5
64,,2004,,,2022,Biz-Well 성수,성수동1가,"3,000",성동구,9,39,19,26.67,,,33-21,11200,5
65,,2004,,,2022,Biz-Well 성수,성수동1가,"14,000",성동구,9,0,19,19.08,,,33-21,11200,9
66,,2005,신규,22.09~24.09,2022,뚝섬리버빌,성수동1가,"1,000",성동구,9,70,22,30.36,,,13-117,11200,3
67,,2004,신규,22.10~24.09,2022,Biz-Well 성수,성수동1가,"3,000",성동구,9,39,23,26.67,,,33-21,11200,2
68,,2018,,,2022,서울숲 프라임 알파,성수동1가,"39,690",성동구,9,0,26,59.18,,,13-120,11200,2
69,,2017,신규,22.10~24.10,2022,뚝섬리치빌A동,성수동1가,"19,000",성동구,9,0,27,21.77,,,656-1041,11200,2
70,,2004,신규,22.11~24.11,2022,이에스에이리버하우스,성수동1가,"25,000",성동구,9,30,28,39.15,,,13-12,11200,7
71,,2003,,,2022,성수동 뉴타운오피스텔,성수동1가,"22,000",성동구,9,0,29,30.02,,,72-69,11200,8
72,,2003,신규,22.10~23.10,2022,성수동 뉴타운오피스텔,성수동1가,"2,000",성동구,9,85,29,30.02,,,72-69,11200,9
73,,2005,,22.10~24.10,2022,뚝섬리버빌,성수동1가,"21,000",성동구,9,0,30,30.36,,,13-117,11200,6
74,,2022,,,2022,성수 더힐 센트럴파크뷰,성수동2가,"35,000",성동구,9,0,5,23.33,,,299-140,11200,11
75,,2013,신규,22.09~24.09,2022,성수동램킨중흥S클래스오피스텔,성수동2가,"1,000",성동구,9,59,6,18.33,,,277-101,11200,8
76,사용,2019,갱신,22.12~24.12,2022,테라타워,성수동2가,"23,625",성동구,9,0,15,18.98,"22,500",,299-242,11200,2
77,,2013,신규,22.09~23.09,2022,성수동램킨중흥S클래스오피스텔,성수동2가,"1,000",성동구,9,58,16,18.33,,,277-101,11200,5
78,,2022,신규,22.09~24.09,2022,성수 더힐 센트럴파크뷰,성수동2가,"35,000",성동구,9,0,26,23.33,,,299-140,11200,11
79,,2021,,,2022,(238-5),용답동,"9,696",성동구,9,8,1,30.46,,,238-5,11200,14
80,,2021,,,2022,(238-5),용답동,200,성동구,9,53,1,32.12,,,238-5,11200,10
81,,2021,신규,22.09~24.11,2022,(238-5),용답동,"10,588",성동구,9,9,1,32.12,,,238-5,11200,11
82,,2016,신규,22.09~24.09,2022,서희스타힐스리버파크,용답동,"13,500",성동구,9,10,1,20.21,,,238-12,11200,5
83,,2021,,,2022,(238-5),용답동,"6,311",성동구,9,9,1,32.12,,,238-5,11200,11
84,,2011,신규,22.10~24.10,2022,오르세오피스텔,용답동,"18,000",성동구,9,0,1,33.3,,,238-2,11200,3
85,,2021,,,2022,(238-5),용답동,200,성동구,9,48,2,30.46,,,238-5,11200,11
86,,2021,,,2022,(238-5),용답동,"3,840",성동구,9,40,2,30.46,,,238-5,11200,2
87,,2021,,,2022,(238-5),용답동,"3,840",성동구,9,40,2,30.46,,,238-5,11200,5
88,,2021,,,2022,(238-5),용답동,200,성동구,9,51,2,32.12,,,238-5,11200,2
89,,2021,신규,,2022,시그너스,용답동,500,성동구,9,67,2,17.03,,,229-9,11200,11
90,,2021,신규,22.09~24.11,2022,(238-5),용답동,"4,275",성동구,9,44,2,30.14,,,238-5,11200,2
91,,2021,,,2022,(238-5),용답동,"7,088",성동구,9,10,2,30.46,,,238-5,11200,11
92,,2021,,,2022,(238-5),용답동,"10,030",성동구,9,8,2,30.46,,,238-5,11200,13
93,,2021,,,2022,(238-5),용답동,"4,005",성동구,9,41,5,30.46,,,238-5,11200,15
94,사용,2016,갱신,22.09~23.09,2022,서희스타힐스리버파크,용답동,"15,000",성동구,9,0,5,21.9,"14,500",,238-12,11200,8
95,,2021,,,2022,(238-5),용답동,"7,249",성동구,9,10,5,30.46,,,238-5,11200,12
96,,2016,신규,22.10~23.10,2022,서희스타힐스리버파크,용답동,"13,200",성동구,9,0,7,21.95,,,238-12,11200,10
97,,2016,갱신,22.09~24.09,2022,서희스타힐스리버파크,용답동,"13,000",성동구,9,0,8,20.21,"12,390",,238-12,11200,11
98,,2016,신규,,2022,서희스타힐스리버파크,용답동,"15,000",성동구,9,0,14,21.9,,,238-12,11200,15
99,,2016,신규,22.09~23.09,2022,서희스타힐스리버파크,용답동,500,성동구,9,53,14,20.21,,,238-12,11200,2
100,,2020,신규,22.09~24.09,2022,용답동 큐브스테이트,용답동,"16,800",성동구,9,0,14,18.27,,,229-11,11200,4
101,,2013,신규,22.09~23.09,2022,어반 오피스텔,용답동,"2,000",성동구,9,50,16,20.46,,,229-10,11200,9
102,,2020,,,2022,The Mark,용답동,"26,000",성동구,9,0,19,33.58,,,228-8,11200,9
103,,2016,신규,22.09~24.09,2022,서희스타힐스리버파크,용답동,"16,000",성동구,9,0,19,21.9,,,238-12,11200,6
104,,2020,신규,22.10~24.10,2022,용답동 큐브스테이트,용답동,"18,375",성동구,9,0,20,18.78,,,229-11,11200,5
105,,2016,신규,22.09~23.10,2022,서희스타힐스리버파크,용답동,"14,000",성동구,9,0,20,20.21,,,238-12,11200,13
106,,2016,갱신,22.10~24.10,2022,서희스타힐스리버파크,용답동,"16,000",성동구,9,0,20,21.9,"13,000",,238-12,11200,6
107,,2021,,,2022,시그너스,용답동,500,성동구,9,72,23,17.03,,,229-9,11200,11
108,,2016,갱신,22.09~23.10,2022,서희스타힐스리버파크,용답동,"13,600",성동구,9,0,24,21.9,"13,600",,238-12,11200,7
109,,2021,신규,22.09~23.09,2022,시그너스,용답동,500,성동구,9,65,26,18.69,,,229-9,11200,4
110,,2013,신규,22.10~23.10,2022,어반 오피스텔,용답동,"2,000",성동구,9,53,28,16.21,,,229-10,11200,6
111,,2016,신규,22.09~24.10,2022,서희스타힐스리버파크,용답동,"15,000",성동구,9,0,29,21.9,,,238-12,11200,13
112,,2016,신규,22.10~24.10,2022,서희스타힐스리버파크,용답동,"10,000",성동구,9,35,30,21.9,,,238-12,11200,8
0,,2003,신규,22.10~24.10,2022,노블리안,상왕십리동,"16,500",성동구,10,0,4,30.81,,,750,11200,8
1,,2003,신규,22.11~23.11,2022,노블리안,상왕십리동,"10,000",성동구,10,30,6,30.81,,,750,11200,5
2,,2003,신규,22.11~24.11,2022,노블리안,상왕십리동,"16,500",성동구,10,0,6,30.81,,,750,11200,2
3,,2003,신규,22.10~24.10,2022,노블리안,상왕십리동,"3,000",성동구,10,55,7,25.74,,,750,11200,11
4,,2003,신규,22.11~24.11,2022,노블리안,상왕십리동,"16,500",성동구,10,0,11,30.81,,,750,11200,3
5,사용,2003,갱신,22.10~23.10,2022,노블리안,상왕십리동,"16,500",성동구,10,0,12,30.81,"16,000",,750,11200,14
6,,2003,신규,22.11~23.11,2022,노블리안,상왕십리동,"10,000",성동구,10,30,13,30.81,,,750,11200,5
7,사용,2003,갱신,22.10~24.10,2022,노블리안,상왕십리동,"16,500",성동구,10,0,14,30.81,"16,000",,750,11200,3
8,,2019,신규,22.11~24.11,2022,센트럴큐브,상왕십리동,"25,000",성동구,10,0,14,30.81,,,12-47,11200,5
9,,2003,신규,22.11~24.11,2022,노블리안,상왕십리동,"13,000",성동구,10,20,15,30.81,,,750,11200,12
10,,2003,갱신,22.11~24.11,2022,노블리안,상왕십리동,"7,700",성동구,10,35,17,30.81,"7,700",25,750,11200,3
11,,2003,갱신,22.11~24.11,2022,노블리안,상왕십리동,"7,800",성동구,10,35,17,30.81,"6,000",20,750,11200,8
12,,2003,갱신,22.11~24.11,2022,노블리안,상왕십리동,"13,600",성동구,10,10,19,25.74,"13,600",,750,11200,2
13,,2003,신규,22.11~23.11,2022,노블리안,상왕십리동,"15,750",성동구,10,0,19,30.81,,,750,11200,11
14,,2003,신규,22.11~24.11,2022,노블리안,상왕십리동,"10,000",성동구,10,30,26,30.81,,,750,11200,15
15,,2016,신규,22.11~23.11,2022,센트라스,하왕십리동,"1,000",성동구,10,95,1,32.53,,,1070,11200,22
16,,2016,갱신,22.10~24.10,2022,센트라스,하왕십리동,"30,000",성동구,10,0,4,32.53,"25,300",,1070,11200,19
17,,2016,신규,22.10~23.10,2022,센트라스,하왕십리동,"2,000",성동구,10,120,4,31.01,,,1070,11200,18
18,,2011,,,2022,리오파크 오피스텔,하왕십리동,"16,000",성동구,10,0,5,23.88,,,898-2,11200,7
19,,2011,신규,22.11~23.11,2022,리오파크 오피스텔,하왕십리동,"5,000",성동구,10,45,7,24.07,,,898-2,11200,9
20,,2017,,,2022,동인드림힐스,하왕십리동,"19,000",성동구,10,0,7,19.24,,,890-181,11200,3
21,,2016,신규,22.11~23.11,2022,센트라스,하왕십리동,"32,000",성동구,10,0,8,32.53,,,1070,11200,7
22,,2016,신규,22.11~23.11,2022,센트라스,하왕십리동,"1,000",성동구,10,100,11,31.01,,,1070,11200,8
23,,2016,신규,22.12~24.12,2022,센트라스,하왕십리동,"1,000",성동구,10,110,16,32.53,,,1070,11200,17
24,,2017,신규,22.11~23.11,2022,동인드림힐스,하왕십리동,"5,000",성동구,10,60,20,19.24,,,890-181,11200,10
25,,2017,신규,22.12~23.12,2022,동인드림힐스,하왕십리동,"1,000",성동구,10,70,21,19.24,,,890-181,11200,4
26,,2016,,,2022,센트라스,하왕십리동,"5,000",성동구,10,78,28,32.53,,,1070,11200,10
27,,2018,신규,22.10~24.10,2022,비앤리베스텔,홍익동,"14,500",성동구,10,7,3,15.92,,,146-1,11200,11
28,,2018,신규,22.11~24.11,2022,비앤리베스텔,홍익동,"17,000",성동구,10,0,7,18.39,,,146-1,11200,6
29,,2018,,,2022,비앤리베스텔,홍익동,"16,000",성동구,10,2,13,16.74,,,146-1,11200,7
30,,2022,신규,22.11~23.11,2022,왕십리역 요진 와이하우스,도선동,"20,000",성동구,10,40,1,29.28,,,2,11200,17
31,,2018,신규,22.11~23.11,2022,W에비뉴타워,도선동,"20,000",성동구,10,70,3,48.41,,,46,11200,14
32,,2022,신규,22.10~23.10,2022,왕십리역 요진 와이하우스,도선동,"12,000",성동구,10,60,5,23.61,,,2,11200,11
33,,2018,신규,22.11~23.11,2022,W에비뉴타워,도선동,"5,000",성동구,10,70,5,23.32,,,46,11200,7
34,,2017,갱신,22.11~23.11,2022,한성아펠타워,도선동,"1,000",성동구,10,98,6,23.58,"1,000",94,53,11200,14
35,사용,2018,갱신,22.10~23.10,2022,W에비뉴타워,도선동,"19,845",성동구,10,0,8,23.32,"18,900",,46,11200,12
36,,2018,신규,22.11~24.11,2022,W에비뉴타워,도선동,"42,000",성동구,10,0,10,48.3,,,46,11200,16
37,,2017,신규,22.11~24.11,2022,한성아펠타워,도선동,"27,000",성동구,10,0,11,23.61,,,53,11200,11
38,,2018,갱신,22.12~24.12,2022,W에비뉴타워,도선동,"19,000",성동구,10,0,13,23.32,"17,800",,46,11200,11
39,,2020,신규,22.11~24.11,2022,왕십리렉스프리미엄오피스텔,도선동,"24,000",성동구,10,0,15,18.63,,,257,11200,11
40,,2014,갱신,22.11~24.11,2022,J&J빌딩,도선동,"19,000",성동구,10,0,17,29.1,"18,000",,276,11200,8
41,,2022,신규,22.10~23.10,2022,왕십리역 요진 와이하우스,도선동,"3,000",성동구,10,100,22,25.27,,,2,11200,7
42,,2022,신규,22.11~23.11,2022,왕십리역 요진 와이하우스,도선동,"3,000",성동구,10,100,24,25.27,,,2,11200,6
43,,2018,갱신,22.12~23.12,2022,렉스오피스텔,도선동,"2,000",성동구,10,75,27,21.37,"2,000",71,268,11200,5
44,,2020,신규,22.10~24.10,2022,왕십리렉스프리미엄오피스텔,도선동,"23,500",성동구,10,0,29,18.63,,,257,11200,17
45,,2017,신규,23.01~24.01,2022,한성아펠타워,도선동,"1,000",성동구,10,95,29,23.58,,,53,11200,13
46,,2012,갱신,22.10~24.10,2022,(777-3),마장동,"9,450",성동구,10,3,8,15.54,"9,450",,777-3,11200,7
47,,2012,갱신,22.10~24.10,2022,(777-3),마장동,"9,000",성동구,10,0,10,15.54,"9,000",,777-3,11200,8
48,,2007,신규,22.11~24.11,2022,마장동청계아르테미스,마장동,"10,000",성동구,10,100,15,69.12,,,778-5,11200,4
49,,2007,신규,22.11~24.11,2022,마장동청계아르테미스,마장동,"30,000",성동구,10,0,31,69.12,,,778-5,11200,6
50,,2018,,22.10~24.10,2022,왕십리 큐브스테이트,행당동,"18,900",성동구,10,0,4,16.37,,,286-25,11200,5
51,,2018,신규,22.12~24.12,2022,왕십리 큐브스테이트,행당동,"2,000",성동구,10,55,4,16.53,,,286-25,11200,2
52,사용,2018,갱신,22.10~24.10,2022,왕십리 큐브스테이트,행당동,"15,400",성동구,10,0,12,16.37,"14,700",,286-25,11200,2
53,,2014,신규,22.10~24.10,2022,서울숲 더샵,행당동,"5,000",성동구,10,100,15,28.04,,,377,11200,3
54,,2018,신규,22.11~24.11,2022,왕십리 큐브스테이트,행당동,"15,980",성동구,10,0,15,16.37,,,286-25,11200,3
55,,2018,신규,22.11~24.11,2022,왕십리 큐브스테이트,행당동,"18,000",성동구,10,0,15,16.53,,,286-25,11200,6
56,사용,2018,갱신,23.01~24.01,2022,왕십리 큐브스테이트,행당동,"19,950",성동구,10,0,22,16.37,"19,000",,286-25,11200,6
57,사용,2006,갱신,22.11~24.11,2022,왕십리역이스타빌,행당동,"17,850",성동구,10,0,22,21.91,"17,000",,287-15,11200,8
58,,2004,신규,22.11~23.11,2022,성동샤르망,행당동,"1,000",성동구,10,60,27,24.84,,,192-29,11200,7
59,,2004,신규,23.01~24.01,2022,성동샤르망,행당동,"1,000",성동구,10,65,27,27.6,,,192-29,11200,8
60,,2004,신규,22.11~23.11,2022,성동샤르망,행당동,"1,000",성동구,10,60,27,24.84,,,192-29,11200,5
61,,2003,신규,22.11~24.11,2022,재호예향빌,금호동4가,"11,000",성동구,10,35,22,36.21,,,1028,11200,5
62,,2004,신규,22.10~23.10,2022,성원상떼뷰,옥수동,"1,000",성동구,10,75,13,27.01,,,475,11200,5
63,,2004,신규,22.12~24.12,2022,성원상떼뷰,옥수동,"18,000",성동구,10,0,25,27.01,,,475,11200,10
64,,2005,갱신,22.10~23.10,2022,뚝섬리버빌,성수동1가,"1,000",성동구,10,65,3,29,"1,000",63,13-117,11200,5
65,,2019,신규,22.10~23.10,2022,포레스트 사이드,성수동1가,"23,000",성동구,10,7,7,29.85,,,685-296,11200,3
66,,2005,신규,22.11~24.11,2022,뚝섬리버빌,성수동1가,"15,600",성동구,10,0,7,26.02,,,13-117,11200,2
67,,2018,신규,22.11~24.11,2022,청호 서울숲 뜨레피움 오피스텔,성수동1가,"20,000",성동구,10,0,10,19.03,,,13-163,11200,3
68,,2018,,,2022,서울숲 프라임 베타,성수동1가,"37,000",성동구,10,0,12,59.18,,,13-493,11200,5
69,,2018,갱신,22.12~23.12,2022,청호 서울숲 뜨레피움 오피스텔,성수동1가,"20,000",성동구,10,0,15,19.03,"19,500",,13-163,11200,4
70,,2015,신규,22.11~24.11,2022,위더스 빌,성수동1가,"20,000",성동구,10,40,17,42.76,,,33-23,11200,6
71,,2004,갱신,22.10~23.10,2022,Biz-Well 성수,성수동1가,"3,000",성동구,10,35,17,19.08,"3,000",35,33-21,11200,9
72,,2004,신규,22.11~24.10,2022,Biz-Well 성수,성수동1가,"3,000",성동구,10,37,21,25.52,,,33-21,11200,4
73,,2003,신규,22.11~23.11,2022,성수동 뉴타운오피스텔,성수동1가,"1,000",성동구,10,75,22,32.39,,,72-69,11200,3
74,,2018,신규,,2022,서울숲 프라임 베타,성수동1가,"40,000",성동구,10,0,22,59.18,,,13-493,11200,6
75,,2018,신규,22.11~24.11,2022,서울숲 프라임 베타,성수동1가,"39,000",성동구,10,0,27,59.18,,,13-493,11200,9
76,,2003,신규,22.11~24.11,2022,아트빌딩,성수동1가,"14,300",성동구,10,0,27,27.02,,,685-308,11200,5
77,,2003,갱신,22.11~23.11,2022,아트빌딩,성수동1가,"2,000",성동구,10,65,27,27.02,"2,000",55,685-308,11200,7
78,사용,2018,갱신,22.11~24.11,2022,서울숲 프라임 베타,성수동1가,"41,895",성동구,10,0,30,59.18,"39,900",,13-493,11200,7
79,,2018,신규,22.12~24.12,2022,서울숲 프라임 베타,성수동1가,"40,000",성동구,10,0,31,59.18,,,13-493,11200,5
80,사용,2019,갱신,22.12~24.12,2022,테라타워,성수동2가,"25,200",성동구,10,0,1,18.98,"24,000",,299-242,11200,4
81,,2003,갱신,22.10~23.10,2022,성원상떼뷰오피스텔,성수동2가,"2,000",성동구,10,58,8,28.08,"2,000",53,277-37,11200,4
82,,2022,신규,22.10~24.10,2022,르하임성수,성수동2가,"5,000",성동구,10,175,17,29.99,,,321-107,11200,7
83,,2013,신규,22.10~23.11,2022,성수동램킨중흥S클래스오피스텔,성수동2가,"3,000",성동구,10,48,19,18.33,,,277-101,11200,6
84,,2022,신규,22.11~23.11,2022,성수 더힐 센트럴파크뷰,성수동2가,"10,000",성동구,10,100,20,29.33,,,299-140,11200,9
85,,2022,신규,22.11~24.11,2022,성수 더힐 센트럴파크뷰,성수동2가,"15,000",성동구,10,66,25,23.33,,,299-140,11200,3
86,,2022,신규,22.11~24.11,2022,르하임성수,성수동2가,"27,000",성동구,10,0,26,16.97,,,321-107,11200,5
87,,2016,신규,23.01~25.05,2022,성수리치빌,성수동2가,"23,600",성동구,10,0,29,35.64,,,299-178,11200,2
88,,2003,갱신,22.11~24.11,2022,송정동센스빌오피스텔,송정동,"12,000",성동구,10,30,14,31.19,"12,000",,81-16,11200,7
89,,2016,신규,22.11~24.11,2022,서희스타힐스리버파크,용답동,"14,000",성동구,10,0,1,21.95,,,238-12,11200,15
90,,2016,신규,22.10~23.10,2022,서희스타힐스리버파크,용답동,"15,400",성동구,10,0,2,21.9,,,238-12,11200,10
91,,2016,신규,22.10~24.10,2022,서희스타힐스리버파크,용답동,"15,000",성동구,10,0,5,21.9,,,238-12,11200,4
92,,2011,신규,22.11~24.11,2022,오르세오피스텔,용답동,"18,500",성동구,10,0,5,35,,,238-2,11200,4
93,,2022,,22.11~24.11,2022,동우리즈힐스,용답동,"9,000",성동구,10,35,5,16.67,,,229-1,11200,3
94,,2016,신규,22.10~24.11,2022,서희스타힐스리버파크,용답동,"13,700",성동구,10,0,6,20.21,,,238-12,11200,10
95,,2016,신규,22.10~24.10,2022,서희스타힐스리버파크,용답동,"1,000",성동구,10,63,8,21.9,,,238-12,11200,3
96,,2013,신규,22.11~23.11,2022,어반 오피스텔,용답동,"2,000",성동구,10,53,11,20.46,,,229-10,11200,7
97,,2022,신규,22.11~24.11,2022,동우리즈힐스,용답동,"5,000",성동구,10,60,12,16.57,,,229-1,11200,10
98,,2022,신규,22.10~24.10,2022,동우리즈힐스,용답동,"1,000",성동구,10,70,12,16.67,,,229-1,11200,11
99,,2006,신규,22.10~23.10,2022,신창비바패밀리,용답동,"1,500",성동구,10,115,12,60.45,,,232-1,11200,3
100,사용,2020,갱신,22.11~24.11,2022,The Mark,용답동,"26,000",성동구,10,0,13,33.25,"25,000",,228-8,11200,4
101,,2016,신규,22.10~24.11,2022,서희스타힐스리버파크,용답동,"13,500",성동구,10,0,13,20.21,,,238-12,11200,4
102,,2011,신규,22.10~24.10,2022,오르세오피스텔,용답동,800,성동구,10,68,14,35,,,238-2,11200,8
103,,2013,신규,22.11~23.11,2022,어반 오피스텔,용답동,"2,000",성동구,10,55,14,20.96,,,229-10,11200,10
104,,2022,신규,22.10~24.10,2022,동우리즈힐스,용답동,"17,000",성동구,10,0,15,16.67,,,229-1,11200,6
105,,2013,신규,22.11~23.11,2022,어반 오피스텔,용답동,"2,000",성동구,10,55,15,20.96,,,229-10,11200,7
106,,2022,신규,22.11~24.11,2022,동우리즈힐스,용답동,"17,500",성동구,10,0,15,16.57,,,229-1,11200,11
107,,2021,,,2022,(238-5),용답동,"3,840",성동구,10,40,17,30.14,,,238-5,11200,3
108,,2021,신규,22.10~24.12,2022,(238-5),용답동,"4,275",성동구,10,44,17,32.12,,,238-5,11200,7
109,,2021,,,2022,(238-5),용답동,"4,005",성동구,10,41,17,30.46,,,238-5,11200,10
110,,2022,신규,22.11~24.11,2022,동우리즈힐스,용답동,"17,300",성동구,10,0,17,16.67,,,229-1,11200,7
111,,2021,,,2022,(238-5),용답동,"10,586",성동구,10,9,17,32.12,,,238-5,11200,8
112,,2020,갱신,23.02~25.02,2022,용답동 큐브스테이트,용답동,"17,850",성동구,10,0,18,18.27,"17,000",,229-11,11200,10
113,사용,2020,갱신,22.11~24.11,2022,The Mark,용답동,"27,300",성동구,10,0,18,33.58,"26,000",,228-8,11200,3
114,,2020,,,2022,용답동 큐브스테이트,용답동,"19,425",성동구,10,0,18,18.78,,,229-11,11200,17
115,,2021,,,2022,(238-5),용답동,"4,050",성동구,10,42,19,30.46,,,238-5,11200,6
116,,2021,,,2022,k-타워,용답동,"1,000",성동구,10,70,19,18.42,,,229-2,11200,5
117,,2011,신규,22.10~23.11,2022,오르세오피스텔,용답동,"1,000",성동구,10,79,20,35,,,238-2,11200,8
118,,2022,,,2022,동우리즈힐스,용답동,"17,400",성동구,10,0,21,16.57,,,229-1,11200,3
119,,2022,,,2022,동우리즈힐스,용답동,"3,000",성동구,10,30,22,16.57,,,229-1,11200,4
120,,2022,신규,22.11~24.11,2022,동우리즈힐스,용답동,"17,000",성동구,10,0,24,16.67,,,229-1,11200,4
121,,2022,신규,22.10~23.10,2022,동우리즈힐스,용답동,"3,000",성동구,10,60,24,16.67,,,229-1,11200,5
122,,2016,신규,,2022,서희스타힐스리버파크,용답동,"1,000",성동구,10,55,24,19.88,,,238-12,11200,9
123,,2022,신규,22.11~24.11,2022,동우리즈힐스,용답동,"17,500",성동구,10,0,25,16.57,,,229-1,11200,5
124,,2022,신규,22.10~23.10,2022,동우리즈힐스,용답동,"5,000",성동구,10,55,26,16.57,,,229-1,11200,7
125,,2016,신규,22.11~23.11,2022,서희스타힐스리버파크,용답동,"2,000",성동구,10,55,26,20.21,,,238-12,11200,10
126,,2022,신규,22.11~24.11,2022,동우리즈힐스,용답동,"16,000",성동구,10,0,27,16.67,,,229-1,11200,8
127,,2022,신규,22.12~24.12,2022,동우리즈힐스,용답동,"5,000",성동구,10,60,27,16.57,,,229-1,11200,15
128,,2022,신규,22.10~23.10,2022,동우리즈힐스,용답동,"5,000",성동구,10,55,28,16.57,,,229-1,11200,8
129,,2022,신규,22.11~24.11,2022,동우리즈힐스,용답동,"18,000",성동구,10,0,29,16.67,,,229-1,11200,10
0,,2003,갱신,22.11~24.11,2022,노블리안,상왕십리동,"13,500",성동구,11,5,4,25.74,"10,500",,750,11200,4
1,사용,2003,갱신,22.12~24.12,2022,노블리안,상왕십리동,"16,800",성동구,11,0,4,30.81,"16,000",,750,11200,8
2,,2003,갱신,22.12~23.12,2022,노블리안,상왕십리동,"10,700",성동구,11,20,7,30.81,"10,000",20,750,11200,7
3,사용,2003,갱신,22.11~23.11,2022,노블리안,상왕십리동,"6,780",성동구,11,40,8,30.81,"6,000",40,750,11200,8
4,,2003,갱신,22.11~23.11,2022,노블리안,상왕십리동,"6,800",성동구,11,40,11,30.81,"6,000",40,750,11200,10
5,,2003,신규,22.12~24.12,2022,노블리안,상왕십리동,"14,500",성동구,11,0,15,25.74,,,750,11200,2
6,,2003,갱신,22.11~24.11,2022,노블리안,상왕십리동,"10,000",성동구,11,20,17,25.74,"6,600",20,750,11200,5
7,,2003,신규,22.12~23.12,2022,노블리안,상왕십리동,"1,000",성동구,11,65,19,30.81,,,750,11200,13
8,,2003,신규,22.11~23.11,2022,노블리안,상왕십리동,"6,000",성동구,11,50,23,30.81,,,750,11200,4
9,,2003,갱신,22.12~23.11,2022,노블리안,상왕십리동,"4,500",성동구,11,50,28,25.74,"4,000",50,750,11200,2
10,,2003,갱신,23.01~25.01,2022,노블리안,상왕십리동,"12,500",성동구,11,20,30,30.81,"10,980",20,750,11200,12
11,,2016,신규,23.01~24.01,2022,센트라스,하왕십리동,"1,000",성동구,11,110,1,29.16,,,1070,11200,25
12,,2011,신규,22.11~24.10,2022,리오파크 오피스텔,하왕십리동,"16,000",성동구,11,0,1,23.88,,,898-2,11200,7
13,,2017,갱신,22.12~24.12,2022,동인드림힐스,하왕십리동,"28,600",성동구,11,0,2,27.51,"27,300",,890-181,11200,8
14,,2005,신규,22.12~24.12,2022,동인 레반트 오피스텔,하왕십리동,"16,000",성동구,11,0,3,27.54,,,903-3,11200,7
15,,2017,신규,23.01~24.01,2022,동인드림힐스,하왕십리동,"6,000",성동구,11,90,4,27.51,,,890-181,11200,13
16,,2016,신규,22.11~23.11,2022,센트라스,하왕십리동,"1,000",성동구,11,110,4,31.01,,,1070,11200,18
17,,2016,신규,22.11~23.11,2022,센트라스,하왕십리동,"1,000",성동구,11,115,7,32.53,,,1070,11200,6
18,,2016,신규,23.01~25.01,2022,센트라스,하왕십리동,"1,000",성동구,11,106,9,31.01,,,1070,11200,22
19,,2005,신규,22.11~23.11,2022,동인 레반트 오피스텔,하왕십리동,"3,000",성동구,11,75,12,33.34,,,903-3,11200,10
20,사용,2017,갱신,23.01~25.01,2022,동인드림힐스,하왕십리동,"19,000",성동구,11,0,15,19.24,"18,375",,890-181,11200,14
21,,2017,신규,23.01~24.01,2022,동인드림힐스,하왕십리동,"1,000",성동구,11,70,18,19.24,,,890-181,11200,4
22,,2009,신규,22.11~23.11,2022,왕십리 모노퍼스 주상복합,하왕십리동,"1,000",성동구,11,90,18,38.67,,,286-2,11200,5
23,,2016,갱신,22.12~24.12,2022,센트라스,하왕십리동,"27,563",성동구,11,0,18,31.01,"26,250",,1070,11200,7
24,사용,2016,갱신,22.12~23.12,2022,센트라스,하왕십리동,"30,000",성동구,11,0,19,32.53,"29,000",,1070,11200,6
25,,2005,신규,22.12~23.12,2022,동인 레반트 오피스텔,하왕십리동,"1,000",성동구,11,75,23,30.32,,,903-3,11200,7
26,,2016,갱신,23.02~24.02,2022,센트라스,하왕십리동,"1,000",성동구,11,100,23,31.01,"1,000",95,1070,11200,8
27,,2005,신규,22.12~23.12,2022,동인 레반트 오피스텔,하왕십리동,"1,000",성동구,11,70,26,27.54,,,903-3,11200,7
28,사용,2016,갱신,23.01~24.01,2022,센트라스,하왕십리동,"29,400",성동구,11,0,27,32.53,"28,000",,1070,11200,10
29,,2018,갱신,22.11~24.11,2022,비앤리베스텔,홍익동,"16,000",성동구,11,2,4,16.74,"16,000",,146-1,11200,6
30,,2018,신규,22.12~24.12,2022,비앤리베스텔,홍익동,"15,700",성동구,11,3,28,16.74,,,146-1,11200,11
31,,2018,갱신,23.01~25.01,2022,비앤리베스텔,홍익동,"15,400",성동구,11,0,30,18.39,"14,700",,146-1,11200,3
32,,2018,신규,,2022,W에비뉴타워,도선동,"5,000",성동구,11,80,2,29.62,,,46,11200,15
33,,2017,신규,22.12~25.03,2022,한성아펠타워,도선동,"10,000",성동구,11,55,3,23.58,,,53,11200,12
34,사용,2018,갱신,22.12~24.12,2022,W에비뉴타워,도선동,"20,900",성동구,11,0,5,23.32,"19,950",,46,11200,8
35,,2020,신규,22.12~24.12,2022,왕십리렉스프리미엄오피스텔,도선동,"22,500",성동구,11,0,5,18.63,,,257,11200,18
36,,2018,신규,22.12~23.12,2022,W에비뉴타워,도선동,"1,000",성동구,11,85,5,23.32,,,46,11200,10
37,,2018,신규,22.12~23.12,2022,W에비뉴타워,도선동,"3,000",성동구,11,73,5,23.32,,,46,11200,10
38,,2018,갱신,22.12~23.12,2022,W에비뉴타워,도선동,"5,000",성동구,11,85,6,29.62,"5,000",80,46,11200,15
39,사용,2018,갱신,23.01~23.12,2022,렉스오피스텔,도선동,"4,000",성동구,11,60,7,20.35,"3,400",60,268,11200,11
40,사용,2017,갱신,23.01~24.01,2022,한성아펠타워,도선동,"1,000",성동구,11,98,8,23.61,"1,000",93,53,11200,12
41,,2020,,,2022,왕십리렉스프리미엄오피스텔,도선동,"23,500",성동구,11,0,11,18.63,,,257,11200,17
42,,2020,신규,22.12~23.12,2022,왕십리렉스프리미엄오피스텔,도선동,"1,000",성동구,11,100,11,18.63,,,257,11200,17
43,,2017,신규,22.12~23.12,2022,한성아펠타워,도선동,"1,000",성동구,11,92,14,23.58,,,53,11200,7
44,,2021,신규,22.12~24.12,2022,위너스 오피스텔,도선동,"23,000",성동구,11,0,14,18.48,,,285-1,11200,10
45,,2018,신규,23.01~25.01,2022,W에비뉴타워,도선동,"20,948",성동구,11,0,19,23.32,,,46,11200,6
46,,2022,신규,23.01~24.01,2022,성동 트레비스타 오피스텔,도선동,"24,000",성동구,11,0,19,19.84,,,256-5,11200,16
47,,1998,신규,,2022,신한넥스텔,도선동,"1,000",성동구,11,65,21,39.26,,,14,11200,11
48,,2020,,,2022,왕십리렉스프리미엄오피스텔,도선동,"21,000",성동구,11,0,21,18.63,,,257,11200,4
49,,1998,신규,22.12~24.12,2022,신한넥스텔,도선동,500,성동구,11,45,21,19.63,,,14,11200,12
50,,2018,신규,23.01~24.01,2022,W에비뉴타워,도선동,"10,000",성동구,11,119,23,48.41,,,46,11200,16
51,,2020,신규,22.12~23.12,2022,왕십리렉스프리미엄오피스텔,도선동,"1,000",성동구,11,95,24,18.63,,,257,11200,14
52,,2022,,,2022,성동 트레비스타 오피스텔,도선동,"23,800",성동구,11,0,26,17.79,,,256-5,11200,4
53,,2022,신규,23.01~25.01,2022,성동 트레비스타 오피스텔,도선동,"23,600",성동구,11,0,26,17.79,,,256-5,11200,4
54,,2018,신규,23.02~24.02,2022,렉스오피스텔,도선동,"5,000",성동구,11,60,28,21.49,,,268,11200,7
55,,1998,,,2022,신한넥스텔,도선동,"14,000",성동구,11,20,28,39.26,,,14,11200,12
56,,2017,신규,22.12~23.12,2022,한성아펠타워,도선동,"1,000",성동구,11,95,28,23.58,,,53,11200,15
57,,2010,신규,22.11~24.11,2022,고운타워,마장동,"1,000",성동구,11,50,1,23.8,,,474-5,11200,6
58,,1988,갱신,22.11~24.11,2022,(797-16),마장동,"9,000",성동구,11,0,15,24.6,"8,000",,797-16,11200,2
59,,2018,신규,22.12~24.12,2022,트레저힐스,마장동,"22,500",성동구,11,0,22,27.61,,,775-2,11200,4
60,,2004,신규,22.11~23.11,2022,성동샤르망,행당동,"1,000",성동구,11,65,3,24.84,,,192-29,11200,10
61,,2006,신규,22.11~23.11,2022,왕십리역이스타빌,행당동,"1,000",성동구,11,75,3,26.22,,,287-15,11200,9
62,,2020,갱신,22.12~24.12,2022,1동,행당동,"3,700",성동구,11,54,5,28.79,"4,000",50,292-28,11200,3
63,,2018,신규,22.12~24.12,2022,왕십리 큐브스테이트,행당동,"16,500",성동구,11,0,9,16.66,,,286-25,11200,6
64,,2018,갱신,22.12~24.12,2022,왕십리 큐브스테이트,행당동,"16,500",성동구,11,0,15,15.98,"15,750",,286-25,11200,7
65,,2018,신규,23.01~25.01,2022,왕십리 큐브스테이트,행당동,"16,500",성동구,11,0,19,16.53,,,286-25,11200,3
66,사용,2006,갱신,22.12~23.12,2022,왕십리역이스타빌,행당동,"1,000",성동구,11,68,21,21.91,"1,000",65,287-15,11200,6
67,,2018,신규,22.12~24.12,2022,왕십리 큐브스테이트,행당동,"16,700",성동구,11,0,24,16.33,,,286-25,11200,6
68,,2004,신규,22.12~24.12,2022,성동샤르망,행당동,"4,000",성동구,11,45,25,24.84,,,192-29,11200,8
69,,2020,갱신,22.11~24.08,2022,1동,행당동,"5,600",성동구,11,40,26,13.81,"5,000",40,292-28,11200,6
70,,2004,갱신,22.12~24.11,2022,신세계오피스텔,금호동1가,"1,000",성동구,11,60,12,24.38,"1,000",55,481-5,11200,4
71,,2002,신규,22.12~24.12,2022,금호힐오피스텔,금호동1가,"17,300",성동구,11,0,14,42.6,,,1755,11200,3
72,,2018,신규,22.12~23.12,2022,서울숲 프라임 베타,성수동1가,"20,000",성동구,11,86,5,59.18,,,13-493,11200,8
73,,2004,신규,22.12~24.12,2022,Biz-Well 성수,성수동1가,"3,000",성동구,11,37,8,24.65,,,33-21,11200,2
74,,2005,신규,22.11~24.06,2022,뚝섬리버빌,성수동1가,"1,000",성동구,11,73,9,29,,,13-117,11200,5
75,,2003,갱신,22.11~23.11,2022,성수동 뉴타운오피스텔,성수동1가,"6,000",성동구,11,50,12,32.39,"6,000",40,72-69,11200,7
76,,2004,,,2022,Biz-Well 성수,성수동1가,"1,000",성동구,11,59,14,26.67,,,33-21,11200,3
77,,2019,신규,22.11~23.11,2022,한스포레,성수동1가,"1,000",성동구,11,95,14,23.49,,,72-114,11200,4
78,,2004,,,2022,이에스에이리버하우스,성수동1가,"40,000",성동구,11,0,21,63.74,,,13-12,11200,7
79,,2003,,,2022,성수동 뉴타운오피스텔,성수동1가,"20,000",성동구,11,0,22,29.23,,,72-69,11200,4
80,,2018,갱신,22.12~24.12,2022,서울숲 프라임 베타,성수동1가,"38,850",성동구,11,3,24,59.18,"38,850",,13-493,11200,4
81,,2003,신규,23.01~25.01,2022,성수동 뉴타운오피스텔,성수동1가,"2,000",성동구,11,80,24,31.6,,,72-69,11200,2
82,,2018,,,2022,서울숲 프라임 베타,성수동1가,"44,100",성동구,11,0,30,59.18,,,13-493,11200,10
83,,2003,,,2022,성원상떼뷰오피스텔,성수동2가,"4,000",성동구,11,45,3,28.08,,,277-37,11200,3
84,,2003,신규,22.12~24.12,2022,성원상떼뷰오피스텔,성수동2가,"3,000",성동구,11,50,9,24.84,,,277-37,11200,4
85,,2003,신규,22.11~24.11,2022,성원상떼뷰오피스텔,성수동2가,"1,000",성동구,11,63,10,28.08,,,277-37,11200,11
86,,,갱신,22.12~24.11,2022,(299-29),성수동2가,"21,000",성동구,11,0,14,29.57,"18,900",,299-29,11200,2
87,,2013,신규,22.12~23.12,2022,성수동램킨중흥S클래스오피스텔,성수동2가,"1,000",성동구,11,57,18,18.33,,,277-101,11200,3
88,,2017,신규,23.01~25.01,2022,(299-134),성수동2가,"26,460",성동구,11,0,28,40.2,,,299-134,11200,5
89,,1998,신규,23.01~25.01,2022,성수아카데미타워,성수동2가,"20,000",성동구,11,0,28,33.45,,,277-17,11200,8
90,사용,2019,갱신,22.12~24.12,2022,테라타워,성수동2가,"25,200",성동구,11,0,28,18.98,"24,000",,299-242,11200,4
91,,2003,신규,22.11~24.11,2022,송정동센스빌오피스텔,송정동,"1,000",성동구,11,100,28,30.92,,,81-16,11200,4
92,사용,2006,갱신,22.11~24.11,2022,신창비바패밀리,용답동,"24,500",성동구,11,0,2,56,"23,500",,232-1,11200,14
93,,2022,신규,22.11~23.11,2022,동우리즈힐스,용답동,"1,000",성동구,11,80,3,16.67,,,229-1,11200,10
94,,2022,신규,22.12~24.12,2022,동우리즈힐스,용답동,"18,000",성동구,11,0,3,19.5,,,229-1,11200,7
95,,2016,신규,22.11~24.11,2022,서희스타힐스리버파크,용답동,"16,000",성동구,11,0,3,21.9,,,238-12,11200,2
96,,2013,신규,22.11~23.11,2022,어반 오피스텔,용답동,"1,000",성동구,11,57,5,16.21,,,229-10,11200,3
97,,2016,신규,22.11~24.11,2022,서희스타힐스리버파크,용답동,"1,000",성동구,11,53,7,19.88,,,238-12,11200,6
98,,2016,신규,22.12~24.12,2022,서희스타힐스리버파크,용답동,"15,000",성동구,11,0,9,21.9,,,238-12,11200,5
99,,2013,신규,22.12~23.11,2022,어반 오피스텔,용답동,"1,000",성동구,11,55,10,20.46,,,229-10,11200,8
100,,2013,갱신,22.11~23.11,2022,어반 오피스텔,용답동,"2,000",성동구,11,53,11,20.46,"2,000",53,229-10,11200,7
101,,2021,,,2022,k-타워,용답동,"2,000",성동구,11,80,15,25.66,,,229-2,11200,8
102,,2022,신규,22.11~24.11,2022,동우리즈힐스,용답동,"1,000",성동구,11,85,16,19.5,,,229-1,11200,12
103,,2020,신규,22.12~24.12,2022,용답동 큐브스테이트,용답동,"17,850",성동구,11,0,18,17.72,,,229-11,11200,11
104,,2006,신규,23.02~25.02,2022,신창비바패밀리,용답동,"27,500",성동구,11,0,19,65.95,,,232-1,11200,10
105,,2022,신규,22.12~24.12,2022,동우리즈힐스,용답동,"17,000",성동구,11,0,19,19.5,,,229-1,11200,14
106,,2022,신규,22.11~23.11,2022,동우리즈힐스,용답동,"5,000",성동구,11,60,19,16.67,,,229-1,11200,6
107,,2022,신규,22.11~24.12,2022,동우리즈힐스,용답동,"17,000",성동구,11,0,22,16.57,,,229-1,11200,10
108,,2016,신규,22.12~24.12,2022,서희스타힐스리버파크,용답동,"13,000",성동구,11,0,22,20.21,,,238-12,11200,11
109,,2022,신규,22.12~24.12,2022,동우리즈힐스,용답동,"6,000",성동구,11,60,23,16.67,,,229-1,11200,6
110,,2022,신규,22.11~23.11,2022,동우리즈힐스,용답동,"1,000",성동구,11,80,23,16.67,,,229-1,11200,4
111,,2016,갱신,22.12~23.12,2022,서희스타힐스리버파크,용답동,"16,000",성동구,11,0,23,21.9,"15,700",,238-12,11200,10
112,,2021,신규,22.11~23.11,2022,시그너스,용답동,500,성동구,11,72,24,18.69,,,229-9,11200,9
113,,2022,신규,22.11~23.11,2022,동우리즈힐스,용답동,"1,000",성동구,11,80,25,16.67,,,229-1,11200,14
114,,2022,신규,22.12~24.12,2022,동우리즈힐스,용답동,"17,000",성동구,11,0,26,16.67,,,229-1,11200,9
115,,2011,신규,22.11~23.12,2022,오르세오피스텔,용답동,"1,000",성동구,11,80,28,43.55,,,238-2,11200,6
116,,2020,,,2022,용답동 큐브스테이트,용답동,"12,000",성동구,11,34,29,18.78,,,229-11,11200,6
117,,2013,신규,22.12~23.12,2022,어반 오피스텔,용답동,"1,000",성동구,11,57,30,16.21,,,229-10,11200,5
0,,2003,신규,23.01~24.01,2022,노블리안,상왕십리동,"1,000",성동구,12,75,13,30.81,,,750,11200,12
1,,2003,신규,22.12~23.12,2022,노블리안,상왕십리동,"5,000",성동구,12,45,15,25.74,,,750,11200,3
2,,2003,갱신,23.02~25.01,2022,노블리안,상왕십리동,"7,100",성동구,12,40,22,30.81,"7,100",35,750,11200,3
3,,2003,신규,23.01~24.01,2022,노블리안,상왕십리동,"12,000",성동구,12,25,22,30.81,,,750,11200,13
4,,2003,갱신,23.01~24.01,2022,노블리안,상왕십리동,"5,000",성동구,12,55,28,30.81,"3,000",50,750,11200,12
5,,2003,,,2022,노블리안,상왕십리동,"5,000",성동구,12,50,30,30.81,,,750,11200,10
6,,2016,신규,22.12~23.12,2022,센트라스,하왕십리동,"1,000",성동구,12,110,7,32.53,,,1070,11200,9
7,,2016,신규,23.01~24.01,2022,센트라스,하왕십리동,"1,000",성동구,12,110,8,32.53,,,1070,11200,7
8,,2016,신규,23.01~24.01,2022,센트라스,하왕십리동,"2,000",성동구,12,98,14,31.01,,,1070,11200,13
9,,2016,갱신,22.12~24.12,2022,센트라스,하왕십리동,"26,700",성동구,12,20,20,32.53,"26,700",,1070,11200,8
10,,2016,,,2022,센트라스,하왕십리동,"5,000",성동구,12,90,20,32.53,,,1070,11200,21
11,,2016,신규,23.01~24.01,2022,센트라스,하왕십리동,"1,000",성동구,12,100,22,29.16,,,1070,11200,14
12,,2011,신규,23.02~24.02,2022,리오파크 오피스텔,하왕십리동,"1,000",성동구,12,70,24,22.11,,,898-2,11200,6
13,,2016,신규,23.01~25.01,2022,센트라스,하왕십리동,"25,000",성동구,12,0,24,29.16,,,1070,11200,9
14,,2005,신규,23.02~25.02,2022,동인 레반트 오피스텔,하왕십리동,"16,000",성동구,12,0,25,27.54,,,903-3,11200,6
15,,2016,신규,23.02~24.02,2022,센트라스,하왕십리동,"1,000",성동구,12,96,26,29.16,,,1070,11200,6
16,,2018,신규,23.01~25.01,2022,비앤리베스텔,홍익동,"16,000",성동구,12,2,5,16.74,,,146-1,11200,8
17,사용,2018,갱신,22.12~25.01,2022,비앤리베스텔,홍익동,"17,000",성동구,12,0,26,18.39,"16,200",,146-1,11200,7
18,,2021,신규,23.01~24.01,2022,위너스 오피스텔,도선동,"1,000",성동구,12,95,3,18.48,,,285-1,11200,4
19,,2022,신규,23.01~25.01,2022,왕십리역 요진 와이하우스,도선동,"30,000",성동구,12,0,3,29.28,,,2,11200,16
20,,2018,신규,22.12~24.12,2022,W에비뉴타워,도선동,"8,000",성동구,12,70,6,23.32,,,46,11200,12
21,,2014,신규,22.12~24.12,2022,J&J빌딩,도선동,"20,000",성동구,12,0,6,29.1,,,276,11200,7
22,,2021,신규,23.01~24.01,2022,위너스 오피스텔,도선동,"3,000",성동구,12,74,7,18.48,,,285-1,11200,14
23,,2018,신규,23.02~24.02,2022,W에비뉴타워,도선동,"1,000",성동구,12,78,10,23.32,,,46,11200,10
24,,2018,신규,23.02~25.02,2022,W에비뉴타워,도선동,"23,100",성동구,12,0,10,23.32,,,46,11200,17
25,,2022,신규,23.02~24.02,2022,성동 트레비스타 오피스텔,도선동,"1,000",성동구,12,95,12,18.39,,,256-5,11200,10
26,,2020,신규,23.01~25.01,2022,왕십리렉스프리미엄오피스텔,도선동,"22,000",성동구,12,0,13,18.63,,,257,11200,12
27,,2022,,,2022,왕십리역 요진 와이하우스,도선동,100,성동구,12,53,14,29.31,,,2,11200,7
28,,2022,,,2022,왕십리역 요진 와이하우스,도선동,100,성동구,12,50,14,27.73,,,2,11200,14
29,,2022,,,2022,왕십리역 요진 와이하우스,도선동,100,성동구,12,50,14,27.73,,,2,11200,11
30,,2022,,,2022,왕십리역 요진 와이하우스,도선동,100,성동구,12,51,14,27.73,,,2,11200,17
31,,2022,,,2022,왕십리역 요진 와이하우스,도선동,100,성동구,12,51,14,27.73,,,2,11200,19
32,,2022,,,2022,왕십리역 요진 와이하우스,도선동,100,성동구,12,50,14,27.73,,,2,11200,13
33,,2017,신규,23.01~25.01,2022,한성아펠타워,도선동,"24,500",성동구,12,0,15,23.58,,,53,11200,8
34,,2018,신규,22.12~23.12,2022,렉스오피스텔,도선동,"5,000",성동구,12,53,16,18.7,,,268,11200,11
35,,2022,신규,22.12~24.12,2022,왕십리역 요진 와이하우스,도선동,"32,000",성동구,12,0,16,29.28,,,2,11200,14
36,사용,2018,갱신,23.01~25.01,2022,W에비뉴타워,도선동,"20,396",성동구,12,0,19,23.32,"19,425",,46,11200,9
37,,2022,신규,22.12~24.12,2022,왕십리역 요진 와이하우스,도선동,"30,000",성동구,12,0,19,29.28,,,2,11200,10
38,,2020,신규,22.12~24.12,2022,왕십리렉스프리미엄오피스텔,도선동,"7,000",성동구,12,40,20,18.63,,,257,11200,12
39,,2018,갱신,23.01~24.01,2022,렉스오피스텔,도선동,"2,000",성동구,12,72,21,21.49,"2,000",68,268,11200,5
40,,2018,신규,23.01~25.01,2022,W에비뉴타워,도선동,"37,000",성동구,12,0,22,48.41,,,46,11200,15
41,,2017,신규,23.02~24.02,2022,한성아펠타워,도선동,"14,000",성동구,12,44,22,23.61,,,53,11200,3
42,,2017,신규,23.02~25.02,2022,한성아펠타워,도선동,"3,000",성동구,12,90,23,23.61,,,53,11200,7
43,,2022,,,2022,왕십리역 요진 와이하우스,도선동,100,성동구,12,53,27,29.31,,,2,11200,5
44,,2022,,,2022,왕십리역 요진 와이하우스,도선동,100,성동구,12,51,27,27.73,,,2,11200,5
45,,2022,,,2022,왕십리역 요진 와이하우스,도선동,100,성동구,12,53,27,29.31,,,2,11200,9
46,,2022,,,2022,왕십리역 요진 와이하우스,도선동,100,성동구,12,51,27,29.31,,,2,11200,10
47,,1998,신규,22.12~24.12,2022,신한넥스텔,도선동,500,성동구,12,45,27,19.63,,,14,11200,16
48,,2022,,,2022,왕십리역 요진 와이하우스,도선동,100,성동구,12,53,27,29.31,,,2,11200,8
49,사용,2018,갱신,23.01~24.01,2022,렉스오피스텔,도선동,"1,000",성동구,12,80,28,21.37,"1,000",77,268,11200,3
50,,2020,신규,23.01~25.01,2022,왕십리렉스프리미엄오피스텔,도선동,"24,000",성동구,12,0,28,18.63,,,257,11200,13
51,,2022,,,2022,왕십리역 요진 와이하우스,도선동,"8,190",성동구,12,10,29,27.73,,,2,11200,18
52,,2021,신규,23.02~25.02,2022,소미골드라인,도선동,"30,000",성동구,12,0,29,34.49,,,102,11200,4
53,,2018,신규,23.02~25.02,2022,W에비뉴타워,도선동,"30,000",성동구,12,50,31,48.31,,,46,11200,16
54,,2018,신규,23.01~25.01,2022,렉스오피스텔,도선동,"19,000",성동구,12,0,31,20.35,,,268,11200,4
55,,2018,신규,23.02~25.02,2022,트레저힐스,마장동,"15,000",성동구,12,40,20,29.17,,,775-4,11200,4
56,,2007,신규,23.03~25.03,2022,마장동청계아르테미스,마장동,"27,500",성동구,12,0,23,54.72,,,778-5,11200,7
57,,2006,신규,22.12~23.12,2022,왕십리역이스타빌,행당동,"1,000",성동구,12,70,1,26.22,,,287-15,11200,5
58,,2018,신규,23.01~24.01,2022,왕십리 큐브스테이트,행당동,"5,000",성동구,12,44,1,16.37,,,286-25,11200,3
59,,2018,신규,23.02~24.02,2022,왕십리 큐브스테이트,행당동,"1,000",성동구,12,65,2,16.37,,,286-25,11200,5
60,,2006,신규,23.01~25.01,2022,왕십리역이스타빌,행당동,"18,000",성동구,12,0,7,26.22,,,287-15,11200,13
61,,,신규,22.12~24.12,2022,K TOWER 2,행당동,"5,000",성동구,12,110,10,37.7,,,293-8,11200,4
62,,2004,신규,22.12~25.02,2022,성동샤르망,행당동,"1,000",성동구,12,65,12,24.84,,,192-29,11200,9
63,,2018,신규,23.01~25.01,2022,왕십리 큐브스테이트,행당동,"17,500",성동구,12,0,17,16.53,,,286-25,11200,5
64,사용,2004,갱신,23.02~24.02,2022,성동샤르망,행당동,500,성동구,12,68,17,24.84,500,66,192-29,11200,5
65,,2004,신규,23.02~25.02,2022,성동샤르망,행당동,"1,000",성동구,12,65,19,24.84,,,192-29,11200,12
66,,2004,신규,23.01~24.01,2022,성동샤르망,행당동,"1,000",성동구,12,60,21,24.84,,,192-29,11200,12
67,,2006,신규,23.01~24.01,2022,왕십리역이스타빌,행당동,"19,000",성동구,12,15,23,29.43,,,287-15,11200,9
68,,2004,신규,23.01~24.01,2022,성동샤르망,행당동,500,성동구,12,70,25,24.84,,,192-29,11200,10
69,,,갱신,23.04~25.04,2022,K TOWER 2,행당동,"29,000",성동구,12,0,27,37.7,"30,000",,293-8,11200,3
70,,2006,신규,23.01~25.01,2022,왕십리역이스타빌,행당동,"17,000",성동구,12,0,28,21.91,,,287-15,11200,6
71,,2004,신규,23.01~24.01,2022,성동샤르망,행당동,"1,000",성동구,12,65,31,27.6,,,192-29,11200,12
72,,2004,신규,22.12~23.12,2022,성원상떼뷰,옥수동,"1,000",성동구,12,80,9,29.54,,,475,11200,3
73,,2004,신규,22.12~24.12,2022,성원상떼뷰,옥수동,"1,000",성동구,12,85,28,29.54,,,475,11200,2
74,,2003,신규,23.01~25.01,2022,아트빌딩,성수동1가,"17,500",성동구,12,0,1,27.02,,,685-308,11200,4
75,,2005,신규,22.12~25.02,2022,뚝섬리버빌,성수동1가,"1,000",성동구,12,70,6,29,,,13-117,11200,6
76,,2018,갱신,22.12~24.12,2022,서울숲 프라임 베타,성수동1가,"40,000",성동구,12,0,10,59.18,"37,800",,13-493,11200,3
77,,2019,신규,22.12~23.06,2022,한스포레,성수동1가,"1,000",성동구,12,119,20,24.13,,,72-114,11200,8
78,,2019,갱신,23.02~23.08,2022,한스포레,성수동1가,"3,000",성동구,12,78,22,19.75,"3,000",75,72-114,11200,5
79,,2005,신규,23.01~24.01,2022,뚝섬리버빌,성수동1가,"1,000",성동구,12,70,27,28.55,,,13-117,11200,6
80,,2019,,,2022,EPISODE Seong Su 121,성수동1가,"2,000",성동구,12,87,28,17.17,,,26-3,11200,6
81,,2019,신규,23.01~24.01,2022,한스포레,성수동1가,"1,000",성동구,12,83,29,19.75,,,72-114,11200,6
82,,2004,신규,22.12~23.12,2022,Biz-Well 성수,성수동1가,"1,000",성동구,12,46,31,19.08,,,33-21,11200,6
83,사용,2016,갱신,23.02~25.02,2022,그루빌1차,성수동2가,"24,150",성동구,12,0,3,37.1,"23,000",,289-198,11200,2
84,,2013,갱신,23.02~24.02,2022,성수동램킨중흥S클래스오피스텔,성수동2가,500,성동구,12,65,8,18.33,"1,000",62,277-101,11200,5
85,,2013,신규,23.01~25.01,2022,성수동램킨중흥S클래스오피스텔,성수동2가,"13,000",성동구,12,0,10,18.33,,,277-101,11200,2
86,,2017,신규,23.02~25.02,2022,(299-134),성수동2가,"27,000",성동구,12,0,12,40.2,,,299-134,11200,7
87,,2022,신규,22.12~23.12,2022,르하임성수,성수동2가,"5,000",성동구,12,175,14,29.99,,,321-107,11200,5
88,,2013,갱신,23.02~24.02,2022,성수동램킨중흥S클래스오피스텔,성수동2가,500,성동구,12,62,16,18.33,500,62,277-101,11200,8
89,,2019,,23.01~24.07,2022,테라타워,성수동2가,"23,000",성동구,12,0,17,18.98,,,299-242,11200,2
90,,2013,신규,23.01~24.01,2022,성수동램킨중흥S클래스오피스텔,성수동2가,"1,000",성동구,12,60,19,18.33,,,277-101,11200,3
91,,2022,신규,23.01~25.01,2022,르하임성수,성수동2가,"5,000",성동구,12,175,22,29.99,,,321-107,11200,6
92,,2016,신규,23.02~25.02,2022,성수리치빌,성수동2가,"17,580",성동구,12,0,26,26.63,,,299-178,11200,2
93,,2013,신규,23.02~25.02,2022,성수동램킨중흥S클래스오피스텔,성수동2가,"13,000",성동구,12,0,27,18.33,,,277-101,11200,6
94,,2013,신규,23.01~24.01,2022,성수동램킨중흥S클래스오피스텔,성수동2가,500,성동구,12,59,27,18.33,,,277-101,11200,4
95,,2013,신규,23.02~25.02,2022,성수동램킨중흥S클래스오피스텔,성수동2가,"12,800",성동구,12,0,29,18.33,,,277-101,11200,8
96,,2013,신규,23.02~25.02,2022,성수동램킨중흥S클래스오피스텔,성수동2가,"13,500",성동구,12,0,29,18.33,,,277-101,11200,7
97,사용,2017,갱신,23.02~24.02,2022,(299-134),성수동2가,"26,560",성동구,12,0,29,39.78,"25,300",,299-134,11200,2
98,,2003,신규,23.01~24.01,2022,성원상떼뷰오피스텔,성수동2가,"1,000",성동구,12,60,31,24.84,,,277-37,11200,2
99,,2022,신규,22.12~24.12,2022,동우리즈힐스,용답동,"10,000",성동구,12,35,1,16.57,,,229-1,11200,13
100,,2022,신규,22.12~23.12,2022,동우리즈힐스,용답동,"5,000",성동구,12,55,1,16.67,,,229-1,11200,13
101,,2016,,,2022,서희스타힐스리버파크,용답동,"3,500",성동구,12,40,2,19.88,,,238-12,11200,12
102,,2020,신규,23.01~25.01,2022,용답동 큐브스테이트,용답동,"18,375",성동구,12,0,6,18.78,,,229-11,11200,12
103,,2020,신규,23.01~25.01,2022,용답동 큐브스테이트,용답동,"17,850",성동구,12,0,8,17.72,,,229-11,11200,9
104,,2011,갱신,23.01~25.01,2022,오르세오피스텔,용답동,"18,000",성동구,12,10,9,46.25,"18,000",,238-2,11200,9
105,,2020,,,2022,용답동 큐브스테이트,용답동,"17,500",성동구,12,0,10,18.27,,,229-11,11200,12
106,,2020,신규,23.01~24.01,2022,용답동 큐브스테이트,용답동,"13,000",성동구,12,28,10,18.78,,,229-11,11200,16
107,,2022,,,2022,동우리즈힐스,용답동,"17,000",성동구,12,0,10,16.57,,,229-1,11200,15
108,,2016,갱신,23.01~24.01,2022,서희스타힐스리버파크,용답동,"14,150",성동구,12,0,10,19.88,"13,650",,238-12,11200,5
109,,2020,갱신,23.02~25.02,2022,용답동 큐브스테이트,용답동,"10,000",성동구,12,39,10,18.78,"10,000",35,229-11,11200,4
110,,2020,갱신,23.02~25.02,2022,용답동 큐브스테이트,용답동,"18,900",성동구,12,0,10,18.78,"18,000",,229-11,11200,14
111,,2020,갱신,23.01~24.01,2022,용답동 큐브스테이트,용답동,"17,850",성동구,12,0,11,17.72,"17,000",,229-11,11200,14
112,,2021,,,2022,(238-5),용답동,"10,586",성동구,12,9,12,32.12,,,238-5,11200,13
113,,2016,신규,22.12~23.12,2022,서희스타힐스리버파크,용답동,"1,000",성동구,12,65,12,21.9,,,238-12,11200,8
114,,2016,신규,22.12~24.12,2022,서희스타힐스리버파크,용답동,"14,000",성동구,12,0,12,20.21,,,238-12,11200,4
115,,1985,신규,22.12~24.12,2022,(233-8),용답동,"1,000",성동구,12,60,13,21.69,,,233-8,11200,4
116,,2020,신규,23.02~25.01,2022,용답동 큐브스테이트,용답동,"18,375",성동구,12,0,13,18.78,,,229-11,11200,13
117,,2021,,,2022,(238-5),용답동,"3,885",성동구,12,40,13,30.14,,,238-5,11200,14
118,,2016,신규,22.12~24.12,2022,서희스타힐스리버파크,용답동,"3,000",성동구,12,55,13,21.9,,,238-12,11200,15
119,,2020,갱신,23.03~25.03,2022,용답동 큐브스테이트,용답동,"18,900",성동구,12,0,14,18.78,"18,000",,229-11,11200,10
120,,2021,신규,22.12~23.12,2022,k-타워,용답동,"1,000",성동구,12,85,14,25.66,,,229-2,11200,9
121,,2021,,,2022,(238-5),용답동,"10,030",성동구,12,8,14,30.46,,,238-5,11200,8
122,,2020,,,2022,용답동 큐브스테이트,용답동,"18,375",성동구,12,0,14,18.78,,,229-11,11200,16
123,,2021,,,2022,(238-5),용답동,"4,005",성동구,12,41,14,30.46,,,238-5,11200,8
124,,2022,,,2022,동우리즈힐스,용답동,"16,000",성동구,12,0,14,16.67,,,229-1,11200,7
125,,2022,신규,22.12~24.12,2022,동우리즈힐스,용답동,"16,500",성동구,12,0,15,16.67,,,229-1,11200,15
126,,2016,신규,23.01~25.01,2022,서희스타힐스리버파크,용답동,"1,000",성동구,12,60,15,21.9,,,238-12,11200,10
127,,2020,신규,23.01~25.01,2022,용답동 큐브스테이트,용답동,"18,900",성동구,12,0,15,18.78,,,229-11,11200,11
128,,2020,신규,23.01~25.01,2022,용답동 큐브스테이트,용답동,"18,375",성동구,12,0,17,18.78,,,229-11,11200,14
129,,2020,신규,23.01~25.01,2022,용답동 큐브스테이트,용답동,"18,375",성동구,12,0,17,18.78,,,229-11,11200,7
130,,2020,신규,23.02~25.02,2022,용답동 큐브스테이트,용답동,"18,900",성동구,12,0,17,18.78,,,229-11,11200,11
131,,2016,갱신,,2022,서희스타힐스리버파크,용답동,"1,000",성동구,12,60,17,21.9,"1,000",57,238-12,11200,12
132,,2020,갱신,23.02~24.02,2022,용답동 큐브스테이트,용답동,"18,200",성동구,12,0,17,18.78,"17,500",,229-11,11200,9
133,,2020,신규,23.01~25.01,2022,용답동 큐브스테이트,용답동,"18,500",성동구,12,0,18,18.78,,,229-11,11200,16
134,,2022,신규,23.01~25.01,2022,동우리즈힐스,용답동,"8,000",성동구,12,40,19,16.57,,,229-1,11200,13
135,,2022,신규,23.01~25.01,2022,동우리즈힐스,용답동,"17,500",성동구,12,0,19,16.67,,,229-1,11200,15
136,,2016,갱신,22.12~23.12,2022,서희스타힐스리버파크,용답동,"14,000",성동구,12,0,22,21.9,"14,500",,238-12,11200,2
137,,2022,신규,22.12~23.12,2022,동우리즈힐스,용답동,"16,500",성동구,12,0,23,16.67,,,229-1,11200,9
138,,2016,신규,23.01~24.01,2022,서희스타힐스리버파크,용답동,"1,000",성동구,12,65,23,21.9,,,238-12,11200,8
139,,2020,신규,23.02~25.02,2022,용답동 큐브스테이트,용답동,"18,375",성동구,12,0,24,18.78,,,229-11,11200,6
140,,2020,신규,23.02~25.02,2022,용답동 큐브스테이트,용답동,"15,000",성동구,12,17,26,18.78,,,229-11,11200,7
141,,2013,신규,23.01~24.01,2022,어반 오피스텔,용답동,"1,000",성동구,12,45,28,16.21,,,229-10,11200,10
142,,2022,신규,22.12~24.12,2022,동우리즈힐스,용답동,"16,500",성동구,12,0,29,16.67,,,229-1,11200,5
143,,2013,,,2022,어반 오피스텔,용답동,"1,000",성동구,12,57,29,16.21,,,229-10,11200,2
144,,2013,,,2022,어반 오피스텔,용답동,"1,000",성동구,12,45,29,16.21,,,229-10,11200,7
145,,2022,신규,23.01~25.01,2022,동우리즈힐스,용답동,"17,000",성동구,12,0,29,16.67,,,229-1,11200,9
146,,2013,신규,23.01~24.01,2022,어반 오피스텔,용답동,"1,000",성동구,12,45,29,16.21,,,229-10,11200,9
147,,2016,신규,22.12~23.12,2022,서희스타힐스리버파크,용답동,"1,000",성동구,12,57,29,19.88,,,238-12,11200,11
148,,2020,,,2022,용답동 큐브스테이트,용답동,"17,850",성동구,12,0,29,18.27,,,229-11,11200,11
149,,1985,갱신,23.02~24.01,2022,(233-8),용답동,"1,050",성동구,12,60,31,22.58,"1,000",57,233-8,11200,4
